#options: 1080x1920 fps=30/1 timebase=1/30 bitdepth=8 cabac=1 ref=1 deblock=1:1:1 analyse=0x1:0 me=dia subme=2 psy=1 psy_rd=0.40:0.00 mixed_ref=0 me_range=16 chroma_me=1 trellis=0 8x8dct=0 cqm=0 deadzone=21,11 fast_pskip=1 chroma_qp_offset=0 threads=24 lookahead_threads=8 sliced_threads=0 nr=0 decimate=1 interlaced=0 bluray_compat=0 constrained_intra=0 bframes=5 b_pyramid=2 b_adapt=1 b_bias=0 direct=3 weightb=1 open_gop=0 weightp=2 keyint=250 keyint_min=25 scenecut=40 intra_refresh=0 rc_lookahead=50 rc=abr mbtree=1 bitrate=1908 ratetol=1.0 qcomp=0.60 qpmin=0 qpmax=69 qpstep=4 vbv_maxrate=5000 vbv_bufsize=10000 nal_hrd=none filler=0 ip_ratio=1.40 aq=1:0.60
in:0 out:0 type:I dur:2 cpbdur:2 q:35.96 aq:27.22 tex:794071 mv:23444 misc:277 imb:8160 pmb:0 smb:0 d:- ref:;
in:6 out:1 type:P dur:2 cpbdur:2 q:39.01 aq:27.59 tex:346738 mv:27799 misc:783 imb:4479 pmb:3619 smb:62 d:- ref:0 ;
in:3 out:2 type:B dur:2 cpbdur:2 q:39.03 aq:33.74 tex:8896 mv:2811 misc:1413 imb:24 pmb:5804 smb:2332 d:s ref:0 ;
in:1 out:3 type:b dur:2 cpbdur:2 q:39.19 aq:37.89 tex:4751 mv:2103 misc:1386 imb:1 pmb:4972 smb:3187 d:s ref:0 ;
in:2 out:4 type:b dur:2 cpbdur:2 q:39.19 aq:37.64 tex:794 mv:742 misc:2152 imb:0 pmb:3261 smb:4899 d:s ref:0 ;
in:4 out:5 type:b dur:2 cpbdur:2 q:39.05 aq:34.00 tex:0 mv:25 misc:431 imb:0 pmb:10 smb:8150 d:- ref:0 ;
in:5 out:6 type:b dur:2 cpbdur:2 q:39.05 aq:37.40 tex:129 mv:93 misc:434 imb:4 pmb:12 smb:8144 d:- ref:0 ;
in:12 out:7 type:P dur:2 cpbdur:2 q:39.39 aq:27.86 tex:13224 mv:1149 misc:1435 imb:72 pmb:184 smb:7904 d:- ref:0 ;
in:9 out:8 type:B dur:2 cpbdur:2 q:39.44 aq:38.50 tex:827 mv:641 misc:476 imb:10 pmb:53 smb:8097 d:s ref:0 ;
in:7 out:9 type:b dur:2 cpbdur:2 q:39.44 aq:39.67 tex:1387 mv:643 misc:458 imb:14 pmb:40 smb:8106 d:s ref:0 ;
in:8 out:10 type:b dur:2 cpbdur:2 q:39.44 aq:39.33 tex:459 mv:559 misc:462 imb:7 pmb:48 smb:8105 d:s ref:0 ;
in:10 out:11 type:b dur:2 cpbdur:2 q:39.45 aq:39.43 tex:180 mv:328 misc:492 imb:3 pmb:32 smb:8125 d:- ref:0 ;
in:11 out:12 type:b dur:2 cpbdur:2 q:39.45 aq:39.95 tex:92 mv:166 misc:502 imb:1 pmb:30 smb:8129 d:- ref:0 ;
in:18 out:13 type:P dur:2 cpbdur:2 q:39.00 aq:27.25 tex:16860 mv:1450 misc:2418 imb:45 pmb:475 smb:7640 d:- ref:0 ;
in:15 out:14 type:B dur:2 cpbdur:2 q:39.39 aq:36.69 tex:321 mv:615 misc:504 imb:0 pmb:51 smb:8109 d:s ref:0 ;
in:13 out:15 type:b dur:2 cpbdur:2 q:39.40 aq:39.43 tex:73 mv:348 misc:499 imb:0 pmb:36 smb:8124 d:s ref:0 ;
in:14 out:16 type:b dur:2 cpbdur:2 q:39.40 aq:38.75 tex:127 mv:368 misc:505 imb:1 pmb:37 smb:8122 d:s ref:0 ;
in:16 out:17 type:b dur:2 cpbdur:2 q:39.39 aq:40.05 tex:158 mv:227 misc:487 imb:0 pmb:24 smb:8136 d:- ref:0 ;
in:17 out:18 type:b dur:2 cpbdur:2 q:39.39 aq:35.00 tex:1 mv:106 misc:445 imb:0 pmb:10 smb:8150 d:- ref:0 ;
in:23 out:19 type:P dur:2 cpbdur:2 q:38.39 aq:29.31 tex:141848 mv:4905 misc:2575 imb:522 pmb:1743 smb:5895 d:- ref:0 ;
in:20 out:20 type:B dur:2 cpbdur:2 q:39.38 aq:31.00 tex:61 mv:167 misc:780 imb:0 pmb:380 smb:7780 d:s ref:0 ;
in:19 out:21 type:b dur:2 cpbdur:2 q:39.38 aq:35.00 tex:0 mv:0 misc:392 imb:0 pmb:0 smb:8160 d:- ref:0 ;
in:21 out:22 type:b dur:2 cpbdur:2 q:39.38 aq:37.29 tex:46 mv:159 misc:803 imb:5 pmb:141 smb:8014 d:- ref:0 ;
in:22 out:23 type:b dur:2 cpbdur:2 q:39.37 aq:34.00 tex:28 mv:194 misc:746 imb:6 pmb:139 smb:8015 d:- ref:0 ;
in:24 out:24 type:P dur:2 cpbdur:2 q:43.49 aq:33.08 tex:11409 mv:3106 misc:725 imb:462 pmb:45 smb:7653 d:- ref:0 ;
in:26 out:25 type:P dur:2 cpbdur:2 q:51.49 aq:40.22 tex:10660 mv:2610 misc:642 imb:325 pmb:46 smb:7789 d:s ref:0 ;
in:25 out:26 type:b dur:2 cpbdur:2 q:51.46 aq:49.10 tex:642 mv:1783 misc:839 imb:31 pmb:133 smb:7996 d:s ref:0 ;
in:30 out:27 type:P dur:2 cpbdur:2 q:49.57 aq:37.42 tex:2655 mv:576 misc:769 imb:24 pmb:88 smb:8048 d:s ref:0 ;
in:28 out:28 type:B dur:2 cpbdur:2 q:51.48 aq:47.84 tex:298 mv:1640 misc:718 imb:19 pmb:146 smb:7995 d:s ref:0 ;
in:27 out:29 type:b dur:2 cpbdur:2 q:51.49 aq:50.52 tex:46 mv:429 misc:613 imb:0 pmb:70 smb:8090 d:s ref:0 ;
in:29 out:30 type:b dur:2 cpbdur:2 q:51.48 aq:50.03 tex:146 mv:811 misc:619 imb:2 pmb:85 smb:8073 d:- ref:0 ;
in:36 out:31 type:P dur:2 cpbdur:2 q:43.61 aq:36.46 tex:18938 mv:2761 misc:613 imb:110 pmb:185 smb:7865 d:s ref:0 ;
in:33 out:32 type:B dur:2 cpbdur:2 q:49.54 aq:43.00 tex:13 mv:55 misc:732 imb:0 pmb:100 smb:8060 d:s ref:0 ;
in:31 out:33 type:b dur:2 cpbdur:2 q:49.56 aq:48.06 tex:36 mv:821 misc:703 imb:3 pmb:107 smb:8050 d:s ref:0 ;
in:32 out:34 type:b dur:2 cpbdur:2 q:49.55 aq:46.00 tex:7 mv:87 misc:570 imb:0 pmb:48 smb:8112 d:s ref:0 ;
in:34 out:35 type:b dur:2 cpbdur:2 q:49.53 aq:44.00 tex:0 mv:0 misc:392 imb:0 pmb:0 smb:8160 d:- ref:0 ;
in:35 out:36 type:b dur:2 cpbdur:2 q:49.52 aq:43.00 tex:0 mv:0 misc:392 imb:0 pmb:0 smb:8160 d:- ref:0 ;
in:42 out:37 type:P dur:2 cpbdur:2 q:38.76 aq:27.70 tex:30436 mv:1526 misc:1662 imb:94 pmb:424 smb:7642 d:s ref:0 ;
in:39 out:38 type:B dur:2 cpbdur:2 q:43.83 aq:36.00 tex:2 mv:17 misc:429 imb:0 pmb:6 smb:8154 d:s ref:0 ;
in:37 out:39 type:b dur:2 cpbdur:2 q:44.09 aq:41.00 tex:0 mv:0 misc:392 imb:0 pmb:0 smb:8160 d:s ref:0 ;
in:38 out:40 type:b dur:2 cpbdur:2 q:44.08 aq:40.00 tex:0 mv:0 misc:392 imb:0 pmb:0 smb:8160 d:s ref:0 ;
in:40 out:41 type:b dur:2 cpbdur:2 q:44.07 aq:39.00 tex:1 mv:13 misc:410 imb:0 pmb:5 smb:8155 d:- ref:0 ;
in:41 out:42 type:b dur:2 cpbdur:2 q:44.06 aq:38.00 tex:1 mv:14 misc:417 imb:0 pmb:6 smb:8154 d:- ref:0 ;
in:43 out:43 type:P dur:2 cpbdur:2 q:38.26 aq:27.32 tex:67298 mv:2076 misc:2890 imb:113 pmb:1035 smb:7012 d:s ref:0 ;
in:48 out:44 type:P dur:2 cpbdur:2 q:37.68 aq:25.25 tex:93103 mv:2976 misc:2697 imb:148 pmb:1296 smb:6716 d:s ref:0 ;
in:45 out:45 type:B dur:2 cpbdur:2 q:38.72 aq:34.14 tex:505 mv:222 misc:481 imb:2 pmb:33 smb:8125 d:s ref:0 ;
in:44 out:46 type:b dur:2 cpbdur:2 q:38.83 aq:34.00 tex:1 mv:33 misc:422 imb:0 pmb:12 smb:8148 d:s ref:0 ;
in:46 out:47 type:b dur:2 cpbdur:2 q:38.83 aq:34.00 tex:4 mv:49 misc:451 imb:0 pmb:23 smb:8137 d:- ref:0 ;
in:47 out:48 type:b dur:2 cpbdur:2 q:38.83 aq:38.23 tex:438 mv:300 misc:446 imb:6 pmb:28 smb:8126 d:- ref:0 ;
in:49 out:49 type:P dur:2 cpbdur:2 q:37.31 aq:24.62 tex:166965 mv:2220 misc:3447 imb:53 pmb:1655 smb:6452 d:s ref:0 ;
in:50 out:50 type:P dur:2 cpbdur:2 q:36.62 aq:25.03 tex:122907 mv:1895 misc:3878 imb:29 pmb:1727 smb:6404 d:s ref:0 ;
in:52 out:51 type:P dur:2 cpbdur:2 q:36.42 aq:24.71 tex:203482 mv:2105 misc:3573 imb:33 pmb:2177 smb:5950 d:s ref:0 ;
in:51 out:52 type:b dur:2 cpbdur:2 q:37.16 aq:33.00 tex:8 mv:35 misc:445 imb:0 pmb:27 smb:8133 d:s ref:0 ;
in:53 out:53 type:P dur:2 cpbdur:2 q:36.51 aq:24.19 tex:105539 mv:1154 misc:2883 imb:22 pmb:1235 smb:6903 d:s ref:0 ;
in:54 out:54 type:P dur:2 cpbdur:2 q:36.52 aq:23.97 tex:127994 mv:2619 misc:3851 imb:28 pmb:1926 smb:6206 d:s ref:0 ;
in:57 out:55 type:P dur:2 cpbdur:2 q:36.07 aq:24.90 tex:85818 mv:1459 misc:2507 imb:33 pmb:1006 smb:7121 d:s ref:0 ;
in:55 out:56 type:B dur:2 cpbdur:2 q:36.97 aq:34.80 tex:480 mv:450 misc:502 imb:6 pmb:66 smb:8088 d:s ref:0 ;
in:56 out:57 type:b dur:2 cpbdur:2 q:37.13 aq:32.00 tex:7 mv:62 misc:499 imb:0 pmb:45 smb:8115 d:- ref:0 ;
in:58 out:58 type:P dur:2 cpbdur:2 q:35.40 aq:23.53 tex:136583 mv:2329 misc:4088 imb:37 pmb:1910 smb:6213 d:s ref:0 ;
in:60 out:59 type:P dur:2 cpbdur:2 q:35.52 aq:23.71 tex:131926 mv:1868 misc:4646 imb:12 pmb:1820 smb:6328 d:s ref:0 ;
in:59 out:60 type:b dur:2 cpbdur:2 q:36.09 aq:32.00 tex:7 mv:41 misc:504 imb:0 pmb:50 smb:8110 d:s ref:0 ;
in:62 out:61 type:P dur:2 cpbdur:2 q:34.84 aq:23.59 tex:82734 mv:1581 misc:3597 imb:23 pmb:1270 smb:6867 d:s ref:0 ;
in:61 out:62 type:b dur:2 cpbdur:2 q:35.76 aq:34.98 tex:503 mv:774 misc:515 imb:10 pmb:70 smb:8080 d:t ref:0 ;
in:64 out:63 type:P dur:2 cpbdur:2 q:34.45 aq:23.37 tex:102752 mv:1687 misc:3225 imb:38 pmb:1151 smb:6971 d:s ref:0 ;
in:63 out:64 type:b dur:2 cpbdur:2 q:35.56 aq:31.00 tex:10 mv:60 misc:546 imb:0 pmb:65 smb:8095 d:s ref:0 ;
in:65 out:65 type:P dur:2 cpbdur:2 q:34.01 aq:22.88 tex:107313 mv:1544 misc:3071 imb:22 pmb:1285 smb:6853 d:s ref:0 ;
in:70 out:66 type:P dur:2 cpbdur:2 q:34.89 aq:24.83 tex:110877 mv:1880 misc:1891 imb:79 pmb:811 smb:7270 d:s ref:0 ;
in:67 out:67 type:B dur:2 cpbdur:2 q:35.43 aq:32.22 tex:4442 mv:1432 misc:598 imb:21 pmb:134 smb:8005 d:s ref:0 ;
in:66 out:68 type:b dur:2 cpbdur:2 q:35.56 aq:33.14 tex:55 mv:130 misc:551 imb:0 pmb:75 smb:8085 d:s ref:0 ;
in:68 out:69 type:b dur:2 cpbdur:2 q:35.57 aq:34.31 tex:55 mv:50 misc:575 imb:0 pmb:85 smb:8075 d:- ref:0 ;
in:69 out:70 type:b dur:2 cpbdur:2 q:35.57 aq:34.31 tex:58 mv:49 misc:581 imb:0 pmb:86 smb:8074 d:- ref:0 ;
in:74 out:71 type:P dur:2 cpbdur:2 q:34.92 aq:23.85 tex:110994 mv:749 misc:1561 imb:34 pmb:1256 smb:6870 d:s ref:0 ;
in:72 out:72 type:B dur:2 cpbdur:2 q:35.67 aq:29.00 tex:14 mv:57 misc:545 imb:0 pmb:56 smb:8104 d:s ref:0 ;
in:71 out:73 type:b dur:2 cpbdur:2 q:35.74 aq:31.00 tex:0 mv:0 misc:392 imb:0 pmb:0 smb:8160 d:s ref:0 ;
in:73 out:74 type:b dur:2 cpbdur:2 q:35.73 aq:31.99 tex:753 mv:415 misc:576 imb:0 pmb:84 smb:8076 d:- ref:0 ;
in:78 out:75 type:P dur:2 cpbdur:2 q:33.65 aq:24.30 tex:92553 mv:1052 misc:2019 imb:3 pmb:1014 smb:7143 d:s ref:0 ;
in:76 out:76 type:B dur:2 cpbdur:2 q:35.36 aq:30.70 tex:743 mv:830 misc:547 imb:0 pmb:58 smb:8102 d:s ref:0 ;
in:75 out:77 type:b dur:2 cpbdur:2 q:35.52 aq:32.35 tex:196 mv:551 misc:533 imb:0 pmb:62 smb:8098 d:s ref:0 ;
in:77 out:78 type:b dur:2 cpbdur:2 q:35.52 aq:32.69 tex:85 mv:451 misc:536 imb:0 pmb:59 smb:8101 d:- ref:0 ;
in:84 out:79 type:P dur:2 cpbdur:2 q:33.62 aq:25.06 tex:67165 mv:779 misc:2560 imb:0 pmb:934 smb:7226 d:s ref:0 ;
in:81 out:80 type:B dur:2 cpbdur:2 q:34.37 aq:28.00 tex:7 mv:92 misc:637 imb:0 pmb:72 smb:8088 d:s ref:0 ;
in:79 out:81 type:b dur:2 cpbdur:2 q:34.72 aq:32.00 tex:5 mv:55 misc:492 imb:0 pmb:22 smb:8138 d:s ref:0 ;
in:80 out:82 type:b dur:2 cpbdur:2 q:34.72 aq:32.00 tex:3 mv:32 misc:485 imb:0 pmb:21 smb:8139 d:s ref:0 ;
in:82 out:83 type:b dur:2 cpbdur:2 q:34.73 aq:32.00 tex:0 mv:0 misc:392 imb:0 pmb:0 smb:8160 d:- ref:0 ;
in:83 out:84 type:b dur:2 cpbdur:2 q:34.73 aq:32.00 tex:0 mv:8 misc:408 imb:0 pmb:2 smb:8158 d:- ref:0 ;
in:90 out:85 type:P dur:2 cpbdur:2 q:32.84 aq:25.73 tex:1193 mv:51 misc:692 imb:0 pmb:40 smb:8120 d:s ref:0 ;
in:87 out:86 type:B dur:2 cpbdur:2 q:34.03 aq:29.00 tex:0 mv:0 misc:408 imb:0 pmb:0 smb:8160 d:s ref:0 ;
in:85 out:87 type:b dur:2 cpbdur:2 q:34.03 aq:32.00 tex:0 mv:0 misc:392 imb:0 pmb:0 smb:8160 d:s ref:0 ;
in:86 out:88 type:b dur:2 cpbdur:2 q:34.03 aq:32.00 tex:0 mv:0 misc:392 imb:0 pmb:0 smb:8160 d:s ref:0 ;
in:88 out:89 type:b dur:2 cpbdur:2 q:34.03 aq:32.00 tex:0 mv:0 misc:392 imb:0 pmb:0 smb:8160 d:- ref:0 ;
in:89 out:90 type:b dur:2 cpbdur:2 q:34.03 aq:32.00 tex:0 mv:0 misc:392 imb:0 pmb:0 smb:8160 d:- ref:0 ;
in:95 out:91 type:P dur:2 cpbdur:2 q:32.29 aq:25.55 tex:3327 mv:162 misc:967 imb:0 pmb:117 smb:8043 d:s ref:0 w:0,1,-1 ;
in:92 out:92 type:B dur:2 cpbdur:2 q:32.84 aq:28.00 tex:0 mv:0 misc:408 imb:0 pmb:0 smb:8160 d:s ref:0 ;
in:91 out:93 type:b dur:2 cpbdur:2 q:32.84 aq:32.00 tex:0 mv:0 misc:392 imb:0 pmb:0 smb:8160 d:s ref:0 ;
in:93 out:94 type:b dur:2 cpbdur:2 q:32.84 aq:31.00 tex:0 mv:0 misc:392 imb:0 pmb:0 smb:8160 d:- ref:0 ;
in:94 out:95 type:b dur:2 cpbdur:2 q:32.84 aq:31.00 tex:0 mv:0 misc:392 imb:0 pmb:0 smb:8160 d:- ref:0 ;
in:98 out:96 type:P dur:2 cpbdur:2 q:31.64 aq:26.67 tex:41002 mv:3607 misc:2663 imb:33 pmb:827 smb:7300 d:s ref:0 w:6,63,0,7,125,3,125,3 ;
in:96 out:97 type:B dur:2 cpbdur:2 q:32.29 aq:31.72 tex:1512 mv:897 misc:1135 imb:2 pmb:278 smb:7880 d:s ref:0 ;
in:97 out:98 type:b dur:2 cpbdur:2 q:32.29 aq:34.15 tex:2767 mv:1932 misc:1109 imb:5 pmb:281 smb:7874 d:- ref:0 ;
in:104 out:99 type:P dur:2 cpbdur:2 q:31.53 aq:27.80 tex:156055 mv:11462 misc:2219 imb:931 pmb:6662 smb:567 d:s ref:0 ;
in:101 out:100 type:B dur:2 cpbdur:2 q:33.18 aq:29.79 tex:56797 mv:11709 misc:2078 imb:202 pmb:830 smb:7128 d:s ref:0 ;
in:99 out:101 type:b dur:2 cpbdur:2 q:33.18 aq:34.67 tex:12394 mv:5699 misc:1147 imb:27 pmb:431 smb:7702 d:s ref:0 ;
in:100 out:102 type:b dur:2 cpbdur:2 q:33.18 aq:34.46 tex:10659 mv:6816 misc:1365 imb:24 pmb:481 smb:7655 d:s ref:0 ;
in:102 out:103 type:b dur:2 cpbdur:2 q:33.18 aq:33.11 tex:18725 mv:10493 misc:1686 imb:76 pmb:740 smb:7344 d:- ref:0 ;
in:103 out:104 type:b dur:2 cpbdur:2 q:33.18 aq:33.26 tex:22922 mv:11194 misc:1564 imb:125 pmb:687 smb:7348 d:- ref:0 ;
in:106 out:105 type:P dur:2 cpbdur:2 q:31.40 aq:29.26 tex:83512 mv:11921 misc:2919 imb:1783 pmb:5000 smb:1377 d:s ref:0 ;
in:105 out:106 type:b dur:2 cpbdur:2 q:31.60 aq:30.51 tex:35869 mv:9961 misc:3274 imb:286 pmb:1232 smb:6642 d:s ref:0 ;
in:107 out:107 type:I dur:2 cpbdur:2 q:30.35 aq:28.87 tex:1053325 mv:81714 misc:329 imb:8160 pmb:0 smb:0 d:s ref:;
in:108 out:108 type:P dur:2 cpbdur:2 q:32.89 aq:30.99 tex:458335 mv:35894 misc:1947 imb:4610 pmb:1120 smb:2430 d:s ref:0 ;
in:109 out:109 type:P dur:2 cpbdur:2 q:34.08 aq:32.90 tex:373889 mv:36761 misc:1902 imb:4805 pmb:1041 smb:2314 d:s ref:0 ;
in:110 out:110 type:P dur:2 cpbdur:2 q:34.45 aq:32.93 tex:363639 mv:37915 misc:2182 imb:4727 pmb:1178 smb:2255 d:s ref:0 ;
in:112 out:111 type:P dur:2 cpbdur:2 q:35.24 aq:33.10 tex:440713 mv:39344 misc:1439 imb:6034 pmb:788 smb:1338 d:s ref:0 ;
in:111 out:112 type:b dur:2 cpbdur:2 q:35.41 aq:36.26 tex:60022 mv:21194 misc:4864 imb:578 pmb:2149 smb:5433 d:s ref:0 ;
in:113 out:113 type:P dur:2 cpbdur:2 q:34.59 aq:32.37 tex:197365 mv:23523 misc:5320 imb:1322 pmb:2650 smb:4188 d:s ref:0 ;
in:117 out:114 type:P dur:2 cpbdur:2 q:37.28 aq:33.75 tex:395490 mv:41182 misc:1744 imb:6380 pmb:769 smb:1011 d:s ref:0 ;
in:115 out:115 type:B dur:2 cpbdur:2 q:37.40 aq:37.30 tex:59973 mv:23717 misc:5070 imb:904 pmb:2000 smb:5256 d:s ref:0 ;
in:114 out:116 type:b dur:2 cpbdur:2 q:37.53 aq:38.86 tex:17320 mv:14310 misc:3834 imb:229 pmb:1480 smb:6451 d:s ref:0 ;
in:116 out:117 type:b dur:2 cpbdur:2 q:37.51 aq:38.68 tex:24685 mv:14612 misc:4359 imb:313 pmb:1484 smb:6363 d:- ref:0 ;
in:121 out:118 type:P dur:2 cpbdur:2 q:39.08 aq:34.17 tex:320750 mv:35995 misc:3239 imb:4402 pmb:1209 smb:2549 d:s ref:0 ;
in:119 out:119 type:B dur:2 cpbdur:2 q:39.11 aq:39.39 tex:9676 mv:11735 misc:3893 imb:214 pmb:1219 smb:6727 d:s ref:0 ;
in:118 out:120 type:b dur:2 cpbdur:2 q:39.13 aq:40.49 tex:6351 mv:10014 misc:3379 imb:208 pmb:947 smb:7005 d:s ref:0 ;
in:120 out:121 type:b dur:2 cpbdur:2 q:39.13 aq:40.60 tex:9000 mv:10028 misc:3524 imb:252 pmb:938 smb:6970 d:- ref:0 ;
in:126 out:122 type:P dur:2 cpbdur:2 q:38.98 aq:32.90 tex:203511 mv:27113 misc:4504 imb:1818 pmb:2719 smb:3623 d:s ref:0 ;
in:123 out:123 type:B dur:2 cpbdur:2 q:39.77 aq:39.42 tex:15365 mv:10789 misc:3582 imb:172 pmb:1065 smb:6923 d:s ref:0 ;
in:122 out:124 type:b dur:2 cpbdur:2 q:39.79 aq:41.96 tex:11412 mv:10627 misc:3297 imb:213 pmb:973 smb:6974 d:s ref:0 ;
in:124 out:125 type:b dur:2 cpbdur:2 q:39.79 aq:41.35 tex:3475 mv:4998 misc:2511 imb:70 pmb:571 smb:7519 d:- ref:0 ;
in:125 out:126 type:b dur:2 cpbdur:2 q:39.79 aq:41.61 tex:13962 mv:10185 misc:3349 imb:140 pmb:1079 smb:6941 d:- ref:0 ;
in:130 out:127 type:P dur:2 cpbdur:2 q:39.13 aq:32.06 tex:260965 mv:27302 misc:4485 imb:2147 pmb:2837 smb:3176 d:s ref:0 ;
in:128 out:128 type:B dur:2 cpbdur:2 q:39.75 aq:40.80 tex:11751 mv:8074 misc:2991 imb:108 pmb:942 smb:7110 d:s ref:0 ;
in:127 out:129 type:b dur:2 cpbdur:2 q:39.78 aq:42.79 tex:4068 mv:5077 misc:2143 imb:59 pmb:544 smb:7557 d:s ref:0 ;
in:129 out:130 type:b dur:2 cpbdur:2 q:39.78 aq:41.53 tex:1337 mv:1479 misc:1296 imb:18 pmb:264 smb:7878 d:- ref:0 ;
in:136 out:131 type:P dur:2 cpbdur:2 q:39.51 aq:33.71 tex:75597 mv:10976 misc:5643 imb:470 pmb:1921 smb:5769 d:s ref:0 ;
in:133 out:132 type:B dur:2 cpbdur:2 q:39.73 aq:38.17 tex:6479 mv:4513 misc:2168 imb:80 pmb:555 smb:7525 d:s ref:0 ;
in:131 out:133 type:b dur:2 cpbdur:2 q:39.81 aq:37.46 tex:533 mv:973 misc:902 imb:9 pmb:175 smb:7976 d:s ref:0 ;
in:132 out:134 type:b dur:2 cpbdur:2 q:39.81 aq:37.47 tex:535 mv:871 misc:834 imb:10 pmb:156 smb:7994 d:s ref:0 ;
in:134 out:135 type:b dur:2 cpbdur:2 q:39.81 aq:37.96 tex:631 mv:1240 misc:1033 imb:16 pmb:193 smb:7951 d:- ref:0 ;
in:135 out:136 type:b dur:2 cpbdur:2 q:39.81 aq:38.18 tex:837 mv:1500 misc:1119 imb:23 pmb:222 smb:7915 d:- ref:0 ;
in:141 out:137 type:P dur:2 cpbdur:2 q:38.68 aq:32.15 tex:149411 mv:21966 misc:5175 imb:1252 pmb:2536 smb:4372 d:s ref:0 ;
in:138 out:138 type:B dur:2 cpbdur:2 q:40.09 aq:39.70 tex:6190 mv:5815 misc:2515 imb:51 pmb:703 smb:7406 d:s ref:0 ;
in:137 out:139 type:b dur:2 cpbdur:2 q:40.17 aq:41.80 tex:1251 mv:2113 misc:1500 imb:8 pmb:322 smb:7830 d:s ref:0 ;
in:139 out:140 type:b dur:2 cpbdur:2 q:40.18 aq:41.42 tex:897 mv:1636 misc:1195 imb:9 pmb:252 smb:7899 d:- ref:0 ;
in:140 out:141 type:b dur:2 cpbdur:2 q:40.18 aq:40.61 tex:543 mv:1604 misc:1229 imb:3 pmb:243 smb:7914 d:- ref:0 ;
in:146 out:142 type:P dur:2 cpbdur:2 q:38.89 aq:32.87 tex:121732 mv:19360 misc:4892 imb:835 pmb:2375 smb:4950 d:s ref:0 ;
in:143 out:143 type:B dur:2 cpbdur:2 q:39.14 aq:39.20 tex:7077 mv:5993 misc:2602 imb:80 pmb:694 smb:7386 d:s ref:0 ;
in:142 out:144 type:b dur:2 cpbdur:2 q:39.23 aq:41.52 tex:1713 mv:2020 misc:1443 imb:15 pmb:313 smb:7832 d:s ref:0 ;
in:144 out:145 type:b dur:2 cpbdur:2 q:39.24 aq:40.44 tex:1109 mv:2045 misc:1382 imb:13 pmb:283 smb:7864 d:- ref:0 ;
in:145 out:146 type:b dur:2 cpbdur:2 q:39.24 aq:41.36 tex:1487 mv:2221 misc:1404 imb:16 pmb:317 smb:7827 d:- ref:0 ;
in:152 out:147 type:P dur:2 cpbdur:2 q:39.05 aq:33.47 tex:112022 mv:20010 misc:4720 imb:991 pmb:2127 smb:5042 d:s ref:0 ;
in:149 out:148 type:B dur:2 cpbdur:2 q:39.27 aq:38.91 tex:12481 mv:9428 misc:3163 imb:101 pmb:987 smb:7072 d:s ref:0 ;
in:147 out:149 type:b dur:2 cpbdur:2 q:39.33 aq:40.64 tex:1092 mv:1703 misc:1413 imb:10 pmb:294 smb:7856 d:s ref:0 ;
in:148 out:150 type:b dur:2 cpbdur:2 q:39.33 aq:39.33 tex:1047 mv:1694 misc:1331 imb:12 pmb:262 smb:7886 d:s ref:0 ;
in:150 out:151 type:b dur:2 cpbdur:2 q:39.33 aq:41.14 tex:2492 mv:3145 misc:1923 imb:26 pmb:488 smb:7646 d:- ref:0 ;
in:151 out:152 type:b dur:2 cpbdur:2 q:39.33 aq:41.48 tex:1645 mv:2506 misc:1817 imb:10 pmb:426 smb:7724 d:- ref:0 ;
in:157 out:153 type:P dur:2 cpbdur:2 q:39.01 aq:33.16 tex:108887 mv:19833 misc:5016 imb:929 pmb:2154 smb:5077 d:s ref:0 ;
in:154 out:154 type:B dur:2 cpbdur:2 q:39.31 aq:38.93 tex:7037 mv:5130 misc:2633 imb:38 pmb:714 smb:7408 d:s ref:0 ;
in:153 out:155 type:b dur:2 cpbdur:2 q:39.42 aq:41.67 tex:981 mv:1874 misc:1393 imb:19 pmb:275 smb:7866 d:s ref:0 ;
in:155 out:156 type:b dur:2 cpbdur:2 q:39.42 aq:41.11 tex:2392 mv:2453 misc:1459 imb:25 pmb:305 smb:7830 d:- ref:0 ;
in:156 out:157 type:b dur:2 cpbdur:2 q:39.42 aq:40.87 tex:1568 mv:1822 misc:1402 imb:13 pmb:270 smb:7877 d:- ref:0 ;
in:163 out:158 type:P dur:2 cpbdur:2 q:38.65 aq:33.11 tex:171490 mv:24109 misc:4545 imb:1291 pmb:2325 smb:4544 d:s ref:0 ;
in:160 out:159 type:B dur:2 cpbdur:2 q:39.28 aq:39.08 tex:11071 mv:8895 misc:2938 imb:101 pmb:927 smb:7132 d:s ref:0 ;
in:158 out:160 type:b dur:2 cpbdur:2 q:39.45 aq:41.83 tex:1685 mv:2428 misc:1423 imb:27 pmb:305 smb:7828 d:s ref:0 ;
in:159 out:161 type:b dur:2 cpbdur:2 q:39.45 aq:42.55 tex:1651 mv:2690 misc:1563 imb:30 pmb:345 smb:7785 d:s ref:0 ;
in:161 out:162 type:b dur:2 cpbdur:2 q:39.44 aq:41.39 tex:3692 mv:2472 misc:1388 imb:35 pmb:307 smb:7818 d:- ref:0 ;
in:162 out:163 type:b dur:2 cpbdur:2 q:39.44 aq:41.49 tex:1799 mv:2204 misc:1493 imb:17 pmb:359 smb:7784 d:- ref:0 ;
in:169 out:164 type:P dur:2 cpbdur:2 q:38.14 aq:32.98 tex:160723 mv:23607 misc:4918 imb:1148 pmb:2564 smb:4448 d:s ref:0 ;
in:166 out:165 type:B dur:2 cpbdur:2 q:38.90 aq:38.46 tex:12703 mv:9083 misc:3086 imb:109 pmb:1016 smb:7035 d:s ref:0 ;
in:164 out:166 type:b dur:2 cpbdur:2 q:39.16 aq:41.69 tex:1804 mv:1884 misc:1296 imb:20 pmb:247 smb:7893 d:s ref:0 ;
in:165 out:167 type:b dur:2 cpbdur:2 q:39.16 aq:40.99 tex:1880 mv:1890 misc:1318 imb:12 pmb:281 smb:7867 d:s ref:0 ;
in:167 out:168 type:b dur:2 cpbdur:2 q:39.16 aq:42.10 tex:3416 mv:3028 misc:1628 imb:29 pmb:384 smb:7747 d:- ref:0 ;
in:168 out:169 type:b dur:2 cpbdur:2 q:39.16 aq:42.61 tex:2057 mv:2141 misc:1394 imb:20 pmb:309 smb:7831 d:- ref:0 ;
in:173 out:170 type:P dur:2 cpbdur:2 q:38.08 aq:33.08 tex:122348 mv:18707 misc:5145 imb:820 pmb:2245 smb:5095 d:s ref:0 ;
in:171 out:171 type:B dur:2 cpbdur:2 q:38.30 aq:39.17 tex:7034 mv:5305 misc:2493 imb:64 pmb:674 smb:7422 d:s ref:0 ;
in:170 out:172 type:b dur:2 cpbdur:2 q:38.34 aq:38.88 tex:1874 mv:2589 misc:1481 imb:20 pmb:337 smb:7803 d:s ref:0 ;
in:172 out:173 type:b dur:2 cpbdur:2 q:38.34 aq:40.49 tex:3620 mv:3149 misc:1903 imb:26 pmb:478 smb:7656 d:- ref:0 ;
in:179 out:174 type:P dur:2 cpbdur:2 q:38.41 aq:33.71 tex:98912 mv:18965 misc:4731 imb:860 pmb:2047 smb:5253 d:s ref:0 ;
in:176 out:175 type:B dur:2 cpbdur:2 q:38.54 aq:38.38 tex:17930 mv:10695 misc:3239 imb:131 pmb:1053 smb:6976 d:t ref:0 ;
in:174 out:176 type:b dur:2 cpbdur:2 q:38.54 aq:40.28 tex:1865 mv:2390 misc:1561 imb:17 pmb:327 smb:7816 d:s ref:0 ;
in:175 out:177 type:b dur:2 cpbdur:2 q:38.54 aq:40.75 tex:2675 mv:3027 misc:1698 imb:45 pmb:395 smb:7720 d:s ref:0 ;
in:177 out:178 type:b dur:2 cpbdur:2 q:38.54 aq:40.32 tex:3069 mv:2894 misc:1621 imb:27 pmb:351 smb:7782 d:- ref:0 ;
in:178 out:179 type:b dur:2 cpbdur:2 q:38.54 aq:40.46 tex:2853 mv:2758 misc:1669 imb:17 pmb:398 smb:7745 d:- ref:0 ;
in:183 out:180 type:P dur:2 cpbdur:2 q:38.14 aq:34.07 tex:81657 mv:15911 misc:4712 imb:624 pmb:1794 smb:5742 d:s ref:0 ;
in:181 out:181 type:B dur:2 cpbdur:2 q:38.50 aq:38.84 tex:9139 mv:5392 misc:2629 imb:70 pmb:720 smb:7370 d:s ref:0 ;
in:180 out:182 type:b dur:2 cpbdur:2 q:38.53 aq:40.79 tex:2472 mv:2894 misc:1930 imb:20 pmb:497 smb:7643 d:s ref:0 ;
in:182 out:183 type:b dur:2 cpbdur:2 q:38.53 aq:40.54 tex:2019 mv:2131 misc:1594 imb:11 pmb:318 smb:7831 d:- ref:0 ;
in:188 out:184 type:P dur:2 cpbdur:2 q:36.68 aq:33.70 tex:120827 mv:21888 misc:5069 imb:1293 pmb:1928 smb:4939 d:s ref:0 ;
in:185 out:185 type:B dur:2 cpbdur:2 q:38.22 aq:37.88 tex:14755 mv:7921 misc:3340 imb:103 pmb:987 smb:7070 d:s ref:0 ;
in:184 out:186 type:b dur:2 cpbdur:2 q:38.30 aq:40.06 tex:2389 mv:2503 misc:1460 imb:25 pmb:335 smb:7800 d:s ref:0 ;
in:186 out:187 type:b dur:2 cpbdur:2 q:38.30 aq:40.03 tex:5480 mv:3451 misc:1989 imb:33 pmb:531 smb:7596 d:- ref:0 ;
in:187 out:188 type:b dur:2 cpbdur:2 q:38.30 aq:40.47 tex:5114 mv:3897 misc:1925 imb:72 pmb:490 smb:7598 d:- ref:0 ;
in:194 out:189 type:P dur:2 cpbdur:2 q:38.54 aq:32.26 tex:634981 mv:43163 misc:1592 imb:6469 pmb:638 smb:1053 d:s ref:0 ;
in:191 out:190 type:B dur:2 cpbdur:2 q:38.72 aq:37.40 tex:39360 mv:11513 misc:3527 imb:316 pmb:1222 smb:6622 d:s ref:0 ;
in:189 out:191 type:b dur:2 cpbdur:2 q:38.76 aq:40.62 tex:9124 mv:4760 misc:2260 imb:79 pmb:562 smb:7519 d:s ref:0 ;
in:190 out:192 type:b dur:2 cpbdur:2 q:38.75 aq:40.02 tex:3497 mv:1449 misc:1342 imb:38 pmb:244 smb:7878 d:s ref:0 ;
in:192 out:193 type:b dur:2 cpbdur:2 q:38.75 aq:39.95 tex:3551 mv:3201 misc:1952 imb:52 pmb:489 smb:7619 d:- ref:0 ;
in:193 out:194 type:b dur:2 cpbdur:2 q:38.75 aq:40.68 tex:3863 mv:4043 misc:2318 imb:32 pmb:624 smb:7504 d:- ref:0 ;
in:195 out:195 type:P dur:2 cpbdur:2 q:38.27 aq:32.01 tex:113358 mv:11537 misc:5593 imb:490 pmb:2226 smb:5444 d:s ref:0 ;
in:199 out:196 type:P dur:2 cpbdur:2 q:37.98 aq:31.18 tex:196721 mv:19032 misc:5567 imb:851 pmb:2734 smb:4575 d:s ref:0 ;
in:197 out:197 type:B dur:2 cpbdur:2 q:38.45 aq:39.08 tex:4595 mv:4214 misc:2191 imb:45 pmb:550 smb:7565 d:s ref:0 ;
in:196 out:198 type:b dur:2 cpbdur:2 q:38.45 aq:40.36 tex:2876 mv:2761 misc:1659 imb:27 pmb:414 smb:7719 d:s ref:0 ;
in:198 out:199 type:b dur:2 cpbdur:2 q:38.45 aq:40.57 tex:927 mv:1424 misc:1033 imb:13 pmb:183 smb:7964 d:- ref:0 ;
in:203 out:200 type:P dur:2 cpbdur:2 q:38.22 aq:31.96 tex:128115 mv:16448 misc:5917 imb:632 pmb:2405 smb:5123 d:s ref:0 ;
in:201 out:201 type:B dur:2 cpbdur:2 q:38.63 aq:39.12 tex:5806 mv:4510 misc:2108 imb:40 pmb:618 smb:7502 d:s ref:0 ;
in:200 out:202 type:b dur:2 cpbdur:2 q:38.70 aq:41.49 tex:1940 mv:1766 misc:1350 imb:22 pmb:319 smb:7819 d:s ref:0 ;
in:202 out:203 type:b dur:2 cpbdur:2 q:38.70 aq:39.84 tex:916 mv:1504 misc:1148 imb:8 pmb:236 smb:7916 d:- ref:0 ;
in:207 out:204 type:P dur:2 cpbdur:2 q:38.43 aq:32.01 tex:117705 mv:16920 misc:5663 imb:609 pmb:2364 smb:5187 d:s ref:0 ;
in:205 out:205 type:B dur:2 cpbdur:2 q:38.62 aq:39.83 tex:3521 mv:4211 misc:2044 imb:33 pmb:550 smb:7577 d:s ref:0 ;
in:204 out:206 type:b dur:2 cpbdur:2 q:38.74 aq:40.54 tex:1113 mv:1911 misc:1352 imb:13 pmb:326 smb:7821 d:s ref:0 ;
in:206 out:207 type:b dur:2 cpbdur:2 q:38.74 aq:41.57 tex:1040 mv:1355 misc:1237 imb:10 pmb:266 smb:7884 d:- ref:0 ;
in:211 out:208 type:P dur:2 cpbdur:2 q:38.57 aq:32.11 tex:116989 mv:15405 misc:5702 imb:577 pmb:2305 smb:5278 d:s ref:0 ;
in:209 out:209 type:B dur:2 cpbdur:2 q:38.82 aq:39.98 tex:4622 mv:3387 misc:2047 imb:27 pmb:497 smb:7636 d:s ref:0 ;
in:208 out:210 type:b dur:2 cpbdur:2 q:38.96 aq:39.44 tex:1125 mv:1385 misc:1138 imb:15 pmb:205 smb:7940 d:s ref:0 ;
in:210 out:211 type:b dur:2 cpbdur:2 q:38.96 aq:42.19 tex:1452 mv:1825 misc:1467 imb:11 pmb:335 smb:7814 d:- ref:0 ;
in:216 out:212 type:P dur:2 cpbdur:2 q:38.59 aq:32.11 tex:122920 mv:17439 misc:5649 imb:651 pmb:2431 smb:5078 d:s ref:0 ;
in:213 out:213 type:B dur:2 cpbdur:2 q:38.86 aq:38.02 tex:3565 mv:3018 misc:1721 imb:15 pmb:406 smb:7739 d:s ref:0 ;
in:212 out:214 type:b dur:2 cpbdur:2 q:39.01 aq:38.58 tex:760 mv:1136 misc:952 imb:8 pmb:160 smb:7992 d:s ref:0 ;
in:214 out:215 type:b dur:2 cpbdur:2 q:39.01 aq:41.83 tex:1175 mv:1409 misc:1112 imb:5 pmb:212 smb:7943 d:- ref:0 ;
in:215 out:216 type:b dur:2 cpbdur:2 q:39.01 aq:40.97 tex:942 mv:1694 misc:1164 imb:13 pmb:219 smb:7928 d:- ref:0 ;
in:220 out:217 type:P dur:2 cpbdur:2 q:38.30 aq:31.62 tex:149996 mv:16535 misc:5533 imb:630 pmb:2551 smb:4979 d:s ref:0 ;
in:218 out:218 type:B dur:2 cpbdur:2 q:38.86 aq:39.30 tex:7882 mv:5541 misc:2121 imb:77 pmb:608 smb:7475 d:s ref:0 ;
in:217 out:219 type:b dur:2 cpbdur:2 q:39.03 aq:42.24 tex:1384 mv:1642 misc:1366 imb:21 pmb:320 smb:7819 d:s ref:0 ;
in:219 out:220 type:b dur:2 cpbdur:2 q:39.03 aq:40.88 tex:1665 mv:1947 misc:1340 imb:18 pmb:316 smb:7826 d:- ref:0 ;
in:224 out:221 type:P dur:2 cpbdur:2 q:37.83 aq:31.01 tex:156777 mv:16827 misc:5172 imb:648 pmb:2779 smb:4733 d:s ref:0 ;
in:222 out:222 type:B dur:2 cpbdur:2 q:38.64 aq:39.86 tex:3216 mv:3657 misc:1983 imb:34 pmb:513 smb:7613 d:t ref:0 ;
in:221 out:223 type:b dur:2 cpbdur:2 q:38.89 aq:40.32 tex:1543 mv:1554 misc:1127 imb:18 pmb:239 smb:7903 d:s ref:0 ;
in:223 out:224 type:b dur:2 cpbdur:2 q:38.89 aq:41.31 tex:1229 mv:1133 misc:942 imb:30 pmb:136 smb:7994 d:- ref:0 ;
in:229 out:225 type:P dur:2 cpbdur:2 q:38.24 aq:32.55 tex:182043 mv:20596 misc:4257 imb:789 pmb:2849 smb:4522 d:s ref:0 ;
in:226 out:226 type:B dur:2 cpbdur:2 q:38.60 aq:37.76 tex:5070 mv:4778 misc:2328 imb:35 pmb:662 smb:7463 d:s ref:0 ;
in:225 out:227 type:b dur:2 cpbdur:2 q:38.93 aq:41.77 tex:1273 mv:1315 misc:1188 imb:13 pmb:247 smb:7900 d:s ref:0 ;
in:227 out:228 type:b dur:2 cpbdur:2 q:38.88 aq:41.74 tex:1779 mv:2480 misc:1485 imb:17 pmb:381 smb:7762 d:- ref:0 ;
in:228 out:229 type:b dur:2 cpbdur:2 q:38.88 aq:41.84 tex:1561 mv:1914 misc:1469 imb:18 pmb:330 smb:7812 d:- ref:0 ;
in:235 out:230 type:P dur:2 cpbdur:2 q:38.41 aq:32.98 tex:140145 mv:18374 misc:4841 imb:693 pmb:2584 smb:4883 d:s ref:0 ;
in:232 out:231 type:B dur:2 cpbdur:2 q:38.66 aq:38.73 tex:8217 mv:4932 misc:2283 imb:46 pmb:640 smb:7474 d:s ref:0 ;
in:230 out:232 type:b dur:2 cpbdur:2 q:38.80 aq:40.38 tex:1674 mv:2624 misc:1430 imb:25 pmb:341 smb:7794 d:s ref:0 ;
in:231 out:233 type:b dur:2 cpbdur:2 q:38.80 aq:39.75 tex:1613 mv:1941 misc:1246 imb:20 pmb:278 smb:7862 d:s ref:0 ;
in:233 out:234 type:b dur:2 cpbdur:2 q:38.69 aq:41.62 tex:2642 mv:1788 misc:1242 imb:24 pmb:248 smb:7888 d:- ref:0 ;
in:234 out:235 type:b dur:2 cpbdur:2 q:38.69 aq:39.54 tex:2185 mv:1535 misc:1008 imb:28 pmb:190 smb:7942 d:- ref:0 ;
in:239 out:236 type:P dur:2 cpbdur:2 q:38.74 aq:32.72 tex:108195 mv:15232 misc:4981 imb:584 pmb:2196 smb:5380 d:s ref:0 ;
in:237 out:237 type:B dur:2 cpbdur:2 q:39.03 aq:39.46 tex:4430 mv:3935 misc:1939 imb:38 pmb:489 smb:7633 d:s ref:0 ;
in:236 out:238 type:b dur:2 cpbdur:2 q:39.06 aq:39.29 tex:1293 mv:1796 misc:1111 imb:9 pmb:260 smb:7891 d:s ref:0 ;
in:238 out:239 type:b dur:2 cpbdur:2 q:39.06 aq:41.92 tex:1317 mv:1428 misc:1087 imb:6 pmb:232 smb:7922 d:- ref:0 ;
in:243 out:240 type:P dur:2 cpbdur:2 q:38.50 aq:31.82 tex:133000 mv:15844 misc:5820 imb:609 pmb:2317 smb:5234 d:s ref:0 ;
in:241 out:241 type:B dur:2 cpbdur:2 q:38.97 aq:39.61 tex:5700 mv:3859 misc:2409 imb:38 pmb:616 smb:7506 d:s ref:0 ;
in:240 out:242 type:b dur:2 cpbdur:2 q:39.05 aq:41.17 tex:1537 mv:2533 misc:1618 imb:36 pmb:381 smb:7743 d:s ref:0 ;
in:242 out:243 type:b dur:2 cpbdur:2 q:39.04 aq:41.06 tex:910 mv:1138 misc:968 imb:5 pmb:165 smb:7990 d:- ref:0 ;
in:248 out:244 type:P dur:2 cpbdur:2 q:38.30 aq:31.80 tex:148973 mv:19249 misc:5450 imb:774 pmb:2724 smb:4662 d:s ref:0 ;
in:245 out:245 type:B dur:2 cpbdur:2 q:39.00 aq:39.05 tex:7596 mv:4103 misc:1997 imb:58 pmb:523 smb:7579 d:s ref:0 ;
in:244 out:246 type:b dur:2 cpbdur:2 q:39.12 aq:41.51 tex:1176 mv:1458 misc:1270 imb:18 pmb:278 smb:7864 d:s ref:0 ;
in:246 out:247 type:b dur:2 cpbdur:2 q:39.12 aq:39.01 tex:384 mv:966 misc:890 imb:6 pmb:132 smb:8022 d:- ref:0 ;
in:247 out:248 type:b dur:2 cpbdur:2 q:39.12 aq:41.12 tex:732 mv:1185 misc:931 imb:12 pmb:147 smb:8001 d:- ref:0 ;
in:253 out:249 type:P dur:2 cpbdur:2 q:38.30 aq:31.53 tex:160330 mv:18572 misc:5130 imb:718 pmb:2714 smb:4728 d:s ref:0 ;
in:250 out:250 type:B dur:2 cpbdur:2 q:38.85 aq:38.92 tex:12812 mv:6144 misc:2084 imb:112 pmb:624 smb:7424 d:s ref:0 ;
in:249 out:251 type:b dur:2 cpbdur:2 q:39.00 aq:38.91 tex:1399 mv:1889 misc:1320 imb:24 pmb:317 smb:7819 d:s ref:0 ;
in:251 out:252 type:b dur:2 cpbdur:2 q:39.00 aq:39.15 tex:657 mv:1436 misc:1211 imb:1 pmb:270 smb:7889 d:- ref:0 ;
in:252 out:253 type:b dur:2 cpbdur:2 q:39.00 aq:41.60 tex:1318 mv:2225 misc:1361 imb:7 pmb:332 smb:7821 d:- ref:0 ;
in:257 out:254 type:P dur:2 cpbdur:2 q:38.07 aq:31.61 tex:141775 mv:15860 misc:5405 imb:593 pmb:2670 smb:4897 d:s ref:0 ;
in:255 out:255 type:B dur:2 cpbdur:2 q:39.02 aq:39.58 tex:3072 mv:2769 misc:1759 imb:42 pmb:377 smb:7741 d:t ref:0 ;
in:254 out:256 type:b dur:2 cpbdur:2 q:39.22 aq:41.56 tex:407 mv:1097 misc:1032 imb:10 pmb:184 smb:7966 d:s ref:0 ;
in:256 out:257 type:b dur:2 cpbdur:2 q:39.22 aq:40.40 tex:798 mv:1058 misc:896 imb:10 pmb:148 smb:8002 d:- ref:0 ;
in:261 out:258 type:P dur:2 cpbdur:2 q:38.20 aq:32.09 tex:156415 mv:17321 misc:5048 imb:584 pmb:2784 smb:4792 d:s ref:0 ;
in:259 out:259 type:B dur:2 cpbdur:2 q:38.90 aq:40.02 tex:2795 mv:3320 misc:1877 imb:29 pmb:459 smb:7672 d:s ref:0 ;
in:258 out:260 type:b dur:2 cpbdur:2 q:39.31 aq:38.71 tex:797 mv:1548 misc:1047 imb:16 pmb:214 smb:7930 d:s ref:0 ;
in:260 out:261 type:b dur:2 cpbdur:2 q:39.11 aq:40.25 tex:1291 mv:1219 misc:946 imb:19 pmb:183 smb:7958 d:- ref:0 ;
in:267 out:262 type:P dur:2 cpbdur:2 q:38.71 aq:32.60 tex:158247 mv:19561 misc:4728 imb:848 pmb:2485 smb:4827 d:s ref:0 ;
in:264 out:263 type:B dur:2 cpbdur:2 q:38.99 aq:38.59 tex:5399 mv:4816 misc:2393 imb:29 pmb:710 smb:7421 d:s ref:0 ;
in:262 out:264 type:b dur:2 cpbdur:2 q:38.99 aq:38.35 tex:941 mv:2362 misc:1497 imb:11 pmb:389 smb:7760 d:s ref:0 ;
in:263 out:265 type:b dur:2 cpbdur:2 q:38.99 aq:38.24 tex:1559 mv:2992 misc:1521 imb:7 pmb:443 smb:7710 d:s ref:0 ;
in:265 out:266 type:b dur:2 cpbdur:2 q:38.99 aq:40.89 tex:1122 mv:1475 misc:1275 imb:5 pmb:245 smb:7910 d:- ref:0 ;
in:266 out:267 type:b dur:2 cpbdur:2 q:38.99 aq:40.99 tex:1930 mv:1905 misc:1445 imb:17 pmb:298 smb:7845 d:- ref:0 ;
in:271 out:268 type:P dur:2 cpbdur:2 q:38.41 aq:32.53 tex:130506 mv:15614 misc:5416 imb:588 pmb:2324 smb:5248 d:s ref:0 ;
in:269 out:269 type:B dur:2 cpbdur:2 q:39.19 aq:39.58 tex:4575 mv:3424 misc:1873 imb:37 pmb:493 smb:7630 d:s ref:0 ;
in:268 out:270 type:b dur:2 cpbdur:2 q:39.22 aq:38.61 tex:874 mv:1610 misc:1148 imb:11 pmb:251 smb:7898 d:s ref:0 ;
in:270 out:271 type:b dur:2 cpbdur:2 q:39.22 aq:40.65 tex:1771 mv:1467 misc:1354 imb:11 pmb:260 smb:7889 d:- ref:0 ;
in:275 out:272 type:P dur:2 cpbdur:2 q:38.02 aq:31.87 tex:143132 mv:16787 misc:4953 imb:660 pmb:2658 smb:4842 d:s ref:0 ;
in:273 out:273 type:B dur:2 cpbdur:2 q:38.83 aq:39.03 tex:4521 mv:3496 misc:1983 imb:54 pmb:444 smb:7662 d:t ref:0 ;
in:272 out:274 type:b dur:2 cpbdur:2 q:38.96 aq:41.35 tex:987 mv:1148 misc:1121 imb:5 pmb:225 smb:7930 d:s ref:0 ;
in:274 out:275 type:b dur:2 cpbdur:2 q:38.96 aq:38.51 tex:398 mv:920 misc:850 imb:5 pmb:125 smb:8030 d:- ref:0 ;
in:279 out:276 type:P dur:2 cpbdur:2 q:37.78 aq:31.64 tex:167166 mv:18700 misc:5150 imb:752 pmb:2636 smb:4772 d:s ref:0 ;
in:277 out:277 type:B dur:2 cpbdur:2 q:38.55 aq:39.96 tex:5013 mv:4195 misc:2008 imb:61 pmb:539 smb:7560 d:s ref:0 ;
in:276 out:278 type:b dur:2 cpbdur:2 q:38.77 aq:40.87 tex:1080 mv:1275 misc:1045 imb:9 pmb:196 smb:7955 d:s ref:0 ;
in:278 out:279 type:b dur:2 cpbdur:2 q:38.77 aq:39.41 tex:575 mv:1710 misc:1259 imb:4 pmb:303 smb:7853 d:- ref:0 ;
in:283 out:280 type:P dur:2 cpbdur:2 q:37.48 aq:30.92 tex:165573 mv:16451 misc:5848 imb:642 pmb:2896 smb:4622 d:s ref:0 ;
in:281 out:281 type:B dur:2 cpbdur:2 q:38.12 aq:38.52 tex:9939 mv:5708 misc:2057 imb:91 pmb:568 smb:7501 d:s ref:0 ;
in:280 out:282 type:b dur:2 cpbdur:2 q:38.48 aq:40.53 tex:1725 mv:1788 misc:1191 imb:17 pmb:271 smb:7872 d:s ref:0 ;
in:282 out:283 type:b dur:2 cpbdur:2 q:38.45 aq:41.62 tex:1957 mv:2494 misc:1581 imb:27 pmb:385 smb:7748 d:- ref:0 ;
in:287 out:284 type:P dur:2 cpbdur:2 q:37.59 aq:32.41 tex:170703 mv:16469 misc:4580 imb:598 pmb:2952 smb:4610 d:s ref:0 ;
in:285 out:285 type:B dur:2 cpbdur:2 q:38.14 aq:39.04 tex:3064 mv:2546 misc:1790 imb:19 pmb:373 smb:7768 d:t ref:0 ;
in:284 out:286 type:b dur:2 cpbdur:2 q:38.40 aq:40.45 tex:1041 mv:1188 misc:1027 imb:10 pmb:178 smb:7972 d:s ref:0 ;
in:286 out:287 type:b dur:2 cpbdur:2 q:38.40 aq:40.14 tex:945 mv:1255 misc:1008 imb:13 pmb:180 smb:7967 d:- ref:0 ;
in:290 out:288 type:P dur:2 cpbdur:2 q:37.66 aq:31.40 tex:136207 mv:14448 misc:5313 imb:522 pmb:2459 smb:5179 d:s ref:0 ;
in:288 out:289 type:B dur:2 cpbdur:2 q:37.99 aq:39.01 tex:2825 mv:2181 misc:1514 imb:23 pmb:312 smb:7825 d:s ref:0 ;
in:289 out:290 type:b dur:2 cpbdur:2 q:38.08 aq:39.59 tex:1430 mv:1808 misc:1394 imb:21 pmb:299 smb:7840 d:- ref:0 ;
in:294 out:291 type:P dur:2 cpbdur:2 q:37.15 aq:30.87 tex:155043 mv:14898 misc:5803 imb:440 pmb:2958 smb:4762 d:s ref:0 ;
in:292 out:292 type:B dur:2 cpbdur:2 q:38.30 aq:39.21 tex:4240 mv:3385 misc:1879 imb:39 pmb:464 smb:7657 d:t ref:0 ;
in:291 out:293 type:b dur:2 cpbdur:2 q:38.33 aq:39.18 tex:846 mv:1078 misc:988 imb:7 pmb:168 smb:7985 d:s ref:0 ;
in:293 out:294 type:b dur:2 cpbdur:2 q:38.33 aq:40.41 tex:1360 mv:1632 misc:1280 imb:15 pmb:292 smb:7853 d:- ref:0 ;
in:298 out:295 type:P dur:2 cpbdur:2 q:37.03 aq:31.22 tex:154203 mv:15369 misc:5300 imb:598 pmb:2885 smb:4677 d:s ref:0 ;
in:296 out:296 type:B dur:2 cpbdur:2 q:37.82 aq:38.28 tex:5439 mv:3789 misc:2052 imb:41 pmb:500 smb:7619 d:t ref:0 ;
in:295 out:297 type:b dur:2 cpbdur:2 q:38.05 aq:40.12 tex:1292 mv:1297 misc:1107 imb:18 pmb:187 smb:7955 d:s ref:0 ;
in:297 out:298 type:b dur:2 cpbdur:2 q:38.05 aq:40.74 tex:731 mv:1262 misc:1055 imb:4 pmb:186 smb:7970 d:- ref:0 ;
in:302 out:299 type:P dur:2 cpbdur:2 q:36.80 aq:31.36 tex:201260 mv:20877 misc:4783 imb:811 pmb:2985 smb:4364 d:s ref:0 ;
in:300 out:300 type:B dur:2 cpbdur:2 q:37.34 aq:38.30 tex:7047 mv:5426 misc:2583 imb:57 pmb:803 smb:7300 d:s ref:0 ;
in:299 out:301 type:b dur:2 cpbdur:2 q:37.66 aq:39.58 tex:2572 mv:2662 misc:1814 imb:33 pmb:438 smb:7689 d:s ref:0 ;
in:301 out:302 type:b dur:2 cpbdur:2 q:37.64 aq:39.59 tex:2012 mv:1983 misc:1541 imb:15 pmb:355 smb:7790 d:- ref:0 ;
in:307 out:303 type:P dur:2 cpbdur:2 q:37.06 aq:31.76 tex:142958 mv:17020 misc:4910 imb:588 pmb:2540 smb:5032 d:s ref:0 ;
in:304 out:304 type:B dur:2 cpbdur:2 q:37.43 aq:37.29 tex:7658 mv:4794 misc:2596 imb:47 pmb:701 smb:7412 d:s ref:0 ;
in:303 out:305 type:b dur:2 cpbdur:2 q:37.43 aq:37.70 tex:1618 mv:1871 misc:1295 imb:14 pmb:310 smb:7836 d:s ref:0 ;
in:305 out:306 type:b dur:2 cpbdur:2 q:37.43 aq:40.56 tex:3227 mv:2649 misc:1532 imb:40 pmb:357 smb:7763 d:- ref:0 ;
in:306 out:307 type:b dur:2 cpbdur:2 q:37.43 aq:40.18 tex:2116 mv:2823 misc:1693 imb:33 pmb:404 smb:7723 d:- ref:0 ;
in:313 out:308 type:P dur:2 cpbdur:2 q:36.75 aq:31.41 tex:182904 mv:19941 misc:5555 imb:854 pmb:2647 smb:4659 d:s ref:0 ;
in:310 out:309 type:B dur:2 cpbdur:2 q:37.19 aq:36.32 tex:13592 mv:6273 misc:3367 imb:57 pmb:1048 smb:7055 d:s ref:0 ;
in:308 out:310 type:b dur:2 cpbdur:2 q:37.26 aq:39.32 tex:2462 mv:2014 misc:1372 imb:37 pmb:267 smb:7856 d:s ref:0 ;
in:309 out:311 type:b dur:2 cpbdur:2 q:37.26 aq:39.95 tex:2345 mv:2044 misc:1307 imb:21 pmb:270 smb:7869 d:s ref:0 ;
in:311 out:312 type:b dur:2 cpbdur:2 q:37.26 aq:40.49 tex:1982 mv:1922 misc:1392 imb:16 pmb:313 smb:7831 d:- ref:0 ;
in:312 out:313 type:b dur:2 cpbdur:2 q:37.26 aq:39.10 tex:4372 mv:2201 misc:1723 imb:27 pmb:419 smb:7714 d:- ref:0 ;
in:317 out:314 type:P dur:2 cpbdur:2 q:37.53 aq:30.84 tex:372559 mv:37987 misc:3862 imb:1911 pmb:3239 smb:3010 d:s ref:0 ;
in:315 out:315 type:B dur:2 cpbdur:2 q:37.78 aq:38.61 tex:9563 mv:10124 misc:3833 imb:82 pmb:1476 smb:6602 d:s ref:0 ;
in:314 out:316 type:b dur:2 cpbdur:2 q:37.78 aq:39.56 tex:2952 mv:3836 misc:2148 imb:59 pmb:619 smb:7482 d:s ref:0 ;
in:316 out:317 type:b dur:2 cpbdur:2 q:37.78 aq:39.79 tex:1541 mv:2245 misc:1566 imb:17 pmb:404 smb:7739 d:- ref:0 ;
in:321 out:318 type:P dur:2 cpbdur:2 q:37.70 aq:31.11 tex:155486 mv:15893 misc:5597 imb:466 pmb:2890 smb:4804 d:s ref:0 ;
in:319 out:319 type:B dur:2 cpbdur:2 q:38.05 aq:38.93 tex:7755 mv:4764 misc:2337 imb:41 pmb:695 smb:7424 d:s ref:0 ;
in:318 out:320 type:b dur:2 cpbdur:2 q:38.05 aq:39.03 tex:709 mv:1220 misc:1063 imb:15 pmb:166 smb:7979 d:s ref:0 ;
in:320 out:321 type:b dur:2 cpbdur:2 q:38.05 aq:38.97 tex:2141 mv:2437 misc:1902 imb:13 pmb:495 smb:7652 d:- ref:0 ;
in:326 out:322 type:P dur:2 cpbdur:2 q:37.53 aq:31.06 tex:169271 mv:17559 misc:5842 imb:649 pmb:2976 smb:4535 d:s ref:0 ;
in:323 out:323 type:B dur:2 cpbdur:2 q:38.16 aq:38.12 tex:9226 mv:5839 misc:2231 imb:94 pmb:620 smb:7446 d:s ref:0 ;
in:322 out:324 type:b dur:2 cpbdur:2 q:38.22 aq:40.36 tex:838 mv:1471 misc:1147 imb:12 pmb:224 smb:7924 d:s ref:0 ;
in:324 out:325 type:b dur:2 cpbdur:2 q:38.22 aq:41.03 tex:2474 mv:2987 misc:1459 imb:29 pmb:350 smb:7781 d:- ref:0 ;
in:325 out:326 type:b dur:2 cpbdur:2 q:38.22 aq:41.21 tex:3139 mv:3143 misc:1494 imb:51 pmb:386 smb:7723 d:- ref:0 ;
in:330 out:327 type:P dur:2 cpbdur:2 q:37.49 aq:30.95 tex:153882 mv:17204 misc:5762 imb:666 pmb:2701 smb:4793 d:s ref:0 ;
in:328 out:328 type:B dur:2 cpbdur:2 q:37.71 aq:38.27 tex:5066 mv:3639 misc:1975 imb:28 pmb:506 smb:7626 d:s ref:0 ;
in:327 out:329 type:b dur:2 cpbdur:2 q:37.86 aq:39.13 tex:1002 mv:1290 misc:932 imb:8 pmb:159 smb:7993 d:s ref:0 ;
in:329 out:330 type:b dur:2 cpbdur:2 q:37.86 aq:40.25 tex:1170 mv:1730 misc:1436 imb:15 pmb:306 smb:7839 d:- ref:0 ;
in:334 out:331 type:P dur:2 cpbdur:2 q:37.32 aq:30.73 tex:139755 mv:15121 misc:5700 imb:542 pmb:2717 smb:4901 d:s ref:0 ;
in:332 out:332 type:B dur:2 cpbdur:2 q:37.90 aq:39.04 tex:4981 mv:3365 misc:1918 imb:52 pmb:438 smb:7670 d:t ref:0 ;
in:331 out:333 type:b dur:2 cpbdur:2 q:38.07 aq:40.78 tex:708 mv:1462 misc:1214 imb:10 pmb:238 smb:7912 d:s ref:0 ;
in:333 out:334 type:b dur:2 cpbdur:2 q:38.07 aq:40.57 tex:843 mv:1284 misc:1001 imb:17 pmb:171 smb:7972 d:- ref:0 ;
in:338 out:335 type:P dur:2 cpbdur:2 q:37.18 aq:30.79 tex:165514 mv:16614 misc:5136 imb:513 pmb:2961 smb:4686 d:s ref:0 ;
in:336 out:336 type:B dur:2 cpbdur:2 q:37.76 aq:38.72 tex:4288 mv:3618 misc:2110 imb:38 pmb:505 smb:7617 d:s ref:0 ;
in:335 out:337 type:b dur:2 cpbdur:2 q:38.00 aq:40.14 tex:1016 mv:1559 misc:1265 imb:7 pmb:268 smb:7885 d:s ref:0 ;
in:337 out:338 type:b dur:2 cpbdur:2 q:38.00 aq:40.61 tex:1539 mv:1557 misc:1232 imb:17 pmb:267 smb:7876 d:- ref:0 ;
in:342 out:339 type:P dur:2 cpbdur:2 q:36.77 aq:30.38 tex:165699 mv:17547 misc:5402 imb:531 pmb:3026 smb:4603 d:s ref:0 ;
in:340 out:340 type:B dur:2 cpbdur:2 q:37.41 aq:37.82 tex:4322 mv:3647 misc:1895 imb:32 pmb:472 smb:7656 d:s ref:0 ;
in:339 out:341 type:b dur:2 cpbdur:2 q:37.76 aq:38.03 tex:708 mv:1087 misc:861 imb:3 pmb:150 smb:8007 d:s ref:0 ;
in:341 out:342 type:b dur:2 cpbdur:2 q:37.60 aq:39.35 tex:1438 mv:1783 misc:1467 imb:9 pmb:297 smb:7854 d:- ref:0 ;
in:347 out:343 type:P dur:2 cpbdur:2 q:36.67 aq:30.16 tex:180508 mv:16783 misc:5389 imb:539 pmb:3076 smb:4545 d:s ref:0 ;
in:344 out:344 type:B dur:2 cpbdur:2 q:37.02 aq:37.58 tex:9356 mv:5122 misc:2490 imb:65 pmb:717 smb:7378 d:t ref:0 ;
in:343 out:345 type:b dur:2 cpbdur:2 q:37.22 aq:39.87 tex:759 mv:1719 misc:1242 imb:10 pmb:268 smb:7882 d:s ref:0 ;
in:345 out:346 type:b dur:2 cpbdur:2 q:37.22 aq:38.85 tex:1315 mv:1704 misc:1309 imb:20 pmb:247 smb:7893 d:- ref:0 ;
in:346 out:347 type:b dur:2 cpbdur:2 q:37.22 aq:40.01 tex:1261 mv:1317 misc:1190 imb:11 pmb:204 smb:7945 d:- ref:0 ;
in:351 out:348 type:P dur:2 cpbdur:2 q:37.03 aq:30.67 tex:154776 mv:17635 misc:5189 imb:571 pmb:2808 smb:4781 d:s ref:0 ;
in:349 out:349 type:B dur:2 cpbdur:2 q:37.47 aq:38.05 tex:4990 mv:4852 misc:2294 imb:37 pmb:691 smb:7432 d:s ref:0 ;
in:348 out:350 type:b dur:2 cpbdur:2 q:37.63 aq:39.83 tex:1395 mv:1810 misc:1363 imb:25 pmb:287 smb:7848 d:s ref:0 ;
in:350 out:351 type:b dur:2 cpbdur:2 q:37.63 aq:40.27 tex:825 mv:1377 misc:1270 imb:7 pmb:271 smb:7882 d:- ref:0 ;
in:356 out:352 type:P dur:2 cpbdur:2 q:36.91 aq:31.34 tex:138547 mv:15194 misc:4643 imb:499 pmb:2530 smb:5131 d:s ref:0 ;
in:353 out:353 type:B dur:2 cpbdur:2 q:37.58 aq:37.47 tex:9723 mv:5827 misc:2098 imb:99 pmb:617 smb:7444 d:s ref:0 ;
in:352 out:354 type:b dur:2 cpbdur:2 q:37.78 aq:37.52 tex:1265 mv:1324 misc:1203 imb:13 pmb:250 smb:7897 d:s ref:0 ;
in:354 out:355 type:b dur:2 cpbdur:2 q:37.78 aq:40.20 tex:1294 mv:2005 misc:1405 imb:16 pmb:301 smb:7843 d:- ref:0 ;
in:355 out:356 type:b dur:2 cpbdur:2 q:37.78 aq:40.35 tex:2351 mv:2603 misc:1630 imb:32 pmb:373 smb:7755 d:- ref:0 ;
in:357 out:357 type:I dur:2 cpbdur:2 q:32.75 aq:25.90 tex:2225244 mv:135659 misc:305 imb:8160 pmb:0 smb:0 d:s ref:;
in:361 out:358 type:P dur:2 cpbdur:2 q:36.49 aq:30.73 tex:162305 mv:13292 misc:4043 imb:440 pmb:2311 smb:5409 d:s ref:0 ;
in:359 out:359 type:B dur:2 cpbdur:2 q:36.92 aq:38.84 tex:7545 mv:4353 misc:2238 imb:50 pmb:647 smb:7463 d:s ref:0 ;
in:358 out:360 type:b dur:2 cpbdur:2 q:37.35 aq:39.29 tex:1702 mv:1884 misc:1374 imb:28 pmb:282 smb:7850 d:s ref:0 ;
in:360 out:361 type:b dur:2 cpbdur:2 q:37.35 aq:39.58 tex:2369 mv:2654 misc:1833 imb:28 pmb:470 smb:7662 d:- ref:0 ;
in:365 out:362 type:P dur:2 cpbdur:2 q:36.90 aq:31.10 tex:110779 mv:12341 misc:4528 imb:343 pmb:2392 smb:5425 d:s ref:0 ;
in:363 out:363 type:B dur:2 cpbdur:2 q:37.31 aq:38.32 tex:8225 mv:3849 misc:2086 imb:57 pmb:530 smb:7573 d:t ref:0 ;
in:362 out:364 type:b dur:2 cpbdur:2 q:37.72 aq:39.89 tex:888 mv:1211 misc:1077 imb:6 pmb:197 smb:7957 d:s ref:0 ;
in:364 out:365 type:b dur:2 cpbdur:2 q:37.72 aq:39.43 tex:923 mv:1299 misc:1034 imb:17 pmb:185 smb:7958 d:- ref:0 ;
in:371 out:366 type:P dur:2 cpbdur:2 q:37.06 aq:30.83 tex:168102 mv:17573 misc:4813 imb:502 pmb:2820 smb:4838 d:s ref:0 ;
in:368 out:367 type:B dur:2 cpbdur:2 q:37.31 aq:37.12 tex:11359 mv:5527 misc:2610 imb:81 pmb:787 smb:7292 d:s ref:0 ;
in:366 out:368 type:b dur:2 cpbdur:2 q:37.72 aq:40.18 tex:928 mv:1131 misc:1029 imb:9 pmb:162 smb:7989 d:s ref:0 ;
in:367 out:369 type:b dur:2 cpbdur:2 q:37.72 aq:39.61 tex:2004 mv:1621 misc:1215 imb:15 pmb:235 smb:7910 d:s ref:0 ;
in:369 out:370 type:b dur:2 cpbdur:2 q:37.72 aq:40.26 tex:1861 mv:2131 misc:1552 imb:19 pmb:370 smb:7771 d:- ref:0 ;
in:370 out:371 type:b dur:2 cpbdur:2 q:37.72 aq:40.90 tex:2896 mv:2390 misc:1410 imb:44 pmb:322 smb:7794 d:- ref:0 ;
in:375 out:372 type:P dur:2 cpbdur:2 q:37.29 aq:31.14 tex:130980 mv:14301 misc:4783 imb:460 pmb:2599 smb:5101 d:s ref:0 ;
in:373 out:373 type:B dur:2 cpbdur:2 q:37.43 aq:37.87 tex:6181 mv:4724 misc:2455 imb:63 pmb:652 smb:7445 d:s ref:0 ;
in:372 out:374 type:b dur:2 cpbdur:2 q:37.50 aq:40.03 tex:1708 mv:1868 misc:1408 imb:27 pmb:297 smb:7836 d:s ref:0 ;
in:374 out:375 type:b dur:2 cpbdur:2 q:37.50 aq:39.40 tex:1303 mv:1537 misc:1368 imb:14 pmb:286 smb:7860 d:- ref:0 ;
in:379 out:376 type:P dur:2 cpbdur:2 q:37.62 aq:31.37 tex:154797 mv:16228 misc:4703 imb:572 pmb:2447 smb:5141 d:s ref:0 ;
in:377 out:377 type:B dur:2 cpbdur:2 q:37.74 aq:38.90 tex:15199 mv:7825 misc:2168 imb:157 pmb:674 smb:7329 d:s ref:0 ;
in:376 out:378 type:b dur:2 cpbdur:2 q:37.83 aq:39.62 tex:1216 mv:1738 misc:1302 imb:15 pmb:270 smb:7875 d:s ref:0 ;
in:378 out:379 type:b dur:2 cpbdur:2 q:37.83 aq:40.73 tex:2073 mv:2504 misc:1703 imb:29 pmb:458 smb:7673 d:- ref:0 ;
in:384 out:380 type:P dur:2 cpbdur:2 q:37.73 aq:31.55 tex:147817 mv:18153 misc:4582 imb:628 pmb:2693 smb:4839 d:s ref:0 ;
in:381 out:381 type:B dur:2 cpbdur:2 q:37.99 aq:37.73 tex:5712 mv:3728 misc:1960 imb:30 pmb:516 smb:7614 d:s ref:0 ;
in:380 out:382 type:b dur:2 cpbdur:2 q:38.09 aq:37.98 tex:758 mv:953 misc:849 imb:6 pmb:136 smb:8018 d:s ref:0 ;
in:382 out:383 type:b dur:2 cpbdur:2 q:38.09 aq:38.63 tex:1712 mv:1751 misc:1209 imb:20 pmb:241 smb:7899 d:- ref:0 ;
in:383 out:384 type:b dur:2 cpbdur:2 q:38.09 aq:39.93 tex:2732 mv:2503 misc:1485 imb:45 pmb:326 smb:7789 d:- ref:0 ;
in:388 out:385 type:P dur:2 cpbdur:2 q:37.80 aq:31.73 tex:121350 mv:13698 misc:4544 imb:407 pmb:2314 smb:5439 d:s ref:0 ;
in:386 out:386 type:B dur:2 cpbdur:2 q:37.98 aq:38.72 tex:6196 mv:3978 misc:1810 imb:47 pmb:503 smb:7610 d:s ref:0 ;
in:385 out:387 type:b dur:2 cpbdur:2 q:38.10 aq:41.16 tex:2318 mv:2184 misc:1410 imb:24 pmb:351 smb:7785 d:s ref:0 ;
in:387 out:388 type:b dur:2 cpbdur:2 q:38.10 aq:40.00 tex:861 mv:1184 misc:915 imb:11 pmb:159 smb:7990 d:- ref:0 ;
in:392 out:389 type:P dur:2 cpbdur:2 q:38.05 aq:31.84 tex:118105 mv:13576 misc:4839 imb:422 pmb:2338 smb:5400 d:s ref:0 ;
in:390 out:390 type:B dur:2 cpbdur:2 q:38.22 aq:39.35 tex:5208 mv:3920 misc:2160 imb:48 pmb:563 smb:7549 d:t ref:0 ;
in:389 out:391 type:b dur:2 cpbdur:2 q:38.36 aq:40.41 tex:1370 mv:1496 misc:1286 imb:14 pmb:232 smb:7914 d:s ref:0 ;
in:391 out:392 type:b dur:2 cpbdur:2 q:38.36 aq:39.05 tex:744 mv:1462 misc:1234 imb:12 pmb:265 smb:7883 d:- ref:0 ;
in:396 out:393 type:P dur:2 cpbdur:2 q:38.17 aq:31.58 tex:113447 mv:14892 misc:4765 imb:484 pmb:2361 smb:5315 d:s ref:0 ;
in:394 out:394 type:B dur:2 cpbdur:2 q:38.46 aq:39.36 tex:4115 mv:3780 misc:1881 imb:38 pmb:499 smb:7623 d:s ref:0 ;
in:393 out:395 type:b dur:2 cpbdur:2 q:38.61 aq:39.08 tex:989 mv:1440 misc:1099 imb:12 pmb:236 smb:7912 d:s ref:0 ;
in:395 out:396 type:b dur:2 cpbdur:2 q:38.60 aq:41.71 tex:1151 mv:1555 misc:1230 imb:13 pmb:275 smb:7872 d:- ref:0 ;
in:401 out:397 type:P dur:2 cpbdur:2 q:38.27 aq:31.93 tex:113235 mv:14580 misc:5081 imb:493 pmb:2362 smb:5305 d:s ref:0 ;
in:398 out:398 type:B dur:2 cpbdur:2 q:38.56 aq:38.44 tex:3202 mv:2837 misc:1705 imb:48 pmb:344 smb:7768 d:t ref:0 ;
in:397 out:399 type:b dur:2 cpbdur:2 q:38.72 aq:38.14 tex:350 mv:1087 misc:907 imb:8 pmb:167 smb:7985 d:s ref:0 ;
in:399 out:400 type:b dur:2 cpbdur:2 q:38.72 aq:40.58 tex:920 mv:1006 misc:842 imb:8 pmb:131 smb:8021 d:- ref:0 ;
in:400 out:401 type:b dur:2 cpbdur:2 q:38.72 aq:41.52 tex:1227 mv:1555 misc:1018 imb:16 pmb:187 smb:7957 d:- ref:0 ;
in:405 out:402 type:P dur:2 cpbdur:2 q:38.19 aq:31.66 tex:111308 mv:14322 misc:5298 imb:480 pmb:2417 smb:5263 d:s ref:0 ;
in:403 out:403 type:B dur:2 cpbdur:2 q:38.70 aq:39.74 tex:3913 mv:3423 misc:2032 imb:45 pmb:484 smb:7631 d:t ref:0 ;
in:402 out:404 type:b dur:2 cpbdur:2 q:38.90 aq:42.73 tex:600 mv:1181 misc:1139 imb:7 pmb:235 smb:7918 d:s ref:0 ;
in:404 out:405 type:b dur:2 cpbdur:2 q:38.90 aq:38.89 tex:1084 mv:1148 misc:1136 imb:10 pmb:210 smb:7940 d:- ref:0 ;
in:409 out:406 type:P dur:2 cpbdur:2 q:37.83 aq:31.66 tex:129391 mv:14161 misc:4776 imb:481 pmb:2421 smb:5258 d:s ref:0 ;
in:407 out:407 type:B dur:2 cpbdur:2 q:38.54 aq:40.07 tex:3034 mv:3208 misc:1822 imb:20 pmb:448 smb:7692 d:s ref:0 ;
in:406 out:408 type:b dur:2 cpbdur:2 q:38.78 aq:41.20 tex:730 mv:904 misc:822 imb:5 pmb:122 smb:8033 d:s ref:0 ;
in:408 out:409 type:b dur:2 cpbdur:2 q:38.78 aq:41.28 tex:760 mv:1611 misc:1357 imb:3 pmb:317 smb:7840 d:- ref:0 ;
in:413 out:410 type:P dur:2 cpbdur:2 q:37.47 aq:31.17 tex:126346 mv:12766 misc:4976 imb:346 pmb:2573 smb:5241 d:s ref:0 ;
in:411 out:411 type:B dur:2 cpbdur:2 q:38.12 aq:38.86 tex:4784 mv:2541 misc:1627 imb:25 pmb:356 smb:7779 d:t ref:0 ;
in:410 out:412 type:b dur:2 cpbdur:2 q:38.58 aq:38.07 tex:743 mv:812 misc:821 imb:5 pmb:134 smb:8021 d:s ref:0 ;
in:412 out:413 type:b dur:2 cpbdur:2 q:38.39 aq:39.36 tex:498 mv:752 misc:806 imb:1 pmb:126 smb:8033 d:- ref:0 ;
in:416 out:414 type:P dur:2 cpbdur:2 q:37.89 aq:31.81 tex:102731 mv:12703 misc:4966 imb:415 pmb:2246 smb:5499 d:s ref:0 ;
in:414 out:415 type:B dur:2 cpbdur:2 q:38.29 aq:40.84 tex:1407 mv:1921 misc:1440 imb:14 pmb:360 smb:7786 d:t ref:0 ;
in:415 out:416 type:b dur:2 cpbdur:2 q:38.43 aq:38.77 tex:1104 mv:1051 misc:853 imb:5 pmb:155 smb:8000 d:- ref:0 ;
in:420 out:417 type:P dur:2 cpbdur:2 q:38.01 aq:31.91 tex:117673 mv:13702 misc:4737 imb:467 pmb:2237 smb:5456 d:s ref:0 ;
in:418 out:418 type:B dur:2 cpbdur:2 q:38.42 aq:39.15 tex:7451 mv:5461 misc:2168 imb:109 pmb:651 smb:7400 d:s ref:0 ;
in:417 out:419 type:b dur:2 cpbdur:2 q:38.62 aq:37.88 tex:815 mv:1465 misc:1144 imb:13 pmb:245 smb:7902 d:s ref:0 ;
in:419 out:420 type:b dur:2 cpbdur:2 q:38.62 aq:40.68 tex:1264 mv:1556 misc:1356 imb:9 pmb:332 smb:7819 d:- ref:0 ;
in:425 out:421 type:P dur:2 cpbdur:2 q:37.94 aq:31.97 tex:121490 mv:15161 misc:5069 imb:455 pmb:2549 smb:5156 d:s ref:0 ;
in:422 out:422 type:B dur:2 cpbdur:2 q:38.47 aq:38.93 tex:5433 mv:3347 misc:2124 imb:35 pmb:500 smb:7625 d:s ref:0 ;
in:421 out:423 type:b dur:2 cpbdur:2 q:38.71 aq:38.52 tex:466 mv:714 misc:740 imb:2 pmb:107 smb:8051 d:s ref:0 ;
in:423 out:424 type:b dur:2 cpbdur:2 q:38.71 aq:41.01 tex:1426 mv:1235 misc:971 imb:15 pmb:146 smb:7999 d:- ref:0 ;
in:424 out:425 type:b dur:2 cpbdur:2 q:38.71 aq:40.43 tex:1461 mv:1539 misc:1160 imb:8 pmb:214 smb:7938 d:- ref:0 ;
in:429 out:426 type:P dur:2 cpbdur:2 q:37.48 aq:31.55 tex:124655 mv:14601 misc:4784 imb:469 pmb:2492 smb:5199 d:s ref:0 ;
in:427 out:427 type:B dur:2 cpbdur:2 q:38.41 aq:39.18 tex:5291 mv:3719 misc:1870 imb:42 pmb:518 smb:7600 d:s ref:0 ;
in:426 out:428 type:b dur:2 cpbdur:2 q:38.73 aq:40.49 tex:1484 mv:1622 misc:1294 imb:28 pmb:292 smb:7840 d:s ref:0 ;
in:428 out:429 type:b dur:2 cpbdur:2 q:38.73 aq:41.05 tex:716 mv:1022 misc:838 imb:8 pmb:133 smb:8019 d:- ref:0 ;
in:433 out:430 type:P dur:2 cpbdur:2 q:37.15 aq:31.25 tex:129799 mv:16326 misc:5019 imb:522 pmb:2684 smb:4954 d:s ref:0 ;
in:431 out:431 type:B dur:2 cpbdur:2 q:37.77 aq:38.88 tex:7753 mv:4656 misc:2183 imb:79 pmb:580 smb:7501 d:s ref:0 ;
in:430 out:432 type:b dur:2 cpbdur:2 q:38.02 aq:38.56 tex:1419 mv:1595 misc:1218 imb:8 pmb:253 smb:7899 d:s ref:0 ;
in:432 out:433 type:b dur:2 cpbdur:2 q:37.97 aq:40.04 tex:1749 mv:1747 misc:1336 imb:17 pmb:318 smb:7825 d:- ref:0 ;
in:437 out:434 type:P dur:2 cpbdur:2 q:37.00 aq:31.46 tex:139278 mv:15564 misc:4678 imb:505 pmb:2637 smb:5018 d:s ref:0 ;
in:435 out:435 type:B dur:2 cpbdur:2 q:37.39 aq:38.11 tex:5003 mv:3670 misc:2127 imb:38 pmb:562 smb:7560 d:s ref:0 ;
in:434 out:436 type:b dur:2 cpbdur:2 q:37.58 aq:39.60 tex:1143 mv:1287 misc:1314 imb:10 pmb:239 smb:7911 d:s ref:0 ;
in:436 out:437 type:b dur:2 cpbdur:2 q:37.58 aq:39.68 tex:690 mv:1195 misc:1115 imb:4 pmb:214 smb:7942 d:- ref:0 ;
in:441 out:438 type:P dur:2 cpbdur:2 q:36.36 aq:31.15 tex:158009 mv:17172 misc:4835 imb:549 pmb:2815 smb:4796 d:s ref:0 ;
in:439 out:439 type:B dur:2 cpbdur:2 q:37.28 aq:38.59 tex:5582 mv:3927 misc:2155 imb:39 pmb:588 smb:7533 d:s ref:0 ;
in:438 out:440 type:b dur:2 cpbdur:2 q:37.46 aq:39.28 tex:2001 mv:1852 misc:1379 imb:14 pmb:330 smb:7816 d:s ref:0 ;
in:440 out:441 type:b dur:2 cpbdur:2 q:37.46 aq:40.22 tex:872 mv:1466 misc:1166 imb:10 pmb:248 smb:7902 d:- ref:0 ;
in:446 out:442 type:P dur:2 cpbdur:2 q:36.60 aq:32.25 tex:122594 mv:15233 misc:4493 imb:470 pmb:2211 smb:5479 d:s ref:0 ;
in:443 out:443 type:B dur:2 cpbdur:2 q:36.91 aq:36.09 tex:10709 mv:5889 misc:2818 imb:72 pmb:825 smb:7263 d:s ref:0 ;
in:442 out:444 type:b dur:2 cpbdur:2 q:37.32 aq:40.14 tex:831 mv:1200 misc:1049 imb:7 pmb:192 smb:7961 d:s ref:0 ;
in:444 out:445 type:b dur:2 cpbdur:2 q:37.32 aq:39.54 tex:2732 mv:2626 misc:1658 imb:27 pmb:422 smb:7711 d:- ref:0 ;
in:445 out:446 type:b dur:2 cpbdur:2 q:37.32 aq:39.30 tex:3677 mv:3379 misc:2016 imb:36 pmb:557 smb:7567 d:- ref:0 ;
in:452 out:447 type:P dur:2 cpbdur:2 q:36.82 aq:31.53 tex:253204 mv:35062 misc:3582 imb:1385 pmb:3064 smb:3711 d:s ref:0 ;
in:449 out:448 type:B dur:2 cpbdur:2 q:37.08 aq:36.63 tex:46249 mv:22754 misc:4685 imb:295 pmb:2287 smb:5578 d:s ref:0 ;
in:447 out:449 type:b dur:2 cpbdur:2 q:37.08 aq:38.64 tex:3619 mv:5562 misc:3315 imb:48 pmb:1110 smb:7002 d:s ref:0 ;
in:448 out:450 type:b dur:2 cpbdur:2 q:37.08 aq:39.32 tex:8702 mv:9941 misc:3965 imb:101 pmb:1472 smb:6587 d:s ref:0 ;
in:450 out:451 type:b dur:2 cpbdur:2 q:37.08 aq:39.57 tex:10208 mv:7604 misc:2772 imb:112 pmb:828 smb:7220 d:- ref:0 ;
in:451 out:452 type:b dur:2 cpbdur:2 q:37.08 aq:39.56 tex:5668 mv:4867 misc:2153 imb:53 pmb:599 smb:7508 d:- ref:0 ;
in:456 out:453 type:P dur:2 cpbdur:2 q:36.95 aq:31.95 tex:174500 mv:21824 misc:4364 imb:844 pmb:2541 smb:4775 d:s ref:0 ;
in:454 out:454 type:B dur:2 cpbdur:2 q:36.95 aq:37.77 tex:17119 mv:9043 misc:3102 imb:120 pmb:1056 smb:6984 d:s ref:0 ;
in:453 out:455 type:b dur:2 cpbdur:2 q:36.95 aq:39.33 tex:5437 mv:4453 misc:2198 imb:51 pmb:604 smb:7505 d:s ref:0 ;
in:455 out:456 type:b dur:2 cpbdur:2 q:36.95 aq:39.64 tex:7100 mv:4458 misc:2186 imb:57 pmb:600 smb:7503 d:- ref:0 ;
in:461 out:457 type:P dur:2 cpbdur:2 q:36.83 aq:31.99 tex:223371 mv:24936 misc:3685 imb:1142 pmb:2680 smb:4338 d:s ref:0 ;
in:458 out:458 type:B dur:2 cpbdur:2 q:36.95 aq:37.04 tex:28388 mv:10761 misc:3475 imb:147 pmb:1293 smb:6720 d:s ref:0 ;
in:457 out:459 type:b dur:2 cpbdur:2 q:36.95 aq:39.61 tex:3324 mv:3564 misc:2096 imb:27 pmb:532 smb:7601 d:s ref:0 ;
in:459 out:460 type:b dur:2 cpbdur:2 q:36.95 aq:39.55 tex:7285 mv:5036 misc:2375 imb:36 pmb:708 smb:7416 d:- ref:0 ;
in:460 out:461 type:b dur:2 cpbdur:2 q:36.95 aq:39.34 tex:7001 mv:4410 misc:2109 imb:95 pmb:528 smb:7537 d:- ref:0 ;
in:465 out:462 type:P dur:2 cpbdur:2 q:36.81 aq:32.08 tex:177874 mv:21450 misc:4076 imb:858 pmb:2705 smb:4597 d:s ref:0 ;
in:463 out:463 type:B dur:2 cpbdur:2 q:36.95 aq:37.80 tex:17984 mv:8330 misc:3014 imb:108 pmb:997 smb:7055 d:s ref:0 ;
in:462 out:464 type:b dur:2 cpbdur:2 q:36.97 aq:39.47 tex:6505 mv:4545 misc:2230 imb:54 pmb:567 smb:7539 d:s ref:0 ;
in:464 out:465 type:b dur:2 cpbdur:2 q:36.97 aq:40.02 tex:5447 mv:3877 misc:2236 imb:52 pmb:560 smb:7548 d:- ref:0 ;
in:469 out:466 type:P dur:2 cpbdur:2 q:36.82 aq:32.05 tex:199045 mv:23213 misc:3934 imb:950 pmb:2805 smb:4405 d:s ref:0 ;
in:467 out:467 type:B dur:2 cpbdur:2 q:36.88 aq:36.89 tex:16740 mv:8683 misc:3369 imb:95 pmb:1120 smb:6945 d:s ref:0 ;
in:466 out:468 type:b dur:2 cpbdur:2 q:36.94 aq:39.56 tex:5201 mv:3336 misc:2103 imb:33 pmb:550 smb:7577 d:s ref:0 ;
in:468 out:469 type:b dur:2 cpbdur:2 q:36.94 aq:39.87 tex:8336 mv:4864 misc:2256 imb:73 pmb:611 smb:7476 d:- ref:0 ;
in:475 out:470 type:P dur:2 cpbdur:2 q:37.18 aq:33.27 tex:161678 mv:22368 misc:4138 imb:924 pmb:2624 smb:4612 d:s ref:0 ;
in:472 out:471 type:B dur:2 cpbdur:2 q:37.45 aq:36.58 tex:32629 mv:12323 misc:3616 imb:197 pmb:1379 smb:6584 d:s ref:0 ;
in:470 out:472 type:b dur:2 cpbdur:2 q:37.45 aq:39.99 tex:5995 mv:3944 misc:1941 imb:51 pmb:482 smb:7627 d:s ref:0 ;
in:471 out:473 type:b dur:2 cpbdur:2 q:37.45 aq:40.24 tex:8095 mv:4783 misc:2162 imb:80 pmb:555 smb:7525 d:s ref:0 ;
in:473 out:474 type:b dur:2 cpbdur:2 q:37.45 aq:39.72 tex:6022 mv:4256 misc:2146 imb:54 pmb:561 smb:7545 d:- ref:0 ;
in:474 out:475 type:b dur:2 cpbdur:2 q:37.45 aq:40.24 tex:5871 mv:4313 misc:2008 imb:41 pmb:532 smb:7587 d:- ref:0 ;
in:479 out:476 type:P dur:2 cpbdur:2 q:37.82 aq:34.96 tex:193985 mv:24642 misc:3965 imb:2836 pmb:1955 smb:3369 d:s ref:0 ;
in:477 out:477 type:B dur:2 cpbdur:2 q:37.90 aq:38.72 tex:13967 mv:7467 misc:2934 imb:111 pmb:915 smb:7134 d:s ref:0 ;
in:476 out:478 type:b dur:2 cpbdur:2 q:37.95 aq:40.07 tex:2926 mv:2521 misc:1689 imb:57 pmb:335 smb:7768 d:s ref:0 ;
in:478 out:479 type:b dur:2 cpbdur:2 q:37.95 aq:40.39 tex:8537 mv:5140 misc:2235 imb:75 pmb:652 smb:7433 d:- ref:0 ;
in:481 out:480 type:P dur:2 cpbdur:2 q:37.65 aq:34.48 tex:138575 mv:22903 misc:4938 imb:1706 pmb:2509 smb:3945 d:s ref:0 ;
in:480 out:481 type:b dur:2 cpbdur:2 q:37.90 aq:40.55 tex:7921 mv:6529 misc:2854 imb:248 pmb:755 smb:7157 d:s ref:0 ;
in:483 out:482 type:P dur:2 cpbdur:2 q:37.58 aq:34.53 tex:159311 mv:23697 misc:4648 imb:1862 pmb:2572 smb:3726 d:s ref:0 ;
in:482 out:483 type:b dur:2 cpbdur:2 q:37.93 aq:40.44 tex:5364 mv:4543 misc:2037 imb:179 pmb:438 smb:7543 d:s ref:0 ;
in:487 out:484 type:P dur:2 cpbdur:2 q:37.62 aq:34.90 tex:163544 mv:24429 misc:4091 imb:2336 pmb:2212 smb:3612 d:s ref:0 ;
in:485 out:485 type:B dur:2 cpbdur:2 q:37.94 aq:39.12 tex:21212 mv:13321 misc:4003 imb:562 pmb:1296 smb:6302 d:s ref:0 ;
in:484 out:486 type:b dur:2 cpbdur:2 q:38.02 aq:40.65 tex:4695 mv:4479 misc:2554 imb:169 pmb:510 smb:7481 d:s ref:0 ;
in:486 out:487 type:b dur:2 cpbdur:2 q:38.02 aq:40.73 tex:5631 mv:5296 misc:2569 imb:235 pmb:556 smb:7369 d:- ref:0 ;
in:490 out:488 type:P dur:2 cpbdur:2 q:37.35 aq:34.87 tex:152891 mv:24231 misc:4334 imb:2195 pmb:2474 smb:3491 d:s ref:0 ;
in:488 out:489 type:B dur:2 cpbdur:2 q:37.87 aq:39.79 tex:7849 mv:6229 misc:3026 imb:241 pmb:648 smb:7271 d:s ref:0 ;
in:489 out:490 type:b dur:2 cpbdur:2 q:38.00 aq:40.76 tex:7098 mv:6403 misc:2843 imb:297 pmb:631 smb:7232 d:- ref:0 ;
in:492 out:491 type:P dur:2 cpbdur:2 q:37.31 aq:34.91 tex:139823 mv:22615 misc:4258 imb:1998 pmb:2174 smb:3988 d:s ref:0 ;
in:491 out:492 type:b dur:2 cpbdur:2 q:37.73 aq:40.11 tex:3603 mv:3556 misc:1985 imb:88 pmb:456 smb:7616 d:s ref:0 ;
in:495 out:493 type:P dur:2 cpbdur:2 q:35.03 aq:35.01 tex:85490 mv:17163 misc:5139 imb:1101 pmb:2073 smb:4986 d:s ref:0 ;
in:493 out:494 type:B dur:2 cpbdur:2 q:37.66 aq:38.15 tex:30734 mv:14358 misc:3404 imb:944 pmb:1276 smb:5940 d:s ref:0 ;
in:494 out:495 type:b dur:2 cpbdur:2 q:37.81 aq:38.02 tex:1284 mv:1076 misc:1232 imb:9 pmb:249 smb:7902 d:- ref:0 ;
in:496 out:496 type:P dur:2 cpbdur:2 q:35.49 aq:36.17 tex:177951 mv:27417 misc:4216 imb:2253 pmb:2209 smb:3698 d:s ref:0 ;
in:497 out:497 type:P dur:2 cpbdur:2 q:35.58 aq:35.99 tex:157831 mv:26592 misc:4313 imb:2403 pmb:2166 smb:3591 d:s ref:0 ;
in:498 out:498 type:P dur:2 cpbdur:2 q:35.62 aq:36.31 tex:181607 mv:30338 misc:3975 imb:2582 pmb:2348 smb:3230 d:s ref:0 ;
in:499 out:499 type:P dur:2 cpbdur:2 q:35.68 aq:36.31 tex:176142 mv:31891 misc:3903 imb:2591 pmb:2328 smb:3241 d:s ref:0 ;
in:500 out:500 type:P dur:2 cpbdur:2 q:35.81 aq:36.80 tex:176070 mv:34623 misc:4347 imb:2864 pmb:2199 smb:3097 d:s ref:0 ;
in:501 out:501 type:P dur:2 cpbdur:2 q:35.91 aq:37.05 tex:146142 mv:31160 misc:4450 imb:2633 pmb:2277 smb:3250 d:s ref:0 ;
in:502 out:502 type:P dur:2 cpbdur:2 q:35.95 aq:36.92 tex:193824 mv:37442 misc:3774 imb:3640 pmb:2014 smb:2506 d:s ref:0 ;
in:503 out:503 type:P dur:2 cpbdur:2 q:35.96 aq:37.12 tex:147440 mv:34877 misc:4547 imb:3388 pmb:2349 smb:2423 d:s ref:0 ;
in:504 out:504 type:P dur:2 cpbdur:2 q:36.06 aq:36.97 tex:178893 mv:36935 misc:3788 imb:3883 pmb:1967 smb:2310 d:s ref:0 ;
in:505 out:505 type:P dur:2 cpbdur:2 q:36.06 aq:37.23 tex:172745 mv:36140 misc:3299 imb:3728 pmb:1674 smb:2758 d:s ref:0 ;
in:506 out:506 type:P dur:2 cpbdur:2 q:36.56 aq:35.80 tex:191868 mv:29118 misc:510 imb:8145 pmb:15 smb:0 d:s ref:0 ;
in:507 out:507 type:I dur:2 cpbdur:2 q:32.71 aq:30.95 tex:760997 mv:41438 misc:341 imb:8160 pmb:0 smb:0 d:s ref:;
in:509 out:508 type:P dur:2 cpbdur:2 q:38.51 aq:34.46 tex:284476 mv:32938 misc:2818 imb:5748 pmb:1424 smb:988 d:s ref:0 w:6,87,-92,5,47,-59,47,-62 ;
in:508 out:509 type:b dur:2 cpbdur:2 q:38.81 aq:38.84 tex:15060 mv:12989 misc:2679 imb:677 pmb:599 smb:6884 d:s ref:0 ;
in:512 out:510 type:P dur:2 cpbdur:2 q:40.04 aq:33.30 tex:411700 mv:34987 misc:3601 imb:4927 pmb:2090 smb:1143 d:s ref:0 w:5,39,-50,6,83,-37,79,-31 ;
in:510 out:511 type:B dur:2 cpbdur:2 q:40.14 aq:40.59 tex:12118 mv:13738 misc:2976 imb:599 pmb:644 smb:6917 d:s ref:0 ;
in:511 out:512 type:b dur:2 cpbdur:2 q:40.14 aq:40.39 tex:9653 mv:12184 misc:2979 imb:578 pmb:702 smb:6880 d:- ref:0 ;
in:518 out:513 type:P dur:2 cpbdur:2 q:40.88 aq:31.96 tex:364398 mv:25043 misc:4047 imb:3232 pmb:2012 smb:2916 d:s ref:0 w:7,127,-3,6,64,0,65,-2 ;
in:515 out:514 type:B dur:2 cpbdur:2 q:41.33 aq:40.54 tex:13332 mv:8347 misc:2577 imb:214 pmb:809 smb:7137 d:s ref:0 ;
in:513 out:515 type:b dur:2 cpbdur:2 q:41.72 aq:42.50 tex:5172 mv:7647 misc:1981 imb:358 pmb:519 smb:7283 d:s ref:0 ;
in:514 out:516 type:b dur:2 cpbdur:2 q:41.72 aq:42.59 tex:3516 mv:6827 misc:1977 imb:141 pmb:606 smb:7413 d:s ref:0 ;
in:516 out:517 type:b dur:2 cpbdur:2 q:41.71 aq:43.15 tex:298 mv:1497 misc:725 imb:0 pmb:144 smb:8016 d:- ref:0 ;
in:517 out:518 type:b dur:2 cpbdur:2 q:41.71 aq:43.67 tex:178 mv:1383 misc:671 imb:4 pmb:122 smb:8034 d:- ref:0 ;
in:519 out:519 type:P dur:2 cpbdur:2 q:40.52 aq:31.00 tex:135963 mv:9609 misc:4644 imb:521 pmb:2169 smb:5470 d:s ref:0 ;
in:520 out:520 type:P dur:2 cpbdur:2 q:40.42 aq:30.81 tex:43923 mv:4228 misc:3745 imb:216 pmb:1000 smb:6944 d:s ref:0 ;
in:522 out:521 type:P dur:2 cpbdur:2 q:40.38 aq:31.15 tex:70069 mv:5488 misc:3803 imb:431 pmb:1234 smb:6495 d:s ref:0 ;
in:521 out:522 type:b dur:2 cpbdur:2 q:40.99 aq:36.07 tex:102 mv:563 misc:639 imb:3 pmb:113 smb:8044 d:s ref:0 ;
in:523 out:523 type:P dur:2 cpbdur:2 q:40.12 aq:30.32 tex:63480 mv:3264 misc:3576 imb:191 pmb:1085 smb:6884 d:s ref:0 ;
in:524 out:524 type:P dur:2 cpbdur:2 q:39.92 aq:30.85 tex:62484 mv:3330 misc:3274 imb:249 pmb:986 smb:6925 d:s ref:0 ;
in:525 out:525 type:P dur:2 cpbdur:2 q:40.10 aq:30.56 tex:46087 mv:3564 misc:2909 imb:338 pmb:799 smb:7023 d:s ref:0 ;
in:526 out:526 type:P dur:2 cpbdur:2 q:39.65 aq:29.98 tex:38343 mv:2327 misc:3018 imb:149 pmb:735 smb:7276 d:s ref:0 ;
in:528 out:527 type:P dur:2 cpbdur:2 q:39.83 aq:30.00 tex:23697 mv:2032 misc:2183 imb:104 pmb:500 smb:7556 d:s ref:0 ;
in:527 out:528 type:b dur:2 cpbdur:2 q:40.09 aq:36.09 tex:184 mv:457 misc:471 imb:1 pmb:57 smb:8102 d:t ref:0 ;
in:529 out:529 type:P dur:2 cpbdur:2 q:39.77 aq:29.33 tex:45278 mv:1953 misc:2505 imb:123 pmb:752 smb:7285 d:s ref:0 ;
in:530 out:530 type:P dur:2 cpbdur:2 q:39.34 aq:28.81 tex:23220 mv:1603 misc:2321 imb:100 pmb:503 smb:7557 d:s ref:0 ;
in:532 out:531 type:P dur:2 cpbdur:2 q:38.59 aq:29.00 tex:77677 mv:3996 misc:4055 imb:316 pmb:1219 smb:6625 d:s ref:0 ;
in:531 out:532 type:b dur:2 cpbdur:2 q:39.63 aq:36.07 tex:185 mv:475 misc:628 imb:3 pmb:105 smb:8052 d:t ref:0 ;
in:533 out:533 type:P dur:2 cpbdur:2 q:37.92 aq:28.03 tex:132056 mv:3740 misc:5404 imb:211 pmb:2223 smb:5726 d:s ref:0 ;
in:535 out:534 type:P dur:2 cpbdur:2 q:37.95 aq:28.54 tex:92902 mv:3847 misc:4275 imb:235 pmb:1408 smb:6517 d:s ref:0 ;
in:534 out:535 type:b dur:2 cpbdur:2 q:38.34 aq:36.02 tex:206 mv:512 misc:674 imb:1 pmb:130 smb:8029 d:t ref:0 ;
in:536 out:536 type:P dur:2 cpbdur:2 q:37.70 aq:27.88 tex:53904 mv:1696 misc:3616 imb:49 pmb:1037 smb:7074 d:s ref:0 ;
in:539 out:537 type:P dur:2 cpbdur:2 q:37.59 aq:28.18 tex:48011 mv:2190 misc:3399 imb:50 pmb:1019 smb:7091 d:s ref:0 ;
in:537 out:538 type:B dur:2 cpbdur:2 q:38.03 aq:35.31 tex:289 mv:576 misc:551 imb:3 pmb:78 smb:8079 d:t ref:0 ;
in:538 out:539 type:b dur:2 cpbdur:2 q:38.40 aq:36.09 tex:156 mv:531 misc:513 imb:2 pmb:70 smb:8088 d:- ref:0 ;
in:542 out:540 type:P dur:2 cpbdur:2 q:37.91 aq:27.68 tex:141276 mv:5706 misc:6866 imb:352 pmb:2576 smb:5232 d:s ref:0 ;
in:540 out:541 type:B dur:2 cpbdur:2 q:38.01 aq:35.00 tex:146 mv:608 misc:742 imb:4 pmb:141 smb:8015 d:s ref:0 ;
in:541 out:542 type:b dur:2 cpbdur:2 q:38.01 aq:36.06 tex:309 mv:452 misc:463 imb:1 pmb:58 smb:8101 d:- ref:0 ;
in:546 out:543 type:P dur:2 cpbdur:2 q:38.19 aq:27.93 tex:67207 mv:2825 misc:4248 imb:192 pmb:1207 smb:6761 d:s ref:0 ;
in:544 out:544 type:B dur:2 cpbdur:2 q:38.42 aq:34.09 tex:353 mv:679 misc:712 imb:3 pmb:129 smb:8028 d:s ref:0 ;
in:543 out:545 type:b dur:2 cpbdur:2 q:38.50 aq:37.22 tex:73 mv:594 misc:629 imb:6 pmb:113 smb:8041 d:s ref:0 ;
in:545 out:546 type:b dur:2 cpbdur:2 q:38.50 aq:36.06 tex:241 mv:482 misc:517 imb:2 pmb:70 smb:8088 d:- ref:0 ;
in:548 out:547 type:P dur:2 cpbdur:2 q:37.71 aq:27.21 tex:86484 mv:3715 misc:5161 imb:233 pmb:1511 smb:6416 d:s ref:0 ;
in:547 out:548 type:b dur:2 cpbdur:2 q:38.35 aq:36.04 tex:149 mv:533 misc:654 imb:3 pmb:120 smb:8037 d:s ref:0 ;
in:551 out:549 type:P dur:2 cpbdur:2 q:37.73 aq:27.32 tex:51571 mv:1856 misc:3445 imb:30 pmb:991 smb:7139 d:s ref:0 ;
in:549 out:550 type:B dur:2 cpbdur:2 q:38.21 aq:35.32 tex:479 mv:575 misc:546 imb:4 pmb:75 smb:8081 d:t ref:0 ;
in:550 out:551 type:b dur:2 cpbdur:2 q:38.41 aq:36.07 tex:35 mv:454 misc:487 imb:0 pmb:61 smb:8099 d:- ref:0 ;
in:553 out:552 type:P dur:2 cpbdur:2 q:37.84 aq:27.25 tex:47800 mv:2270 misc:2754 imb:163 pmb:655 smb:7342 d:s ref:0 ;
in:552 out:553 type:b dur:2 cpbdur:2 q:38.18 aq:36.08 tex:218 mv:536 misc:598 imb:3 pmb:98 smb:8059 d:s ref:0 ;
in:555 out:554 type:P dur:2 cpbdur:2 q:37.55 aq:27.03 tex:70969 mv:1780 misc:4211 imb:31 pmb:1374 smb:6755 d:s ref:0 ;
in:554 out:555 type:b dur:2 cpbdur:2 q:38.22 aq:36.06 tex:260 mv:513 misc:515 imb:4 pmb:69 smb:8087 d:t ref:0 ;
in:558 out:556 type:P dur:2 cpbdur:2 q:37.40 aq:27.12 tex:60058 mv:2515 misc:3011 imb:156 pmb:882 smb:7122 d:s ref:0 ;
in:556 out:557 type:B dur:2 cpbdur:2 q:37.85 aq:35.03 tex:221 mv:598 misc:645 imb:2 pmb:103 smb:8055 d:s ref:0 ;
in:557 out:558 type:b dur:2 cpbdur:2 q:38.19 aq:36.05 tex:55 mv:457 misc:504 imb:1 pmb:69 smb:8090 d:- ref:0 ;
in:562 out:559 type:P dur:2 cpbdur:2 q:37.26 aq:26.86 tex:54083 mv:1861 misc:2632 imb:129 pmb:674 smb:7357 d:s ref:0 ;
in:560 out:560 type:B dur:2 cpbdur:2 q:37.79 aq:33.96 tex:133 mv:658 misc:601 imb:4 pmb:90 smb:8066 d:s ref:0 ;
in:559 out:561 type:b dur:2 cpbdur:2 q:38.08 aq:36.05 tex:44 mv:443 misc:497 imb:1 pmb:62 smb:8097 d:t ref:0 ;
in:561 out:562 type:b dur:2 cpbdur:2 q:38.08 aq:36.05 tex:145 mv:485 misc:546 imb:1 pmb:79 smb:8080 d:- ref:0 ;
in:565 out:563 type:P dur:2 cpbdur:2 q:37.24 aq:27.15 tex:34109 mv:1202 misc:3009 imb:19 pmb:724 smb:7417 d:s ref:0 ;
in:563 out:564 type:B dur:2 cpbdur:2 q:37.64 aq:35.06 tex:281 mv:567 misc:480 imb:3 pmb:57 smb:8100 d:t ref:0 ;
in:564 out:565 type:b dur:2 cpbdur:2 q:38.00 aq:36.07 tex:158 mv:445 misc:477 imb:1 pmb:60 smb:8099 d:- ref:0 ;
in:567 out:566 type:P dur:2 cpbdur:2 q:37.16 aq:26.83 tex:62976 mv:1327 misc:3601 imb:16 pmb:1105 smb:7039 d:s ref:0 ;
in:566 out:567 type:b dur:2 cpbdur:2 q:37.50 aq:36.07 tex:333 mv:441 misc:458 imb:1 pmb:56 smb:8103 d:t ref:0 ;
in:570 out:568 type:P dur:2 cpbdur:2 q:37.04 aq:26.31 tex:54880 mv:1398 misc:3290 imb:15 pmb:982 smb:7163 d:s ref:0 ;
in:568 out:569 type:B dur:2 cpbdur:2 q:37.46 aq:34.06 tex:307 mv:526 misc:479 imb:2 pmb:58 smb:8100 d:t ref:0 ;
in:569 out:570 type:b dur:2 cpbdur:2 q:37.71 aq:36.06 tex:208 mv:448 misc:464 imb:2 pmb:55 smb:8103 d:- ref:0 ;
in:573 out:571 type:P dur:2 cpbdur:2 q:36.94 aq:25.99 tex:49880 mv:1091 misc:3285 imb:11 pmb:874 smb:7275 d:s ref:0 ;
in:571 out:572 type:B dur:2 cpbdur:2 q:37.33 aq:34.07 tex:375 mv:537 misc:496 imb:1 pmb:61 smb:8098 d:t ref:0 ;
in:572 out:573 type:b dur:2 cpbdur:2 q:37.69 aq:36.06 tex:136 mv:495 misc:481 imb:4 pmb:59 smb:8097 d:- ref:0 ;
in:575 out:574 type:P dur:2 cpbdur:2 q:36.87 aq:26.07 tex:69736 mv:1485 misc:3451 imb:17 pmb:1051 smb:7092 d:s ref:0 ;
in:574 out:575 type:b dur:2 cpbdur:2 q:37.28 aq:35.02 tex:186 mv:492 misc:530 imb:2 pmb:72 smb:8086 d:t ref:0 ;
in:577 out:576 type:P dur:2 cpbdur:2 q:36.76 aq:26.06 tex:48491 mv:1094 misc:3247 imb:10 pmb:864 smb:7286 d:s ref:0 ;
in:576 out:577 type:b dur:2 cpbdur:2 q:37.20 aq:35.03 tex:56 mv:466 misc:486 imb:2 pmb:62 smb:8096 d:t ref:0 ;
in:581 out:578 type:P dur:2 cpbdur:2 q:36.72 aq:26.41 tex:23122 mv:834 misc:2252 imb:6 pmb:480 smb:7674 d:s ref:0 ;
in:579 out:579 type:B dur:2 cpbdur:2 q:37.15 aq:33.04 tex:530 mv:598 misc:480 imb:2 pmb:57 smb:8101 d:t ref:0 ;
in:578 out:580 type:b dur:2 cpbdur:2 q:37.45 aq:35.04 tex:89 mv:440 misc:463 imb:1 pmb:56 smb:8103 d:t ref:0 ;
in:580 out:581 type:b dur:2 cpbdur:2 q:37.45 aq:35.09 tex:230 mv:428 misc:462 imb:0 pmb:59 smb:8101 d:- ref:0 ;
in:585 out:582 type:P dur:2 cpbdur:2 q:36.76 aq:26.00 tex:22393 mv:909 misc:2218 imb:6 pmb:490 smb:7664 d:s ref:0 ;
in:583 out:583 type:B dur:2 cpbdur:2 q:37.16 aq:33.04 tex:237 mv:560 misc:491 imb:3 pmb:54 smb:8103 d:t ref:0 ;
in:582 out:584 type:b dur:2 cpbdur:2 q:37.16 aq:35.05 tex:94 mv:443 misc:455 imb:1 pmb:55 smb:8104 d:t ref:0 ;
in:584 out:585 type:b dur:2 cpbdur:2 q:37.16 aq:35.07 tex:180 mv:434 misc:466 imb:1 pmb:56 smb:8103 d:- ref:0 ;
in:586 out:586 type:P dur:2 cpbdur:2 q:36.76 aq:25.59 tex:55079 mv:1097 misc:3112 imb:20 pmb:1049 smb:7091 d:s ref:0 ;
in:588 out:587 type:P dur:2 cpbdur:2 q:36.67 aq:25.51 tex:28246 mv:873 misc:2657 imb:13 pmb:630 smb:7517 d:s ref:0 ;
in:587 out:588 type:b dur:2 cpbdur:2 q:37.09 aq:35.02 tex:177 mv:459 misc:452 imb:2 pmb:55 smb:8103 d:t ref:0 ;
in:589 out:589 type:P dur:2 cpbdur:2 q:36.45 aq:25.53 tex:79952 mv:991 misc:4009 imb:11 pmb:1235 smb:6914 d:s ref:0 ;
in:592 out:590 type:P dur:2 cpbdur:2 q:36.25 aq:25.89 tex:40290 mv:1171 misc:2803 imb:13 pmb:764 smb:7383 d:s ref:0 ;
in:590 out:591 type:B dur:2 cpbdur:2 q:36.89 aq:34.04 tex:462 mv:565 misc:533 imb:3 pmb:68 smb:8089 d:t ref:0 ;
in:591 out:592 type:b dur:2 cpbdur:2 q:37.16 aq:35.06 tex:55 mv:493 misc:516 imb:2 pmb:70 smb:8088 d:- ref:0 ;
in:593 out:593 type:P dur:2 cpbdur:2 q:36.36 aq:27.29 tex:48370 mv:3948 misc:3426 imb:441 pmb:851 smb:6868 d:s ref:0 ;
in:595 out:594 type:P dur:2 cpbdur:2 q:36.07 aq:26.66 tex:38772 mv:1451 misc:3337 imb:22 pmb:789 smb:7349 d:s ref:0 ;
in:594 out:595 type:b dur:2 cpbdur:2 q:36.46 aq:35.06 tex:350 mv:480 misc:522 imb:0 pmb:72 smb:8088 d:t ref:0 ;
in:598 out:596 type:P dur:2 cpbdur:2 q:36.31 aq:26.17 tex:123073 mv:4252 misc:2467 imb:409 pmb:633 smb:7118 d:s ref:0 ;
in:596 out:597 type:B dur:2 cpbdur:2 q:36.38 aq:34.04 tex:275 mv:860 misc:849 imb:13 pmb:183 smb:7964 d:s ref:0 ;
in:597 out:598 type:b dur:2 cpbdur:2 q:36.38 aq:35.07 tex:138 mv:562 misc:852 imb:3 pmb:196 smb:7961 d:- ref:0 ;
in:599 out:599 type:P dur:2 cpbdur:2 q:36.48 aq:26.53 tex:38124 mv:1105 misc:2595 imb:13 pmb:719 smb:7428 d:s ref:0 ;
in:601 out:600 type:P dur:2 cpbdur:2 q:36.45 aq:25.77 tex:30379 mv:800 misc:2453 imb:4 pmb:601 smb:7555 d:s ref:0 ;
in:600 out:601 type:b dur:2 cpbdur:2 q:36.79 aq:35.01 tex:135 mv:442 misc:463 imb:2 pmb:56 smb:8102 d:t ref:0 ;
in:603 out:602 type:P dur:2 cpbdur:2 q:36.03 aq:25.24 tex:51975 mv:999 misc:3778 imb:8 pmb:1076 smb:7076 d:s ref:0 ;
in:602 out:603 type:b dur:2 cpbdur:2 q:36.75 aq:35.07 tex:237 mv:438 misc:453 imb:1 pmb:56 smb:8103 d:t ref:0 ;
in:604 out:604 type:P dur:2 cpbdur:2 q:36.08 aq:25.20 tex:36944 mv:700 misc:2924 imb:7 pmb:715 smb:7438 d:s ref:0 ;
in:607 out:605 type:P dur:2 cpbdur:2 q:36.15 aq:24.68 tex:21601 mv:723 misc:1852 imb:1 pmb:375 smb:7784 d:s ref:0 ;
in:605 out:606 type:B dur:2 cpbdur:2 q:36.55 aq:33.58 tex:1309 mv:826 misc:529 imb:5 pmb:93 smb:8062 d:t ref:0 ;
in:606 out:607 type:b dur:2 cpbdur:2 q:36.73 aq:35.03 tex:65 mv:479 misc:520 imb:2 pmb:71 smb:8087 d:- ref:0 ;
in:610 out:608 type:P dur:2 cpbdur:2 q:36.14 aq:25.30 tex:19776 mv:793 misc:1543 imb:5 pmb:328 smb:7827 d:s ref:0 ;
in:608 out:609 type:B dur:2 cpbdur:2 q:36.56 aq:33.06 tex:424 mv:548 misc:468 imb:1 pmb:56 smb:8103 d:t ref:0 ;
in:609 out:610 type:b dur:2 cpbdur:2 q:36.74 aq:34.07 tex:233 mv:449 misc:454 imb:2 pmb:55 smb:8103 d:- ref:0 ;
in:612 out:611 type:P dur:2 cpbdur:2 q:36.13 aq:25.51 tex:33820 mv:1016 misc:2244 imb:9 pmb:573 smb:7578 d:s ref:0 ;
in:611 out:612 type:b dur:2 cpbdur:2 q:36.56 aq:34.07 tex:165 mv:460 misc:519 imb:1 pmb:73 smb:8086 d:t ref:0 ;
in:613 out:613 type:P dur:2 cpbdur:2 q:35.94 aq:25.11 tex:72592 mv:947 misc:3797 imb:9 pmb:1216 smb:6935 d:s ref:0 ;
in:617 out:614 type:P dur:2 cpbdur:2 q:35.57 aq:25.66 tex:44065 mv:1082 misc:2813 imb:12 pmb:770 smb:7378 d:t ref:0 ;
in:615 out:615 type:B dur:2 cpbdur:2 q:36.31 aq:32.43 tex:672 mv:658 misc:550 imb:3 pmb:77 smb:8080 d:t ref:0 ;
in:614 out:616 type:b dur:2 cpbdur:2 q:36.63 aq:34.09 tex:230 mv:431 misc:467 imb:1 pmb:58 smb:8101 d:t ref:0 ;
in:616 out:617 type:b dur:2 cpbdur:2 q:36.63 aq:34.08 tex:504 mv:482 misc:518 imb:2 pmb:71 smb:8087 d:- ref:0 ;
in:619 out:618 type:P dur:2 cpbdur:2 q:35.68 aq:24.77 tex:44775 mv:785 misc:2328 imb:1 pmb:642 smb:7517 d:s ref:0 ;
in:618 out:619 type:b dur:2 cpbdur:2 q:36.05 aq:34.06 tex:233 mv:461 misc:466 imb:4 pmb:55 smb:8101 d:t ref:0 ;
in:621 out:620 type:P dur:2 cpbdur:2 q:35.77 aq:24.45 tex:54801 mv:968 misc:2199 imb:8 pmb:724 smb:7428 d:s ref:0 ;
in:620 out:621 type:b dur:2 cpbdur:2 q:36.10 aq:34.07 tex:354 mv:490 misc:524 imb:2 pmb:70 smb:8088 d:t ref:0 ;
in:624 out:622 type:P dur:2 cpbdur:2 q:35.72 aq:24.21 tex:48946 mv:943 misc:2311 imb:3 pmb:726 smb:7431 d:s ref:0 ;
in:622 out:623 type:B dur:2 cpbdur:2 q:36.13 aq:33.04 tex:294 mv:539 misc:479 imb:2 pmb:57 smb:8101 d:t ref:0 ;
in:623 out:624 type:b dur:2 cpbdur:2 q:36.36 aq:34.07 tex:183 mv:490 misc:479 imb:2 pmb:58 smb:8100 d:- ref:0 ;
in:627 out:625 type:P dur:2 cpbdur:2 q:35.90 aq:23.97 tex:60043 mv:1161 misc:2604 imb:10 pmb:784 smb:7366 d:s ref:0 ;
in:625 out:626 type:B dur:2 cpbdur:2 q:36.24 aq:33.33 tex:844 mv:569 misc:539 imb:1 pmb:76 smb:8083 d:t ref:0 ;
in:626 out:627 type:b dur:2 cpbdur:2 q:36.51 aq:34.08 tex:194 mv:523 misc:539 imb:1 pmb:76 smb:8083 d:- ref:0 ;
in:630 out:628 type:P dur:2 cpbdur:2 q:35.93 aq:23.91 tex:53084 mv:952 misc:2764 imb:5 pmb:749 smb:7406 d:s ref:0 ;
in:628 out:629 type:B dur:2 cpbdur:2 q:36.32 aq:33.03 tex:566 mv:535 misc:483 imb:2 pmb:57 smb:8101 d:t ref:0 ;
in:629 out:630 type:b dur:2 cpbdur:2 q:36.61 aq:34.08 tex:353 mv:468 misc:467 imb:1 pmb:58 smb:8101 d:- ref:0 ;
in:632 out:631 type:P dur:2 cpbdur:2 q:35.77 aq:24.18 tex:94506 mv:1169 misc:3581 imb:4 pmb:1232 smb:6924 d:s ref:0 ;
in:631 out:632 type:b dur:2 cpbdur:2 q:36.28 aq:34.01 tex:177 mv:450 misc:461 imb:2 pmb:55 smb:8103 d:t ref:0 ;
in:635 out:633 type:P dur:2 cpbdur:2 q:35.99 aq:26.84 tex:73558 mv:3819 misc:3143 imb:601 pmb:1017 smb:6542 d:t ref:0 ;
in:633 out:634 type:B dur:2 cpbdur:2 q:36.46 aq:34.08 tex:210 mv:147 misc:827 imb:1 pmb:143 smb:8016 d:s ref:0 ;
in:634 out:635 type:b dur:2 cpbdur:2 q:36.79 aq:36.88 tex:1171 mv:838 misc:823 imb:9 pmb:180 smb:7971 d:- ref:0 ;
in:637 out:636 type:P dur:2 cpbdur:2 q:35.46 aq:25.62 tex:108812 mv:4399 misc:3517 imb:656 pmb:1126 smb:6378 d:t ref:0 ;
in:636 out:637 type:b dur:2 cpbdur:2 q:36.36 aq:35.69 tex:1126 mv:1724 misc:742 imb:77 pmb:128 smb:7955 d:t ref:0 ;
in:640 out:638 type:P dur:2 cpbdur:2 q:35.56 aq:25.83 tex:88492 mv:4394 misc:2746 imb:659 pmb:764 smb:6737 d:t ref:0 ;
in:638 out:639 type:B dur:2 cpbdur:2 q:36.05 aq:38.19 tex:1371 mv:1560 misc:781 imb:67 pmb:182 smb:7911 d:t ref:0 ;
in:639 out:640 type:b dur:2 cpbdur:2 q:36.47 aq:40.07 tex:748 mv:914 misc:626 imb:1 pmb:128 smb:8031 d:- ref:0 ;
in:642 out:641 type:P dur:2 cpbdur:2 q:35.43 aq:25.27 tex:84767 mv:3672 misc:3537 imb:423 pmb:953 smb:6784 d:t ref:0 ;
in:641 out:642 type:b dur:2 cpbdur:2 q:36.00 aq:33.06 tex:53 mv:185 misc:562 imb:0 pmb:66 smb:8094 d:t ref:0 ;
in:644 out:643 type:P dur:2 cpbdur:2 q:35.42 aq:25.04 tex:71161 mv:2248 misc:2983 imb:164 pmb:987 smb:7009 d:t ref:0 ;
in:643 out:644 type:b dur:2 cpbdur:2 q:35.90 aq:33.09 tex:251 mv:30 misc:431 imb:0 pmb:4 smb:8156 d:t ref:0 ;
in:650 out:645 type:P dur:2 cpbdur:2 q:35.27 aq:24.95 tex:55481 mv:1742 misc:2417 imb:36 pmb:829 smb:7295 d:t ref:0 ;
in:647 out:646 type:B dur:2 cpbdur:2 q:35.86 aq:30.33 tex:2583 mv:456 misc:537 imb:9 pmb:45 smb:8106 d:t ref:0 ;
in:645 out:647 type:b dur:2 cpbdur:2 q:36.26 aq:33.28 tex:264 mv:173 misc:523 imb:0 pmb:46 smb:8114 d:t ref:0 ;
in:646 out:648 type:b dur:2 cpbdur:2 q:36.26 aq:33.09 tex:189 mv:135 misc:508 imb:0 pmb:40 smb:8120 d:t ref:0 ;
in:648 out:649 type:b dur:2 cpbdur:2 q:36.26 aq:33.08 tex:313 mv:553 misc:518 imb:2 pmb:69 smb:8089 d:- ref:0 ;
in:649 out:650 type:b dur:2 cpbdur:2 q:36.26 aq:33.07 tex:312 mv:527 misc:513 imb:2 pmb:71 smb:8087 d:- ref:0 ;
in:652 out:651 type:P dur:2 cpbdur:2 q:35.28 aq:24.29 tex:107242 mv:1503 misc:3071 imb:15 pmb:1270 smb:6875 d:t ref:0 ;
in:651 out:652 type:b dur:2 cpbdur:2 q:35.92 aq:33.08 tex:190 mv:85 misc:429 imb:0 pmb:6 smb:8154 d:t ref:0 ;
in:655 out:653 type:P dur:2 cpbdur:2 q:35.20 aq:23.67 tex:101884 mv:1480 misc:2988 imb:13 pmb:1161 smb:6986 d:t ref:0 ;
in:653 out:654 type:B dur:2 cpbdur:2 q:35.76 aq:32.08 tex:318 mv:127 misc:507 imb:1 pmb:41 smb:8118 d:t ref:0 ;
in:654 out:655 type:b dur:2 cpbdur:2 q:36.20 aq:33.02 tex:161 mv:458 misc:453 imb:2 pmb:55 smb:8103 d:- ref:0 ;
in:658 out:656 type:P dur:2 cpbdur:2 q:34.99 aq:23.62 tex:102461 mv:1134 misc:3477 imb:9 pmb:1445 smb:6706 d:t ref:0 ;
in:656 out:657 type:B dur:2 cpbdur:2 q:35.66 aq:32.09 tex:107 mv:34 misc:435 imb:0 pmb:4 smb:8156 d:t ref:0 ;
in:657 out:658 type:b dur:2 cpbdur:2 q:36.12 aq:33.08 tex:218 mv:444 misc:458 imb:2 pmb:55 smb:8103 d:- ref:0 ;
in:659 out:659 type:P dur:2 cpbdur:2 q:34.83 aq:24.15 tex:106262 mv:864 misc:4114 imb:4 pmb:1370 smb:6786 d:t ref:0 ;
in:663 out:660 type:P dur:2 cpbdur:2 q:34.70 aq:23.50 tex:88977 mv:1005 misc:3594 imb:3 pmb:1194 smb:6963 d:t ref:0 ;
in:661 out:661 type:B dur:2 cpbdur:2 q:35.20 aq:31.05 tex:334 mv:137 misc:481 imb:1 pmb:14 smb:8145 d:t ref:0 ;
in:660 out:662 type:b dur:2 cpbdur:2 q:35.66 aq:33.08 tex:175 mv:59 misc:430 imb:0 pmb:7 smb:8153 d:t ref:0 ;
in:662 out:663 type:b dur:2 cpbdur:2 q:35.66 aq:33.09 tex:221 mv:459 misc:472 imb:1 pmb:58 smb:8101 d:- ref:0 ;
in:667 out:664 type:P dur:2 cpbdur:2 q:34.52 aq:23.56 tex:65672 mv:879 misc:3201 imb:1 pmb:1012 smb:7147 d:t ref:0 ;
in:665 out:665 type:B dur:2 cpbdur:2 q:35.09 aq:31.46 tex:2007 mv:414 misc:499 imb:8 pmb:38 smb:8114 d:t ref:0 ;
in:664 out:666 type:b dur:2 cpbdur:2 q:35.52 aq:33.08 tex:237 mv:99 misc:480 imb:0 pmb:35 smb:8125 d:t ref:0 ;
in:666 out:667 type:b dur:2 cpbdur:2 q:35.52 aq:33.07 tex:497 mv:515 misc:524 imb:1 pmb:72 smb:8087 d:- ref:0 ;
in:672 out:668 type:P dur:2 cpbdur:2 q:34.27 aq:24.32 tex:64824 mv:1431 misc:3105 imb:11 pmb:896 smb:7253 d:t ref:0 ;
in:669 out:669 type:B dur:2 cpbdur:2 q:34.90 aq:30.49 tex:1014 mv:157 misc:493 imb:3 pmb:36 smb:8121 d:t ref:0 ;
in:668 out:670 type:b dur:2 cpbdur:2 q:35.30 aq:33.09 tex:103 mv:48 misc:433 imb:1 pmb:5 smb:8154 d:t ref:0 ;
in:670 out:671 type:b dur:2 cpbdur:2 q:35.30 aq:33.06 tex:504 mv:565 misc:531 imb:3 pmb:70 smb:8087 d:- ref:0 ;
in:671 out:672 type:b dur:2 cpbdur:2 q:35.30 aq:33.57 tex:495 mv:593 misc:520 imb:1 pmb:74 smb:8085 d:- ref:0 ;
in:674 out:673 type:P dur:2 cpbdur:2 q:34.16 aq:23.77 tex:109124 mv:1234 misc:3978 imb:9 pmb:1352 smb:6799 d:t ref:0 ;
in:673 out:674 type:b dur:2 cpbdur:2 q:34.72 aq:33.08 tex:229 mv:115 misc:472 imb:0 pmb:37 smb:8123 d:t ref:0 ;
in:675 out:675 type:P dur:2 cpbdur:2 q:34.23 aq:23.43 tex:152955 mv:797 misc:3672 imb:2 pmb:1639 smb:6519 d:t ref:0 ;
in:679 out:676 type:P dur:2 cpbdur:2 q:34.16 aq:23.34 tex:55793 mv:845 misc:2666 imb:3 pmb:750 smb:7407 d:t ref:0 ;
in:677 out:677 type:B dur:2 cpbdur:2 q:34.77 aq:30.47 tex:1245 mv:195 misc:488 imb:3 pmb:18 smb:8139 d:t ref:0 ;
in:676 out:678 type:b dur:2 cpbdur:2 q:35.19 aq:32.09 tex:239 mv:105 misc:464 imb:0 pmb:18 smb:8142 d:t ref:0 ;
in:678 out:679 type:b dur:2 cpbdur:2 q:35.19 aq:32.09 tex:309 mv:478 misc:469 imb:1 pmb:58 smb:8101 d:- ref:0 ;
in:683 out:680 type:P dur:2 cpbdur:2 q:34.03 aq:23.88 tex:53881 mv:848 misc:2599 imb:1 pmb:706 smb:7453 d:t ref:0 ;
in:681 out:681 type:B dur:2 cpbdur:2 q:34.58 aq:30.03 tex:503 mv:98 misc:463 imb:3 pmb:7 smb:8150 d:t ref:0 ;
in:680 out:682 type:b dur:2 cpbdur:2 q:35.02 aq:32.10 tex:246 mv:51 misc:439 imb:0 pmb:7 smb:8153 d:t ref:0 ;
in:682 out:683 type:b dur:2 cpbdur:2 q:35.01 aq:32.08 tex:60 mv:437 misc:455 imb:2 pmb:55 smb:8103 d:- ref:0 ;
in:684 out:684 type:P dur:2 cpbdur:2 q:33.97 aq:23.44 tex:92969 mv:893 misc:3298 imb:4 pmb:1206 smb:6950 d:t ref:0 ;
in:686 out:685 type:P dur:2 cpbdur:2 q:33.81 aq:23.41 tex:63426 mv:933 misc:3369 imb:6 pmb:947 smb:7207 d:t ref:0 ;
in:685 out:686 type:b dur:2 cpbdur:2 q:34.35 aq:32.08 tex:141 mv:60 misc:447 imb:0 pmb:8 smb:8152 d:t ref:0 ;
in:688 out:687 type:P dur:2 cpbdur:2 q:34.00 aq:22.82 tex:60412 mv:762 misc:3066 imb:3 pmb:913 smb:7244 d:t ref:0 ;
in:687 out:688 type:b dur:2 cpbdur:2 q:34.12 aq:32.09 tex:184 mv:50 misc:430 imb:1 pmb:4 smb:8155 d:t ref:0 ;
in:689 out:689 type:P dur:2 cpbdur:2 q:34.19 aq:23.37 tex:33994 mv:867 misc:1619 imb:9 pmb:416 smb:7735 d:t ref:0 ;
in:691 out:690 type:P dur:2 cpbdur:2 q:34.01 aq:23.94 tex:29832 mv:959 misc:1825 imb:9 pmb:424 smb:7727 d:t ref:0 ;
in:690 out:691 type:b dur:2 cpbdur:2 q:34.37 aq:32.08 tex:311 mv:131 misc:494 imb:0 pmb:43 smb:8117 d:t ref:0 ;
in:694 out:692 type:P dur:2 cpbdur:2 q:34.01 aq:23.97 tex:19472 mv:805 misc:1379 imb:1 pmb:281 smb:7878 d:t ref:0 ;
in:692 out:693 type:B dur:2 cpbdur:2 q:34.44 aq:31.09 tex:202 mv:59 misc:451 imb:1 pmb:5 smb:8154 d:t ref:0 ;
in:693 out:694 type:b dur:2 cpbdur:2 q:34.70 aq:32.07 tex:270 mv:437 misc:469 imb:1 pmb:58 smb:8101 d:- ref:0 ;
in:696 out:695 type:P dur:2 cpbdur:2 q:33.75 aq:23.30 tex:46670 mv:778 misc:2696 imb:4 pmb:696 smb:7460 d:t ref:0 ;
in:695 out:696 type:b dur:2 cpbdur:2 q:34.35 aq:32.04 tex:212 mv:74 misc:442 imb:1 pmb:7 smb:8152 d:t ref:0 ;
in:699 out:697 type:P dur:2 cpbdur:2 q:33.60 aq:23.85 tex:59251 mv:1114 misc:2595 imb:8 pmb:727 smb:7425 d:t ref:0 ;
in:697 out:698 type:B dur:2 cpbdur:2 q:34.19 aq:31.06 tex:291 mv:176 misc:517 imb:1 pmb:45 smb:8114 d:t ref:0 ;
in:698 out:699 type:b dur:2 cpbdur:2 q:34.38 aq:32.07 tex:502 mv:462 misc:460 imb:2 pmb:55 smb:8103 d:- ref:0 ;
in:701 out:700 type:P dur:2 cpbdur:2 q:33.61 aq:23.44 tex:75852 mv:1011 misc:2817 imb:7 pmb:964 smb:7189 d:t ref:0 ;
in:700 out:701 type:b dur:2 cpbdur:2 q:34.03 aq:32.08 tex:205 mv:111 misc:476 imb:1 pmb:37 smb:8122 d:t ref:0 ;
in:703 out:702 type:P dur:2 cpbdur:2 q:33.69 aq:23.83 tex:35564 mv:683 misc:2209 imb:1 pmb:571 smb:7588 d:t ref:0 ;
in:702 out:703 type:b dur:2 cpbdur:2 q:34.03 aq:32.08 tex:265 mv:50 misc:421 imb:0 pmb:4 smb:8156 d:t ref:0 ;
in:705 out:704 type:P dur:2 cpbdur:2 q:33.72 aq:22.33 tex:34970 mv:760 misc:1934 imb:3 pmb:530 smb:7627 d:t ref:0 ;
in:704 out:705 type:b dur:2 cpbdur:2 q:34.10 aq:32.08 tex:128 mv:50 misc:430 imb:0 pmb:5 smb:8155 d:t ref:0 ;
in:707 out:706 type:P dur:2 cpbdur:2 q:33.54 aq:22.54 tex:61457 mv:1142 misc:2601 imb:22 pmb:772 smb:7366 d:t ref:0 ;
in:706 out:707 type:b dur:2 cpbdur:2 q:34.04 aq:32.08 tex:347 mv:124 misc:497 imb:0 pmb:47 smb:8113 d:t ref:0 ;
in:708 out:708 type:P dur:2 cpbdur:2 q:33.37 aq:23.33 tex:55110 mv:676 misc:2878 imb:2 pmb:709 smb:7449 d:t ref:0 ;
in:711 out:709 type:P dur:2 cpbdur:2 q:33.43 aq:23.34 tex:48941 mv:1086 misc:2077 imb:33 pmb:508 smb:7619 d:t ref:0 ;
in:709 out:710 type:B dur:2 cpbdur:2 q:33.74 aq:31.03 tex:712 mv:159 misc:529 imb:4 pmb:43 smb:8113 d:t ref:0 ;
in:710 out:711 type:b dur:2 cpbdur:2 q:33.98 aq:32.08 tex:284 mv:473 misc:459 imb:1 pmb:56 smb:8103 d:- ref:0 ;
in:713 out:712 type:P dur:2 cpbdur:2 q:33.39 aq:23.41 tex:72466 mv:1541 misc:2497 imb:66 pmb:662 smb:7432 d:t ref:0 ;
in:712 out:713 type:b dur:2 cpbdur:2 q:33.70 aq:32.08 tex:203 mv:149 misc:512 imb:0 pmb:59 smb:8101 d:t ref:0 ;
in:717 out:714 type:P dur:2 cpbdur:2 q:33.47 aq:23.77 tex:86605 mv:2085 misc:1886 imb:142 pmb:498 smb:7520 d:t ref:0 ;
in:715 out:715 type:B dur:2 cpbdur:2 q:33.78 aq:30.33 tex:433 mv:278 misc:649 imb:2 pmb:176 smb:7982 d:s ref:0 ;
in:714 out:716 type:b dur:2 cpbdur:2 q:33.96 aq:32.08 tex:131 mv:135 misc:582 imb:0 pmb:139 smb:8021 d:s ref:0 ;
in:716 out:717 type:b dur:2 cpbdur:2 q:33.96 aq:32.05 tex:51 mv:467 misc:522 imb:2 pmb:69 smb:8089 d:- ref:0 ;
in:719 out:718 type:P dur:2 cpbdur:2 q:33.92 aq:23.26 tex:32065 mv:785 misc:1846 imb:3 pmb:461 smb:7696 d:t ref:0 ;
in:718 out:719 type:b dur:2 cpbdur:2 q:34.48 aq:32.05 tex:320 mv:82 misc:446 imb:1 pmb:7 smb:8152 d:t ref:0 ;
in:721 out:720 type:P dur:2 cpbdur:2 q:33.75 aq:23.35 tex:71359 mv:724 misc:2773 imb:3 pmb:913 smb:7244 d:t ref:0 ;
in:720 out:721 type:b dur:2 cpbdur:2 q:34.41 aq:31.08 tex:257 mv:39 misc:432 imb:0 pmb:5 smb:8155 d:t ref:0 ;
in:723 out:722 type:P dur:2 cpbdur:2 q:33.81 aq:21.80 tex:49069 mv:745 misc:2386 imb:5 pmb:627 smb:7528 d:t ref:0 ;
in:722 out:723 type:b dur:2 cpbdur:2 q:34.21 aq:31.08 tex:488 mv:85 misc:451 imb:0 pmb:10 smb:8150 d:t ref:0 ;
in:728 out:724 type:P dur:2 cpbdur:2 q:32.98 aq:23.14 tex:182408 mv:3691 misc:3013 imb:275 pmb:1025 smb:6860 d:t ref:0 ;
in:725 out:725 type:B dur:2 cpbdur:2 q:34.13 aq:31.54 tex:1890 mv:895 misc:831 imb:3 pmb:451 smb:7706 d:s ref:0 ;
in:724 out:726 type:b dur:2 cpbdur:2 q:34.44 aq:31.09 tex:248 mv:170 misc:622 imb:0 pmb:157 smb:8003 d:s ref:0 ;
in:726 out:727 type:b dur:2 cpbdur:2 q:34.44 aq:31.08 tex:517 mv:607 misc:724 imb:1 pmb:133 smb:8026 d:- ref:0 ;
in:727 out:728 type:b dur:2 cpbdur:2 q:34.44 aq:34.53 tex:607 mv:619 misc:726 imb:2 pmb:141 smb:8017 d:- ref:0 ;
in:730 out:729 type:P dur:2 cpbdur:2 q:32.98 aq:22.14 tex:89775 mv:1116 misc:3613 imb:14 pmb:1110 smb:7036 d:t ref:0 ;
in:729 out:730 type:b dur:2 cpbdur:2 q:33.66 aq:31.06 tex:218 mv:85 misc:473 imb:1 pmb:20 smb:8139 d:t ref:0 ;
in:732 out:731 type:P dur:2 cpbdur:2 q:32.90 aq:22.44 tex:56748 mv:948 misc:2872 imb:27 pmb:714 smb:7419 d:t ref:0 ;
in:731 out:732 type:b dur:2 cpbdur:2 q:33.43 aq:34.74 tex:500 mv:180 misc:504 imb:1 pmb:40 smb:8119 d:t ref:0 ;
in:735 out:733 type:P dur:2 cpbdur:2 q:32.77 aq:21.97 tex:72886 mv:1463 misc:2779 imb:38 pmb:749 smb:7373 d:t ref:0 ;
in:733 out:734 type:B dur:2 cpbdur:2 q:33.36 aq:30.06 tex:381 mv:218 misc:521 imb:2 pmb:47 smb:8111 d:t ref:0 ;
in:734 out:735 type:b dur:2 cpbdur:2 q:33.67 aq:35.42 tex:400 mv:527 misc:529 imb:2 pmb:81 smb:8077 d:- ref:0 ;
in:739 out:736 type:P dur:2 cpbdur:2 q:32.71 aq:22.81 tex:133928 mv:3540 misc:2356 imb:225 pmb:668 smb:7267 d:t ref:0 ;
in:737 out:737 type:B dur:2 cpbdur:2 q:33.16 aq:33.31 tex:970 mv:349 misc:777 imb:1 pmb:292 smb:7867 d:s ref:0 ;
in:736 out:738 type:b dur:2 cpbdur:2 q:33.53 aq:34.77 tex:302 mv:238 misc:724 imb:0 pmb:289 smb:7871 d:s ref:0 ;
in:738 out:739 type:b dur:2 cpbdur:2 q:33.53 aq:36.26 tex:586 mv:526 misc:504 imb:3 pmb:67 smb:8090 d:- ref:0 ;
in:743 out:740 type:P dur:2 cpbdur:2 q:32.96 aq:22.89 tex:133852 mv:2359 misc:2741 imb:179 pmb:922 smb:7059 d:t ref:0 ;
in:741 out:741 type:B dur:2 cpbdur:2 q:33.29 aq:29.85 tex:525 mv:382 misc:685 imb:1 pmb:228 smb:7931 d:s ref:0 ;
in:740 out:742 type:b dur:2 cpbdur:2 q:33.44 aq:31.84 tex:80 mv:143 misc:585 imb:0 pmb:174 smb:7986 d:s ref:0 ;
in:742 out:743 type:b dur:2 cpbdur:2 q:33.44 aq:34.69 tex:140 mv:517 misc:599 imb:2 pmb:101 smb:8057 d:- ref:0 ;
in:747 out:744 type:P dur:2 cpbdur:2 q:33.06 aq:22.59 tex:93554 mv:2143 misc:2135 imb:99 pmb:646 smb:7415 d:t ref:0 ;
in:745 out:745 type:B dur:2 cpbdur:2 q:33.42 aq:32.27 tex:1329 mv:309 misc:586 imb:1 pmb:137 smb:8022 d:s ref:0 ;
in:744 out:746 type:b dur:2 cpbdur:2 q:33.69 aq:31.08 tex:301 mv:86 misc:461 imb:0 pmb:13 smb:8147 d:t ref:0 ;
in:746 out:747 type:b dur:2 cpbdur:2 q:33.69 aq:32.30 tex:487 mv:534 misc:579 imb:0 pmb:99 smb:8061 d:- ref:0 ;
in:749 out:748 type:P dur:2 cpbdur:2 q:32.54 aq:22.31 tex:114084 mv:1199 misc:3581 imb:9 pmb:1283 smb:6868 d:t ref:0 ;
in:748 out:749 type:b dur:2 cpbdur:2 q:33.52 aq:31.03 tex:353 mv:138 misc:493 imb:1 pmb:41 smb:8118 d:t ref:0 ;
in:753 out:750 type:P dur:2 cpbdur:2 q:32.96 aq:22.84 tex:157442 mv:3826 misc:2236 imb:239 pmb:781 smb:7140 d:s ref:0 ;
in:751 out:751 type:B dur:2 cpbdur:2 q:33.39 aq:31.09 tex:1196 mv:784 misc:820 imb:2 pmb:167 smb:7991 d:s ref:0 ;
in:750 out:752 type:b dur:2 cpbdur:2 q:33.75 aq:30.10 tex:311 mv:509 misc:620 imb:2 pmb:115 smb:8043 d:s ref:0 ;
in:752 out:753 type:b dur:2 cpbdur:2 q:33.75 aq:30.09 tex:363 mv:532 misc:609 imb:2 pmb:107 smb:8051 d:- ref:0 ;
in:755 out:754 type:P dur:2 cpbdur:2 q:32.45 aq:21.68 tex:93385 mv:1104 misc:3511 imb:7 pmb:1139 smb:7014 d:t ref:0 ;
in:754 out:755 type:b dur:2 cpbdur:2 q:33.57 aq:30.11 tex:153 mv:76 misc:475 imb:0 pmb:37 smb:8123 d:t ref:0 ;
in:756 out:756 type:P dur:2 cpbdur:2 q:31.23 aq:30.78 tex:4469 mv:814 misc:605 imb:46 pmb:97 smb:8017 d:t ref:0 ;
in:757 out:757 type:I dur:2 cpbdur:2 q:31.76 aq:21.77 tex:3859226 mv:225696 misc:278 imb:8160 pmb:0 smb:0 d:t ref:;
in:761 out:758 type:P dur:2 cpbdur:2 q:33.90 aq:25.90 tex:11362 mv:985 misc:861 imb:8 pmb:145 smb:8007 d:s ref:0 ;
in:759 out:759 type:B dur:2 cpbdur:2 q:33.90 aq:31.24 tex:633 mv:202 misc:501 imb:1 pmb:46 smb:8113 d:t ref:0 ;
in:758 out:760 type:b dur:2 cpbdur:2 q:33.90 aq:33.05 tex:374 mv:99 misc:463 imb:0 pmb:14 smb:8146 d:t ref:0 ;
in:760 out:761 type:b dur:2 cpbdur:2 q:33.90 aq:33.06 tex:305 mv:472 misc:527 imb:0 pmb:74 smb:8086 d:- ref:0 ;
in:765 out:762 type:P dur:2 cpbdur:2 q:33.78 aq:25.22 tex:28680 mv:1365 misc:971 imb:36 pmb:225 smb:7899 d:s ref:0 ;
in:763 out:763 type:B dur:2 cpbdur:2 q:33.90 aq:31.25 tex:878 mv:675 misc:623 imb:4 pmb:98 smb:8058 d:t ref:0 ;
in:762 out:764 type:b dur:2 cpbdur:2 q:33.90 aq:33.20 tex:156 mv:511 misc:581 imb:3 pmb:87 smb:8070 d:s ref:0 ;
in:764 out:765 type:b dur:2 cpbdur:2 q:33.90 aq:33.04 tex:304 mv:471 misc:481 imb:1 pmb:62 smb:8097 d:- ref:0 ;
in:769 out:766 type:P dur:2 cpbdur:2 q:33.66 aq:23.47 tex:10333 mv:906 misc:785 imb:9 pmb:127 smb:8024 d:s ref:0 ;
in:767 out:767 type:B dur:2 cpbdur:2 q:33.78 aq:31.43 tex:582 mv:637 misc:533 imb:3 pmb:71 smb:8086 d:t ref:0 ;
in:766 out:768 type:b dur:2 cpbdur:2 q:33.78 aq:33.04 tex:275 mv:527 misc:518 imb:4 pmb:70 smb:8086 d:s ref:0 ;
in:768 out:769 type:b dur:2 cpbdur:2 q:33.78 aq:33.04 tex:288 mv:463 misc:465 imb:2 pmb:57 smb:8101 d:- ref:0 ;
in:772 out:770 type:P dur:2 cpbdur:2 q:33.51 aq:25.20 tex:12831 mv:750 misc:675 imb:4 pmb:95 smb:8061 d:s ref:0 ;
in:770 out:771 type:B dur:2 cpbdur:2 q:33.66 aq:32.03 tex:543 mv:605 misc:500 imb:3 pmb:63 smb:8094 d:t ref:0 ;
in:771 out:772 type:b dur:2 cpbdur:2 q:33.65 aq:33.03 tex:524 mv:486 misc:486 imb:2 pmb:65 smb:8093 d:- ref:0 ;
in:777 out:773 type:P dur:2 cpbdur:2 q:33.43 aq:24.65 tex:34783 mv:1536 misc:689 imb:42 pmb:162 smb:7956 d:s ref:0 ;
in:774 out:774 type:B dur:2 cpbdur:2 q:33.51 aq:30.39 tex:840 mv:679 misc:625 imb:2 pmb:109 smb:8049 d:t ref:0 ;
in:773 out:775 type:b dur:2 cpbdur:2 q:33.51 aq:33.04 tex:186 mv:435 misc:467 imb:1 pmb:58 smb:8101 d:t ref:0 ;
in:775 out:776 type:b dur:2 cpbdur:2 q:33.51 aq:33.28 tex:596 mv:672 misc:596 imb:3 pmb:106 smb:8051 d:- ref:0 ;
in:776 out:777 type:b dur:2 cpbdur:2 q:33.51 aq:33.30 tex:723 mv:685 misc:592 imb:3 pmb:108 smb:8049 d:- ref:0 ;
in:780 out:778 type:P dur:2 cpbdur:2 q:33.28 aq:24.21 tex:9801 mv:694 misc:713 imb:4 pmb:96 smb:8060 d:s ref:0 ;
in:778 out:779 type:B dur:2 cpbdur:2 q:33.43 aq:31.08 tex:259 mv:521 misc:500 imb:0 pmb:63 smb:8097 d:t ref:0 ;
in:779 out:780 type:b dur:2 cpbdur:2 q:33.43 aq:32.01 tex:313 mv:488 misc:463 imb:2 pmb:58 smb:8100 d:- ref:0 ;
in:781 out:781 type:P dur:2 cpbdur:2 q:33.47 aq:24.30 tex:78705 mv:2422 misc:753 imb:189 pmb:197 smb:7774 d:s ref:0 ;
in:785 out:782 type:P dur:2 cpbdur:2 q:33.66 aq:25.32 tex:21307 mv:1018 misc:899 imb:35 pmb:161 smb:7964 d:t ref:0 ;
in:783 out:783 type:B dur:2 cpbdur:2 q:33.67 aq:31.05 tex:976 mv:628 misc:572 imb:3 pmb:88 smb:8069 d:t ref:0 ;
in:782 out:784 type:b dur:2 cpbdur:2 q:33.67 aq:33.05 tex:450 mv:439 misc:455 imb:2 pmb:55 smb:8103 d:t ref:0 ;
in:784 out:785 type:b dur:2 cpbdur:2 q:33.67 aq:33.04 tex:458 mv:538 misc:540 imb:3 pmb:86 smb:8071 d:- ref:0 ;
in:788 out:786 type:P dur:2 cpbdur:2 q:33.25 aq:25.33 tex:29441 mv:1339 misc:860 imb:31 pmb:191 smb:7938 d:s ref:0 ;
in:786 out:787 type:B dur:2 cpbdur:2 q:33.66 aq:31.04 tex:436 mv:594 misc:570 imb:2 pmb:83 smb:8075 d:t ref:0 ;
in:787 out:788 type:b dur:2 cpbdur:2 q:33.66 aq:32.06 tex:389 mv:510 misc:573 imb:1 pmb:86 smb:8073 d:- ref:0 ;
in:792 out:789 type:P dur:2 cpbdur:2 q:33.52 aq:25.72 tex:54269 mv:1613 misc:1934 imb:29 pmb:541 smb:7590 d:s ref:0 ;
in:790 out:790 type:B dur:2 cpbdur:2 q:33.54 aq:31.05 tex:904 mv:596 misc:700 imb:1 pmb:112 smb:8047 d:s ref:0 ;
in:789 out:791 type:b dur:2 cpbdur:2 q:33.54 aq:32.07 tex:748 mv:577 misc:555 imb:3 pmb:80 smb:8077 d:s ref:0 ;
in:791 out:792 type:b dur:2 cpbdur:2 q:33.54 aq:32.51 tex:519 mv:512 misc:529 imb:1 pmb:74 smb:8085 d:- ref:0 ;
in:796 out:793 type:P dur:2 cpbdur:2 q:33.18 aq:26.18 tex:68321 mv:2465 misc:1438 imb:193 pmb:346 smb:7621 d:s ref:0 ;
in:794 out:794 type:B dur:2 cpbdur:2 q:33.59 aq:31.03 tex:16531 mv:1233 misc:740 imb:19 pmb:465 smb:7676 d:t ref:0 ;
in:793 out:795 type:b dur:2 cpbdur:2 q:33.59 aq:32.61 tex:1618 mv:777 misc:877 imb:5 pmb:187 smb:7968 d:s ref:0 ;
in:795 out:796 type:b dur:2 cpbdur:2 q:33.59 aq:32.73 tex:22594 mv:4123 misc:707 imb:101 pmb:301 smb:7758 d:- ref:0 ;
in:801 out:797 type:P dur:2 cpbdur:2 q:33.29 aq:26.08 tex:96238 mv:3270 misc:1140 imb:105 pmb:371 smb:7684 d:t ref:0 ;
in:798 out:798 type:B dur:2 cpbdur:2 q:33.43 aq:29.49 tex:1606 mv:484 misc:862 imb:3 pmb:278 smb:7879 d:s ref:0 ;
in:797 out:799 type:b dur:2 cpbdur:2 q:33.43 aq:32.08 tex:598 mv:253 misc:845 imb:1 pmb:273 smb:7886 d:s ref:0 ;
in:799 out:800 type:b dur:2 cpbdur:2 q:33.42 aq:32.41 tex:391 mv:546 misc:471 imb:2 pmb:57 smb:8101 d:- ref:0 ;
in:800 out:801 type:b dur:2 cpbdur:2 q:33.42 aq:32.40 tex:604 mv:552 misc:468 imb:3 pmb:56 smb:8101 d:- ref:0 ;
in:805 out:802 type:P dur:2 cpbdur:2 q:32.69 aq:28.48 tex:14809 mv:961 misc:998 imb:8 pmb:199 smb:7953 d:t ref:0 ;
in:803 out:803 type:B dur:2 cpbdur:2 q:33.35 aq:30.82 tex:687 mv:154 misc:503 imb:2 pmb:41 smb:8117 d:t ref:0 ;
in:802 out:804 type:b dur:2 cpbdur:2 q:33.35 aq:32.08 tex:260 mv:109 misc:479 imb:0 pmb:40 smb:8120 d:t ref:0 ;
in:804 out:805 type:b dur:2 cpbdur:2 q:33.35 aq:32.08 tex:130 mv:448 misc:462 imb:1 pmb:58 smb:8101 d:- ref:0 ;
in:806 out:806 type:P dur:2 cpbdur:2 q:32.51 aq:27.20 tex:7296 mv:451 misc:725 imb:2 pmb:97 smb:8061 d:s ref:0 ;
in:807 out:807 type:P dur:2 cpbdur:2 q:32.48 aq:27.78 tex:6375 mv:407 misc:522 imb:3 pmb:61 smb:8096 d:t ref:0 ;
in:809 out:808 type:P dur:2 cpbdur:2 q:32.45 aq:30.00 tex:24267 mv:772 misc:1033 imb:3 pmb:267 smb:7890 d:t ref:0 ;
in:808 out:809 type:b dur:2 cpbdur:2 q:32.48 aq:32.06 tex:313 mv:54 misc:433 imb:1 pmb:4 smb:8155 d:t ref:0 ;
in:811 out:810 type:P dur:2 cpbdur:2 q:32.88 aq:33.64 tex:11630 mv:828 misc:574 imb:44 pmb:63 smb:8053 d:t ref:0 ;
in:810 out:811 type:b dur:2 cpbdur:2 q:32.88 aq:35.03 tex:1308 mv:334 misc:550 imb:4 pmb:65 smb:8091 d:t ref:0 ;
in:812 out:812 type:P dur:2 cpbdur:2 q:33.04 aq:34.55 tex:22488 mv:1341 misc:611 imb:95 pmb:102 smb:7963 d:t ref:0 ;
in:813 out:813 type:P dur:2 cpbdur:2 q:32.93 aq:33.65 tex:33240 mv:2484 misc:724 imb:210 pmb:134 smb:7816 d:t ref:0 ;
in:814 out:814 type:P dur:2 cpbdur:2 q:32.79 aq:33.33 tex:40779 mv:4241 misc:1132 imb:381 pmb:242 smb:7537 d:t ref:0 ;
in:815 out:815 type:P dur:2 cpbdur:2 q:32.85 aq:33.13 tex:49615 mv:5555 misc:1550 imb:622 pmb:255 smb:7283 d:t ref:0 ;
in:818 out:816 type:P dur:2 cpbdur:2 q:32.09 aq:32.03 tex:100903 mv:14759 misc:3002 imb:2614 pmb:363 smb:5183 d:t ref:0 ;
in:816 out:817 type:B dur:2 cpbdur:2 q:33.28 aq:34.13 tex:13202 mv:10329 misc:1333 imb:339 pmb:2879 smb:4942 d:s ref:0 ;
in:817 out:818 type:b dur:2 cpbdur:2 q:33.62 aq:34.35 tex:14716 mv:2549 misc:1775 imb:92 pmb:506 smb:7562 d:- ref:0 ;
in:819 out:819 type:P dur:2 cpbdur:2 q:32.09 aq:32.65 tex:24769 mv:7450 misc:2053 imb:1445 pmb:219 smb:6496 d:t ref:0 ;
in:820 out:820 type:I dur:2 cpbdur:2 q:29.72 aq:29.24 tex:607047 mv:12866 misc:439 imb:8160 pmb:0 smb:0 d:t ref:;
in:821 out:821 type:P dur:2 cpbdur:2 q:33.25 aq:32.16 tex:42077 mv:6841 misc:1170 imb:1002 pmb:238 smb:6920 d:s ref:0 w:5,33,-23,6,85,-44,92,-53 ;
in:824 out:822 type:P dur:2 cpbdur:2 q:33.77 aq:32.95 tex:235072 mv:31792 misc:632 imb:8045 pmb:115 smb:0 d:s ref:0 w:5,47,-127,5,69,-128,60,-127 ;
in:822 out:823 type:B dur:2 cpbdur:2 q:34.19 aq:34.64 tex:35890 mv:11680 misc:2574 imb:1007 pmb:1483 smb:5670 d:s ref:0 ;
in:823 out:824 type:b dur:2 cpbdur:2 q:34.52 aq:35.81 tex:13840 mv:8343 misc:1897 imb:739 pmb:368 smb:7053 d:- ref:0 ;
in:828 out:825 type:P dur:2 cpbdur:2 q:36.60 aq:31.66 tex:815911 mv:38548 misc:613 imb:7597 pmb:552 smb:11 d:s ref:0 ;
in:826 out:826 type:B dur:2 cpbdur:2 q:36.73 aq:36.22 tex:54139 mv:23536 misc:4525 imb:1934 pmb:1868 smb:4358 d:s ref:0 ;
in:825 out:827 type:b dur:2 cpbdur:2 q:36.82 aq:37.92 tex:22024 mv:12665 misc:1791 imb:689 pmb:804 smb:6667 d:s ref:0 ;
in:827 out:828 type:b dur:2 cpbdur:2 q:36.82 aq:38.80 tex:30650 mv:13676 misc:2706 imb:730 pmb:944 smb:6486 d:- ref:0 ;
in:831 out:829 type:P dur:2 cpbdur:2 q:36.93 aq:29.81 tex:598708 mv:29691 misc:2841 imb:4052 pmb:2129 smb:1979 d:s ref:0 ;
in:829 out:830 type:B dur:2 cpbdur:2 q:37.26 aq:37.36 tex:18559 mv:14137 misc:3216 imb:989 pmb:904 smb:6267 d:s ref:0 ;
in:830 out:831 type:b dur:2 cpbdur:2 q:37.35 aq:37.48 tex:6889 mv:4631 misc:1672 imb:128 pmb:449 smb:7583 d:- ref:0 ;
in:835 out:832 type:P dur:2 cpbdur:2 q:38.51 aq:29.81 tex:256989 mv:14937 misc:4290 imb:1958 pmb:2092 smb:4110 d:s ref:0 ;
in:833 out:833 type:B dur:2 cpbdur:2 q:39.09 aq:39.60 tex:2100 mv:1961 misc:1187 imb:32 pmb:324 smb:7804 d:s ref:0 ;
in:832 out:834 type:b dur:2 cpbdur:2 q:39.49 aq:40.26 tex:1511 mv:2615 misc:1074 imb:20 pmb:306 smb:7834 d:s ref:0 ;
in:834 out:835 type:b dur:2 cpbdur:2 q:39.49 aq:37.08 tex:534 mv:958 misc:644 imb:5 pmb:149 smb:8006 d:- ref:0 ;
in:836 out:836 type:P dur:2 cpbdur:2 q:38.72 aq:29.41 tex:61870 mv:4696 misc:4538 imb:524 pmb:1132 smb:6504 d:s ref:0 ;
in:838 out:837 type:P dur:2 cpbdur:2 q:38.71 aq:28.74 tex:93769 mv:5952 misc:2815 imb:786 pmb:1032 smb:6342 d:s ref:0 ;
in:837 out:838 type:b dur:2 cpbdur:2 q:39.43 aq:33.08 tex:111 mv:392 misc:457 imb:1 pmb:56 smb:8103 d:t ref:0 ;
in:839 out:839 type:P dur:2 cpbdur:2 q:39.38 aq:29.32 tex:27293 mv:1360 misc:1539 imb:98 pmb:307 smb:7755 d:s ref:0 ;
in:841 out:840 type:P dur:2 cpbdur:2 q:39.31 aq:29.45 tex:23956 mv:1543 misc:1933 imb:74 pmb:466 smb:7620 d:s ref:0 ;
in:840 out:841 type:b dur:2 cpbdur:2 q:39.53 aq:33.14 tex:147 mv:445 misc:456 imb:2 pmb:55 smb:8103 d:t ref:0 ;
in:845 out:842 type:P dur:2 cpbdur:2 q:39.76 aq:29.54 tex:16522 mv:830 misc:904 imb:8 pmb:199 smb:7953 d:s ref:0 ;
in:843 out:843 type:B dur:2 cpbdur:2 q:39.91 aq:31.12 tex:350 mv:599 misc:491 imb:4 pmb:55 smb:8101 d:t ref:0 ;
in:842 out:844 type:b dur:2 cpbdur:2 q:39.91 aq:33.15 tex:252 mv:457 misc:467 imb:2 pmb:57 smb:8101 d:t ref:0 ;
in:844 out:845 type:b dur:2 cpbdur:2 q:39.91 aq:33.15 tex:68 mv:438 misc:454 imb:0 pmb:57 smb:8103 d:- ref:0 ;
in:847 out:846 type:P dur:2 cpbdur:2 q:38.54 aq:27.22 tex:135612 mv:2598 misc:2726 imb:73 pmb:1510 smb:6577 d:s ref:0 ;
in:846 out:847 type:b dur:2 cpbdur:2 q:40.00 aq:33.10 tex:157 mv:442 misc:473 imb:2 pmb:57 smb:8101 d:t ref:0 ;
in:849 out:848 type:P dur:2 cpbdur:2 q:37.67 aq:26.49 tex:130953 mv:3495 misc:4712 imb:153 pmb:1961 smb:6046 d:s ref:0 ;
in:848 out:849 type:b dur:2 cpbdur:2 q:39.17 aq:33.07 tex:277 mv:478 misc:525 imb:1 pmb:72 smb:8087 d:t ref:0 ;
in:852 out:850 type:P dur:2 cpbdur:2 q:36.67 aq:26.76 tex:157106 mv:4253 misc:5433 imb:210 pmb:2459 smb:5491 d:s ref:0 ;
in:850 out:851 type:B dur:2 cpbdur:2 q:38.07 aq:31.06 tex:219 mv:566 misc:527 imb:2 pmb:70 smb:8088 d:t ref:0 ;
in:851 out:852 type:b dur:2 cpbdur:2 q:38.38 aq:33.06 tex:248 mv:496 misc:520 imb:2 pmb:70 smb:8088 d:- ref:0 ;
in:853 out:853 type:P dur:2 cpbdur:2 q:36.19 aq:26.08 tex:148933 mv:2785 misc:6042 imb:128 pmb:2451 smb:5581 d:s ref:0 ;
in:855 out:854 type:P dur:2 cpbdur:2 q:35.81 aq:25.60 tex:137422 mv:2639 misc:5235 imb:59 pmb:2072 smb:6029 d:s ref:0 ;
in:854 out:855 type:b dur:2 cpbdur:2 q:36.62 aq:33.04 tex:194 mv:459 misc:459 imb:1 pmb:56 smb:8103 d:t ref:0 ;
in:857 out:856 type:P dur:2 cpbdur:2 q:35.51 aq:24.88 tex:151394 mv:2327 misc:5391 imb:32 pmb:2480 smb:5648 d:s ref:0 ;
in:856 out:857 type:b dur:2 cpbdur:2 q:36.17 aq:33.06 tex:424 mv:480 misc:456 imb:1 pmb:56 smb:8103 d:t ref:0 ;
in:859 out:858 type:P dur:2 cpbdur:2 q:35.33 aq:24.68 tex:212250 mv:1869 misc:4609 imb:21 pmb:2702 smb:5437 d:s ref:0 ;
in:858 out:859 type:b dur:2 cpbdur:2 q:35.95 aq:33.06 tex:282 mv:465 misc:453 imb:1 pmb:56 smb:8103 d:t ref:0 ;
in:861 out:860 type:P dur:2 cpbdur:2 q:35.20 aq:24.53 tex:81227 mv:1246 misc:3919 imb:10 pmb:1351 smb:6799 d:s ref:0 ;
in:860 out:861 type:b dur:2 cpbdur:2 q:35.83 aq:33.05 tex:282 mv:459 misc:451 imb:2 pmb:55 smb:8103 d:t ref:0 ;
in:862 out:862 type:P dur:2 cpbdur:2 q:35.14 aq:24.26 tex:141227 mv:1181 misc:3720 imb:9 pmb:1777 smb:6374 d:s ref:0 ;
in:864 out:863 type:P dur:2 cpbdur:2 q:34.79 aq:23.98 tex:102207 mv:1187 misc:4006 imb:7 pmb:1515 smb:6638 d:s ref:0 ;
in:863 out:864 type:b dur:2 cpbdur:2 q:35.34 aq:33.06 tex:380 mv:462 misc:454 imb:1 pmb:56 smb:8103 d:t ref:0 ;
in:866 out:865 type:P dur:2 cpbdur:2 q:34.56 aq:24.01 tex:124965 mv:1199 misc:4476 imb:6 pmb:1781 smb:6373 d:s ref:0 ;
in:865 out:866 type:b dur:2 cpbdur:2 q:35.03 aq:33.06 tex:374 mv:474 misc:472 imb:2 pmb:57 smb:8101 d:t ref:0 ;
in:867 out:867 type:P dur:2 cpbdur:2 q:34.39 aq:23.64 tex:107576 mv:985 misc:4255 imb:0 pmb:1578 smb:6582 d:s ref:0 ;
in:869 out:868 type:P dur:2 cpbdur:2 q:34.30 aq:23.84 tex:99783 mv:984 misc:3729 imb:2 pmb:1363 smb:6795 d:s ref:0 ;
in:868 out:869 type:b dur:2 cpbdur:2 q:34.79 aq:33.08 tex:308 mv:447 misc:469 imb:0 pmb:59 smb:8101 d:t ref:0 ;
in:872 out:870 type:P dur:2 cpbdur:2 q:34.15 aq:23.99 tex:77615 mv:1000 misc:3017 imb:2 pmb:969 smb:7189 d:s ref:0 ;
in:870 out:871 type:B dur:2 cpbdur:2 q:34.69 aq:31.09 tex:397 mv:555 misc:472 imb:2 pmb:55 smb:8103 d:t ref:0 ;
in:871 out:872 type:b dur:2 cpbdur:2 q:35.08 aq:33.08 tex:242 mv:454 misc:448 imb:2 pmb:55 smb:8103 d:- ref:0 ;
in:875 out:873 type:P dur:2 cpbdur:2 q:34.12 aq:23.72 tex:98026 mv:1231 misc:2783 imb:9 pmb:1085 smb:7066 d:s ref:0 ;
in:873 out:874 type:B dur:2 cpbdur:2 q:34.53 aq:31.25 tex:441 mv:548 misc:555 imb:1 pmb:74 smb:8085 d:t ref:0 ;
in:874 out:875 type:b dur:2 cpbdur:2 q:34.94 aq:33.04 tex:188 mv:446 misc:470 imb:1 pmb:57 smb:8102 d:- ref:0 ;
in:879 out:876 type:P dur:2 cpbdur:2 q:34.01 aq:23.44 tex:72309 mv:1141 misc:2110 imb:6 pmb:811 smb:7343 d:s ref:0 ;
in:877 out:877 type:B dur:2 cpbdur:2 q:34.29 aq:31.33 tex:620 mv:593 misc:547 imb:1 pmb:75 smb:8084 d:t ref:0 ;
in:876 out:878 type:b dur:2 cpbdur:2 q:34.69 aq:33.06 tex:287 mv:449 misc:464 imb:1 pmb:58 smb:8101 d:t ref:0 ;
in:878 out:879 type:b dur:2 cpbdur:2 q:34.69 aq:33.06 tex:460 mv:492 misc:536 imb:3 pmb:71 smb:8086 d:- ref:0 ;
in:883 out:880 type:P dur:2 cpbdur:2 q:33.98 aq:22.88 tex:56960 mv:818 misc:1878 imb:2 pmb:599 smb:7559 d:s ref:0 ;
in:881 out:881 type:B dur:2 cpbdur:2 q:34.38 aq:31.05 tex:516 mv:562 misc:474 imb:3 pmb:54 smb:8103 d:t ref:0 ;
in:880 out:882 type:b dur:2 cpbdur:2 q:34.60 aq:33.03 tex:159 mv:449 misc:456 imb:2 pmb:55 smb:8103 d:t ref:0 ;
in:882 out:883 type:b dur:2 cpbdur:2 q:34.60 aq:33.02 tex:203 mv:448 misc:461 imb:1 pmb:56 smb:8103 d:- ref:0 ;
in:887 out:884 type:P dur:2 cpbdur:2 q:33.97 aq:23.73 tex:77229 mv:1069 misc:2206 imb:8 pmb:957 smb:7195 d:s ref:0 ;
in:885 out:885 type:B dur:2 cpbdur:2 q:34.36 aq:31.32 tex:313 mv:594 misc:557 imb:1 pmb:75 smb:8084 d:t ref:0 ;
in:884 out:886 type:b dur:2 cpbdur:2 q:34.59 aq:33.07 tex:437 mv:463 misc:468 imb:2 pmb:57 smb:8101 d:t ref:0 ;
in:886 out:887 type:b dur:2 cpbdur:2 q:34.59 aq:33.00 tex:20 mv:465 misc:523 imb:1 pmb:71 smb:8088 d:- ref:0 ;
in:891 out:888 type:P dur:2 cpbdur:2 q:33.72 aq:24.62 tex:39164 mv:835 misc:2561 imb:1 pmb:686 smb:7473 d:s ref:0 ;
in:889 out:889 type:B dur:2 cpbdur:2 q:34.25 aq:31.05 tex:373 mv:557 misc:486 imb:2 pmb:57 smb:8101 d:t ref:0 ;
in:888 out:890 type:b dur:2 cpbdur:2 q:34.50 aq:33.00 tex:23 mv:446 misc:467 imb:1 pmb:57 smb:8102 d:t ref:0 ;
in:890 out:891 type:b dur:2 cpbdur:2 q:34.50 aq:33.06 tex:359 mv:437 misc:452 imb:1 pmb:56 smb:8103 d:- ref:0 ;
in:894 out:892 type:P dur:2 cpbdur:2 q:33.68 aq:24.40 tex:35504 mv:1000 misc:2056 imb:5 pmb:521 smb:7634 d:s ref:0 ;
in:892 out:893 type:B dur:2 cpbdur:2 q:34.07 aq:30.96 tex:310 mv:560 misc:530 imb:2 pmb:70 smb:8088 d:t ref:0 ;
in:893 out:894 type:b dur:2 cpbdur:2 q:34.07 aq:32.05 tex:190 mv:488 misc:522 imb:2 pmb:71 smb:8087 d:- ref:0 ;
in:899 out:895 type:P dur:2 cpbdur:2 q:33.58 aq:25.09 tex:32108 mv:1155 misc:1801 imb:5 pmb:404 smb:7751 d:s ref:0 ;
in:896 out:896 type:B dur:2 cpbdur:2 q:34.03 aq:30.50 tex:632 mv:601 misc:535 imb:3 pmb:71 smb:8086 d:t ref:0 ;
in:895 out:897 type:b dur:2 cpbdur:2 q:34.03 aq:32.03 tex:132 mv:447 misc:453 imb:2 pmb:55 smb:8103 d:t ref:0 ;
in:897 out:898 type:b dur:2 cpbdur:2 q:34.03 aq:32.03 tex:230 mv:530 misc:528 imb:1 pmb:72 smb:8087 d:- ref:0 ;
in:898 out:899 type:b dur:2 cpbdur:2 q:34.03 aq:32.06 tex:329 mv:584 misc:527 imb:3 pmb:70 smb:8087 d:- ref:0 ;
in:902 out:900 type:P dur:2 cpbdur:2 q:33.49 aq:23.95 tex:74031 mv:1138 misc:2631 imb:5 pmb:840 smb:7315 d:s ref:0 ;
in:900 out:901 type:B dur:2 cpbdur:2 q:33.99 aq:31.11 tex:240 mv:568 misc:536 imb:0 pmb:73 smb:8087 d:t ref:0 ;
in:901 out:902 type:b dur:2 cpbdur:2 q:33.99 aq:32.40 tex:337 mv:515 misc:532 imb:4 pmb:70 smb:8086 d:- ref:0 ;
in:906 out:903 type:P dur:2 cpbdur:2 q:33.31 aq:23.67 tex:38935 mv:781 misc:2324 imb:2 pmb:593 smb:7565 d:s ref:0 ;
in:904 out:904 type:B dur:2 cpbdur:2 q:33.76 aq:30.40 tex:794 mv:536 misc:486 imb:2 pmb:57 smb:8101 d:t ref:0 ;
in:903 out:905 type:b dur:2 cpbdur:2 q:33.76 aq:32.06 tex:385 mv:488 misc:471 imb:2 pmb:57 smb:8101 d:t ref:0 ;
in:905 out:906 type:b dur:2 cpbdur:2 q:33.76 aq:32.05 tex:379 mv:457 misc:468 imb:2 pmb:57 smb:8101 d:- ref:0 ;
in:910 out:907 type:P dur:2 cpbdur:2 q:33.42 aq:23.32 tex:41099 mv:871 misc:2214 imb:3 pmb:618 smb:7539 d:s ref:0 ;
in:908 out:908 type:B dur:2 cpbdur:2 q:33.76 aq:30.41 tex:549 mv:557 misc:486 imb:1 pmb:58 smb:8101 d:t ref:0 ;
in:907 out:909 type:b dur:2 cpbdur:2 q:33.76 aq:32.03 tex:107 mv:436 misc:465 imb:3 pmb:56 smb:8101 d:t ref:0 ;
in:909 out:910 type:b dur:2 cpbdur:2 q:33.76 aq:32.05 tex:301 mv:452 misc:471 imb:2 pmb:56 smb:8102 d:- ref:0 ;
in:914 out:911 type:P dur:2 cpbdur:2 q:33.48 aq:22.74 tex:69081 mv:1133 misc:2450 imb:5 pmb:908 smb:7247 d:s ref:0 ;
in:912 out:912 type:B dur:2 cpbdur:2 q:33.74 aq:30.04 tex:593 mv:615 misc:536 imb:2 pmb:71 smb:8087 d:t ref:0 ;
in:911 out:913 type:b dur:2 cpbdur:2 q:33.93 aq:32.06 tex:389 mv:485 misc:518 imb:1 pmb:72 smb:8087 d:s ref:0 ;
in:913 out:914 type:b dur:2 cpbdur:2 q:33.93 aq:32.05 tex:122 mv:451 misc:451 imb:2 pmb:55 smb:8103 d:- ref:0 ;
in:917 out:915 type:P dur:2 cpbdur:2 q:33.56 aq:22.37 tex:52357 mv:1084 misc:2023 imb:4 pmb:646 smb:7510 d:s ref:0 ;
in:915 out:916 type:B dur:2 cpbdur:2 q:33.88 aq:30.08 tex:505 mv:566 misc:545 imb:2 pmb:72 smb:8086 d:t ref:0 ;
in:916 out:917 type:b dur:2 cpbdur:2 q:34.12 aq:32.06 tex:367 mv:451 misc:462 imb:2 pmb:55 smb:8103 d:- ref:0 ;
in:919 out:918 type:P dur:2 cpbdur:2 q:33.16 aq:22.73 tex:128006 mv:1115 misc:3407 imb:5 pmb:1551 smb:6604 d:s ref:0 ;
in:918 out:919 type:b dur:2 cpbdur:2 q:33.84 aq:31.53 tex:559 mv:517 misc:524 imb:2 pmb:72 smb:8086 d:t ref:0 ;
in:921 out:920 type:P dur:2 cpbdur:2 q:33.13 aq:22.32 tex:55282 mv:755 misc:3091 imb:4 pmb:824 smb:7332 d:s ref:0 ;
in:920 out:921 type:b dur:2 cpbdur:2 q:33.57 aq:31.07 tex:286 mv:489 misc:457 imb:1 pmb:56 smb:8103 d:t ref:0 ;
in:922 out:922 type:P dur:2 cpbdur:2 q:32.88 aq:22.64 tex:78200 mv:952 misc:2848 imb:1 pmb:1011 smb:7148 d:s ref:0 ;
in:924 out:923 type:P dur:2 cpbdur:2 q:32.73 aq:22.74 tex:48918 mv:846 misc:2316 imb:1 pmb:667 smb:7492 d:s ref:0 ;
in:923 out:924 type:b dur:2 cpbdur:2 q:33.33 aq:31.05 tex:671 mv:466 misc:455 imb:1 pmb:56 smb:8103 d:t ref:0 ;
in:925 out:925 type:P dur:2 cpbdur:2 q:32.77 aq:22.53 tex:54648 mv:633 misc:2303 imb:3 pmb:678 smb:7479 d:s ref:0 ;
in:926 out:926 type:P dur:2 cpbdur:2 q:32.92 aq:22.52 tex:44052 mv:558 misc:2022 imb:4 pmb:502 smb:7654 d:t ref:0 ;
in:927 out:927 type:P dur:2 cpbdur:2 q:32.54 aq:22.38 tex:50124 mv:643 misc:2305 imb:3 pmb:605 smb:7552 d:t ref:0 ;
in:932 out:928 type:P dur:2 cpbdur:2 q:32.49 aq:22.48 tex:59647 mv:1017 misc:1752 imb:1 pmb:651 smb:7508 d:t ref:0 ;
in:929 out:929 type:B dur:2 cpbdur:2 q:32.87 aq:29.07 tex:831 mv:122 misc:455 imb:2 pmb:7 smb:8151 d:t ref:0 ;
in:928 out:930 type:b dur:2 cpbdur:2 q:32.87 aq:31.08 tex:253 mv:61 misc:430 imb:0 pmb:6 smb:8154 d:t ref:0 ;
in:930 out:931 type:b dur:2 cpbdur:2 q:32.87 aq:31.05 tex:554 mv:541 misc:457 imb:4 pmb:53 smb:8103 d:- ref:0 ;
in:931 out:932 type:b dur:2 cpbdur:2 q:32.87 aq:31.04 tex:227 mv:520 misc:453 imb:0 pmb:57 smb:8103 d:- ref:0 ;
in:934 out:933 type:P dur:2 cpbdur:2 q:36.84 aq:27.93 tex:219348 mv:8251 misc:2185 imb:1105 pmb:1110 smb:5945 d:t ref:0 ;
in:933 out:934 type:b dur:2 cpbdur:2 q:37.10 aq:31.15 tex:372 mv:391 misc:1413 imb:1 pmb:1200 smb:6959 d:s ref:0 ;
in:938 out:935 type:P dur:2 cpbdur:2 q:35.41 aq:25.41 tex:127003 mv:2443 misc:3058 imb:40 pmb:1376 smb:6744 d:t ref:0 ;
in:936 out:936 type:B dur:2 cpbdur:2 q:37.86 aq:29.00 tex:339 mv:107 misc:490 imb:1 pmb:34 smb:8125 d:t ref:0 ;
in:935 out:937 type:b dur:2 cpbdur:2 q:38.05 aq:31.15 tex:48 mv:71 misc:465 imb:0 pmb:34 smb:8126 d:t ref:0 ;
in:937 out:938 type:b dur:2 cpbdur:2 q:38.05 aq:31.13 tex:150 mv:433 misc:457 imb:2 pmb:55 smb:8103 d:- ref:0 ;
in:940 out:939 type:P dur:2 cpbdur:2 q:33.51 aq:23.88 tex:146602 mv:2332 misc:4146 imb:37 pmb:1804 smb:6319 d:t ref:0 ;
in:939 out:940 type:b dur:2 cpbdur:2 q:35.63 aq:31.06 tex:114 mv:55 misc:471 imb:0 pmb:33 smb:8127 d:t ref:0 ;
in:942 out:941 type:P dur:2 cpbdur:2 q:33.09 aq:23.11 tex:136697 mv:1530 misc:3709 imb:35 pmb:1423 smb:6702 d:t ref:0 ;
in:941 out:942 type:b dur:2 cpbdur:2 q:33.96 aq:31.07 tex:75 mv:26 misc:419 imb:0 pmb:3 smb:8157 d:t ref:0 ;
in:943 out:943 type:P dur:2 cpbdur:2 q:32.94 aq:23.12 tex:107659 mv:964 misc:3425 imb:13 pmb:1171 smb:6976 d:t ref:0 ;
in:946 out:944 type:P dur:2 cpbdur:2 q:32.59 aq:23.26 tex:105473 mv:1201 misc:2910 imb:4 pmb:1094 smb:7062 d:t ref:0 ;
in:944 out:945 type:B dur:2 cpbdur:2 q:33.31 aq:30.04 tex:392 mv:167 misc:497 imb:2 pmb:35 smb:8123 d:t ref:0 ;
in:945 out:946 type:b dur:2 cpbdur:2 q:33.66 aq:31.49 tex:702 mv:528 misc:530 imb:2 pmb:79 smb:8079 d:- ref:0 ;
in:948 out:947 type:P dur:2 cpbdur:2 q:32.54 aq:22.33 tex:77418 mv:854 misc:3488 imb:7 pmb:1110 smb:7043 d:t ref:0 ;
in:947 out:948 type:b dur:2 cpbdur:2 q:32.95 aq:31.03 tex:167 mv:64 misc:425 imb:2 pmb:2 smb:8156 d:t ref:0 ;
in:951 out:949 type:P dur:2 cpbdur:2 q:32.52 aq:22.50 tex:55523 mv:1057 misc:2396 imb:6 pmb:661 smb:7493 d:t ref:0 ;
in:949 out:950 type:B dur:2 cpbdur:2 q:32.94 aq:30.24 tex:718 mv:174 misc:508 imb:1 pmb:38 smb:8121 d:t ref:0 ;
in:950 out:951 type:b dur:2 cpbdur:2 q:33.32 aq:31.06 tex:489 mv:473 misc:470 imb:3 pmb:56 smb:8101 d:- ref:0 ;
in:952 out:952 type:P dur:2 cpbdur:2 q:32.67 aq:21.93 tex:69090 mv:606 misc:2600 imb:4 pmb:808 smb:7348 d:t ref:0 ;
in:956 out:953 type:P dur:2 cpbdur:2 q:32.20 aq:22.08 tex:54302 mv:880 misc:2578 imb:1 pmb:715 smb:7444 d:t ref:0 ;
in:954 out:954 type:B dur:2 cpbdur:2 q:33.13 aq:29.36 tex:792 mv:64 misc:456 imb:1 pmb:6 smb:8153 d:t ref:0 ;
in:953 out:955 type:b dur:2 cpbdur:2 q:33.50 aq:31.08 tex:393 mv:68 misc:435 imb:0 pmb:8 smb:8152 d:t ref:0 ;
in:955 out:956 type:b dur:2 cpbdur:2 q:33.50 aq:31.04 tex:183 mv:469 misc:468 imb:2 pmb:57 smb:8101 d:- ref:0 ;
in:958 out:957 type:P dur:2 cpbdur:2 q:32.29 aq:22.04 tex:54704 mv:704 misc:2376 imb:4 pmb:696 smb:7460 d:s ref:0 ;
in:957 out:958 type:b dur:2 cpbdur:2 q:32.64 aq:31.07 tex:456 mv:450 misc:462 imb:2 pmb:55 smb:8103 d:t ref:0 ;
in:960 out:959 type:P dur:2 cpbdur:2 q:32.21 aq:21.60 tex:95621 mv:802 misc:3001 imb:3 pmb:1155 smb:7002 d:s ref:0 ;
in:959 out:960 type:b dur:2 cpbdur:2 q:32.73 aq:31.05 tex:363 mv:436 misc:457 imb:2 pmb:55 smb:8103 d:t ref:0 ;
in:962 out:961 type:P dur:2 cpbdur:2 q:32.32 aq:21.10 tex:58723 mv:729 misc:2572 imb:5 pmb:800 smb:7355 d:s ref:0 ;
in:961 out:962 type:b dur:2 cpbdur:2 q:32.73 aq:31.06 tex:586 mv:471 misc:455 imb:1 pmb:56 smb:8103 d:t ref:0 ;
in:966 out:963 type:P dur:2 cpbdur:2 q:32.08 aq:22.63 tex:72715 mv:1416 misc:2493 imb:15 pmb:780 smb:7365 d:s ref:0 ;
in:964 out:964 type:B dur:2 cpbdur:2 q:32.70 aq:28.41 tex:786 mv:646 misc:608 imb:1 pmb:88 smb:8071 d:t ref:0 ;
in:963 out:965 type:b dur:2 cpbdur:2 q:33.13 aq:31.03 tex:400 mv:453 misc:467 imb:1 pmb:58 smb:8101 d:t ref:0 ;
in:965 out:966 type:b dur:2 cpbdur:2 q:33.13 aq:31.44 tex:460 mv:515 misc:569 imb:2 pmb:84 smb:8074 d:- ref:0 ;
in:968 out:967 type:P dur:2 cpbdur:2 q:32.05 aq:21.92 tex:77695 mv:1078 misc:2803 imb:45 pmb:759 smb:7356 d:s ref:0 ;
in:967 out:968 type:b dur:2 cpbdur:2 q:32.48 aq:32.57 tex:7222 mv:1256 misc:562 imb:13 pmb:121 smb:8026 d:t ref:0 ;
in:969 out:969 type:P dur:2 cpbdur:2 q:31.96 aq:21.55 tex:78073 mv:1599 misc:2720 imb:13 pmb:743 smb:7404 d:s ref:0 ;
in:970 out:970 type:P dur:2 cpbdur:2 q:31.93 aq:21.14 tex:99415 mv:1399 misc:2778 imb:8 pmb:907 smb:7245 d:s ref:0 ;
in:974 out:971 type:P dur:2 cpbdur:2 q:31.91 aq:22.24 tex:45726 mv:1316 misc:1358 imb:8 pmb:340 smb:7812 d:s ref:0 ;
in:972 out:972 type:B dur:2 cpbdur:2 q:32.29 aq:31.46 tex:6023 mv:1602 misc:663 imb:4 pmb:139 smb:8017 d:t ref:0 ;
in:971 out:973 type:b dur:2 cpbdur:2 q:32.29 aq:34.09 tex:1089 mv:700 misc:643 imb:2 pmb:117 smb:8041 d:s ref:0 ;
in:973 out:974 type:b dur:2 cpbdur:2 q:32.29 aq:34.08 tex:2341 mv:1197 misc:590 imb:4 pmb:108 smb:8048 d:- ref:0 ;
in:976 out:975 type:P dur:2 cpbdur:2 q:32.14 aq:21.59 tex:43470 mv:1641 misc:1489 imb:7 pmb:329 smb:7824 d:t ref:0 ;
in:975 out:976 type:b dur:2 cpbdur:2 q:32.25 aq:33.40 tex:1024 mv:854 misc:546 imb:0 pmb:94 smb:8066 d:t ref:0 ;
in:979 out:977 type:P dur:2 cpbdur:2 q:32.42 aq:22.79 tex:36675 mv:1083 misc:1442 imb:2 pmb:360 smb:7798 d:t ref:0 ;
in:977 out:978 type:B dur:2 cpbdur:2 q:32.65 aq:29.09 tex:560 mv:114 misc:606 imb:2 pmb:39 smb:8119 d:t ref:0 ;
in:978 out:979 type:b dur:2 cpbdur:2 q:32.75 aq:31.07 tex:506 mv:458 misc:484 imb:2 pmb:59 smb:8099 d:- ref:0 ;
in:981 out:980 type:P dur:2 cpbdur:2 q:32.29 aq:22.98 tex:29813 mv:680 misc:1795 imb:4 pmb:399 smb:7757 d:t ref:0 ;
in:980 out:981 type:b dur:2 cpbdur:2 q:32.76 aq:31.04 tex:457 mv:65 misc:438 imb:1 pmb:5 smb:8154 d:t ref:0 ;
in:983 out:982 type:P dur:2 cpbdur:2 q:32.35 aq:20.79 tex:30439 mv:701 misc:1396 imb:1 pmb:329 smb:7830 d:t ref:0 ;
in:982 out:983 type:b dur:2 cpbdur:2 q:32.68 aq:30.08 tex:332 mv:84 misc:456 imb:0 pmb:12 smb:8148 d:t ref:0 ;
in:985 out:984 type:P dur:2 cpbdur:2 q:32.15 aq:22.18 tex:72759 mv:770 misc:2079 imb:6 pmb:703 smb:7451 d:t ref:0 ;
in:984 out:985 type:b dur:2 cpbdur:2 q:32.70 aq:30.10 tex:512 mv:123 misc:461 imb:2 pmb:11 smb:8147 d:t ref:0 ;
in:987 out:986 type:P dur:2 cpbdur:2 q:32.76 aq:21.00 tex:46369 mv:909 misc:1554 imb:6 pmb:391 smb:7763 d:t ref:0 ;
in:986 out:987 type:b dur:2 cpbdur:2 q:33.20 aq:30.08 tex:395 mv:124 misc:489 imb:0 pmb:38 smb:8122 d:t ref:0 ;
in:989 out:988 type:P dur:2 cpbdur:2 q:32.44 aq:21.40 tex:49349 mv:943 misc:1652 imb:4 pmb:529 smb:7627 d:t ref:0 ;
in:988 out:989 type:b dur:2 cpbdur:2 q:33.18 aq:30.07 tex:793 mv:84 misc:459 imb:0 pmb:11 smb:8149 d:t ref:0 ;
in:990 out:990 type:P dur:2 cpbdur:2 q:32.06 aq:21.49 tex:52491 mv:559 misc:2078 imb:2 pmb:554 smb:7604 d:t ref:0 ;
in:991 out:991 type:P dur:2 cpbdur:2 q:31.85 aq:20.79 tex:82012 mv:776 misc:2084 imb:3 pmb:695 smb:7462 d:t ref:0 ;
in:993 out:992 type:P dur:2 cpbdur:2 q:31.54 aq:21.69 tex:48500 mv:822 misc:2278 imb:4 pmb:559 smb:7597 d:t ref:0 ;
in:992 out:993 type:b dur:2 cpbdur:2 q:32.07 aq:30.00 tex:0 mv:53 misc:435 imb:0 pmb:5 smb:8155 d:t ref:0 ;
in:995 out:994 type:P dur:2 cpbdur:2 q:31.60 aq:20.67 tex:59792 mv:681 misc:1655 imb:2 pmb:627 smb:7531 d:t ref:0 ;
in:994 out:995 type:b dur:2 cpbdur:2 q:31.97 aq:30.08 tex:31 mv:22 misc:427 imb:0 pmb:4 smb:8156 d:t ref:0 ;
in:998 out:996 type:P dur:2 cpbdur:2 q:32.01 aq:21.66 tex:47567 mv:939 misc:1310 imb:5 pmb:393 smb:7762 d:t ref:0 ;
in:996 out:997 type:B dur:2 cpbdur:2 q:32.20 aq:29.08 tex:559 mv:161 misc:488 imb:1 pmb:15 smb:8144 d:t ref:0 ;
in:997 out:998 type:b dur:2 cpbdur:2 q:32.28 aq:30.04 tex:179 mv:482 misc:483 imb:2 pmb:57 smb:8101 d:- ref:0 ;
in:1000 out:999 type:P dur:2 cpbdur:2 q:32.17 aq:19.77 tex:22292 mv:703 misc:925 imb:4 pmb:183 smb:7973 d:t ref:0 ;
in:999 out:1000 type:b dur:2 cpbdur:2 q:32.43 aq:30.06 tex:552 mv:63 misc:449 imb:0 pmb:10 smb:8150 d:t ref:0 ;
in:1002 out:1001 type:P dur:2 cpbdur:2 q:32.36 aq:19.63 tex:56622 mv:743 misc:1331 imb:4 pmb:508 smb:7648 d:t ref:0 ;
in:1001 out:1002 type:b dur:2 cpbdur:2 q:32.58 aq:30.08 tex:365 mv:57 misc:458 imb:0 pmb:9 smb:8151 d:t ref:0 ;
in:1005 out:1003 type:P dur:2 cpbdur:2 q:32.30 aq:19.74 tex:76991 mv:904 misc:2137 imb:5 pmb:818 smb:7337 d:t ref:0 ;
in:1003 out:1004 type:B dur:2 cpbdur:2 q:32.76 aq:29.07 tex:547 mv:132 misc:481 imb:1 pmb:12 smb:8147 d:t ref:0 ;
in:1004 out:1005 type:b dur:2 cpbdur:2 q:32.92 aq:30.04 tex:306 mv:444 misc:482 imb:1 pmb:60 smb:8099 d:- ref:0 ;
in:1009 out:1006 type:P dur:2 cpbdur:2 q:32.24 aq:20.51 tex:71779 mv:1192 misc:2373 imb:5 pmb:815 smb:7340 d:t ref:0 ;
in:1007 out:1007 type:B dur:2 cpbdur:2 q:32.64 aq:28.48 tex:3722 mv:395 misc:539 imb:2 pmb:46 smb:8112 d:t ref:0 ;
in:1006 out:1008 type:b dur:2 cpbdur:2 q:32.84 aq:30.07 tex:535 mv:126 misc:491 imb:0 pmb:40 smb:8120 d:t ref:0 ;
in:1008 out:1009 type:b dur:2 cpbdur:2 q:32.84 aq:30.51 tex:492 mv:507 misc:537 imb:3 pmb:74 smb:8083 d:- ref:0 ;
in:1010 out:1010 type:P dur:2 cpbdur:2 q:32.07 aq:21.20 tex:97158 mv:622 misc:2148 imb:2 pmb:950 smb:7208 d:t ref:0 ;
in:1014 out:1011 type:P dur:2 cpbdur:2 q:31.74 aq:20.31 tex:104314 mv:1056 misc:2774 imb:7 pmb:954 smb:7199 d:t ref:0 ;
in:1012 out:1012 type:B dur:2 cpbdur:2 q:32.35 aq:27.04 tex:1006 mv:203 misc:519 imb:1 pmb:43 smb:8116 d:t ref:0 ;
in:1011 out:1013 type:b dur:2 cpbdur:2 q:32.60 aq:29.08 tex:435 mv:157 misc:520 imb:0 pmb:46 smb:8114 d:t ref:0 ;
in:1013 out:1014 type:b dur:2 cpbdur:2 q:32.60 aq:29.08 tex:517 mv:464 misc:467 imb:2 pmb:57 smb:8101 d:- ref:0 ;
in:1018 out:1015 type:P dur:2 cpbdur:2 q:30.98 aq:20.77 tex:90653 mv:947 misc:2912 imb:3 pmb:1030 smb:7127 d:t ref:0 ;
in:1016 out:1016 type:B dur:2 cpbdur:2 q:32.04 aq:27.58 tex:3866 mv:370 misc:532 imb:2 pmb:45 smb:8113 d:t ref:0 ;
in:1015 out:1017 type:b dur:2 cpbdur:2 q:32.33 aq:29.54 tex:600 mv:178 misc:518 imb:0 pmb:47 smb:8113 d:t ref:0 ;
in:1017 out:1018 type:b dur:2 cpbdur:2 q:32.33 aq:29.09 tex:105 mv:498 misc:541 imb:1 pmb:77 smb:8082 d:- ref:0 ;
in:1022 out:1019 type:P dur:2 cpbdur:2 q:30.88 aq:21.30 tex:53100 mv:1159 misc:1845 imb:5 pmb:499 smb:7656 d:t ref:0 ;
in:1020 out:1020 type:B dur:2 cpbdur:2 q:31.38 aq:27.00 tex:786 mv:251 misc:515 imb:1 pmb:41 smb:8118 d:t ref:0 ;
in:1019 out:1021 type:b dur:2 cpbdur:2 q:31.79 aq:29.09 tex:247 mv:87 misc:490 imb:0 pmb:37 smb:8123 d:t ref:0 ;
in:1021 out:1022 type:b dur:2 cpbdur:2 q:31.79 aq:29.09 tex:366 mv:453 misc:477 imb:1 pmb:61 smb:8098 d:- ref:0 ;
in:1024 out:1023 type:P dur:2 cpbdur:2 q:30.76 aq:20.66 tex:69887 mv:775 misc:2514 imb:3 pmb:728 smb:7429 d:t ref:0 ;
in:1023 out:1024 type:b dur:2 cpbdur:2 q:31.32 aq:29.08 tex:610 mv:91 misc:451 imb:0 pmb:10 smb:8150 d:t ref:0 ;
in:1026 out:1025 type:P dur:2 cpbdur:2 q:30.88 aq:20.53 tex:61577 mv:904 misc:1999 imb:6 pmb:640 smb:7514 d:t ref:0 ;
in:1025 out:1026 type:b dur:2 cpbdur:2 q:31.19 aq:29.09 tex:810 mv:157 misc:529 imb:0 pmb:49 smb:8111 d:t ref:0 ;
in:1028 out:1027 type:P dur:2 cpbdur:2 q:30.88 aq:20.68 tex:26174 mv:708 misc:1302 imb:2 pmb:271 smb:7887 d:t ref:0 ;
in:1027 out:1028 type:b dur:2 cpbdur:2 q:31.32 aq:29.08 tex:960 mv:81 misc:455 imb:1 pmb:11 smb:8148 d:t ref:0 ;
in:1031 out:1029 type:P dur:2 cpbdur:2 q:30.50 aq:21.59 tex:49599 mv:1084 misc:1469 imb:5 pmb:336 smb:7819 d:t ref:0 ;
in:1029 out:1030 type:B dur:2 cpbdur:2 q:31.23 aq:28.05 tex:993 mv:259 misc:540 imb:1 pmb:46 smb:8113 d:t ref:0 ;
in:1030 out:1031 type:b dur:2 cpbdur:2 q:31.57 aq:29.08 tex:536 mv:538 misc:550 imb:0 pmb:78 smb:8082 d:- ref:0 ;
in:1033 out:1032 type:P dur:2 cpbdur:2 q:30.29 aq:21.62 tex:33672 mv:706 misc:1694 imb:3 pmb:312 smb:7845 d:t ref:0 ;
in:1032 out:1033 type:b dur:2 cpbdur:2 q:30.90 aq:29.08 tex:563 mv:106 misc:475 imb:0 pmb:18 smb:8142 d:t ref:0 ;
in:1035 out:1034 type:P dur:2 cpbdur:2 q:30.18 aq:21.73 tex:29966 mv:640 misc:1514 imb:3 pmb:270 smb:7887 d:t ref:0 ;
in:1034 out:1035 type:b dur:2 cpbdur:2 q:30.47 aq:29.09 tex:276 mv:69 misc:439 imb:0 pmb:9 smb:8151 d:t ref:0 ;
in:1037 out:1036 type:P dur:2 cpbdur:2 q:30.19 aq:21.03 tex:44708 mv:707 misc:1849 imb:4 pmb:477 smb:7679 d:t ref:0 ;
in:1036 out:1037 type:b dur:2 cpbdur:2 q:30.44 aq:29.07 tex:657 mv:101 misc:466 imb:0 pmb:13 smb:8147 d:t ref:0 ;
in:1039 out:1038 type:P dur:2 cpbdur:2 q:30.24 aq:21.69 tex:34460 mv:902 misc:1278 imb:6 pmb:279 smb:7875 d:t ref:0 ;
in:1038 out:1039 type:b dur:2 cpbdur:2 q:30.58 aq:29.07 tex:945 mv:170 misc:509 imb:0 pmb:45 smb:8115 d:t ref:0 ;
in:1040 out:1040 type:P dur:2 cpbdur:2 q:29.97 aq:21.76 tex:37872 mv:605 misc:1747 imb:3 pmb:382 smb:7775 d:t ref:0 ;
in:1041 out:1041 type:P dur:2 cpbdur:2 q:29.96 aq:22.25 tex:35485 mv:565 misc:1318 imb:2 pmb:348 smb:7810 d:t ref:0 ;
in:1043 out:1042 type:P dur:2 cpbdur:2 q:29.97 aq:20.09 tex:36163 mv:866 misc:1011 imb:2 pmb:239 smb:7919 d:t ref:0 ;
in:1042 out:1043 type:b dur:2 cpbdur:2 q:29.98 aq:29.07 tex:517 mv:172 misc:527 imb:1 pmb:47 smb:8112 d:t ref:0 ;
in:1045 out:1044 type:P dur:2 cpbdur:2 q:29.61 aq:21.87 tex:39195 mv:988 misc:1393 imb:6 pmb:272 smb:7882 d:t ref:0 ;
in:1044 out:1045 type:b dur:2 cpbdur:2 q:29.97 aq:29.43 tex:613 mv:144 misc:523 imb:0 pmb:47 smb:8113 d:t ref:0 ;
in:1047 out:1046 type:P dur:2 cpbdur:2 q:30.02 aq:22.06 tex:49916 mv:886 misc:1446 imb:4 pmb:396 smb:7760 d:t ref:0 ;
in:1046 out:1047 type:b dur:2 cpbdur:2 q:30.03 aq:29.07 tex:1219 mv:164 misc:545 imb:1 pmb:33 smb:8126 d:t ref:0 ;
in:1050 out:1048 type:P dur:2 cpbdur:2 q:29.55 aq:22.92 tex:41322 mv:911 misc:1703 imb:5 pmb:585 smb:7570 d:t ref:0 ;
in:1048 out:1049 type:B dur:2 cpbdur:2 q:30.02 aq:28.05 tex:1328 mv:210 misc:502 imb:2 pmb:16 smb:8142 d:t ref:0 ;
in:1049 out:1050 type:b dur:2 cpbdur:2 q:30.02 aq:29.06 tex:690 mv:526 misc:704 imb:1 pmb:115 smb:8044 d:- ref:0 ;
in:1053 out:1051 type:P dur:2 cpbdur:2 q:29.83 aq:23.56 tex:73955 mv:2367 misc:990 imb:206 pmb:285 smb:7669 d:t ref:0 ;
in:1051 out:1052 type:B dur:2 cpbdur:2 q:29.85 aq:30.11 tex:13150 mv:805 misc:661 imb:18 pmb:357 smb:7785 d:t ref:0 ;
in:1052 out:1053 type:b dur:2 cpbdur:2 q:29.85 aq:30.44 tex:22911 mv:3595 misc:654 imb:114 pmb:295 smb:7751 d:- ref:0 ;
in:1054 out:1054 type:P dur:2 cpbdur:2 q:30.17 aq:24.37 tex:88595 mv:2623 misc:798 imb:217 pmb:164 smb:7779 d:t ref:0 ;
in:1056 out:1055 type:P dur:2 cpbdur:2 q:30.33 aq:22.80 tex:87854 mv:2653 misc:1061 imb:151 pmb:286 smb:7723 d:t ref:0 ;
in:1055 out:1056 type:b dur:2 cpbdur:2 q:30.72 aq:29.05 tex:832 mv:243 misc:621 imb:0 pmb:229 smb:7931 d:s ref:0 ;
in:1058 out:1057 type:P dur:2 cpbdur:2 q:29.92 aq:22.55 tex:41920 mv:1086 misc:922 imb:15 pmb:292 smb:7853 d:t ref:0 ;
in:1057 out:1058 type:b dur:2 cpbdur:2 q:30.66 aq:29.06 tex:1024 mv:169 misc:511 imb:1 pmb:44 smb:8115 d:t ref:0 ;
in:1061 out:1059 type:P dur:2 cpbdur:2 q:29.72 aq:22.31 tex:31626 mv:834 misc:828 imb:5 pmb:232 smb:7923 d:t ref:0 ;
in:1059 out:1060 type:B dur:2 cpbdur:2 q:30.25 aq:27.07 tex:949 mv:145 misc:482 imb:2 pmb:14 smb:8144 d:t ref:0 ;
in:1060 out:1061 type:b dur:2 cpbdur:2 q:30.59 aq:28.07 tex:338 mv:517 misc:489 imb:2 pmb:60 smb:8098 d:- ref:0 ;
in:1064 out:1062 type:P dur:2 cpbdur:2 q:29.35 aq:22.91 tex:16903 mv:774 misc:803 imb:6 pmb:163 smb:7991 d:t ref:0 ;
in:1062 out:1063 type:B dur:2 cpbdur:2 q:30.05 aq:27.09 tex:928 mv:118 misc:482 imb:0 pmb:14 smb:8146 d:t ref:0 ;
in:1063 out:1064 type:b dur:2 cpbdur:2 q:30.27 aq:28.08 tex:649 mv:485 misc:466 imb:1 pmb:59 smb:8100 d:- ref:0 ;
in:1069 out:1065 type:P dur:2 cpbdur:2 q:28.79 aq:24.65 tex:92997 mv:3796 misc:687 imb:479 pmb:194 smb:7487 d:t ref:0 ;
in:1066 out:1066 type:B dur:2 cpbdur:2 q:29.35 aq:27.78 tex:3634 mv:451 misc:595 imb:4 pmb:606 smb:7550 d:s ref:0 ;
in:1065 out:1067 type:b dur:2 cpbdur:2 q:29.35 aq:28.07 tex:971 mv:198 misc:511 imb:1 pmb:31 smb:8128 d:t ref:0 ;
in:1067 out:1068 type:b dur:2 cpbdur:2 q:29.35 aq:28.05 tex:984 mv:573 misc:475 imb:2 pmb:61 smb:8097 d:- ref:0 ;
in:1068 out:1069 type:b dur:2 cpbdur:2 q:29.35 aq:28.25 tex:14929 mv:1910 misc:625 imb:116 pmb:452 smb:7592 d:- ref:0 ;
in:1070 out:1070 type:I dur:2 cpbdur:2 q:29.21 aq:24.53 tex:2539241 mv:101756 misc:283 imb:8160 pmb:0 smb:0 d:s ref:;
in:1071 out:1071 type:P dur:2 cpbdur:2 q:30.52 aq:25.91 tex:25044 mv:1003 misc:1385 imb:2 pmb:550 smb:7608 d:t ref:0 ;
in:1073 out:1072 type:P dur:2 cpbdur:2 q:30.47 aq:25.97 tex:14436 mv:944 misc:1044 imb:3 pmb:343 smb:7814 d:t ref:0 ;
in:1072 out:1073 type:b dur:2 cpbdur:2 q:30.52 aq:30.06 tex:387 mv:52 misc:449 imb:1 pmb:7 smb:8152 d:t ref:0 ;
in:1075 out:1074 type:P dur:2 cpbdur:2 q:30.40 aq:27.94 tex:9912 mv:560 misc:520 imb:2 pmb:65 smb:8093 d:t ref:0 ;
in:1074 out:1075 type:b dur:2 cpbdur:2 q:30.47 aq:30.05 tex:413 mv:93 misc:486 imb:1 pmb:18 smb:8141 d:t ref:0 ;
in:1077 out:1076 type:P dur:2 cpbdur:2 q:32.14 aq:32.77 tex:465765 mv:37916 misc:775 imb:7605 pmb:423 smb:132 d:t ref:0 ;
in:1076 out:1077 type:b dur:2 cpbdur:2 q:32.40 aq:33.99 tex:3820 mv:1844 misc:640 imb:0 pmb:7972 smb:188 d:s ref:0 ;
in:1078 out:1078 type:P dur:2 cpbdur:2 q:33.27 aq:34.00 tex:393377 mv:41363 misc:852 imb:7475 pmb:447 smb:238 d:t ref:0 ;
in:1079 out:1079 type:P dur:2 cpbdur:2 q:33.62 aq:34.33 tex:392914 mv:44263 misc:1031 imb:7347 pmb:596 smb:217 d:t ref:0 ;
in:1080 out:1080 type:P dur:2 cpbdur:2 q:33.89 aq:34.45 tex:382267 mv:45887 misc:1222 imb:6968 pmb:929 smb:263 d:t ref:0 ;
in:1081 out:1081 type:P dur:2 cpbdur:2 q:34.30 aq:34.24 tex:393744 mv:48571 misc:1301 imb:6783 pmb:1093 smb:284 d:t ref:0 ;
in:1082 out:1082 type:P dur:2 cpbdur:2 q:34.55 aq:33.94 tex:377454 mv:47180 misc:2038 imb:5860 pmb:1482 smb:818 d:t ref:0 ;
in:1084 out:1083 type:P dur:2 cpbdur:2 q:35.79 aq:33.99 tex:382482 mv:45860 misc:1546 imb:6452 pmb:993 smb:715 d:t ref:0 ;
in:1083 out:1084 type:b dur:2 cpbdur:2 q:36.17 aq:37.17 tex:85965 mv:51999 misc:2548 imb:2138 pmb:4553 smb:1469 d:s ref:0 ;
in:1089 out:1085 type:P dur:2 cpbdur:2 q:36.98 aq:33.21 tex:424501 mv:47070 misc:1965 imb:5854 pmb:1328 smb:978 d:t ref:0 ;
in:1086 out:1086 type:B dur:2 cpbdur:2 q:37.14 aq:36.51 tex:72245 mv:49819 misc:2256 imb:2181 pmb:4452 smb:1527 d:s ref:0 ;
in:1085 out:1087 type:b dur:2 cpbdur:2 q:37.30 aq:38.33 tex:32000 mv:45358 misc:3162 imb:1765 pmb:4356 smb:2039 d:s ref:0 ;
in:1087 out:1088 type:b dur:2 cpbdur:2 q:37.18 aq:38.91 tex:28332 mv:21936 misc:5180 imb:872 pmb:1727 smb:5561 d:- ref:0 ;
in:1088 out:1089 type:b dur:2 cpbdur:2 q:37.18 aq:38.84 tex:28618 mv:23300 misc:4778 imb:1227 pmb:1647 smb:5286 d:- ref:0 ;
in:1091 out:1090 type:P dur:2 cpbdur:2 q:36.86 aq:32.31 tex:226163 mv:33593 misc:5508 imb:2548 pmb:3427 smb:2185 d:s ref:0 ;
in:1090 out:1091 type:b dur:2 cpbdur:2 q:37.51 aq:39.54 tex:20725 mv:15775 misc:4068 imb:577 pmb:1252 smb:6331 d:s ref:0 ;
in:1095 out:1092 type:P dur:2 cpbdur:2 q:36.90 aq:32.76 tex:181619 mv:24641 misc:5852 imb:2071 pmb:2948 smb:3141 d:s ref:0 ;
in:1093 out:1093 type:B dur:2 cpbdur:2 q:37.25 aq:36.28 tex:26156 mv:15635 misc:4481 imb:798 pmb:1377 smb:5985 d:s ref:0 ;
in:1092 out:1094 type:b dur:2 cpbdur:2 q:37.39 aq:39.58 tex:2434 mv:2732 misc:2066 imb:80 pmb:442 smb:7638 d:s ref:0 ;
in:1094 out:1095 type:b dur:2 cpbdur:2 q:37.39 aq:37.90 tex:1548 mv:2619 misc:2233 imb:35 pmb:529 smb:7596 d:- ref:0 ;
in:1099 out:1096 type:P dur:2 cpbdur:2 q:37.55 aq:34.06 tex:164641 mv:27789 misc:4562 imb:2252 pmb:2609 smb:3299 d:s ref:0 ;
in:1097 out:1097 type:B dur:2 cpbdur:2 q:37.62 aq:37.83 tex:13387 mv:10593 misc:3980 imb:391 pmb:1041 smb:6728 d:s ref:0 ;
in:1096 out:1098 type:b dur:2 cpbdur:2 q:37.72 aq:39.81 tex:6894 mv:5223 misc:2667 imb:323 pmb:550 smb:7287 d:s ref:0 ;
in:1098 out:1099 type:b dur:2 cpbdur:2 q:37.69 aq:40.07 tex:6768 mv:5199 misc:2921 imb:251 pmb:671 smb:7238 d:- ref:0 ;
in:1101 out:1100 type:P dur:2 cpbdur:2 q:36.53 aq:32.15 tex:181382 mv:26447 misc:5659 imb:2071 pmb:2922 smb:3167 d:s ref:0 ;
in:1100 out:1101 type:b dur:2 cpbdur:2 q:37.73 aq:39.63 tex:4916 mv:3844 misc:2336 imb:112 pmb:585 smb:7463 d:s ref:0 ;
in:1105 out:1102 type:P dur:2 cpbdur:2 q:36.01 aq:31.72 tex:234120 mv:29053 misc:5507 imb:2247 pmb:3380 smb:2533 d:s ref:0 ;
in:1103 out:1103 type:B dur:2 cpbdur:2 q:36.77 aq:37.24 tex:15959 mv:13430 misc:4059 imb:697 pmb:1122 smb:6341 d:t ref:0 ;
in:1102 out:1104 type:b dur:2 cpbdur:2 q:36.98 aq:39.07 tex:8477 mv:5890 misc:2681 imb:299 pmb:626 smb:7235 d:s ref:0 ;
in:1104 out:1105 type:b dur:2 cpbdur:2 q:36.94 aq:39.71 tex:8805 mv:5272 misc:2771 imb:237 pmb:660 smb:7263 d:- ref:0 ;
in:1109 out:1106 type:P dur:2 cpbdur:2 q:35.72 aq:31.55 tex:239399 mv:30786 misc:5439 imb:2275 pmb:3398 smb:2487 d:s ref:0 ;
in:1107 out:1107 type:B dur:2 cpbdur:2 q:36.49 aq:36.80 tex:16751 mv:11817 misc:4216 imb:387 pmb:1190 smb:6583 d:s ref:0 ;
in:1106 out:1108 type:b dur:2 cpbdur:2 q:36.70 aq:38.64 tex:9917 mv:6682 misc:2817 imb:426 pmb:659 smb:7075 d:s ref:0 ;
in:1108 out:1109 type:b dur:2 cpbdur:2 q:36.70 aq:38.78 tex:8464 mv:6226 misc:3014 imb:371 pmb:724 smb:7065 d:- ref:0 ;
in:1113 out:1110 type:P dur:2 cpbdur:2 q:35.17 aq:31.14 tex:269895 mv:31401 misc:5000 imb:2261 pmb:3608 smb:2291 d:s ref:0 ;
in:1111 out:1111 type:B dur:2 cpbdur:2 q:36.04 aq:36.64 tex:22827 mv:17263 misc:4718 imb:709 pmb:1468 smb:5983 d:s ref:0 ;
in:1110 out:1112 type:b dur:2 cpbdur:2 q:36.33 aq:38.14 tex:8667 mv:6894 misc:3423 imb:256 pmb:902 smb:7002 d:s ref:0 ;
in:1112 out:1113 type:b dur:2 cpbdur:2 q:36.33 aq:38.60 tex:8893 mv:6284 misc:3095 imb:271 pmb:792 smb:7097 d:- ref:0 ;
in:1115 out:1114 type:P dur:2 cpbdur:2 q:34.97 aq:30.76 tex:184758 mv:24326 misc:5748 imb:1729 pmb:3490 smb:2941 d:s ref:0 ;
in:1114 out:1115 type:b dur:2 cpbdur:2 q:35.45 aq:37.45 tex:12117 mv:7057 misc:3138 imb:383 pmb:776 smb:7001 d:t ref:0 ;
in:1119 out:1116 type:P dur:2 cpbdur:2 q:34.97 aq:30.97 tex:248517 mv:32096 misc:4715 imb:2267 pmb:3343 smb:2550 d:s ref:0 ;
in:1117 out:1117 type:B dur:2 cpbdur:2 q:35.38 aq:36.10 tex:21898 mv:15501 misc:4641 imb:614 pmb:1414 smb:6132 d:s ref:0 ;
in:1116 out:1118 type:b dur:2 cpbdur:2 q:35.66 aq:37.92 tex:12471 mv:7478 misc:3507 imb:364 pmb:882 smb:6914 d:s ref:0 ;
in:1118 out:1119 type:b dur:2 cpbdur:2 q:35.66 aq:38.05 tex:9422 mv:6577 misc:3377 imb:278 pmb:847 smb:7035 d:- ref:0 ;
in:1123 out:1120 type:P dur:2 cpbdur:2 q:35.04 aq:31.45 tex:204063 mv:29013 misc:4932 imb:2108 pmb:3154 smb:2898 d:s ref:0 ;
in:1121 out:1121 type:B dur:2 cpbdur:2 q:35.38 aq:35.74 tex:22595 mv:13876 misc:4465 imb:561 pmb:1335 smb:6264 d:t ref:0 ;
in:1120 out:1122 type:b dur:2 cpbdur:2 q:35.66 aq:38.04 tex:8805 mv:6461 misc:3086 imb:341 pmb:737 smb:7082 d:s ref:0 ;
in:1122 out:1123 type:b dur:2 cpbdur:2 q:35.67 aq:37.74 tex:8424 mv:6121 misc:3103 imb:273 pmb:760 smb:7127 d:- ref:0 ;
in:1127 out:1124 type:P dur:2 cpbdur:2 q:34.98 aq:32.03 tex:208328 mv:28489 misc:4743 imb:2132 pmb:3176 smb:2852 d:s ref:0 ;
in:1125 out:1125 type:B dur:2 cpbdur:2 q:35.30 aq:35.92 tex:19044 mv:14552 misc:4484 imb:589 pmb:1392 smb:6179 d:t ref:0 ;
in:1124 out:1126 type:b dur:2 cpbdur:2 q:35.44 aq:37.78 tex:9176 mv:5979 misc:3253 imb:214 pmb:855 smb:7091 d:s ref:0 ;
in:1126 out:1127 type:b dur:2 cpbdur:2 q:35.44 aq:37.80 tex:12367 mv:7097 misc:3360 imb:338 pmb:849 smb:6973 d:- ref:0 ;
in:1132 out:1128 type:P dur:2 cpbdur:2 q:34.60 aq:32.05 tex:208858 mv:30515 misc:4283 imb:2323 pmb:2977 smb:2860 d:s ref:0 ;
in:1129 out:1129 type:B dur:2 cpbdur:2 q:35.30 aq:34.95 tex:31346 mv:19129 misc:4733 imb:995 pmb:1669 smb:5496 d:t ref:0 ;
in:1128 out:1130 type:b dur:2 cpbdur:2 q:35.45 aq:37.55 tex:8733 mv:6536 misc:3315 imb:237 pmb:847 smb:7076 d:s ref:0 ;
in:1130 out:1131 type:b dur:2 cpbdur:2 q:35.45 aq:37.44 tex:8232 mv:6133 misc:3131 imb:154 pmb:782 smb:7224 d:- ref:0 ;
in:1131 out:1132 type:b dur:2 cpbdur:2 q:35.45 aq:37.93 tex:7020 mv:5866 misc:3242 imb:125 pmb:830 smb:7205 d:- ref:0 ;
in:1137 out:1133 type:P dur:2 cpbdur:2 q:33.87 aq:33.66 tex:159228 mv:33428 misc:4832 imb:2658 pmb:2387 smb:3115 d:s ref:0 ;
in:1134 out:1134 type:B dur:2 cpbdur:2 q:34.98 aq:35.66 tex:40106 mv:21807 misc:5719 imb:887 pmb:1971 smb:5302 d:s ref:0 ;
in:1133 out:1135 type:b dur:2 cpbdur:2 q:35.16 aq:36.57 tex:1981 mv:1765 misc:2278 imb:18 pmb:558 smb:7584 d:s ref:0 ;
in:1135 out:1136 type:b dur:2 cpbdur:2 q:35.44 aq:37.34 tex:58300 mv:29158 misc:5102 imb:1456 pmb:2161 smb:4543 d:- ref:0 ;
in:1136 out:1137 type:b dur:2 cpbdur:2 q:35.44 aq:37.05 tex:41842 mv:28771 misc:5291 imb:1247 pmb:2089 smb:4824 d:- ref:0 ;
in:1140 out:1138 type:P dur:2 cpbdur:2 q:33.96 aq:34.63 tex:278829 mv:45375 misc:2924 imb:4846 pmb:1678 smb:1636 d:s ref:0 ;
in:1138 out:1139 type:B dur:2 cpbdur:2 q:34.43 aq:35.13 tex:119919 mv:39421 misc:5180 imb:1623 pmb:2698 smb:3839 d:s ref:0 ;
in:1139 out:1140 type:b dur:2 cpbdur:2 q:34.43 aq:35.76 tex:120991 mv:45122 misc:5031 imb:2096 pmb:2756 smb:3308 d:- ref:0 ;
in:1141 out:1141 type:P dur:2 cpbdur:2 q:34.20 aq:35.09 tex:257151 mv:45043 misc:3102 imb:4737 pmb:1811 smb:1612 d:s ref:0 ;
in:1142 out:1142 type:P dur:2 cpbdur:2 q:34.22 aq:35.39 tex:277305 mv:46036 misc:2715 imb:5377 pmb:1575 smb:1208 d:s ref:0 ;
in:1143 out:1143 type:P dur:2 cpbdur:2 q:34.26 aq:35.41 tex:263479 mv:47146 misc:2215 imb:5961 pmb:1460 smb:739 d:s ref:0 ;
in:1144 out:1144 type:P dur:2 cpbdur:2 q:34.32 aq:35.32 tex:255632 mv:40899 misc:1109 imb:7020 pmb:879 smb:261 d:s ref:0 ;
in:1145 out:1145 type:I dur:2 cpbdur:2 q:30.81 aq:30.72 tex:481624 mv:20453 misc:307 imb:8160 pmb:0 smb:0 d:s ref:;
in:1147 out:1146 type:P dur:2 cpbdur:2 q:35.47 aq:31.77 tex:350124 mv:29604 misc:720 imb:7553 pmb:600 smb:7 d:s ref:0 w:5,45,-120,5,60,-109,63,-127 ;
in:1146 out:1147 type:b dur:2 cpbdur:2 q:35.85 aq:36.46 tex:3818 mv:3923 misc:1347 imb:312 pmb:204 smb:7644 d:t ref:0 ;
in:1148 out:1148 type:P dur:2 cpbdur:2 q:35.75 aq:30.61 tex:349233 mv:24871 misc:4024 imb:3579 pmb:2968 smb:1613 d:s ref:0 w:3,9,-32,5,39,-27,40,-35 ;
in:1149 out:1149 type:P dur:2 cpbdur:2 q:37.07 aq:30.72 tex:245487 mv:22488 misc:5249 imb:3276 pmb:2512 smb:2372 d:s ref:0 w:5,35,-22,6,64,0,75,-24 ;
in:1151 out:1150 type:P dur:2 cpbdur:2 q:38.38 aq:29.78 tex:470485 mv:30912 misc:3627 imb:4361 pmb:2722 smb:1077 d:s ref:0 w:6,71,-24,6,73,-18,75,-24 ;
in:1150 out:1151 type:b dur:2 cpbdur:2 q:38.48 aq:39.15 tex:3266 mv:7639 misc:1687 imb:638 pmb:307 smb:7215 d:s ref:0 ;
in:1156 out:1152 type:P dur:2 cpbdur:2 q:38.82 aq:29.20 tex:244128 mv:20471 misc:3985 imb:2605 pmb:2375 smb:3180 d:s ref:0 w:6,65,-5,6,66,-3,65,-1 ;
in:1153 out:1153 type:B dur:2 cpbdur:2 q:39.22 aq:38.27 tex:9267 mv:5839 misc:1870 imb:184 pmb:566 smb:7410 d:s ref:0 ;
in:1152 out:1154 type:b dur:2 cpbdur:2 q:39.63 aq:40.18 tex:2892 mv:3668 misc:1080 imb:221 pmb:228 smb:7711 d:s ref:0 ;
in:1154 out:1155 type:b dur:2 cpbdur:2 q:39.63 aq:39.44 tex:771 mv:1690 misc:883 imb:8 pmb:180 smb:7972 d:- ref:0 ;
in:1155 out:1156 type:b dur:2 cpbdur:2 q:39.63 aq:39.75 tex:431 mv:1566 misc:803 imb:21 pmb:147 smb:7992 d:- ref:0 ;
in:1161 out:1157 type:P dur:2 cpbdur:2 q:38.82 aq:28.83 tex:159937 mv:7269 misc:3530 imb:312 pmb:2066 smb:5782 d:s ref:0 ;
in:1158 out:1158 type:B dur:2 cpbdur:2 q:39.70 aq:38.18 tex:387 mv:950 misc:703 imb:2 pmb:149 smb:8009 d:s ref:0 ;
in:1157 out:1159 type:b dur:2 cpbdur:2 q:39.98 aq:41.24 tex:151 mv:875 misc:630 imb:4 pmb:96 smb:8060 d:s ref:0 ;
in:1159 out:1160 type:b dur:2 cpbdur:2 q:39.98 aq:34.11 tex:253 mv:650 misc:585 imb:2 pmb:77 smb:8081 d:- ref:0 ;
in:1160 out:1161 type:b dur:2 cpbdur:2 q:39.98 aq:34.12 tex:235 mv:517 misc:504 imb:2 pmb:63 smb:8095 d:- ref:0 ;
in:1166 out:1162 type:P dur:2 cpbdur:2 q:38.98 aq:28.71 tex:53843 mv:3129 misc:3580 imb:52 pmb:1137 smb:6971 d:s ref:0 ;
in:1163 out:1163 type:B dur:2 cpbdur:2 q:39.49 aq:33.51 tex:1321 mv:887 misc:560 imb:6 pmb:92 smb:8062 d:t ref:0 ;
in:1162 out:1164 type:b dur:2 cpbdur:2 q:39.76 aq:34.04 tex:186 mv:484 misc:554 imb:3 pmb:75 smb:8082 d:t ref:0 ;
in:1164 out:1165 type:b dur:2 cpbdur:2 q:39.76 aq:34.54 tex:402 mv:624 misc:558 imb:1 pmb:88 smb:8071 d:- ref:0 ;
in:1165 out:1166 type:b dur:2 cpbdur:2 q:39.76 aq:34.44 tex:236 mv:591 misc:541 imb:1 pmb:78 smb:8081 d:- ref:0 ;
in:1170 out:1167 type:P dur:2 cpbdur:2 q:39.07 aq:28.29 tex:41380 mv:2578 misc:3346 imb:65 pmb:1087 smb:7008 d:s ref:0 ;
in:1168 out:1168 type:B dur:2 cpbdur:2 q:39.73 aq:32.49 tex:570 mv:616 misc:526 imb:3 pmb:66 smb:8091 d:t ref:0 ;
in:1167 out:1169 type:b dur:2 cpbdur:2 q:39.95 aq:34.05 tex:122 mv:460 misc:514 imb:2 pmb:65 smb:8093 d:t ref:0 ;
in:1169 out:1170 type:b dur:2 cpbdur:2 q:39.95 aq:34.05 tex:127 mv:460 misc:493 imb:2 pmb:61 smb:8097 d:- ref:0 ;
in:1174 out:1171 type:P dur:2 cpbdur:2 q:37.66 aq:26.92 tex:136672 mv:5622 misc:6074 imb:219 pmb:2604 smb:5337 d:s ref:0 ;
in:1172 out:1172 type:B dur:2 cpbdur:2 q:39.33 aq:32.11 tex:413 mv:601 misc:498 imb:2 pmb:62 smb:8096 d:t ref:0 ;
in:1171 out:1173 type:b dur:2 cpbdur:2 q:39.60 aq:34.09 tex:213 mv:478 misc:485 imb:4 pmb:59 smb:8097 d:t ref:0 ;
in:1173 out:1174 type:b dur:2 cpbdur:2 q:39.60 aq:34.09 tex:238 mv:485 misc:485 imb:2 pmb:60 smb:8098 d:- ref:0 ;
in:1176 out:1175 type:P dur:2 cpbdur:2 q:37.44 aq:26.63 tex:143504 mv:3218 misc:4406 imb:25 pmb:2333 smb:5802 d:s ref:0 ;
in:1175 out:1176 type:b dur:2 cpbdur:2 q:38.14 aq:34.05 tex:419 mv:526 misc:495 imb:3 pmb:63 smb:8094 d:t ref:0 ;
in:1178 out:1177 type:P dur:2 cpbdur:2 q:37.53 aq:26.32 tex:125475 mv:2083 misc:3002 imb:20 pmb:1713 smb:6427 d:s ref:0 ;
in:1177 out:1178 type:b dur:2 cpbdur:2 q:38.02 aq:34.07 tex:246 mv:477 misc:493 imb:1 pmb:63 smb:8096 d:t ref:0 ;
in:1180 out:1179 type:P dur:2 cpbdur:2 q:37.12 aq:26.47 tex:132089 mv:2169 misc:3886 imb:43 pmb:2061 smb:6056 d:s ref:0 ;
in:1179 out:1180 type:b dur:2 cpbdur:2 q:38.01 aq:34.05 tex:311 mv:499 misc:494 imb:4 pmb:62 smb:8094 d:t ref:0 ;
in:1184 out:1181 type:P dur:2 cpbdur:2 q:37.01 aq:26.09 tex:116752 mv:2302 misc:3618 imb:50 pmb:1578 smb:6532 d:s ref:0 ;
in:1182 out:1182 type:B dur:2 cpbdur:2 q:37.56 aq:32.06 tex:505 mv:631 misc:568 imb:3 pmb:78 smb:8079 d:t ref:0 ;
in:1181 out:1183 type:b dur:2 cpbdur:2 q:37.81 aq:34.08 tex:138 mv:473 misc:557 imb:0 pmb:79 smb:8081 d:s ref:0 ;
in:1183 out:1184 type:b dur:2 cpbdur:2 q:37.81 aq:34.03 tex:421 mv:488 misc:483 imb:4 pmb:58 smb:8098 d:- ref:0 ;
in:1187 out:1185 type:P dur:2 cpbdur:2 q:36.16 aq:25.84 tex:96043 mv:2596 misc:4193 imb:33 pmb:1775 smb:6352 d:s ref:0 ;
in:1185 out:1186 type:B dur:2 cpbdur:2 q:37.21 aq:33.04 tex:372 mv:608 misc:516 imb:1 pmb:64 smb:8095 d:t ref:0 ;
in:1186 out:1187 type:b dur:2 cpbdur:2 q:37.54 aq:34.07 tex:260 mv:514 misc:490 imb:2 pmb:64 smb:8094 d:- ref:0 ;
in:1191 out:1188 type:P dur:2 cpbdur:2 q:35.92 aq:25.42 tex:135287 mv:2302 misc:4171 imb:21 pmb:1850 smb:6289 d:s ref:0 ;
in:1189 out:1189 type:B dur:2 cpbdur:2 q:36.59 aq:32.06 tex:1002 mv:645 misc:569 imb:3 pmb:78 smb:8079 d:t ref:0 ;
in:1188 out:1190 type:b dur:2 cpbdur:2 q:36.80 aq:34.05 tex:304 mv:486 misc:490 imb:2 pmb:62 smb:8096 d:s ref:0 ;
in:1190 out:1191 type:b dur:2 cpbdur:2 q:36.80 aq:34.08 tex:226 mv:495 misc:551 imb:1 pmb:79 smb:8080 d:- ref:0 ;
in:1192 out:1192 type:P dur:2 cpbdur:2 q:35.71 aq:25.06 tex:106656 mv:1514 misc:3662 imb:18 pmb:1427 smb:6715 d:s ref:0 ;
in:1193 out:1193 type:P dur:2 cpbdur:2 q:35.49 aq:25.20 tex:194538 mv:1342 misc:2848 imb:15 pmb:2302 smb:5843 d:s ref:0 ;
in:1194 out:1194 type:P dur:2 cpbdur:2 q:35.95 aq:25.05 tex:106571 mv:1417 misc:3044 imb:14 pmb:1366 smb:6780 d:s ref:0 ;
in:1195 out:1195 type:P dur:2 cpbdur:2 q:35.79 aq:24.66 tex:102670 mv:906 misc:2536 imb:5 pmb:1284 smb:6871 d:s ref:0 ;
in:1196 out:1196 type:P dur:2 cpbdur:2 q:35.41 aq:24.89 tex:60912 mv:1071 misc:3177 imb:3 pmb:978 smb:7179 d:s ref:0 ;
in:1197 out:1197 type:P dur:2 cpbdur:2 q:35.32 aq:24.78 tex:49491 mv:821 misc:2376 imb:2 pmb:656 smb:7502 d:s ref:0 ;
in:1198 out:1198 type:P dur:2 cpbdur:2 q:35.11 aq:24.52 tex:56019 mv:685 misc:1696 imb:5 pmb:585 smb:7570 d:s ref:0 ;
in:1199 out:1199 type:P dur:2 cpbdur:2 q:34.97 aq:24.30 tex:102968 mv:1039 misc:3801 imb:3 pmb:1922 smb:6235 d:s ref:0 ;
in:1201 out:1200 type:P dur:2 cpbdur:2 q:34.97 aq:24.09 tex:26798 mv:748 misc:2086 imb:3 pmb:499 smb:7658 d:s ref:0 ;
in:1200 out:1201 type:b dur:2 cpbdur:2 q:35.40 aq:34.03 tex:80 mv:448 misc:488 imb:1 pmb:62 smb:8097 d:t ref:0 ;
in:1203 out:1202 type:P dur:2 cpbdur:2 q:34.98 aq:24.68 tex:23129 mv:949 misc:1154 imb:8 pmb:299 smb:7853 d:s ref:0 ;
in:1202 out:1203 type:b dur:2 cpbdur:2 q:35.39 aq:34.06 tex:317 mv:497 misc:546 imb:3 pmb:76 smb:8081 d:t ref:0 ;
in:1206 out:1204 type:P dur:2 cpbdur:2 q:35.00 aq:24.72 tex:19535 mv:1010 misc:999 imb:6 pmb:237 smb:7917 d:s ref:0 ;
in:1204 out:1205 type:B dur:2 cpbdur:2 q:35.01 aq:33.19 tex:499 mv:641 misc:580 imb:1 pmb:80 smb:8079 d:t ref:0 ;
in:1205 out:1206 type:b dur:2 cpbdur:2 q:35.01 aq:34.06 tex:282 mv:518 misc:552 imb:1 pmb:79 smb:8080 d:- ref:0 ;
in:1209 out:1207 type:P dur:2 cpbdur:2 q:34.99 aq:23.95 tex:81645 mv:903 misc:1484 imb:6 pmb:971 smb:7183 d:s ref:0 ;
in:1207 out:1208 type:B dur:2 cpbdur:2 q:35.00 aq:33.04 tex:528 mv:617 misc:519 imb:5 pmb:59 smb:8096 d:t ref:0 ;
in:1208 out:1209 type:b dur:2 cpbdur:2 q:35.00 aq:34.04 tex:407 mv:481 misc:496 imb:1 pmb:64 smb:8095 d:- ref:0 ;
in:1210 out:1210 type:P dur:2 cpbdur:2 q:34.58 aq:24.37 tex:31520 mv:591 misc:2097 imb:1 pmb:552 smb:7607 d:s ref:0 ;
in:1213 out:1211 type:P dur:2 cpbdur:2 q:34.60 aq:24.13 tex:13184 mv:792 misc:1304 imb:6 pmb:229 smb:7925 d:s ref:0 ;
in:1211 out:1212 type:B dur:2 cpbdur:2 q:34.60 aq:33.04 tex:666 mv:580 misc:506 imb:4 pmb:59 smb:8097 d:t ref:0 ;
in:1212 out:1213 type:b dur:2 cpbdur:2 q:34.60 aq:34.03 tex:282 mv:498 misc:492 imb:4 pmb:59 smb:8097 d:- ref:0 ;
in:1214 out:1214 type:P dur:2 cpbdur:2 q:34.58 aq:25.03 tex:9059 mv:548 misc:1017 imb:3 pmb:160 smb:7997 d:s ref:0 ;
in:1216 out:1215 type:P dur:2 cpbdur:2 q:34.61 aq:24.43 tex:11878 mv:916 misc:718 imb:11 pmb:118 smb:8031 d:s ref:0 ;
in:1215 out:1216 type:b dur:2 cpbdur:2 q:34.60 aq:34.05 tex:527 mv:521 misc:552 imb:2 pmb:78 smb:8080 d:t ref:0 ;
in:1220 out:1217 type:P dur:2 cpbdur:2 q:34.64 aq:24.43 tex:9387 mv:802 misc:699 imb:9 pmb:134 smb:8017 d:s ref:0 ;
in:1218 out:1218 type:B dur:2 cpbdur:2 q:34.64 aq:32.27 tex:513 mv:615 misc:512 imb:1 pmb:67 smb:8092 d:t ref:0 ;
in:1217 out:1219 type:b dur:2 cpbdur:2 q:34.64 aq:34.05 tex:468 mv:513 misc:499 imb:2 pmb:62 smb:8096 d:t ref:0 ;
in:1219 out:1220 type:b dur:2 cpbdur:2 q:34.64 aq:34.05 tex:359 mv:466 misc:495 imb:1 pmb:63 smb:8096 d:- ref:0 ;
in:1221 out:1221 type:P dur:2 cpbdur:2 q:34.55 aq:24.15 tex:8243 mv:562 misc:923 imb:3 pmb:161 smb:7996 d:s ref:0 ;
in:1223 out:1222 type:P dur:2 cpbdur:2 q:34.53 aq:23.46 tex:4940 mv:635 misc:801 imb:5 pmb:108 smb:8047 d:s ref:0 ;
in:1222 out:1223 type:b dur:2 cpbdur:2 q:34.55 aq:34.06 tex:234 mv:451 misc:483 imb:0 pmb:64 smb:8096 d:t ref:0 ;
in:1224 out:1224 type:P dur:2 cpbdur:2 q:34.83 aq:24.74 tex:8485 mv:488 misc:851 imb:2 pmb:145 smb:8013 d:s ref:0 ;
in:1225 out:1225 type:P dur:2 cpbdur:2 q:34.97 aq:23.44 tex:11481 mv:539 misc:892 imb:4 pmb:162 smb:7994 d:s ref:0 ;
in:1226 out:1226 type:P dur:2 cpbdur:2 q:34.34 aq:24.39 tex:47581 mv:720 misc:1627 imb:7 pmb:508 smb:7645 d:s ref:0 ;
in:1227 out:1227 type:P dur:2 cpbdur:2 q:34.81 aq:25.64 tex:46480 mv:1370 misc:1366 imb:79 pmb:383 smb:7698 d:s ref:0 ;
in:1228 out:1228 type:P dur:2 cpbdur:2 q:34.78 aq:25.83 tex:33581 mv:1218 misc:1545 imb:51 pmb:367 smb:7742 d:s ref:0 ;
in:1229 out:1229 type:P dur:2 cpbdur:2 q:34.53 aq:25.88 tex:29321 mv:1084 misc:1235 imb:51 pmb:262 smb:7847 d:s ref:0 ;
in:1232 out:1230 type:P dur:2 cpbdur:2 q:34.56 aq:24.89 tex:70090 mv:1540 misc:1106 imb:63 pmb:253 smb:7844 d:s ref:0 ;
in:1230 out:1231 type:B dur:2 cpbdur:2 q:34.80 aq:35.21 tex:1149 mv:878 misc:661 imb:4 pmb:145 smb:8011 d:s ref:0 ;
in:1231 out:1232 type:b dur:2 cpbdur:2 q:34.80 aq:35.38 tex:589 mv:730 misc:577 imb:2 pmb:97 smb:8061 d:- ref:0 ;
in:1236 out:1233 type:P dur:2 cpbdur:2 q:34.57 aq:24.54 tex:40158 mv:1378 misc:1640 imb:8 pmb:503 smb:7649 d:s ref:0 ;
in:1234 out:1234 type:B dur:2 cpbdur:2 q:34.84 aq:32.79 tex:857 mv:816 misc:591 imb:1 pmb:90 smb:8069 d:t ref:0 ;
in:1233 out:1235 type:b dur:2 cpbdur:2 q:34.84 aq:34.07 tex:475 mv:469 misc:496 imb:2 pmb:60 smb:8098 d:t ref:0 ;
in:1235 out:1236 type:b dur:2 cpbdur:2 q:34.84 aq:34.07 tex:662 mv:547 misc:519 imb:3 pmb:63 smb:8094 d:- ref:0 ;
in:1240 out:1237 type:P dur:2 cpbdur:2 q:34.40 aq:25.44 tex:21032 mv:852 misc:1420 imb:8 pmb:313 smb:7839 d:s ref:0 ;
in:1238 out:1238 type:B dur:2 cpbdur:2 q:34.76 aq:31.08 tex:415 mv:523 misc:502 imb:1 pmb:60 smb:8099 d:t ref:0 ;
in:1237 out:1239 type:b dur:2 cpbdur:2 q:34.96 aq:33.04 tex:202 mv:466 misc:492 imb:2 pmb:60 smb:8098 d:s ref:0 ;
in:1239 out:1240 type:b dur:2 cpbdur:2 q:34.96 aq:33.08 tex:331 mv:459 misc:474 imb:1 pmb:59 smb:8100 d:- ref:0 ;
in:1241 out:1241 type:P dur:2 cpbdur:2 q:34.79 aq:24.08 tex:43167 mv:640 misc:1609 imb:3 pmb:541 smb:7616 d:s ref:0 ;
in:1245 out:1242 type:P dur:2 cpbdur:2 q:34.53 aq:23.09 tex:50934 mv:870 misc:1900 imb:7 pmb:597 smb:7556 d:s ref:0 ;
in:1243 out:1243 type:B dur:2 cpbdur:2 q:35.26 aq:31.38 tex:764 mv:571 misc:505 imb:0 pmb:61 smb:8099 d:t ref:0 ;
in:1242 out:1244 type:b dur:2 cpbdur:2 q:35.75 aq:33.06 tex:326 mv:480 misc:490 imb:3 pmb:59 smb:8098 d:s ref:0 ;
in:1244 out:1245 type:b dur:2 cpbdur:2 q:35.75 aq:33.07 tex:349 mv:496 misc:483 imb:1 pmb:61 smb:8098 d:- ref:0 ;
in:1246 out:1246 type:P dur:2 cpbdur:2 q:34.39 aq:23.20 tex:48850 mv:613 misc:2009 imb:3 pmb:578 smb:7579 d:s ref:0 ;
in:1249 out:1247 type:P dur:2 cpbdur:2 q:34.55 aq:22.91 tex:168364 mv:959 misc:2229 imb:5 pmb:1579 smb:6576 d:s ref:0 ;
in:1247 out:1248 type:B dur:2 cpbdur:2 q:35.03 aq:32.09 tex:360 mv:519 misc:497 imb:0 pmb:61 smb:8099 d:t ref:0 ;
in:1248 out:1249 type:b dur:2 cpbdur:2 q:35.11 aq:33.08 tex:421 mv:504 misc:475 imb:1 pmb:60 smb:8099 d:- ref:0 ;
in:1250 out:1250 type:P dur:2 cpbdur:2 q:34.66 aq:23.63 tex:58432 mv:674 misc:1742 imb:4 pmb:610 smb:7546 d:s ref:0 ;
in:1252 out:1251 type:P dur:2 cpbdur:2 q:34.43 aq:23.15 tex:72532 mv:1057 misc:2595 imb:8 pmb:937 smb:7215 d:s ref:0 ;
in:1251 out:1252 type:b dur:2 cpbdur:2 q:34.89 aq:33.01 tex:259 mv:516 misc:553 imb:3 pmb:75 smb:8082 d:t ref:0 ;
in:1254 out:1253 type:P dur:2 cpbdur:2 q:34.50 aq:23.57 tex:30709 mv:941 misc:2006 imb:4 pmb:527 smb:7629 d:s ref:0 ;
in:1253 out:1254 type:b dur:2 cpbdur:2 q:34.97 aq:33.04 tex:295 mv:501 misc:548 imb:1 pmb:77 smb:8082 d:t ref:0 ;
in:1255 out:1255 type:P dur:2 cpbdur:2 q:34.44 aq:22.85 tex:32178 mv:592 misc:2150 imb:3 pmb:526 smb:7631 d:s ref:0 ;
in:1257 out:1256 type:P dur:2 cpbdur:2 q:34.39 aq:23.37 tex:81555 mv:845 misc:2584 imb:5 pmb:999 smb:7156 d:s ref:0 ;
in:1256 out:1257 type:b dur:2 cpbdur:2 q:34.91 aq:33.05 tex:198 mv:456 misc:490 imb:1 pmb:61 smb:8098 d:t ref:0 ;
in:1258 out:1258 type:P dur:2 cpbdur:2 q:34.09 aq:23.39 tex:61052 mv:694 misc:2350 imb:2 pmb:754 smb:7404 d:s ref:0 ;
in:1259 out:1259 type:P dur:2 cpbdur:2 q:33.81 aq:22.78 tex:109877 mv:759 misc:2532 imb:3 pmb:1287 smb:6870 d:s ref:0 ;
in:1260 out:1260 type:P dur:2 cpbdur:2 q:33.85 aq:23.20 tex:50935 mv:845 misc:2164 imb:7 pmb:612 smb:7541 d:s ref:0 ;
in:1261 out:1261 type:P dur:2 cpbdur:2 q:33.66 aq:23.26 tex:40033 mv:562 misc:1877 imb:3 pmb:538 smb:7619 d:s ref:0 ;
in:1263 out:1262 type:P dur:2 cpbdur:2 q:33.83 aq:23.41 tex:15976 mv:646 misc:1186 imb:3 pmb:239 smb:7918 d:t ref:0 ;
in:1262 out:1263 type:b dur:2 cpbdur:2 q:34.04 aq:33.06 tex:387 mv:466 misc:475 imb:2 pmb:58 smb:8100 d:t ref:0 ;
in:1264 out:1264 type:P dur:2 cpbdur:2 q:33.94 aq:22.46 tex:31837 mv:540 misc:1311 imb:4 pmb:358 smb:7798 d:s ref:0 ;
in:1268 out:1265 type:P dur:2 cpbdur:2 q:34.04 aq:24.17 tex:21625 mv:771 misc:1060 imb:6 pmb:231 smb:7923 d:s ref:0 ;
in:1266 out:1266 type:B dur:2 cpbdur:2 q:34.25 aq:31.05 tex:373 mv:553 misc:482 imb:1 pmb:59 smb:8100 d:t ref:0 ;
in:1265 out:1267 type:b dur:2 cpbdur:2 q:34.36 aq:33.07 tex:186 mv:449 misc:477 imb:1 pmb:59 smb:8100 d:s ref:0 ;
in:1267 out:1268 type:b dur:2 cpbdur:2 q:34.36 aq:33.06 tex:118 mv:472 misc:474 imb:3 pmb:56 smb:8101 d:- ref:0 ;
in:1272 out:1269 type:P dur:2 cpbdur:2 q:34.26 aq:21.96 tex:50886 mv:1016 misc:1546 imb:9 pmb:694 smb:7457 d:s ref:0 ;
in:1270 out:1270 type:B dur:2 cpbdur:2 q:34.53 aq:30.08 tex:657 mv:584 misc:511 imb:0 pmb:64 smb:8096 d:t ref:0 ;
in:1269 out:1271 type:b dur:2 cpbdur:2 q:34.67 aq:32.06 tex:389 mv:486 misc:477 imb:3 pmb:59 smb:8098 d:t ref:0 ;
in:1271 out:1272 type:b dur:2 cpbdur:2 q:34.67 aq:32.06 tex:348 mv:509 misc:495 imb:2 pmb:62 smb:8096 d:- ref:0 ;
in:1277 out:1273 type:P dur:2 cpbdur:2 q:33.31 aq:23.22 tex:28546 mv:1184 misc:1398 imb:9 pmb:298 smb:7853 d:s ref:0 ;
in:1274 out:1274 type:B dur:2 cpbdur:2 q:34.37 aq:29.08 tex:997 mv:703 misc:556 imb:3 pmb:78 smb:8079 d:t ref:0 ;
in:1273 out:1275 type:b dur:2 cpbdur:2 q:34.56 aq:32.05 tex:282 mv:496 misc:486 imb:1 pmb:64 smb:8095 d:t ref:0 ;
in:1275 out:1276 type:b dur:2 cpbdur:2 q:34.56 aq:32.07 tex:395 mv:587 misc:546 imb:2 pmb:76 smb:8082 d:- ref:0 ;
in:1276 out:1277 type:b dur:2 cpbdur:2 q:34.56 aq:32.54 tex:418 mv:582 misc:544 imb:0 pmb:77 smb:8083 d:- ref:0 ;
in:1279 out:1278 type:P dur:2 cpbdur:2 q:33.69 aq:23.67 tex:120567 mv:2355 misc:2694 imb:132 pmb:1073 smb:6955 d:t ref:0 ;
in:1278 out:1279 type:b dur:2 cpbdur:2 q:33.91 aq:33.56 tex:4373 mv:1555 misc:728 imb:34 pmb:119 smb:8007 d:t ref:0 ;
in:1281 out:1280 type:P dur:2 cpbdur:2 q:33.68 aq:22.92 tex:94297 mv:3003 misc:2196 imb:102 pmb:762 smb:7296 d:t ref:0 ;
in:1280 out:1281 type:b dur:2 cpbdur:2 q:34.13 aq:33.35 tex:4803 mv:1631 misc:726 imb:25 pmb:127 smb:8008 d:t ref:0 ;
in:1283 out:1282 type:P dur:2 cpbdur:2 q:33.61 aq:22.50 tex:98731 mv:2319 misc:2406 imb:59 pmb:850 smb:7251 d:t ref:0 ;
in:1282 out:1283 type:b dur:2 cpbdur:2 q:34.01 aq:34.33 tex:3237 mv:1193 misc:674 imb:16 pmb:108 smb:8036 d:t ref:0 ;
in:1284 out:1284 type:P dur:2 cpbdur:2 q:33.60 aq:22.35 tex:68213 mv:750 misc:2141 imb:4 pmb:917 smb:7239 d:t ref:0 ;
in:1288 out:1285 type:P dur:2 cpbdur:2 q:33.50 aq:23.38 tex:57121 mv:1486 misc:1801 imb:7 pmb:656 smb:7497 d:t ref:0 ;
in:1286 out:1286 type:B dur:2 cpbdur:2 q:34.15 aq:32.04 tex:791 mv:236 misc:565 imb:1 pmb:49 smb:8110 d:t ref:0 ;
in:1285 out:1287 type:b dur:2 cpbdur:2 q:34.26 aq:32.08 tex:316 mv:152 misc:524 imb:0 pmb:47 smb:8113 d:t ref:0 ;
in:1287 out:1288 type:b dur:2 cpbdur:2 q:34.26 aq:32.06 tex:515 mv:529 misc:492 imb:4 pmb:58 smb:8098 d:- ref:0 ;
in:1292 out:1289 type:P dur:2 cpbdur:2 q:33.59 aq:22.59 tex:30320 mv:969 misc:1687 imb:9 pmb:428 smb:7723 d:t ref:0 ;
in:1290 out:1290 type:B dur:2 cpbdur:2 q:33.97 aq:30.05 tex:671 mv:142 misc:491 imb:3 pmb:11 smb:8146 d:t ref:0 ;
in:1289 out:1291 type:b dur:2 cpbdur:2 q:34.44 aq:32.08 tex:157 mv:87 misc:460 imb:0 pmb:9 smb:8151 d:t ref:0 ;
in:1291 out:1292 type:b dur:2 cpbdur:2 q:34.44 aq:32.05 tex:411 mv:499 misc:498 imb:4 pmb:60 smb:8096 d:- ref:0 ;
in:1295 out:1293 type:P dur:2 cpbdur:2 q:33.67 aq:24.74 tex:20846 mv:873 misc:1145 imb:7 pmb:247 smb:7906 d:t ref:0 ;
in:1293 out:1294 type:B dur:2 cpbdur:2 q:34.07 aq:31.08 tex:269 mv:87 misc:476 imb:1 pmb:10 smb:8149 d:t ref:0 ;
in:1294 out:1295 type:b dur:2 cpbdur:2 q:34.55 aq:32.08 tex:220 mv:462 misc:502 imb:0 pmb:65 smb:8095 d:- ref:0 ;
in:1299 out:1296 type:P dur:2 cpbdur:2 q:33.67 aq:22.37 tex:90313 mv:950 misc:1841 imb:8 pmb:1253 smb:6899 d:t ref:0 ;
in:1297 out:1297 type:B dur:2 cpbdur:2 q:34.06 aq:29.97 tex:531 mv:127 misc:486 imb:2 pmb:10 smb:8148 d:t ref:0 ;
in:1296 out:1298 type:b dur:2 cpbdur:2 q:34.36 aq:32.09 tex:79 mv:63 misc:442 imb:1 pmb:6 smb:8153 d:t ref:0 ;
in:1298 out:1299 type:b dur:2 cpbdur:2 q:34.36 aq:32.06 tex:189 mv:458 misc:497 imb:1 pmb:64 smb:8095 d:- ref:0 ;
in:1302 out:1300 type:P dur:2 cpbdur:2 q:33.46 aq:22.13 tex:56453 mv:939 misc:1936 imb:9 pmb:648 smb:7503 d:t ref:0 ;
in:1300 out:1301 type:B dur:2 cpbdur:2 q:34.09 aq:31.48 tex:2190 mv:349 misc:525 imb:2 pmb:39 smb:8119 d:t ref:0 ;
in:1301 out:1302 type:b dur:2 cpbdur:2 q:34.42 aq:32.05 tex:290 mv:523 misc:547 imb:4 pmb:75 smb:8081 d:- ref:0 ;
in:1305 out:1303 type:P dur:2 cpbdur:2 q:33.27 aq:22.14 tex:145058 mv:1174 misc:3976 imb:6 pmb:1695 smb:6459 d:t ref:0 ;
in:1303 out:1304 type:B dur:2 cpbdur:2 q:33.93 aq:31.06 tex:600 mv:79 misc:457 imb:0 pmb:10 smb:8150 d:t ref:0 ;
in:1304 out:1305 type:b dur:2 cpbdur:2 q:34.03 aq:32.04 tex:585 mv:537 misc:502 imb:3 pmb:62 smb:8095 d:- ref:0 ;
in:1308 out:1306 type:P dur:2 cpbdur:2 q:33.24 aq:21.93 tex:31438 mv:861 misc:2109 imb:7 pmb:481 smb:7672 d:t ref:0 ;
in:1306 out:1307 type:B dur:2 cpbdur:2 q:33.55 aq:31.25 tex:979 mv:127 misc:478 imb:3 pmb:9 smb:8148 d:t ref:0 ;
in:1307 out:1308 type:b dur:2 cpbdur:2 q:33.77 aq:32.00 tex:19 mv:484 misc:497 imb:2 pmb:63 smb:8095 d:- ref:0 ;
in:1312 out:1309 type:P dur:2 cpbdur:2 q:33.16 aq:23.22 tex:59053 mv:1152 misc:2131 imb:10 pmb:676 smb:7474 d:t ref:0 ;
in:1310 out:1310 type:B dur:2 cpbdur:2 q:33.52 aq:30.05 tex:536 mv:221 misc:539 imb:1 pmb:45 smb:8114 d:t ref:0 ;
in:1309 out:1311 type:b dur:2 cpbdur:2 q:33.76 aq:32.06 tex:200 mv:55 misc:441 imb:0 pmb:7 smb:8153 d:t ref:0 ;
in:1311 out:1312 type:b dur:2 cpbdur:2 q:33.76 aq:32.09 tex:212 mv:485 misc:551 imb:0 pmb:80 smb:8080 d:- ref:0 ;
in:1314 out:1313 type:P dur:2 cpbdur:2 q:32.83 aq:22.30 tex:77605 mv:848 misc:3051 imb:4 pmb:1065 smb:7091 d:t ref:0 ;
in:1313 out:1314 type:b dur:2 cpbdur:2 q:33.54 aq:32.06 tex:621 mv:59 misc:440 imb:0 pmb:8 smb:8152 d:t ref:0 ;
in:1318 out:1315 type:P dur:2 cpbdur:2 q:32.61 aq:22.50 tex:29165 mv:1238 misc:2165 imb:19 pmb:431 smb:7710 d:t ref:0 ;
in:1316 out:1316 type:B dur:2 cpbdur:2 q:33.15 aq:30.05 tex:833 mv:229 misc:578 imb:1 pmb:48 smb:8111 d:t ref:0 ;
in:1315 out:1317 type:b dur:2 cpbdur:2 q:33.47 aq:32.08 tex:366 mv:55 misc:443 imb:0 pmb:6 smb:8154 d:t ref:0 ;
in:1317 out:1318 type:b dur:2 cpbdur:2 q:33.47 aq:33.56 tex:356 mv:536 misc:540 imb:1 pmb:80 smb:8079 d:- ref:0 ;
in:1321 out:1319 type:P dur:2 cpbdur:2 q:32.67 aq:23.26 tex:39442 mv:1370 misc:1516 imb:13 pmb:383 smb:7764 d:t ref:0 ;
in:1319 out:1320 type:B dur:2 cpbdur:2 q:32.88 aq:30.63 tex:3255 mv:831 misc:626 imb:12 pmb:98 smb:8050 d:t ref:0 ;
in:1320 out:1321 type:b dur:2 cpbdur:2 q:32.88 aq:31.52 tex:349 mv:661 misc:678 imb:1 pmb:126 smb:8033 d:- ref:0 ;
in:1324 out:1322 type:P dur:2 cpbdur:2 q:32.93 aq:21.71 tex:77653 mv:1526 misc:2293 imb:15 pmb:809 smb:7336 d:t ref:0 ;
in:1322 out:1323 type:B dur:2 cpbdur:2 q:33.18 aq:32.30 tex:2479 mv:614 misc:643 imb:4 pmb:88 smb:8068 d:t ref:0 ;
in:1323 out:1324 type:b dur:2 cpbdur:2 q:33.34 aq:31.85 tex:2292 mv:1113 misc:667 imb:14 pmb:124 smb:8022 d:- ref:0 ;
in:1326 out:1325 type:P dur:2 cpbdur:2 q:33.21 aq:21.47 tex:59006 mv:2072 misc:1514 imb:63 pmb:444 smb:7653 d:t ref:0 ;
in:1325 out:1326 type:b dur:2 cpbdur:2 q:33.57 aq:31.06 tex:261 mv:232 misc:539 imb:0 pmb:124 smb:8036 d:s ref:0 ;
in:1331 out:1327 type:P dur:2 cpbdur:2 q:32.23 aq:22.50 tex:56398 mv:1659 misc:2407 imb:19 pmb:628 smb:7513 d:t ref:0 ;
in:1328 out:1328 type:B dur:2 cpbdur:2 q:33.35 aq:30.88 tex:4433 mv:754 misc:669 imb:6 pmb:98 smb:8056 d:t ref:0 ;
in:1327 out:1329 type:b dur:2 cpbdur:2 q:33.62 aq:31.09 tex:137 mv:232 misc:607 imb:0 pmb:92 smb:8068 d:t ref:0 ;
in:1329 out:1330 type:b dur:2 cpbdur:2 q:33.62 aq:31.09 tex:469 mv:609 misc:570 imb:2 pmb:77 smb:8081 d:- ref:0 ;
in:1330 out:1331 type:b dur:2 cpbdur:2 q:33.62 aq:31.08 tex:184 mv:568 misc:576 imb:1 pmb:84 smb:8075 d:- ref:0 ;
in:1334 out:1332 type:P dur:2 cpbdur:2 q:32.45 aq:22.22 tex:77964 mv:1867 misc:2305 imb:29 pmb:782 smb:7349 d:t ref:0 ;
in:1332 out:1333 type:B dur:2 cpbdur:2 q:32.81 aq:30.35 tex:343 mv:236 misc:597 imb:0 pmb:99 smb:8061 d:t ref:0 ;
in:1333 out:1334 type:b dur:2 cpbdur:2 q:33.12 aq:31.04 tex:284 mv:587 misc:641 imb:2 pmb:101 smb:8057 d:- ref:0 ;
in:1336 out:1335 type:P dur:2 cpbdur:2 q:32.28 aq:21.77 tex:135679 mv:1694 misc:3467 imb:21 pmb:1421 smb:6718 d:t ref:0 ;
in:1335 out:1336 type:b dur:2 cpbdur:2 q:32.72 aq:31.08 tex:433 mv:179 misc:556 imb:1 pmb:91 smb:8068 d:t ref:0 ;
in:1340 out:1337 type:P dur:2 cpbdur:2 q:32.32 aq:22.03 tex:58200 mv:1374 misc:2218 imb:13 pmb:622 smb:7525 d:t ref:0 ;
in:1338 out:1338 type:B dur:2 cpbdur:2 q:32.64 aq:31.59 tex:4438 mv:876 misc:630 imb:6 pmb:96 smb:8058 d:t ref:0 ;
in:1337 out:1339 type:b dur:2 cpbdur:2 q:32.98 aq:31.08 tex:115 mv:192 misc:621 imb:1 pmb:84 smb:8075 d:t ref:0 ;
in:1339 out:1340 type:b dur:2 cpbdur:2 q:32.98 aq:31.03 tex:366 mv:557 misc:637 imb:2 pmb:104 smb:8054 d:- ref:0 ;
in:1344 out:1341 type:P dur:2 cpbdur:2 q:32.45 aq:21.77 tex:74935 mv:2077 misc:1580 imb:44 pmb:468 smb:7648 d:t ref:0 ;
in:1342 out:1342 type:B dur:2 cpbdur:2 q:32.62 aq:30.01 tex:2773 mv:1108 misc:647 imb:6 pmb:134 smb:8020 d:t ref:0 ;
in:1341 out:1343 type:b dur:2 cpbdur:2 q:32.85 aq:32.30 tex:2799 mv:737 misc:576 imb:4 pmb:101 smb:8055 d:t ref:0 ;
in:1343 out:1344 type:b dur:2 cpbdur:2 q:32.84 aq:31.05 tex:409 mv:519 misc:592 imb:1 pmb:92 smb:8067 d:- ref:0 ;
in:1346 out:1345 type:P dur:2 cpbdur:2 q:32.21 aq:21.46 tex:135257 mv:915 misc:2772 imb:5 pmb:1527 smb:6628 d:t ref:0 ;
in:1345 out:1346 type:b dur:2 cpbdur:2 q:32.68 aq:31.08 tex:172 mv:95 misc:437 imb:0 pmb:6 smb:8154 d:t ref:0 ;
in:1351 out:1347 type:P dur:2 cpbdur:2 q:32.56 aq:21.20 tex:26852 mv:1162 misc:1042 imb:11 pmb:212 smb:7937 d:t ref:0 ;
in:1348 out:1348 type:B dur:2 cpbdur:2 q:32.80 aq:28.39 tex:824 mv:364 misc:564 imb:1 pmb:55 smb:8104 d:t ref:0 ;
in:1347 out:1349 type:b dur:2 cpbdur:2 q:32.89 aq:31.05 tex:128 mv:174 misc:522 imb:2 pmb:42 smb:8116 d:t ref:0 ;
in:1349 out:1350 type:b dur:2 cpbdur:2 q:32.89 aq:31.06 tex:621 mv:586 misc:505 imb:1 pmb:66 smb:8093 d:- ref:0 ;
in:1350 out:1351 type:b dur:2 cpbdur:2 q:32.89 aq:31.05 tex:674 mv:553 misc:493 imb:2 pmb:61 smb:8097 d:- ref:0 ;
in:1354 out:1352 type:P dur:2 cpbdur:2 q:32.58 aq:21.06 tex:89649 mv:1156 misc:1971 imb:7 pmb:965 smb:7188 d:t ref:0 ;
in:1352 out:1353 type:B dur:2 cpbdur:2 q:32.86 aq:30.16 tex:887 mv:197 misc:524 imb:3 pmb:38 smb:8119 d:t ref:0 ;
in:1353 out:1354 type:b dur:2 cpbdur:2 q:33.04 aq:31.05 tex:323 mv:487 misc:494 imb:2 pmb:63 smb:8095 d:- ref:0 ;
in:1359 out:1355 type:P dur:2 cpbdur:2 q:32.16 aq:22.89 tex:90550 mv:1667 misc:1895 imb:41 pmb:774 smb:7345 d:t ref:0 ;
in:1356 out:1356 type:B dur:2 cpbdur:2 q:32.87 aq:27.63 tex:2093 mv:578 misc:673 imb:3 pmb:258 smb:7899 d:s ref:0 ;
in:1355 out:1357 type:b dur:2 cpbdur:2 q:32.99 aq:31.06 tex:466 mv:113 misc:469 imb:0 pmb:12 smb:8148 d:t ref:0 ;
in:1357 out:1358 type:b dur:2 cpbdur:2 q:32.99 aq:31.08 tex:332 mv:629 misc:583 imb:1 pmb:119 smb:8040 d:- ref:0 ;
in:1358 out:1359 type:b dur:2 cpbdur:2 q:32.99 aq:31.05 tex:626 mv:645 misc:633 imb:2 pmb:128 smb:8030 d:- ref:0 ;
in:1361 out:1360 type:P dur:2 cpbdur:2 q:32.32 aq:22.21 tex:147253 mv:1991 misc:2964 imb:152 pmb:1164 smb:6844 d:t ref:0 ;
in:1360 out:1361 type:b dur:2 cpbdur:2 q:32.81 aq:33.17 tex:10000 mv:1956 misc:620 imb:15 pmb:201 smb:7944 d:t ref:0 ;
in:1362 out:1362 type:P dur:2 cpbdur:2 q:32.19 aq:22.29 tex:94269 mv:2182 misc:2149 imb:68 pmb:684 smb:7408 d:t ref:0 ;
in:1363 out:1363 type:P dur:2 cpbdur:2 q:31.77 aq:21.91 tex:147477 mv:1872 misc:3451 imb:37 pmb:1368 smb:6755 d:t ref:0 ;
in:1365 out:1364 type:P dur:2 cpbdur:2 q:31.43 aq:22.23 tex:99579 mv:1486 misc:2671 imb:26 pmb:861 smb:7273 d:t ref:0 ;
in:1364 out:1365 type:b dur:2 cpbdur:2 q:32.01 aq:33.14 tex:1672 mv:725 misc:595 imb:0 pmb:119 smb:8041 d:t ref:0 ;
in:1366 out:1366 type:P dur:2 cpbdur:2 q:31.49 aq:21.42 tex:122039 mv:1538 misc:2927 imb:16 pmb:1069 smb:7075 d:t ref:0 ;
in:1370 out:1367 type:P dur:2 cpbdur:2 q:31.46 aq:22.10 tex:41370 mv:925 misc:1929 imb:7 pmb:479 smb:7674 d:t ref:0 ;
in:1368 out:1368 type:B dur:2 cpbdur:2 q:31.63 aq:29.08 tex:706 mv:205 misc:513 imb:0 pmb:21 smb:8139 d:t ref:0 ;
in:1367 out:1369 type:b dur:2 cpbdur:2 q:31.76 aq:31.08 tex:479 mv:72 misc:441 imb:0 pmb:7 smb:8153 d:t ref:0 ;
in:1369 out:1370 type:b dur:2 cpbdur:2 q:31.76 aq:31.06 tex:219 mv:471 misc:502 imb:2 pmb:62 smb:8096 d:- ref:0 ;
in:1374 out:1371 type:P dur:2 cpbdur:2 q:31.09 aq:22.71 tex:42126 mv:1193 misc:1785 imb:9 pmb:440 smb:7711 d:t ref:0 ;
in:1372 out:1372 type:B dur:2 cpbdur:2 q:31.53 aq:29.04 tex:1109 mv:204 misc:527 imb:2 pmb:42 smb:8116 d:t ref:0 ;
in:1371 out:1373 type:b dur:2 cpbdur:2 q:31.53 aq:31.43 tex:690 mv:177 misc:509 imb:1 pmb:42 smb:8117 d:t ref:0 ;
in:1373 out:1374 type:b dur:2 cpbdur:2 q:31.53 aq:30.05 tex:373 mv:496 misc:483 imb:4 pmb:59 smb:8097 d:- ref:0 ;
in:1376 out:1375 type:P dur:2 cpbdur:2 q:30.98 aq:21.84 tex:30284 mv:949 misc:1511 imb:5 pmb:287 smb:7868 d:t ref:0 ;
in:1375 out:1376 type:b dur:2 cpbdur:2 q:31.09 aq:30.06 tex:1033 mv:148 misc:523 imb:0 pmb:47 smb:8113 d:t ref:0 ;
in:1377 out:1377 type:P dur:2 cpbdur:2 q:31.27 aq:22.14 tex:50425 mv:619 misc:1956 imb:1 pmb:668 smb:7491 d:t ref:0 ;
in:1378 out:1378 type:P dur:2 cpbdur:2 q:30.96 aq:21.46 tex:28106 mv:597 misc:1425 imb:3 pmb:259 smb:7898 d:t ref:0 ;
in:1379 out:1379 type:P dur:2 cpbdur:2 q:30.97 aq:20.32 tex:69344 mv:640 misc:2552 imb:4 pmb:647 smb:7509 d:t ref:0 ;
in:1380 out:1380 type:P dur:2 cpbdur:2 q:30.98 aq:21.69 tex:20266 mv:526 misc:904 imb:1 pmb:143 smb:8016 d:t ref:0 ;
in:1381 out:1381 type:P dur:2 cpbdur:2 q:30.98 aq:21.26 tex:13538 mv:513 misc:829 imb:2 pmb:117 smb:8041 d:t ref:0 ;
in:1383 out:1382 type:P dur:2 cpbdur:2 q:30.98 aq:20.09 tex:12492 mv:650 misc:618 imb:5 pmb:82 smb:8073 d:t ref:0 ;
in:1382 out:1383 type:b dur:2 cpbdur:2 q:30.98 aq:30.06 tex:233 mv:97 misc:454 imb:0 pmb:11 smb:8149 d:t ref:0 ;
in:1386 out:1384 type:P dur:2 cpbdur:2 q:30.95 aq:20.10 tex:16149 mv:746 misc:577 imb:6 pmb:73 smb:8081 d:t ref:0 ;
in:1384 out:1385 type:B dur:2 cpbdur:2 q:30.98 aq:29.32 tex:3371 mv:375 misc:526 imb:5 pmb:37 smb:8118 d:t ref:0 ;
in:1385 out:1386 type:b dur:2 cpbdur:2 q:30.98 aq:30.46 tex:583 mv:553 misc:552 imb:2 pmb:78 smb:8080 d:- ref:0 ;
in:1390 out:1387 type:P dur:2 cpbdur:2 q:30.91 aq:21.09 tex:14766 mv:756 misc:654 imb:7 pmb:87 smb:8066 d:t ref:0 ;
in:1388 out:1388 type:B dur:2 cpbdur:2 q:30.95 aq:28.25 tex:2856 mv:239 misc:513 imb:3 pmb:21 smb:8136 d:t ref:0 ;
in:1387 out:1389 type:b dur:2 cpbdur:2 q:30.95 aq:30.05 tex:471 mv:174 misc:491 imb:1 pmb:25 smb:8134 d:t ref:0 ;
in:1389 out:1390 type:b dur:2 cpbdur:2 q:30.95 aq:30.07 tex:516 mv:474 misc:514 imb:0 pmb:71 smb:8089 d:- ref:0 ;
in:1392 out:1391 type:P dur:2 cpbdur:2 q:30.83 aq:23.98 tex:26741 mv:955 misc:936 imb:10 pmb:170 smb:7980 d:t ref:0 ;
in:1391 out:1392 type:b dur:2 cpbdur:2 q:30.91 aq:30.06 tex:534 mv:145 misc:505 imb:0 pmb:44 smb:8116 d:t ref:0 ;
in:1394 out:1393 type:P dur:2 cpbdur:2 q:30.80 aq:24.64 tex:12024 mv:632 misc:712 imb:4 pmb:100 smb:8056 d:t ref:0 ;
in:1393 out:1394 type:b dur:2 cpbdur:2 q:30.83 aq:30.06 tex:706 mv:61 misc:473 imb:0 pmb:14 smb:8146 d:t ref:0 ;
in:1395 out:1395 type:I dur:2 cpbdur:2 q:33.30 aq:23.85 tex:2633492 mv:98753 misc:275 imb:8160 pmb:0 smb:0 d:t ref:;
in:1398 out:1396 type:P dur:2 cpbdur:2 q:33.09 aq:23.95 tex:60820 mv:1433 misc:3379 imb:8 pmb:1552 smb:6600 d:t ref:0 ;
in:1396 out:1397 type:B dur:2 cpbdur:2 q:33.67 aq:24.06 tex:9863 mv:691 misc:1358 imb:1 pmb:283 smb:7876 d:s ref:0 ;
in:1397 out:1398 type:b dur:2 cpbdur:2 q:33.96 aq:32.08 tex:438 mv:550 misc:548 imb:1 pmb:79 smb:8080 d:- ref:0 ;
in:1400 out:1399 type:P dur:2 cpbdur:2 q:32.64 aq:23.51 tex:46571 mv:871 misc:2006 imb:1 pmb:745 smb:7414 d:t ref:0 ;
in:1399 out:1400 type:b dur:2 cpbdur:2 q:33.41 aq:31.09 tex:317 mv:38 misc:437 imb:0 pmb:6 smb:8154 d:t ref:0 ;
in:1403 out:1401 type:P dur:2 cpbdur:2 q:32.49 aq:25.11 tex:23637 mv:1049 misc:1250 imb:9 pmb:322 smb:7829 d:t ref:0 ;
in:1401 out:1402 type:B dur:2 cpbdur:2 q:33.06 aq:30.65 tex:62 mv:145 misc:513 imb:0 pmb:42 smb:8118 d:t ref:0 ;
in:1402 out:1403 type:b dur:2 cpbdur:2 q:33.48 aq:31.06 tex:340 mv:506 misc:546 imb:2 pmb:78 smb:8080 d:- ref:0 ;
in:1405 out:1404 type:P dur:2 cpbdur:2 q:32.31 aq:24.13 tex:14225 mv:682 misc:1085 imb:2 pmb:213 smb:7945 d:t ref:0 ;
in:1404 out:1405 type:b dur:2 cpbdur:2 q:32.49 aq:31.03 tex:76 mv:59 misc:441 imb:0 pmb:6 smb:8154 d:t ref:0 ;
in:1406 out:1406 type:P dur:2 cpbdur:2 q:32.62 aq:24.51 tex:20661 mv:564 misc:999 imb:2 pmb:259 smb:7899 d:t ref:0 ;
in:1407 out:1407 type:P dur:2 cpbdur:2 q:31.73 aq:22.96 tex:25031 mv:697 misc:1848 imb:2 pmb:429 smb:7729 d:t ref:0 ;
in:1409 out:1408 type:P dur:2 cpbdur:2 q:31.67 aq:23.81 tex:12663 mv:726 misc:1059 imb:4 pmb:172 smb:7984 d:t ref:0 ;
in:1408 out:1409 type:b dur:2 cpbdur:2 q:31.73 aq:31.09 tex:643 mv:65 misc:436 imb:0 pmb:9 smb:8151 d:t ref:0 ;
in:1411 out:1410 type:P dur:2 cpbdur:2 q:31.94 aq:23.04 tex:11786 mv:737 misc:773 imb:5 pmb:203 smb:7952 d:t ref:0 ;
in:1410 out:1411 type:b dur:2 cpbdur:2 q:31.96 aq:31.05 tex:634 mv:97 misc:453 imb:1 pmb:9 smb:8150 d:t ref:0 ;
in:1413 out:1412 type:P dur:2 cpbdur:2 q:32.14 aq:23.07 tex:7314 mv:559 misc:679 imb:0 pmb:197 smb:7963 d:t ref:0 ;
in:1412 out:1413 type:b dur:2 cpbdur:2 q:32.19 aq:31.06 tex:671 mv:62 misc:467 imb:0 pmb:17 smb:8143 d:t ref:0 ;
in:1415 out:1414 type:P dur:2 cpbdur:2 q:31.44 aq:23.32 tex:11215 mv:685 misc:572 imb:6 pmb:98 smb:8056 d:t ref:0 ;
in:1414 out:1415 type:b dur:2 cpbdur:2 q:32.14 aq:31.07 tex:498 mv:126 misc:472 imb:1 pmb:13 smb:8146 d:t ref:0 ;
in:1418 out:1416 type:P dur:2 cpbdur:2 q:31.36 aq:24.67 tex:15227 mv:1072 misc:581 imb:2 pmb:123 smb:8035 d:t ref:0 ;
in:1416 out:1417 type:B dur:2 cpbdur:2 q:31.44 aq:30.04 tex:929 mv:121 misc:502 imb:1 pmb:20 smb:8139 d:t ref:0 ;
in:1417 out:1418 type:b dur:2 cpbdur:2 q:31.44 aq:31.01 tex:326 mv:477 misc:501 imb:2 pmb:63 smb:8095 d:- ref:0 ;
in:1424 out:1419 type:P dur:2 cpbdur:2 q:31.39 aq:26.03 tex:92922 mv:3138 misc:620 imb:500 pmb:156 smb:7504 d:t ref:0 ;
in:1421 out:1420 type:B dur:2 cpbdur:2 q:31.40 aq:28.30 tex:4009 mv:581 misc:954 imb:1 pmb:209 smb:7950 d:t ref:0 ;
in:1419 out:1421 type:b dur:2 cpbdur:2 q:31.41 aq:31.05 tex:381 mv:290 misc:553 imb:0 pmb:531 smb:7629 d:s ref:0 ;
in:1420 out:1422 type:b dur:2 cpbdur:2 q:31.41 aq:31.31 tex:789 mv:330 misc:537 imb:1 pmb:537 smb:7622 d:s ref:0 ;
in:1422 out:1423 type:b dur:2 cpbdur:2 q:31.40 aq:31.08 tex:15264 mv:2567 misc:609 imb:194 pmb:392 smb:7574 d:- ref:0 ;
in:1423 out:1424 type:b dur:2 cpbdur:2 q:31.40 aq:31.02 tex:1889 mv:779 misc:748 imb:2 pmb:197 smb:7961 d:- ref:0 ;
in:1427 out:1425 type:P dur:2 cpbdur:2 q:31.21 aq:25.38 tex:15132 mv:1379 misc:1105 imb:12 pmb:298 smb:7850 d:t ref:0 ;
in:1425 out:1426 type:B dur:2 cpbdur:2 q:31.39 aq:29.05 tex:745 mv:127 misc:576 imb:1 pmb:26 smb:8133 d:t ref:0 ;
in:1426 out:1427 type:b dur:2 cpbdur:2 q:31.39 aq:31.03 tex:191 mv:476 misc:469 imb:1 pmb:59 smb:8100 d:- ref:0 ;
in:1429 out:1428 type:P dur:2 cpbdur:2 q:31.11 aq:29.90 tex:6543 mv:635 misc:574 imb:4 pmb:78 smb:8078 d:t ref:0 ;
in:1428 out:1429 type:b dur:2 cpbdur:2 q:31.21 aq:31.02 tex:181 mv:101 misc:462 imb:1 pmb:10 smb:8149 d:t ref:0 ;
in:1430 out:1430 type:I dur:2 cpbdur:2 q:29.03 aq:29.12 tex:1116313 mv:81783 misc:336 imb:8160 pmb:0 smb:0 d:s ref:;
in:1431 out:1431 type:P dur:2 cpbdur:2 q:33.13 aq:33.21 tex:353162 mv:35140 misc:1146 imb:6211 pmb:464 smb:1485 d:t ref:0 ;
in:1432 out:1432 type:P dur:2 cpbdur:2 q:33.53 aq:33.83 tex:358580 mv:38659 misc:1169 imb:6481 pmb:610 smb:1069 d:t ref:0 ;
in:1433 out:1433 type:P dur:2 cpbdur:2 q:34.19 aq:34.66 tex:350761 mv:41764 misc:1251 imb:6681 pmb:800 smb:679 d:t ref:0 ;
in:1434 out:1434 type:P dur:2 cpbdur:2 q:35.41 aq:35.37 tex:300809 mv:41581 misc:1602 imb:6463 pmb:1006 smb:691 d:t ref:0 ;
in:1435 out:1435 type:P dur:2 cpbdur:2 q:35.42 aq:35.03 tex:283682 mv:42406 misc:1968 imb:6311 pmb:1119 smb:730 d:t ref:0 ;
in:1436 out:1436 type:P dur:2 cpbdur:2 q:36.38 aq:35.58 tex:216232 mv:37591 misc:3241 imb:4659 pmb:1502 smb:1999 d:t ref:0 ;
in:1437 out:1437 type:P dur:2 cpbdur:2 q:36.36 aq:34.93 tex:170758 mv:33236 misc:4046 imb:3672 pmb:2174 smb:2314 d:t ref:0 ;
in:1438 out:1438 type:P dur:2 cpbdur:2 q:36.16 aq:34.16 tex:158783 mv:32857 misc:4888 imb:3082 pmb:2414 smb:2664 d:t ref:0 ;
in:1439 out:1439 type:P dur:2 cpbdur:2 q:36.55 aq:33.93 tex:167886 mv:32123 misc:4223 imb:3226 pmb:2323 smb:2611 d:t ref:0 ;
in:1440 out:1440 type:P dur:2 cpbdur:2 q:37.41 aq:33.68 tex:183225 mv:29379 misc:5500 imb:2034 pmb:2552 smb:3574 d:t ref:0 ;
in:1445 out:1441 type:P dur:2 cpbdur:2 q:36.90 aq:31.64 tex:333770 mv:39625 misc:3013 imb:3539 pmb:2900 smb:1721 d:t ref:0 ;
in:1442 out:1442 type:B dur:2 cpbdur:2 q:37.64 aq:37.10 tex:29671 mv:40123 misc:3158 imb:1360 pmb:4026 smb:2774 d:s ref:0 ;
in:1441 out:1443 type:b dur:2 cpbdur:2 q:37.74 aq:39.62 tex:13567 mv:32134 misc:3667 imb:905 pmb:4151 smb:3104 d:s ref:0 ;
in:1443 out:1444 type:b dur:2 cpbdur:2 q:37.67 aq:40.07 tex:23701 mv:16894 misc:4069 imb:651 pmb:1173 smb:6336 d:- ref:0 ;
in:1444 out:1445 type:b dur:2 cpbdur:2 q:37.67 aq:39.90 tex:12235 mv:10537 misc:2884 imb:547 pmb:724 smb:6889 d:- ref:0 ;
in:1450 out:1446 type:P dur:2 cpbdur:2 q:37.54 aq:32.44 tex:220453 mv:21315 misc:5064 imb:2383 pmb:2964 smb:2813 d:s ref:0 ;
in:1447 out:1447 type:B dur:2 cpbdur:2 q:38.01 aq:37.17 tex:4611 mv:3667 misc:2210 imb:67 pmb:459 smb:7634 d:s ref:0 ;
in:1446 out:1448 type:b dur:2 cpbdur:2 q:38.01 aq:36.90 tex:252 mv:628 misc:688 imb:1 pmb:119 smb:8040 d:s ref:0 ;
in:1448 out:1449 type:b dur:2 cpbdur:2 q:38.01 aq:39.49 tex:2471 mv:2019 misc:1174 imb:61 pmb:207 smb:7892 d:- ref:0 ;
in:1449 out:1450 type:b dur:2 cpbdur:2 q:38.01 aq:40.18 tex:2923 mv:2665 misc:1516 imb:79 pmb:273 smb:7808 d:- ref:0 ;
in:1455 out:1451 type:P dur:2 cpbdur:2 q:37.92 aq:32.64 tex:156877 mv:23047 misc:5316 imb:2418 pmb:2635 smb:3107 d:s ref:0 ;
in:1452 out:1452 type:B dur:2 cpbdur:2 q:38.05 aq:38.29 tex:12080 mv:8810 misc:3502 imb:475 pmb:852 smb:6833 d:s ref:0 ;
in:1451 out:1453 type:b dur:2 cpbdur:2 q:38.13 aq:38.57 tex:1886 mv:2024 misc:1394 imb:30 pmb:297 smb:7833 d:s ref:0 ;
in:1453 out:1454 type:b dur:2 cpbdur:2 q:38.13 aq:40.51 tex:2000 mv:1989 misc:1315 imb:33 pmb:238 smb:7889 d:- ref:0 ;
in:1454 out:1455 type:b dur:2 cpbdur:2 q:38.13 aq:40.56 tex:2679 mv:3059 misc:1766 imb:120 pmb:348 smb:7692 d:- ref:0 ;
in:1461 out:1456 type:P dur:2 cpbdur:2 q:37.10 aq:31.75 tex:249567 mv:26842 misc:5231 imb:2444 pmb:3525 smb:2191 d:s ref:0 ;
in:1458 out:1457 type:B dur:2 cpbdur:2 q:38.37 aq:38.14 tex:12501 mv:9044 misc:3263 imb:515 pmb:703 smb:6942 d:s ref:0 ;
in:1456 out:1458 type:b dur:2 cpbdur:2 q:38.46 aq:40.25 tex:1327 mv:2628 misc:1381 imb:77 pmb:273 smb:7810 d:s ref:0 ;
in:1457 out:1459 type:b dur:2 cpbdur:2 q:38.46 aq:40.59 tex:1642 mv:1950 misc:1272 imb:45 pmb:223 smb:7892 d:s ref:0 ;
in:1459 out:1460 type:b dur:2 cpbdur:2 q:38.46 aq:40.69 tex:903 mv:1499 misc:1006 imb:11 pmb:184 smb:7965 d:- ref:0 ;
in:1460 out:1461 type:b dur:2 cpbdur:2 q:38.46 aq:40.40 tex:1908 mv:2351 misc:1373 imb:101 pmb:249 smb:7810 d:- ref:0 ;
in:1467 out:1462 type:P dur:2 cpbdur:2 q:37.08 aq:32.05 tex:229695 mv:24458 misc:5383 imb:2068 pmb:3386 smb:2706 d:s ref:0 ;
in:1464 out:1463 type:B dur:2 cpbdur:2 q:37.48 aq:37.27 tex:16901 mv:10763 misc:3704 imb:548 pmb:1020 smb:6592 d:s ref:0 ;
in:1462 out:1464 type:b dur:2 cpbdur:2 q:37.64 aq:40.80 tex:2899 mv:2967 misc:1750 imb:83 pmb:382 smb:7695 d:s ref:0 ;
in:1463 out:1465 type:b dur:2 cpbdur:2 q:37.64 aq:40.08 tex:2635 mv:2936 misc:1573 imb:93 pmb:321 smb:7746 d:s ref:0 ;
in:1465 out:1466 type:b dur:2 cpbdur:2 q:37.64 aq:40.74 tex:1936 mv:1982 misc:1298 imb:19 pmb:283 smb:7858 d:- ref:0 ;
in:1466 out:1467 type:b dur:2 cpbdur:2 q:37.64 aq:40.69 tex:2395 mv:2313 misc:1308 imb:115 pmb:208 smb:7837 d:- ref:0 ;
in:1470 out:1468 type:P dur:2 cpbdur:2 q:37.09 aq:32.22 tex:175534 mv:23066 misc:4568 imb:2231 pmb:2803 smb:3126 d:s ref:0 ;
in:1468 out:1469 type:B dur:2 cpbdur:2 q:38.13 aq:39.49 tex:3497 mv:4310 misc:1937 imb:246 pmb:382 smb:7532 d:s ref:0 ;
in:1469 out:1470 type:b dur:2 cpbdur:2 q:38.25 aq:40.30 tex:2845 mv:2652 misc:1735 imb:48 pmb:382 smb:7730 d:- ref:0 ;
in:1473 out:1471 type:P dur:2 cpbdur:2 q:36.64 aq:31.46 tex:217608 mv:21492 misc:4740 imb:1920 pmb:3132 smb:3108 d:s ref:0 ;
in:1471 out:1472 type:B dur:2 cpbdur:2 q:37.83 aq:39.70 tex:3128 mv:3342 misc:1498 imb:150 pmb:281 smb:7729 d:t ref:0 ;
in:1472 out:1473 type:b dur:2 cpbdur:2 q:37.95 aq:40.26 tex:2094 mv:2160 misc:1258 imb:79 pmb:222 smb:7859 d:- ref:0 ;
in:1479 out:1474 type:P dur:2 cpbdur:2 q:35.63 aq:30.41 tex:280521 mv:27555 misc:3772 imb:2159 pmb:3170 smb:2831 d:s ref:0 ;
in:1476 out:1475 type:B dur:2 cpbdur:2 q:37.02 aq:36.29 tex:21114 mv:11204 misc:3650 imb:672 pmb:980 smb:6508 d:s ref:0 ;
in:1474 out:1476 type:b dur:2 cpbdur:2 q:37.21 aq:38.75 tex:2752 mv:2694 misc:1370 imb:143 pmb:258 smb:7759 d:s ref:0 ;
in:1475 out:1477 type:b dur:2 cpbdur:2 q:37.21 aq:38.91 tex:2589 mv:2914 misc:1633 imb:101 pmb:320 smb:7739 d:s ref:0 ;
in:1477 out:1478 type:b dur:2 cpbdur:2 q:37.21 aq:39.43 tex:4679 mv:4333 misc:1916 imb:131 pmb:465 smb:7564 d:- ref:0 ;
in:1478 out:1479 type:b dur:2 cpbdur:2 q:37.21 aq:39.84 tex:5585 mv:4338 misc:1693 imb:149 pmb:431 smb:7580 d:- ref:0 ;
in:1482 out:1480 type:P dur:2 cpbdur:2 q:35.65 aq:30.57 tex:207998 mv:21746 misc:4792 imb:1766 pmb:3253 smb:3141 d:s ref:0 ;
in:1480 out:1481 type:B dur:2 cpbdur:2 q:36.28 aq:37.38 tex:5274 mv:4030 misc:1904 imb:185 pmb:423 smb:7552 d:t ref:0 ;
in:1481 out:1482 type:b dur:2 cpbdur:2 q:36.68 aq:37.94 tex:4616 mv:5001 misc:1863 imb:267 pmb:462 smb:7431 d:- ref:0 ;
in:1488 out:1483 type:P dur:2 cpbdur:2 q:35.31 aq:30.21 tex:290294 mv:27041 misc:4145 imb:2061 pmb:3450 smb:2649 d:s ref:0 ;
in:1485 out:1484 type:B dur:2 cpbdur:2 q:35.80 aq:35.44 tex:21578 mv:10844 misc:4090 imb:468 pmb:1197 smb:6495 d:s ref:0 ;
in:1483 out:1485 type:b dur:2 cpbdur:2 q:36.12 aq:37.66 tex:6377 mv:5399 misc:2016 imb:392 pmb:416 smb:7352 d:s ref:0 ;
in:1484 out:1486 type:b dur:2 cpbdur:2 q:36.01 aq:37.99 tex:4868 mv:4181 misc:1903 imb:241 pmb:405 smb:7514 d:s ref:0 ;
in:1486 out:1487 type:b dur:2 cpbdur:2 q:36.01 aq:38.22 tex:4463 mv:4158 misc:1923 imb:95 pmb:469 smb:7596 d:- ref:0 ;
in:1487 out:1488 type:b dur:2 cpbdur:2 q:36.01 aq:37.95 tex:4130 mv:4531 misc:1971 imb:143 pmb:436 smb:7581 d:- ref:0 ;
in:1491 out:1489 type:P dur:2 cpbdur:2 q:36.02 aq:30.64 tex:210490 mv:22773 misc:4801 imb:1915 pmb:2985 smb:3260 d:s ref:0 ;
in:1489 out:1490 type:B dur:2 cpbdur:2 q:36.20 aq:36.82 tex:6005 mv:7606 misc:2085 imb:547 pmb:516 smb:7097 d:s ref:0 ;
in:1490 out:1491 type:b dur:2 cpbdur:2 q:36.38 aq:38.24 tex:1882 mv:2802 misc:1476 imb:66 pmb:334 smb:7760 d:- ref:0 ;
in:1497 out:1492 type:P dur:2 cpbdur:2 q:35.66 aq:30.44 tex:234019 mv:25401 misc:4548 imb:1849 pmb:3413 smb:2898 d:s ref:0 ;
in:1494 out:1493 type:B dur:2 cpbdur:2 q:36.22 aq:35.15 tex:27854 mv:15314 misc:3640 imb:909 pmb:1172 smb:6079 d:s ref:0 ;
in:1492 out:1494 type:b dur:2 cpbdur:2 q:36.40 aq:37.20 tex:2046 mv:2496 misc:1426 imb:25 pmb:340 smb:7795 d:s ref:0 ;
in:1493 out:1495 type:b dur:2 cpbdur:2 q:36.40 aq:37.13 tex:2797 mv:2545 misc:1538 imb:28 pmb:359 smb:7773 d:s ref:0 ;
in:1495 out:1496 type:b dur:2 cpbdur:2 q:36.40 aq:38.45 tex:3543 mv:3669 misc:1996 imb:92 pmb:460 smb:7608 d:- ref:0 ;
in:1496 out:1497 type:b dur:2 cpbdur:2 q:36.40 aq:38.68 tex:3185 mv:2805 misc:1738 imb:54 pmb:378 smb:7728 d:- ref:0 ;
in:1503 out:1498 type:P dur:2 cpbdur:2 q:35.24 aq:30.14 tex:267573 mv:27771 misc:4064 imb:2282 pmb:3342 smb:2536 d:s ref:0 ;
in:1500 out:1499 type:B dur:2 cpbdur:2 q:35.92 aq:35.74 tex:20334 mv:12321 misc:3881 imb:522 pmb:1136 smb:6502 d:s ref:0 ;
in:1498 out:1500 type:b dur:2 cpbdur:2 q:36.16 aq:38.13 tex:7116 mv:5055 misc:2109 imb:188 pmb:543 smb:7429 d:s ref:0 ;
in:1499 out:1501 type:b dur:2 cpbdur:2 q:36.15 aq:37.50 tex:6444 mv:5916 misc:2040 imb:284 pmb:526 smb:7350 d:s ref:0 ;
in:1501 out:1502 type:b dur:2 cpbdur:2 q:36.15 aq:38.04 tex:5502 mv:5521 misc:2345 imb:300 pmb:493 smb:7367 d:- ref:0 ;
in:1502 out:1503 type:b dur:2 cpbdur:2 q:36.15 aq:38.51 tex:6474 mv:6088 misc:2310 imb:348 pmb:525 smb:7287 d:- ref:0 ;
in:1506 out:1504 type:P dur:2 cpbdur:2 q:35.44 aq:30.24 tex:197663 mv:19925 misc:4660 imb:1949 pmb:2987 smb:3224 d:s ref:0 ;
in:1504 out:1505 type:B dur:2 cpbdur:2 q:35.83 aq:36.93 tex:5456 mv:4400 misc:1880 imb:213 pmb:437 smb:7510 d:t ref:0 ;
in:1505 out:1506 type:b dur:2 cpbdur:2 q:36.06 aq:38.60 tex:3557 mv:3065 misc:1586 imb:123 pmb:296 smb:7741 d:- ref:0 ;
in:1512 out:1507 type:P dur:2 cpbdur:2 q:35.12 aq:30.28 tex:271730 mv:27995 misc:4131 imb:2023 pmb:3216 smb:2921 d:s ref:0 ;
in:1509 out:1508 type:B dur:2 cpbdur:2 q:35.68 aq:34.76 tex:28714 mv:15207 misc:4023 imb:856 pmb:1300 smb:6004 d:s ref:0 ;
in:1507 out:1509 type:b dur:2 cpbdur:2 q:35.91 aq:38.57 tex:4791 mv:4629 misc:1860 imb:284 pmb:380 smb:7496 d:s ref:0 ;
in:1508 out:1510 type:b dur:2 cpbdur:2 q:35.91 aq:38.11 tex:5332 mv:4323 misc:1801 imb:253 pmb:343 smb:7564 d:s ref:0 ;
in:1510 out:1511 type:b dur:2 cpbdur:2 q:35.91 aq:38.52 tex:5659 mv:5715 misc:2426 imb:210 pmb:598 smb:7352 d:- ref:0 ;
in:1511 out:1512 type:b dur:2 cpbdur:2 q:35.91 aq:38.27 tex:6435 mv:6489 misc:2364 imb:300 pmb:549 smb:7311 d:- ref:0 ;
in:1518 out:1513 type:P dur:2 cpbdur:2 q:35.05 aq:30.43 tex:267810 mv:27898 misc:4012 imb:2103 pmb:3253 smb:2804 d:s ref:0 ;
in:1515 out:1514 type:B dur:2 cpbdur:2 q:35.36 aq:34.80 tex:31449 mv:15875 misc:3988 imb:1044 pmb:1208 smb:5908 d:s ref:0 ;
in:1513 out:1515 type:b dur:2 cpbdur:2 q:35.69 aq:37.78 tex:7654 mv:5385 misc:2177 imb:312 pmb:470 smb:7378 d:s ref:0 ;
in:1514 out:1516 type:b dur:2 cpbdur:2 q:35.57 aq:37.74 tex:7287 mv:5671 misc:2226 imb:350 pmb:491 smb:7319 d:s ref:0 ;
in:1516 out:1517 type:b dur:2 cpbdur:2 q:35.57 aq:37.78 tex:7490 mv:5443 misc:2227 imb:324 pmb:439 smb:7397 d:- ref:0 ;
in:1517 out:1518 type:b dur:2 cpbdur:2 q:35.57 aq:37.69 tex:4647 mv:4560 misc:1809 imb:334 pmb:316 smb:7510 d:- ref:0 ;
in:1524 out:1519 type:P dur:2 cpbdur:2 q:35.21 aq:30.88 tex:224794 mv:25891 misc:4179 imb:2039 pmb:3026 smb:3095 d:s ref:0 ;
in:1521 out:1520 type:B dur:2 cpbdur:2 q:35.50 aq:34.29 tex:29040 mv:16809 misc:3991 imb:1027 pmb:1380 smb:5753 d:s ref:0 ;
in:1519 out:1521 type:b dur:2 cpbdur:2 q:35.73 aq:37.82 tex:5364 mv:4560 misc:1924 imb:253 pmb:381 smb:7526 d:s ref:0 ;
in:1520 out:1522 type:b dur:2 cpbdur:2 q:35.73 aq:37.89 tex:4246 mv:4332 misc:1798 imb:252 pmb:328 smb:7580 d:s ref:0 ;
in:1522 out:1523 type:b dur:2 cpbdur:2 q:35.73 aq:37.90 tex:4215 mv:4650 misc:2223 imb:157 pmb:518 smb:7485 d:- ref:0 ;
in:1523 out:1524 type:b dur:2 cpbdur:2 q:35.73 aq:38.38 tex:5235 mv:4910 misc:2319 imb:221 pmb:522 smb:7417 d:- ref:0 ;
in:1530 out:1525 type:P dur:2 cpbdur:2 q:34.82 aq:31.27 tex:190481 mv:25068 misc:3971 imb:2075 pmb:2864 smb:3221 d:s ref:0 ;
in:1527 out:1526 type:B dur:2 cpbdur:2 q:35.59 aq:35.19 tex:23692 mv:15194 misc:4210 imb:889 pmb:1298 smb:5973 d:s ref:0 ;
in:1525 out:1527 type:b dur:2 cpbdur:2 q:35.78 aq:38.59 tex:4712 mv:4306 misc:1854 imb:284 pmb:333 smb:7543 d:s ref:0 ;
in:1526 out:1528 type:b dur:2 cpbdur:2 q:35.78 aq:37.88 tex:5934 mv:4499 misc:2071 imb:236 pmb:414 smb:7510 d:s ref:0 ;
in:1528 out:1529 type:b dur:2 cpbdur:2 q:35.78 aq:38.19 tex:4143 mv:3663 misc:1994 imb:139 pmb:386 smb:7635 d:- ref:0 ;
in:1529 out:1530 type:b dur:2 cpbdur:2 q:35.78 aq:37.75 tex:7487 mv:4560 misc:2273 imb:220 pmb:506 smb:7434 d:- ref:0 ;
in:1536 out:1531 type:P dur:2 cpbdur:2 q:34.24 aq:32.27 tex:142147 mv:22172 misc:4169 imb:1963 pmb:2460 smb:3737 d:s ref:0 ;
in:1533 out:1532 type:B dur:2 cpbdur:2 q:35.47 aq:33.98 tex:31123 mv:16218 misc:3763 imb:1126 pmb:1144 smb:5890 d:s ref:0 ;
in:1531 out:1533 type:b dur:2 cpbdur:2 q:35.64 aq:37.81 tex:6385 mv:5120 misc:2143 imb:290 pmb:433 smb:7437 d:s ref:0 ;
in:1532 out:1534 type:b dur:2 cpbdur:2 q:35.64 aq:37.52 tex:6992 mv:6192 misc:2296 imb:314 pmb:541 smb:7305 d:s ref:0 ;
in:1534 out:1535 type:b dur:2 cpbdur:2 q:35.63 aq:37.89 tex:4910 mv:3367 misc:1867 imb:110 pmb:391 smb:7659 d:- ref:0 ;
in:1535 out:1536 type:b dur:2 cpbdur:2 q:35.63 aq:38.37 tex:5435 mv:4789 misc:2040 imb:294 pmb:394 smb:7472 d:- ref:0 ;
in:1538 out:1537 type:P dur:2 cpbdur:2 q:33.89 aq:32.81 tex:76409 mv:18312 misc:3823 imb:2148 pmb:1459 smb:4553 d:s ref:0 ;
in:1537 out:1538 type:b dur:2 cpbdur:2 q:34.62 aq:36.61 tex:9915 mv:6595 misc:2834 imb:269 pmb:756 smb:7135 d:s ref:0 ;
in:1539 out:1539 type:I dur:2 cpbdur:2 q:31.96 aq:26.74 tex:2187796 mv:144175 misc:317 imb:8160 pmb:0 smb:0 d:s ref:;
in:1543 out:1540 type:P dur:2 cpbdur:2 q:34.83 aq:30.12 tex:231472 mv:21276 misc:4124 imb:1707 pmb:2773 smb:3680 d:s ref:0 ;
in:1541 out:1541 type:B dur:2 cpbdur:2 q:34.94 aq:35.07 tex:16867 mv:6583 misc:3326 imb:183 pmb:1002 smb:6975 d:s ref:0 ;
in:1540 out:1542 type:b dur:2 cpbdur:2 q:34.94 aq:36.32 tex:1695 mv:1351 misc:1850 imb:8 pmb:417 smb:7735 d:s ref:0 ;
in:1542 out:1543 type:b dur:2 cpbdur:2 q:34.94 aq:35.94 tex:3088 mv:2389 misc:2067 imb:20 pmb:556 smb:7584 d:- ref:0 ;
in:1547 out:1544 type:P dur:2 cpbdur:2 q:35.25 aq:30.56 tex:251831 mv:21392 misc:4449 imb:1774 pmb:2892 smb:3494 d:s ref:0 ;
in:1545 out:1545 type:B dur:2 cpbdur:2 q:35.34 aq:34.82 tex:13097 mv:5783 misc:3416 imb:159 pmb:1029 smb:6972 d:s ref:0 ;
in:1544 out:1546 type:b dur:2 cpbdur:2 q:35.34 aq:37.11 tex:2278 mv:2346 misc:1848 imb:41 pmb:467 smb:7652 d:s ref:0 ;
in:1546 out:1547 type:b dur:2 cpbdur:2 q:35.34 aq:36.28 tex:1354 mv:1198 misc:1576 imb:9 pmb:302 smb:7849 d:- ref:0 ;
in:1549 out:1548 type:P dur:2 cpbdur:2 q:35.22 aq:29.99 tex:127823 mv:13801 misc:5400 imb:945 pmb:2413 smb:4802 d:s ref:0 ;
in:1548 out:1549 type:b dur:2 cpbdur:2 q:35.35 aq:37.11 tex:2523 mv:1709 misc:1560 imb:28 pmb:351 smb:7781 d:s ref:0 ;
in:1552 out:1550 type:P dur:2 cpbdur:2 q:35.89 aq:30.75 tex:204453 mv:21755 misc:4696 imb:1777 pmb:2902 smb:3481 d:s ref:0 ;
in:1550 out:1551 type:B dur:2 cpbdur:2 q:35.90 aq:36.14 tex:8321 mv:4209 misc:2886 imb:68 pmb:850 smb:7242 d:s ref:0 ;
in:1551 out:1552 type:b dur:2 cpbdur:2 q:35.90 aq:37.62 tex:1801 mv:2146 misc:1557 imb:70 pmb:316 smb:7774 d:- ref:0 ;
in:1555 out:1553 type:P dur:2 cpbdur:2 q:35.83 aq:30.62 tex:177748 mv:17234 misc:5138 imb:1225 pmb:2935 smb:4000 d:s ref:0 ;
in:1553 out:1554 type:B dur:2 cpbdur:2 q:35.92 aq:36.11 tex:4289 mv:2462 misc:1657 imb:68 pmb:336 smb:7756 d:t ref:0 ;
in:1554 out:1555 type:b dur:2 cpbdur:2 q:35.92 aq:35.60 tex:1895 mv:1336 misc:1281 imb:4 pmb:288 smb:7868 d:- ref:0 ;
in:1559 out:1556 type:P dur:2 cpbdur:2 q:36.52 aq:31.41 tex:163698 mv:19824 misc:4886 imb:1680 pmb:2931 smb:3549 d:s ref:0 ;
in:1557 out:1557 type:B dur:2 cpbdur:2 q:36.52 aq:36.16 tex:14123 mv:5833 misc:2476 imb:173 pmb:596 smb:7391 d:s ref:0 ;
in:1556 out:1558 type:b dur:2 cpbdur:2 q:36.52 aq:36.88 tex:1925 mv:1784 misc:1507 imb:22 pmb:320 smb:7818 d:s ref:0 ;
in:1558 out:1559 type:b dur:2 cpbdur:2 q:36.52 aq:37.75 tex:2136 mv:1803 misc:1365 imb:10 pmb:313 smb:7837 d:- ref:0 ;
in:1561 out:1560 type:P dur:2 cpbdur:2 q:36.87 aq:31.50 tex:114286 mv:13916 misc:5286 imb:1065 pmb:2298 smb:4797 d:s ref:0 ;
in:1560 out:1561 type:b dur:2 cpbdur:2 q:36.93 aq:35.96 tex:1506 mv:1517 misc:1433 imb:13 pmb:338 smb:7809 d:s ref:0 ;
in:1565 out:1562 type:P dur:2 cpbdur:2 q:37.15 aq:31.80 tex:164064 mv:20644 misc:5076 imb:1425 pmb:2978 smb:3757 d:s ref:0 ;
in:1563 out:1563 type:B dur:2 cpbdur:2 q:37.18 aq:37.00 tex:7979 mv:5037 misc:2464 imb:102 pmb:637 smb:7421 d:s ref:0 ;
in:1562 out:1564 type:b dur:2 cpbdur:2 q:37.18 aq:35.97 tex:1345 mv:1451 misc:1372 imb:13 pmb:275 smb:7872 d:s ref:0 ;
in:1564 out:1565 type:b dur:2 cpbdur:2 q:37.18 aq:36.21 tex:2353 mv:1498 misc:1245 imb:13 pmb:286 smb:7861 d:- ref:0 ;
in:1569 out:1566 type:P dur:2 cpbdur:2 q:37.22 aq:32.32 tex:163406 mv:21518 misc:4804 imb:1854 pmb:3023 smb:3283 d:s ref:0 ;
in:1567 out:1567 type:B dur:2 cpbdur:2 q:37.26 aq:37.29 tex:8051 mv:3989 misc:2272 imb:87 pmb:574 smb:7499 d:s ref:0 ;
in:1566 out:1568 type:b dur:2 cpbdur:2 q:37.26 aq:38.37 tex:2487 mv:1427 misc:1278 imb:13 pmb:275 smb:7872 d:s ref:0 ;
in:1568 out:1569 type:b dur:2 cpbdur:2 q:37.26 aq:39.15 tex:2739 mv:1726 misc:1207 imb:17 pmb:278 smb:7865 d:- ref:0 ;
in:1571 out:1570 type:P dur:2 cpbdur:2 q:37.12 aq:31.62 tex:126196 mv:14114 misc:5730 imb:968 pmb:2528 smb:4664 d:s ref:0 ;
in:1570 out:1571 type:b dur:2 cpbdur:2 q:37.24 aq:38.66 tex:2347 mv:1298 misc:1155 imb:26 pmb:218 smb:7916 d:t ref:0 ;
in:1573 out:1572 type:P dur:2 cpbdur:2 q:37.00 aq:31.60 tex:130608 mv:14732 misc:5516 imb:1259 pmb:2476 smb:4425 d:s ref:0 ;
in:1572 out:1573 type:b dur:2 cpbdur:2 q:37.15 aq:38.87 tex:2351 mv:1636 misc:1269 imb:24 pmb:254 smb:7882 d:t ref:0 ;
in:1575 out:1574 type:P dur:2 cpbdur:2 q:36.73 aq:31.34 tex:161687 mv:17276 misc:5597 imb:1195 pmb:2703 smb:4262 d:s ref:0 ;
in:1574 out:1575 type:b dur:2 cpbdur:2 q:37.05 aq:38.37 tex:1597 mv:1897 misc:1562 imb:26 pmb:348 smb:7786 d:s ref:0 ;
in:1579 out:1576 type:P dur:2 cpbdur:2 q:36.78 aq:31.73 tex:204940 mv:22135 misc:4501 imb:1957 pmb:3230 smb:2973 d:s ref:0 ;
in:1577 out:1577 type:B dur:2 cpbdur:2 q:36.78 aq:36.31 tex:7478 mv:4347 misc:2551 imb:147 pmb:607 smb:7406 d:s ref:0 ;
in:1576 out:1578 type:b dur:2 cpbdur:2 q:36.78 aq:37.53 tex:1360 mv:1412 misc:1220 imb:19 pmb:230 smb:7911 d:s ref:0 ;
in:1578 out:1579 type:b dur:2 cpbdur:2 q:36.78 aq:38.71 tex:918 mv:1225 misc:1505 imb:3 pmb:310 smb:7847 d:- ref:0 ;
in:1581 out:1580 type:P dur:2 cpbdur:2 q:36.83 aq:31.30 tex:105409 mv:12763 misc:5636 imb:978 pmb:2179 smb:5003 d:s ref:0 ;
in:1580 out:1581 type:b dur:2 cpbdur:2 q:37.19 aq:38.78 tex:427 mv:970 misc:1131 imb:6 pmb:206 smb:7948 d:t ref:0 ;
in:1583 out:1582 type:P dur:2 cpbdur:2 q:36.75 aq:31.14 tex:124892 mv:13058 misc:5962 imb:942 pmb:2397 smb:4821 d:s ref:0 ;
in:1582 out:1583 type:b dur:2 cpbdur:2 q:36.91 aq:36.19 tex:807 mv:1077 misc:1180 imb:2 pmb:213 smb:7945 d:t ref:0 ;
in:1587 out:1584 type:P dur:2 cpbdur:2 q:37.10 aq:32.11 tex:185170 mv:21510 misc:4536 imb:1881 pmb:3171 smb:3108 d:s ref:0 ;
in:1585 out:1585 type:B dur:2 cpbdur:2 q:37.33 aq:37.39 tex:6056 mv:3469 misc:2203 imb:48 pmb:532 smb:7580 d:s ref:0 ;
in:1584 out:1586 type:b dur:2 cpbdur:2 q:37.33 aq:36.53 tex:1030 mv:1214 misc:1100 imb:7 pmb:222 smb:7931 d:s ref:0 ;
in:1586 out:1587 type:b dur:2 cpbdur:2 q:37.33 aq:36.58 tex:457 mv:949 misc:986 imb:3 pmb:166 smb:7991 d:- ref:0 ;
in:1589 out:1588 type:P dur:2 cpbdur:2 q:37.06 aq:32.19 tex:135766 mv:14681 misc:5689 imb:1077 pmb:2607 smb:4476 d:s ref:0 ;
in:1588 out:1589 type:b dur:2 cpbdur:2 q:37.21 aq:38.35 tex:943 mv:1393 misc:1312 imb:12 pmb:290 smb:7858 d:t ref:0 ;
in:1593 out:1590 type:P dur:2 cpbdur:2 q:37.29 aq:31.96 tex:186757 mv:23164 misc:4735 imb:1961 pmb:3093 smb:3106 d:s ref:0 ;
in:1591 out:1591 type:B dur:2 cpbdur:2 q:37.35 aq:37.48 tex:7888 mv:4314 misc:2398 imb:80 pmb:628 smb:7452 d:s ref:0 ;
in:1590 out:1592 type:b dur:2 cpbdur:2 q:37.35 aq:36.85 tex:1563 mv:1501 misc:1344 imb:22 pmb:285 smb:7853 d:s ref:0 ;
in:1592 out:1593 type:b dur:2 cpbdur:2 q:37.35 aq:38.47 tex:1682 mv:2027 misc:1499 imb:17 pmb:353 smb:7790 d:- ref:0 ;
in:1595 out:1594 type:P dur:2 cpbdur:2 q:37.21 aq:32.10 tex:115372 mv:14235 misc:5897 imb:890 pmb:2358 smb:4912 d:s ref:0 ;
in:1594 out:1595 type:b dur:2 cpbdur:2 q:37.67 aq:37.86 tex:960 mv:1295 misc:1305 imb:16 pmb:265 smb:7879 d:s ref:0 ;
in:1599 out:1596 type:P dur:2 cpbdur:2 q:37.22 aq:31.86 tex:163846 mv:20985 misc:5505 imb:1603 pmb:2974 smb:3583 d:s ref:0 ;
in:1597 out:1597 type:B dur:2 cpbdur:2 q:37.62 aq:37.09 tex:7325 mv:4980 misc:2071 imb:69 pmb:558 smb:7533 d:s ref:0 ;
in:1596 out:1598 type:b dur:2 cpbdur:2 q:37.68 aq:36.45 tex:1304 mv:1607 misc:1313 imb:9 pmb:322 smb:7829 d:s ref:0 ;
in:1598 out:1599 type:b dur:2 cpbdur:2 q:37.68 aq:36.65 tex:1147 mv:1520 misc:1205 imb:3 pmb:272 smb:7885 d:- ref:0 ;
in:1604 out:1600 type:P dur:2 cpbdur:2 q:36.96 aq:31.78 tex:199594 mv:22320 misc:5222 imb:1628 pmb:3436 smb:3096 d:s ref:0 ;
in:1601 out:1601 type:B dur:2 cpbdur:2 q:37.35 aq:36.75 tex:14345 mv:6109 misc:2578 imb:153 pmb:656 smb:7351 d:s ref:0 ;
in:1600 out:1602 type:b dur:2 cpbdur:2 q:37.47 aq:37.99 tex:1255 mv:1354 misc:1247 imb:8 pmb:274 smb:7878 d:s ref:0 ;
in:1602 out:1603 type:b dur:2 cpbdur:2 q:37.47 aq:36.54 tex:848 mv:1148 misc:1068 imb:3 pmb:215 smb:7942 d:- ref:0 ;
in:1603 out:1604 type:b dur:2 cpbdur:2 q:37.47 aq:37.15 tex:1343 mv:1953 misc:1112 imb:15 pmb:259 smb:7886 d:- ref:0 ;
in:1608 out:1605 type:P dur:2 cpbdur:2 q:37.20 aq:32.33 tex:179280 mv:21684 misc:4692 imb:1669 pmb:3032 smb:3459 d:s ref:0 ;
in:1606 out:1606 type:B dur:2 cpbdur:2 q:37.73 aq:38.09 tex:6121 mv:3805 misc:2178 imb:81 pmb:523 smb:7556 d:s ref:0 ;
in:1605 out:1607 type:b dur:2 cpbdur:2 q:37.89 aq:37.60 tex:1693 mv:1872 misc:1555 imb:28 pmb:348 smb:7784 d:s ref:0 ;
in:1607 out:1608 type:b dur:2 cpbdur:2 q:37.89 aq:39.37 tex:4537 mv:1490 misc:1141 imb:18 pmb:252 smb:7890 d:- ref:0 ;
in:1612 out:1609 type:P dur:2 cpbdur:2 q:37.21 aq:32.50 tex:179614 mv:20500 misc:5022 imb:1560 pmb:2934 smb:3666 d:s ref:0 ;
in:1610 out:1610 type:B dur:2 cpbdur:2 q:37.47 aq:37.07 tex:6007 mv:3834 misc:2079 imb:62 pmb:546 smb:7552 d:s ref:0 ;
in:1609 out:1611 type:b dur:2 cpbdur:2 q:37.47 aq:38.09 tex:1915 mv:2253 misc:1520 imb:17 pmb:378 smb:7765 d:s ref:0 ;
in:1611 out:1612 type:b dur:2 cpbdur:2 q:37.47 aq:38.37 tex:875 mv:1174 misc:1039 imb:12 pmb:182 smb:7966 d:- ref:0 ;
in:1614 out:1613 type:P dur:2 cpbdur:2 q:36.80 aq:31.78 tex:118827 mv:14170 misc:5939 imb:992 pmb:2394 smb:4774 d:s ref:0 ;
in:1613 out:1614 type:b dur:2 cpbdur:2 q:37.26 aq:37.17 tex:1999 mv:1685 misc:1300 imb:14 pmb:303 smb:7843 d:s ref:0 ;
in:1616 out:1615 type:P dur:2 cpbdur:2 q:36.58 aq:31.31 tex:127590 mv:14370 misc:5816 imb:983 pmb:2578 smb:4599 d:s ref:0 ;
in:1615 out:1616 type:b dur:2 cpbdur:2 q:36.89 aq:37.08 tex:511 mv:893 misc:1140 imb:4 pmb:201 smb:7955 d:s ref:0 ;
in:1619 out:1617 type:P dur:2 cpbdur:2 q:36.80 aq:32.38 tex:127041 mv:14978 misc:5517 imb:854 pmb:2407 smb:4899 d:s ref:0 ;
in:1617 out:1618 type:B dur:2 cpbdur:2 q:37.13 aq:38.56 tex:2588 mv:2478 misc:1670 imb:99 pmb:328 smb:7733 d:s ref:0 ;
in:1618 out:1619 type:b dur:2 cpbdur:2 q:37.20 aq:39.40 tex:3527 mv:1557 misc:1148 imb:8 pmb:275 smb:7877 d:- ref:0 ;
in:1623 out:1620 type:P dur:2 cpbdur:2 q:36.81 aq:31.47 tex:229845 mv:25275 misc:4936 imb:1913 pmb:3629 smb:2618 d:s ref:0 ;
in:1621 out:1621 type:B dur:2 cpbdur:2 q:37.28 aq:36.73 tex:8564 mv:4136 misc:2572 imb:85 pmb:664 smb:7411 d:s ref:0 ;
in:1620 out:1622 type:b dur:2 cpbdur:2 q:37.38 aq:39.03 tex:3689 mv:1481 misc:1566 imb:11 pmb:381 smb:7768 d:s ref:0 ;
in:1622 out:1623 type:b dur:2 cpbdur:2 q:37.38 aq:38.34 tex:3096 mv:1158 misc:1154 imb:8 pmb:252 smb:7900 d:- ref:0 ;
in:1627 out:1624 type:P dur:2 cpbdur:2 q:36.82 aq:31.45 tex:176885 mv:21564 misc:5351 imb:1683 pmb:3096 smb:3381 d:s ref:0 ;
in:1625 out:1625 type:B dur:2 cpbdur:2 q:37.24 aq:36.75 tex:5633 mv:3542 misc:2121 imb:89 pmb:494 smb:7577 d:s ref:0 ;
in:1624 out:1626 type:b dur:2 cpbdur:2 q:37.35 aq:36.69 tex:807 mv:1110 misc:1179 imb:4 pmb:242 smb:7914 d:s ref:0 ;
in:1626 out:1627 type:b dur:2 cpbdur:2 q:37.35 aq:35.68 tex:1076 mv:875 misc:1017 imb:8 pmb:188 smb:7964 d:- ref:0 ;
in:1631 out:1628 type:P dur:2 cpbdur:2 q:36.69 aq:31.45 tex:241902 mv:24249 misc:4665 imb:1684 pmb:3432 smb:3044 d:s ref:0 ;
in:1629 out:1629 type:B dur:2 cpbdur:2 q:37.32 aq:36.84 tex:5905 mv:3467 misc:2052 imb:38 pmb:529 smb:7593 d:s ref:0 ;
in:1628 out:1630 type:b dur:2 cpbdur:2 q:37.42 aq:38.56 tex:2215 mv:3196 misc:1477 imb:23 pmb:427 smb:7710 d:s ref:0 ;
in:1630 out:1631 type:b dur:2 cpbdur:2 q:37.42 aq:36.45 tex:600 mv:975 misc:1025 imb:4 pmb:184 smb:7972 d:- ref:0 ;
in:1633 out:1632 type:P dur:2 cpbdur:2 q:37.02 aq:31.97 tex:121743 mv:14916 misc:5693 imb:1059 pmb:2545 smb:4556 d:s ref:0 ;
in:1632 out:1633 type:b dur:2 cpbdur:2 q:37.09 aq:35.94 tex:853 mv:1156 misc:1271 imb:1 pmb:268 smb:7891 d:s ref:0 ;
in:1637 out:1634 type:P dur:2 cpbdur:2 q:37.06 aq:32.01 tex:174376 mv:20019 misc:5557 imb:1650 pmb:2964 smb:3546 d:s ref:0 ;
in:1635 out:1635 type:B dur:2 cpbdur:2 q:37.40 aq:37.64 tex:7136 mv:3968 misc:2272 imb:132 pmb:540 smb:7488 d:s ref:0 ;
in:1634 out:1636 type:b dur:2 cpbdur:2 q:37.42 aq:36.43 tex:863 mv:1285 misc:1292 imb:16 pmb:250 smb:7894 d:s ref:0 ;
in:1636 out:1637 type:b dur:2 cpbdur:2 q:37.42 aq:37.68 tex:2038 mv:1322 misc:1216 imb:30 pmb:224 smb:7906 d:- ref:0 ;
in:1641 out:1638 type:P dur:2 cpbdur:2 q:36.88 aq:31.62 tex:174785 mv:19494 misc:5593 imb:1445 pmb:3226 smb:3489 d:s ref:0 ;
in:1639 out:1639 type:B dur:2 cpbdur:2 q:37.23 aq:37.27 tex:5120 mv:3381 misc:2267 imb:150 pmb:465 smb:7545 d:s ref:0 ;
in:1638 out:1640 type:b dur:2 cpbdur:2 q:37.30 aq:37.12 tex:1188 mv:956 misc:992 imb:7 pmb:173 smb:7980 d:s ref:0 ;
in:1640 out:1641 type:b dur:2 cpbdur:2 q:37.30 aq:38.49 tex:917 mv:726 misc:917 imb:5 pmb:158 smb:7997 d:- ref:0 ;
in:1646 out:1642 type:P dur:2 cpbdur:2 q:37.06 aq:32.15 tex:200333 mv:23148 misc:4871 imb:1854 pmb:3241 smb:3065 d:s ref:0 ;
in:1643 out:1643 type:B dur:2 cpbdur:2 q:37.26 aq:36.68 tex:18539 mv:7764 misc:2969 imb:243 pmb:809 smb:7108 d:s ref:0 ;
in:1642 out:1644 type:b dur:2 cpbdur:2 q:37.31 aq:38.67 tex:2004 mv:2245 misc:1423 imb:46 pmb:309 smb:7805 d:s ref:0 ;
in:1644 out:1645 type:b dur:2 cpbdur:2 q:37.31 aq:37.84 tex:2186 mv:1797 misc:1393 imb:16 pmb:308 smb:7836 d:- ref:0 ;
in:1645 out:1646 type:b dur:2 cpbdur:2 q:37.31 aq:37.77 tex:2475 mv:2300 misc:1409 imb:25 pmb:333 smb:7802 d:- ref:0 ;
in:1648 out:1647 type:P dur:2 cpbdur:2 q:36.86 aq:31.67 tex:134346 mv:15721 misc:5589 imb:1080 pmb:2678 smb:4402 d:s ref:0 ;
in:1647 out:1648 type:b dur:2 cpbdur:2 q:37.22 aq:37.25 tex:1388 mv:1524 misc:1208 imb:8 pmb:259 smb:7893 d:s ref:0 ;
in:1650 out:1649 type:P dur:2 cpbdur:2 q:36.93 aq:31.51 tex:155198 mv:16604 misc:5422 imb:1177 pmb:2745 smb:4238 d:s ref:0 ;
in:1649 out:1650 type:b dur:2 cpbdur:2 q:37.17 aq:36.49 tex:834 mv:1212 misc:1442 imb:13 pmb:319 smb:7828 d:s ref:0 ;
in:1652 out:1651 type:P dur:2 cpbdur:2 q:37.13 aq:31.67 tex:128392 mv:13893 misc:5451 imb:757 pmb:2502 smb:4901 d:s ref:0 ;
in:1651 out:1652 type:b dur:2 cpbdur:2 q:37.33 aq:37.29 tex:1365 mv:1180 misc:1159 imb:5 pmb:253 smb:7902 d:s ref:0 ;
in:1654 out:1653 type:P dur:2 cpbdur:2 q:36.73 aq:31.31 tex:143156 mv:15704 misc:5668 imb:1078 pmb:2733 smb:4349 d:s ref:0 ;
in:1653 out:1654 type:b dur:2 cpbdur:2 q:37.16 aq:38.75 tex:1944 mv:1667 misc:1269 imb:29 pmb:257 smb:7874 d:s ref:0 ;
in:1658 out:1655 type:P dur:2 cpbdur:2 q:36.70 aq:31.23 tex:224197 mv:24443 misc:4216 imb:2119 pmb:3370 smb:2671 d:s ref:0 ;
in:1656 out:1656 type:B dur:2 cpbdur:2 q:37.02 aq:37.35 tex:8036 mv:4548 misc:2616 imb:131 pmb:670 smb:7359 d:s ref:0 ;
in:1655 out:1657 type:b dur:2 cpbdur:2 q:37.04 aq:38.75 tex:1357 mv:1585 misc:1258 imb:11 pmb:296 smb:7853 d:s ref:0 ;
in:1657 out:1658 type:b dur:2 cpbdur:2 q:37.04 aq:38.37 tex:1184 mv:1090 misc:1206 imb:8 pmb:229 smb:7923 d:- ref:0 ;
in:1662 out:1659 type:P dur:2 cpbdur:2 q:37.20 aq:31.80 tex:150772 mv:19358 misc:5030 imb:1222 pmb:2871 smb:4067 d:s ref:0 ;
in:1660 out:1660 type:B dur:2 cpbdur:2 q:37.36 aq:36.01 tex:5067 mv:3153 misc:1972 imb:20 pmb:546 smb:7594 d:s ref:0 ;
in:1659 out:1661 type:b dur:2 cpbdur:2 q:37.41 aq:36.60 tex:1359 mv:1384 misc:1145 imb:14 pmb:258 smb:7888 d:s ref:0 ;
in:1661 out:1662 type:b dur:2 cpbdur:2 q:37.41 aq:38.01 tex:986 mv:1035 misc:1235 imb:5 pmb:233 smb:7922 d:- ref:0 ;
in:1666 out:1663 type:P dur:2 cpbdur:2 q:36.89 aq:31.90 tex:158191 mv:19062 misc:4963 imb:1636 pmb:2745 smb:3779 d:s ref:0 ;
in:1664 out:1664 type:B dur:2 cpbdur:2 q:37.54 aq:36.83 tex:5110 mv:4094 misc:2052 imb:34 pmb:528 smb:7598 d:t ref:0 ;
in:1663 out:1665 type:b dur:2 cpbdur:2 q:37.61 aq:37.09 tex:691 mv:992 misc:1029 imb:8 pmb:197 smb:7955 d:s ref:0 ;
in:1665 out:1666 type:b dur:2 cpbdur:2 q:37.61 aq:37.48 tex:1780 mv:1911 misc:1341 imb:18 pmb:328 smb:7814 d:- ref:0 ;
in:1668 out:1667 type:P dur:2 cpbdur:2 q:36.71 aq:31.26 tex:118853 mv:13554 misc:5561 imb:1032 pmb:2315 smb:4813 d:s ref:0 ;
in:1667 out:1668 type:b dur:2 cpbdur:2 q:37.26 aq:38.34 tex:1222 mv:1207 misc:1123 imb:20 pmb:219 smb:7921 d:s ref:0 ;
in:1670 out:1669 type:P dur:2 cpbdur:2 q:37.10 aq:32.98 tex:165139 mv:17030 misc:5039 imb:961 pmb:2828 smb:4371 d:s ref:0 ;
in:1669 out:1670 type:b dur:2 cpbdur:2 q:37.47 aq:39.77 tex:1593 mv:2105 misc:1462 imb:13 pmb:338 smb:7809 d:s ref:0 ;
in:1674 out:1671 type:P dur:2 cpbdur:2 q:36.96 aq:31.84 tex:193038 mv:21774 misc:4556 imb:1925 pmb:3241 smb:2994 d:s ref:0 ;
in:1672 out:1672 type:B dur:2 cpbdur:2 q:37.27 aq:37.70 tex:4719 mv:2712 misc:2217 imb:41 pmb:553 smb:7566 d:s ref:0 ;
in:1671 out:1673 type:b dur:2 cpbdur:2 q:37.27 aq:37.66 tex:610 mv:999 misc:1431 imb:3 pmb:309 smb:7848 d:s ref:0 ;
in:1673 out:1674 type:b dur:2 cpbdur:2 q:37.27 aq:38.22 tex:565 mv:927 misc:1028 imb:7 pmb:175 smb:7978 d:- ref:0 ;
in:1677 out:1675 type:P dur:2 cpbdur:2 q:36.57 aq:31.27 tex:184718 mv:19408 misc:4906 imb:1405 pmb:3191 smb:3564 d:s ref:0 ;
in:1675 out:1676 type:B dur:2 cpbdur:2 q:36.98 aq:37.61 tex:2860 mv:2302 misc:1798 imb:37 pmb:423 smb:7700 d:t ref:0 ;
in:1676 out:1677 type:b dur:2 cpbdur:2 q:36.98 aq:38.84 tex:797 mv:1455 misc:1252 imb:18 pmb:228 smb:7914 d:- ref:0 ;
in:1679 out:1678 type:P dur:2 cpbdur:2 q:36.32 aq:31.26 tex:146424 mv:15224 misc:5800 imb:1115 pmb:2823 smb:4222 d:s ref:0 ;
in:1678 out:1679 type:b dur:2 cpbdur:2 q:36.59 aq:36.25 tex:1458 mv:1161 misc:1245 imb:3 pmb:268 smb:7889 d:t ref:0 ;
in:1682 out:1680 type:P dur:2 cpbdur:2 q:36.48 aq:31.73 tex:174681 mv:17533 misc:5402 imb:1240 pmb:2750 smb:4170 d:s ref:0 ;
in:1680 out:1681 type:B dur:2 cpbdur:2 q:36.89 aq:36.76 tex:2062 mv:1883 misc:1679 imb:11 pmb:384 smb:7765 d:s ref:0 ;
in:1681 out:1682 type:b dur:2 cpbdur:2 q:36.89 aq:37.44 tex:1417 mv:1720 misc:1463 imb:16 pmb:327 smb:7817 d:- ref:0 ;
in:1686 out:1683 type:P dur:2 cpbdur:2 q:36.43 aq:31.87 tex:189515 mv:21592 misc:4813 imb:1864 pmb:3075 smb:3221 d:s ref:0 ;
in:1684 out:1684 type:B dur:2 cpbdur:2 q:36.83 aq:36.93 tex:6462 mv:3524 misc:2558 imb:63 pmb:639 smb:7458 d:s ref:0 ;
in:1683 out:1685 type:b dur:2 cpbdur:2 q:36.83 aq:38.03 tex:876 mv:1201 misc:1419 imb:8 pmb:302 smb:7850 d:s ref:0 ;
in:1685 out:1686 type:b dur:2 cpbdur:2 q:36.83 aq:38.04 tex:879 mv:1171 misc:1254 imb:4 pmb:243 smb:7913 d:- ref:0 ;
in:1689 out:1687 type:P dur:2 cpbdur:2 q:36.60 aq:32.03 tex:160092 mv:20934 misc:4966 imb:1641 pmb:2823 smb:3696 d:s ref:0 ;
in:1687 out:1688 type:B dur:2 cpbdur:2 q:36.74 aq:37.17 tex:4342 mv:2962 misc:2232 imb:40 pmb:566 smb:7554 d:s ref:0 ;
in:1688 out:1689 type:b dur:2 cpbdur:2 q:36.74 aq:38.85 tex:2411 mv:2324 misc:1625 imb:21 pmb:366 smb:7773 d:- ref:0 ;
in:1690 out:1690 type:P dur:2 cpbdur:2 q:36.34 aq:31.35 tex:83746 mv:7315 misc:5251 imb:357 pmb:1811 smb:5992 d:s ref:0 ;
in:1692 out:1691 type:P dur:2 cpbdur:2 q:36.11 aq:31.46 tex:133385 mv:16043 misc:5708 imb:1088 pmb:2602 smb:4470 d:s ref:0 ;
in:1691 out:1692 type:b dur:2 cpbdur:2 q:36.51 aq:39.57 tex:1541 mv:1850 misc:1337 imb:17 pmb:327 smb:7816 d:s ref:0 ;
in:1696 out:1693 type:P dur:2 cpbdur:2 q:35.92 aq:32.15 tex:157880 mv:20128 misc:4928 imb:1645 pmb:2907 smb:3608 d:s ref:0 ;
in:1694 out:1694 type:B dur:2 cpbdur:2 q:36.17 aq:36.24 tex:9583 mv:4334 misc:2915 imb:84 pmb:726 smb:7350 d:s ref:0 ;
in:1693 out:1695 type:b dur:2 cpbdur:2 q:36.22 aq:38.02 tex:1039 mv:1068 misc:1301 imb:7 pmb:240 smb:7913 d:s ref:0 ;
in:1695 out:1696 type:b dur:2 cpbdur:2 q:36.22 aq:37.29 tex:728 mv:1274 misc:1390 imb:20 pmb:267 smb:7873 d:- ref:0 ;
in:1700 out:1697 type:P dur:2 cpbdur:2 q:37.21 aq:31.69 tex:282708 mv:26742 misc:4022 imb:2926 pmb:2165 smb:3069 d:s ref:0 ;
in:1698 out:1698 type:B dur:2 cpbdur:2 q:37.83 aq:38.42 tex:5992 mv:4330 misc:2502 imb:269 pmb:514 smb:7377 d:s ref:0 ;
in:1697 out:1699 type:b dur:2 cpbdur:2 q:38.26 aq:37.50 tex:772 mv:956 misc:928 imb:2 pmb:164 smb:7994 d:s ref:0 ;
in:1699 out:1700 type:b dur:2 cpbdur:2 q:38.26 aq:35.78 tex:327 mv:844 misc:837 imb:5 pmb:188 smb:7967 d:- ref:0 ;
in:1702 out:1701 type:P dur:2 cpbdur:2 q:36.46 aq:31.05 tex:112909 mv:12567 misc:6196 imb:487 pmb:2497 smb:5176 d:s ref:0 ;
in:1701 out:1702 type:b dur:2 cpbdur:2 q:37.65 aq:36.10 tex:822 mv:1003 misc:1039 imb:21 pmb:172 smb:7967 d:t ref:0 ;
in:1704 out:1703 type:P dur:2 cpbdur:2 q:36.39 aq:31.33 tex:153622 mv:15143 misc:5875 imb:533 pmb:2908 smb:4719 d:s ref:0 ;
in:1703 out:1704 type:b dur:2 cpbdur:2 q:37.18 aq:36.87 tex:1393 mv:1768 misc:1279 imb:13 pmb:285 smb:7862 d:s ref:0 ;
in:1708 out:1705 type:P dur:2 cpbdur:2 q:36.14 aq:31.71 tex:153560 mv:17009 misc:5639 imb:621 pmb:3081 smb:4458 d:s ref:0 ;
in:1706 out:1706 type:B dur:2 cpbdur:2 q:36.46 aq:35.88 tex:6623 mv:3685 misc:1996 imb:64 pmb:505 smb:7591 d:t ref:0 ;
in:1705 out:1707 type:b dur:2 cpbdur:2 q:36.49 aq:36.34 tex:1033 mv:1300 misc:1387 imb:6 pmb:305 smb:7849 d:s ref:0 ;
in:1707 out:1708 type:b dur:2 cpbdur:2 q:36.49 aq:36.78 tex:1180 mv:1174 misc:1262 imb:4 pmb:264 smb:7892 d:- ref:0 ;
in:1710 out:1709 type:P dur:2 cpbdur:2 q:35.43 aq:31.20 tex:109000 mv:12807 misc:5953 imb:414 pmb:2527 smb:5219 d:s ref:0 ;
in:1709 out:1710 type:b dur:2 cpbdur:2 q:36.21 aq:36.43 tex:1241 mv:1325 misc:1362 imb:15 pmb:285 smb:7860 d:t ref:0 ;
in:1714 out:1711 type:P dur:2 cpbdur:2 q:34.67 aq:32.44 tex:86292 mv:11636 misc:4432 imb:362 pmb:1985 smb:5813 d:s ref:0 ;
in:1712 out:1712 type:B dur:2 cpbdur:2 q:35.53 aq:36.05 tex:4747 mv:2407 misc:2102 imb:45 pmb:459 smb:7656 d:s ref:0 ;
in:1711 out:1713 type:b dur:2 cpbdur:2 q:35.63 aq:37.47 tex:757 mv:1318 misc:1285 imb:7 pmb:264 smb:7889 d:s ref:0 ;
in:1713 out:1714 type:b dur:2 cpbdur:2 q:35.63 aq:38.01 tex:702 mv:708 misc:894 imb:6 pmb:153 smb:8001 d:- ref:0 ;
in:1720 out:1715 type:P dur:2 cpbdur:2 q:35.04 aq:35.06 tex:171505 mv:29458 misc:4445 imb:2947 pmb:1790 smb:3423 d:s ref:0 ;
in:1717 out:1716 type:B dur:2 cpbdur:2 q:35.18 aq:34.37 tex:146509 mv:35080 misc:5291 imb:1007 pmb:2929 smb:4224 d:s ref:0 ;
in:1715 out:1717 type:b dur:2 cpbdur:2 q:35.60 aq:37.82 tex:13170 mv:9105 misc:3749 imb:90 pmb:1277 smb:6793 d:s ref:0 ;
in:1716 out:1718 type:b dur:2 cpbdur:2 q:35.60 aq:37.27 tex:20528 mv:17324 misc:4724 imb:314 pmb:1843 smb:6003 d:s ref:0 ;
in:1718 out:1719 type:b dur:2 cpbdur:2 q:35.60 aq:37.12 tex:21962 mv:14139 misc:4923 imb:284 pmb:1566 smb:6310 d:- ref:0 ;
in:1719 out:1720 type:b dur:2 cpbdur:2 q:35.60 aq:37.14 tex:36913 mv:20862 misc:4817 imb:442 pmb:1752 smb:5966 d:- ref:0 ;
in:1721 out:1721 type:P dur:2 cpbdur:2 q:34.68 aq:34.96 tex:107865 mv:22541 misc:4994 imb:1432 pmb:2076 smb:4652 d:s ref:0 ;
in:1722 out:1722 type:P dur:2 cpbdur:2 q:34.72 aq:35.20 tex:113921 mv:22847 misc:4992 imb:1334 pmb:2116 smb:4710 d:s ref:0 ;
in:1723 out:1723 type:P dur:2 cpbdur:2 q:34.80 aq:35.58 tex:93562 mv:21601 misc:5181 imb:1432 pmb:1959 smb:4769 d:s ref:0 ;
in:1724 out:1724 type:P dur:2 cpbdur:2 q:34.85 aq:35.60 tex:112012 mv:25082 misc:4674 imb:1791 pmb:1962 smb:4407 d:s ref:0 ;
in:1725 out:1725 type:P dur:2 cpbdur:2 q:35.55 aq:35.61 tex:67873 mv:13855 misc:696 imb:7798 pmb:149 smb:213 d:s ref:0 ;
in:1726 out:1726 type:P dur:2 cpbdur:2 q:35.47 aq:34.22 tex:184047 mv:27442 misc:583 imb:7998 pmb:162 smb:0 d:s ref:0 w:6,21,127,7,53,72,50,81 ;
in:1727 out:1727 type:I dur:2 cpbdur:2 q:31.77 aq:30.18 tex:772177 mv:38523 misc:460 imb:8160 pmb:0 smb:0 d:s ref:w:6,21,127,7,53,72,50,81 ;
in:1728 out:1728 type:P dur:2 cpbdur:2 q:35.35 aq:32.27 tex:120884 mv:13574 misc:4838 imb:730 pmb:2005 smb:5425 d:s ref:0 w:5,37,-46,6,85,-40,84,-42 ;
in:1729 out:1729 type:P dur:2 cpbdur:2 q:36.04 aq:31.53 tex:346562 mv:35371 misc:2243 imb:6122 pmb:1563 smb:475 d:s ref:0 w:6,71,-31,6,75,-21,75,-23 ;
in:1731 out:1730 type:P dur:2 cpbdur:2 q:37.28 aq:29.88 tex:399872 mv:31731 misc:5109 imb:3646 pmb:2323 smb:2191 d:s ref:0 w:5,37,-35,6,76,-23,75,-23 ;
in:1730 out:1731 type:b dur:2 cpbdur:2 q:37.70 aq:38.01 tex:8434 mv:8347 misc:1883 imb:140 pmb:498 smb:7522 d:s ref:0 ;
in:1737 out:1732 type:P dur:2 cpbdur:2 q:37.70 aq:29.48 tex:325585 mv:26171 misc:5548 imb:2047 pmb:2660 smb:3453 d:s ref:0 w:5,33,-12,6,64,0,67,-6 ;
in:1734 out:1733 type:B dur:2 cpbdur:2 q:38.22 aq:35.98 tex:14090 mv:9509 misc:3169 imb:185 pmb:977 smb:6998 d:s ref:0 ;
in:1732 out:1734 type:b dur:2 cpbdur:2 q:38.65 aq:39.17 tex:5091 mv:7133 misc:1928 imb:92 pmb:576 smb:7492 d:s ref:0 ;
in:1733 out:1735 type:b dur:2 cpbdur:2 q:38.71 aq:39.91 tex:5755 mv:6191 misc:1894 imb:190 pmb:563 smb:7407 d:s ref:0 ;
in:1735 out:1736 type:b dur:2 cpbdur:2 q:38.65 aq:40.41 tex:974 mv:1801 misc:857 imb:5 pmb:172 smb:7983 d:- ref:0 ;
in:1736 out:1737 type:b dur:2 cpbdur:2 q:38.65 aq:40.45 tex:687 mv:1529 misc:704 imb:7 pmb:134 smb:8019 d:- ref:0 ;
in:1743 out:1738 type:P dur:2 cpbdur:2 q:37.56 aq:29.31 tex:163498 mv:14217 misc:5213 imb:1558 pmb:1922 smb:4680 d:s ref:0 ;
in:1740 out:1739 type:B dur:2 cpbdur:2 q:38.19 aq:36.82 tex:1765 mv:1294 misc:965 imb:1 pmb:190 smb:7969 d:s ref:0 ;
in:1738 out:1740 type:b dur:2 cpbdur:2 q:38.60 aq:40.28 tex:557 mv:1044 misc:655 imb:1 pmb:112 smb:8047 d:s ref:0 ;
in:1739 out:1741 type:b dur:2 cpbdur:2 q:38.57 aq:37.77 tex:325 mv:779 misc:632 imb:3 pmb:108 smb:8049 d:s ref:0 ;
in:1741 out:1742 type:b dur:2 cpbdur:2 q:38.56 aq:37.79 tex:298 mv:618 misc:532 imb:2 pmb:76 smb:8082 d:- ref:0 ;
in:1742 out:1743 type:b dur:2 cpbdur:2 q:38.56 aq:37.49 tex:466 mv:515 misc:531 imb:1 pmb:76 smb:8083 d:- ref:0 ;
in:1747 out:1744 type:P dur:2 cpbdur:2 q:37.54 aq:29.50 tex:54342 mv:5616 misc:4434 imb:391 pmb:1138 smb:6631 d:s ref:0 ;
in:1745 out:1745 type:B dur:2 cpbdur:2 q:37.78 aq:35.27 tex:788 mv:623 misc:589 imb:2 pmb:83 smb:8075 d:t ref:0 ;
in:1744 out:1746 type:b dur:2 cpbdur:2 q:38.23 aq:37.30 tex:163 mv:490 misc:523 imb:0 pmb:74 smb:8086 d:s ref:0 ;
in:1746 out:1747 type:b dur:2 cpbdur:2 q:38.23 aq:35.06 tex:153 mv:420 misc:467 imb:0 pmb:58 smb:8102 d:- ref:0 ;
in:1749 out:1748 type:P dur:2 cpbdur:2 q:37.77 aq:29.80 tex:19482 mv:2035 misc:2651 imb:35 pmb:582 smb:7543 d:s ref:0 ;
in:1748 out:1749 type:b dur:2 cpbdur:2 q:38.11 aq:34.08 tex:53 mv:450 misc:465 imb:3 pmb:56 smb:8101 d:t ref:0 ;
in:1753 out:1750 type:P dur:2 cpbdur:2 q:37.35 aq:28.99 tex:73121 mv:4597 misc:3090 imb:99 pmb:1234 smb:6827 d:s ref:0 ;
in:1751 out:1751 type:B dur:2 cpbdur:2 q:38.17 aq:32.08 tex:406 mv:558 misc:540 imb:1 pmb:74 smb:8085 d:t ref:0 ;
in:1750 out:1752 type:b dur:2 cpbdur:2 q:38.17 aq:34.06 tex:157 mv:400 misc:459 imb:1 pmb:56 smb:8103 d:s ref:0 ;
in:1752 out:1753 type:b dur:2 cpbdur:2 q:38.17 aq:34.09 tex:237 mv:492 misc:527 imb:2 pmb:73 smb:8085 d:- ref:0 ;
in:1755 out:1754 type:P dur:2 cpbdur:2 q:35.91 aq:28.61 tex:97191 mv:4306 misc:4183 imb:65 pmb:1804 smb:6291 d:s ref:0 ;
in:1754 out:1755 type:b dur:2 cpbdur:2 q:37.51 aq:34.08 tex:301 mv:469 misc:518 imb:1 pmb:71 smb:8088 d:t ref:0 ;
in:1757 out:1756 type:P dur:2 cpbdur:2 q:35.72 aq:28.28 tex:64248 mv:2754 misc:3838 imb:23 pmb:1296 smb:6841 d:s ref:0 ;
in:1756 out:1757 type:b dur:2 cpbdur:2 q:36.31 aq:34.07 tex:458 mv:453 misc:457 imb:3 pmb:54 smb:8103 d:t ref:0 ;
in:1761 out:1758 type:P dur:2 cpbdur:2 q:35.59 aq:29.73 tex:96640 mv:12104 misc:3936 imb:3325 pmb:1441 smb:3394 d:s ref:0 ;
in:1759 out:1759 type:B dur:2 cpbdur:2 q:36.14 aq:33.60 tex:4920 mv:14066 misc:2006 imb:2176 pmb:223 smb:5761 d:s ref:0 ;
in:1758 out:1760 type:b dur:2 cpbdur:2 q:36.58 aq:34.07 tex:221 mv:427 misc:464 imb:1 pmb:56 smb:8103 d:s ref:0 ;
in:1760 out:1761 type:b dur:2 cpbdur:2 q:36.58 aq:35.29 tex:584 mv:748 misc:620 imb:24 pmb:81 smb:8055 d:- ref:0 ;
in:1765 out:1762 type:P dur:2 cpbdur:2 q:36.32 aq:28.10 tex:407888 mv:18839 misc:3833 imb:3626 pmb:1715 smb:2819 d:s ref:0 ;
in:1763 out:1763 type:B dur:2 cpbdur:2 q:36.72 aq:34.72 tex:15183 mv:15689 misc:2064 imb:1924 pmb:439 smb:5797 d:s ref:0 ;
in:1762 out:1764 type:b dur:2 cpbdur:2 q:37.06 aq:37.04 tex:537 mv:715 misc:588 imb:17 pmb:70 smb:8073 d:s ref:0 ;
in:1764 out:1765 type:b dur:2 cpbdur:2 q:37.06 aq:38.11 tex:592 mv:615 misc:593 imb:9 pmb:75 smb:8076 d:- ref:0 ;
in:1767 out:1766 type:P dur:2 cpbdur:2 q:36.46 aq:27.73 tex:235420 mv:16109 misc:6191 imb:1347 pmb:4065 smb:2748 d:s ref:0 w:6,67,-1 ;
in:1766 out:1767 type:b dur:2 cpbdur:2 q:36.81 aq:36.33 tex:313 mv:496 misc:487 imb:3 pmb:58 smb:8099 d:t ref:0 ;
in:1769 out:1768 type:P dur:2 cpbdur:2 q:37.89 aq:29.11 tex:126082 mv:8694 misc:5624 imb:538 pmb:3083 smb:4539 d:s ref:0 w:6,65,0 ;
in:1768 out:1769 type:b dur:2 cpbdur:2 q:38.08 aq:34.04 tex:45 mv:437 misc:462 imb:3 pmb:54 smb:8103 d:t ref:0 ;
in:1771 out:1770 type:P dur:2 cpbdur:2 q:37.75 aq:28.26 tex:126275 mv:10738 misc:5691 imb:822 pmb:3206 smb:4132 d:s ref:0 ;
in:1770 out:1771 type:b dur:2 cpbdur:2 q:38.52 aq:34.07 tex:92 mv:430 misc:454 imb:2 pmb:54 smb:8104 d:t ref:0 ;
in:1774 out:1772 type:P dur:2 cpbdur:2 q:37.09 aq:27.23 tex:128076 mv:7160 misc:6708 imb:189 pmb:3172 smb:4799 d:s ref:0 ;
in:1772 out:1773 type:B dur:2 cpbdur:2 q:38.03 aq:34.75 tex:589 mv:554 misc:513 imb:2 pmb:60 smb:8098 d:t ref:0 ;
in:1773 out:1774 type:b dur:2 cpbdur:2 q:38.18 aq:36.62 tex:289 mv:456 misc:471 imb:3 pmb:55 smb:8102 d:- ref:0 ;
in:1779 out:1775 type:P dur:2 cpbdur:2 q:36.66 aq:27.11 tex:125960 mv:5129 misc:5951 imb:72 pmb:2517 smb:5571 d:s ref:0 ;
in:1776 out:1776 type:B dur:2 cpbdur:2 q:37.43 aq:33.87 tex:2293 mv:883 misc:592 imb:4 pmb:105 smb:8051 d:t ref:0 ;
in:1775 out:1777 type:b dur:2 cpbdur:2 q:37.63 aq:35.53 tex:307 mv:523 misc:546 imb:3 pmb:73 smb:8084 d:t ref:0 ;
in:1777 out:1778 type:b dur:2 cpbdur:2 q:37.63 aq:35.48 tex:310 mv:561 misc:529 imb:2 pmb:70 smb:8088 d:- ref:0 ;
in:1778 out:1779 type:b dur:2 cpbdur:2 q:37.63 aq:35.12 tex:160 mv:587 misc:533 imb:2 pmb:74 smb:8084 d:- ref:0 ;
in:1784 out:1780 type:P dur:2 cpbdur:2 q:36.19 aq:26.78 tex:158286 mv:6234 misc:6744 imb:71 pmb:3324 smb:4765 d:s ref:0 ;
in:1781 out:1781 type:B dur:2 cpbdur:2 q:36.86 aq:34.02 tex:603 mv:628 misc:617 imb:1 pmb:83 smb:8076 d:t ref:0 ;
in:1780 out:1782 type:b dur:2 cpbdur:2 q:37.24 aq:34.07 tex:210 mv:463 misc:455 imb:4 pmb:53 smb:8103 d:t ref:0 ;
in:1782 out:1783 type:b dur:2 cpbdur:2 q:37.24 aq:34.07 tex:201 mv:581 misc:522 imb:3 pmb:70 smb:8087 d:- ref:0 ;
in:1783 out:1784 type:b dur:2 cpbdur:2 q:37.24 aq:34.08 tex:446 mv:554 misc:504 imb:2 pmb:70 smb:8088 d:- ref:0 ;
in:1786 out:1785 type:P dur:2 cpbdur:2 q:36.30 aq:26.01 tex:116950 mv:3910 misc:5892 imb:27 pmb:2525 smb:5608 d:s ref:0 ;
in:1785 out:1786 type:b dur:2 cpbdur:2 q:36.76 aq:34.08 tex:224 mv:452 misc:452 imb:1 pmb:56 smb:8103 d:t ref:0 ;
in:1790 out:1787 type:P dur:2 cpbdur:2 q:35.84 aq:26.12 tex:112812 mv:4013 misc:6231 imb:50 pmb:2430 smb:5680 d:s ref:0 ;
in:1788 out:1788 type:B dur:2 cpbdur:2 q:36.59 aq:35.00 tex:1451 mv:873 misc:588 imb:6 pmb:100 smb:8054 d:t ref:0 ;
in:1787 out:1789 type:b dur:2 cpbdur:2 q:36.83 aq:34.69 tex:237 mv:455 misc:540 imb:0 pmb:76 smb:8084 d:s ref:0 ;
in:1789 out:1790 type:b dur:2 cpbdur:2 q:36.83 aq:34.06 tex:67 mv:493 misc:528 imb:3 pmb:70 smb:8087 d:- ref:0 ;
in:1795 out:1791 type:P dur:2 cpbdur:2 q:35.96 aq:26.31 tex:94202 mv:2976 misc:4318 imb:13 pmb:1685 smb:6462 d:s ref:0 ;
in:1792 out:1792 type:B dur:2 cpbdur:2 q:36.47 aq:34.12 tex:699 mv:604 misc:553 imb:1 pmb:68 smb:8091 d:t ref:0 ;
in:1791 out:1793 type:b dur:2 cpbdur:2 q:36.80 aq:34.00 tex:20 mv:436 misc:464 imb:1 pmb:57 smb:8102 d:t ref:0 ;
in:1793 out:1794 type:b dur:2 cpbdur:2 q:36.80 aq:35.45 tex:709 mv:761 misc:538 imb:3 pmb:92 smb:8065 d:- ref:0 ;
in:1794 out:1795 type:b dur:2 cpbdur:2 q:36.80 aq:35.97 tex:1017 mv:816 misc:527 imb:5 pmb:92 smb:8063 d:- ref:0 ;
in:1800 out:1796 type:P dur:2 cpbdur:2 q:35.57 aq:26.01 tex:109917 mv:3190 misc:5157 imb:18 pmb:1932 smb:6210 d:s ref:0 ;
in:1797 out:1797 type:B dur:2 cpbdur:2 q:36.34 aq:32.74 tex:864 mv:609 misc:543 imb:1 pmb:66 smb:8093 d:t ref:0 ;
in:1796 out:1798 type:b dur:2 cpbdur:2 q:36.71 aq:34.09 tex:266 mv:434 misc:452 imb:0 pmb:57 smb:8103 d:t ref:0 ;
in:1798 out:1799 type:b dur:2 cpbdur:2 q:36.71 aq:34.07 tex:165 mv:526 misc:453 imb:3 pmb:54 smb:8103 d:- ref:0 ;
in:1799 out:1800 type:b dur:2 cpbdur:2 q:36.71 aq:34.08 tex:407 mv:520 misc:457 imb:1 pmb:56 smb:8103 d:- ref:0 ;
in:1802 out:1801 type:P dur:2 cpbdur:2 q:35.75 aq:25.74 tex:89166 mv:2047 misc:4971 imb:5 pmb:1687 smb:6468 d:s ref:0 ;
in:1801 out:1802 type:b dur:2 cpbdur:2 q:36.22 aq:34.08 tex:340 mv:466 misc:450 imb:1 pmb:56 smb:8103 d:t ref:0 ;
in:1805 out:1803 type:P dur:2 cpbdur:2 q:35.33 aq:26.01 tex:84548 mv:2557 misc:4839 imb:27 pmb:1627 smb:6506 d:s ref:0 ;
in:1803 out:1804 type:B dur:2 cpbdur:2 q:36.10 aq:34.58 tex:376 mv:615 misc:577 imb:2 pmb:83 smb:8075 d:t ref:0 ;
in:1804 out:1805 type:b dur:2 cpbdur:2 q:36.45 aq:34.02 tex:175 mv:478 misc:475 imb:2 pmb:58 smb:8100 d:- ref:0 ;
in:1809 out:1806 type:P dur:2 cpbdur:2 q:35.29 aq:25.81 tex:59596 mv:2196 misc:4488 imb:8 pmb:1344 smb:6808 d:s ref:0 ;
in:1807 out:1807 type:B dur:2 cpbdur:2 q:35.68 aq:33.00 tex:304 mv:656 misc:528 imb:3 pmb:61 smb:8096 d:t ref:0 ;
in:1806 out:1808 type:b dur:2 cpbdur:2 q:36.04 aq:34.06 tex:75 mv:428 misc:465 imb:1 pmb:56 smb:8103 d:t ref:0 ;
in:1808 out:1809 type:b dur:2 cpbdur:2 q:36.04 aq:34.08 tex:487 mv:448 misc:457 imb:2 pmb:55 smb:8103 d:- ref:0 ;
in:1812 out:1810 type:P dur:2 cpbdur:2 q:35.43 aq:26.01 tex:73024 mv:2173 misc:4675 imb:17 pmb:1592 smb:6551 d:s ref:0 ;
in:1810 out:1811 type:B dur:2 cpbdur:2 q:35.71 aq:33.08 tex:423 mv:559 misc:538 imb:1 pmb:72 smb:8087 d:t ref:0 ;
in:1811 out:1812 type:b dur:2 cpbdur:2 q:35.71 aq:34.53 tex:145 mv:501 misc:514 imb:1 pmb:74 smb:8085 d:- ref:0 ;
in:1816 out:1813 type:P dur:2 cpbdur:2 q:35.19 aq:25.79 tex:59301 mv:2274 misc:4353 imb:15 pmb:1163 smb:6982 d:s ref:0 ;
in:1814 out:1814 type:B dur:2 cpbdur:2 q:35.66 aq:32.92 tex:723 mv:621 misc:544 imb:3 pmb:77 smb:8080 d:t ref:0 ;
in:1813 out:1815 type:b dur:2 cpbdur:2 q:35.66 aq:34.05 tex:304 mv:423 misc:473 imb:2 pmb:56 smb:8102 d:t ref:0 ;
in:1815 out:1816 type:b dur:2 cpbdur:2 q:35.66 aq:34.05 tex:154 mv:465 misc:517 imb:0 pmb:72 smb:8088 d:- ref:0 ;
in:1818 out:1817 type:P dur:2 cpbdur:2 q:35.34 aq:25.39 tex:75579 mv:2360 misc:5413 imb:12 pmb:1724 smb:6424 d:s ref:0 ;
in:1817 out:1818 type:b dur:2 cpbdur:2 q:35.58 aq:34.07 tex:192 mv:466 misc:518 imb:1 pmb:72 smb:8087 d:t ref:0 ;
in:1822 out:1819 type:P dur:2 cpbdur:2 q:35.12 aq:25.41 tex:81793 mv:2714 misc:5037 imb:14 pmb:1642 smb:6504 d:s ref:0 ;
in:1820 out:1820 type:B dur:2 cpbdur:2 q:35.51 aq:32.79 tex:579 mv:625 misc:500 imb:0 pmb:61 smb:8099 d:t ref:0 ;
in:1819 out:1821 type:b dur:2 cpbdur:2 q:35.51 aq:34.07 tex:141 mv:414 misc:453 imb:1 pmb:56 smb:8103 d:t ref:0 ;
in:1821 out:1822 type:b dur:2 cpbdur:2 q:35.51 aq:34.05 tex:137 mv:473 misc:462 imb:4 pmb:53 smb:8103 d:- ref:0 ;
in:1824 out:1823 type:P dur:2 cpbdur:2 q:35.15 aq:25.40 tex:61509 mv:1592 misc:3915 imb:12 pmb:1128 smb:7020 d:s ref:0 ;
in:1823 out:1824 type:b dur:2 cpbdur:2 q:35.60 aq:34.04 tex:388 mv:473 misc:475 imb:3 pmb:56 smb:8101 d:t ref:0 ;
in:1827 out:1825 type:P dur:2 cpbdur:2 q:35.03 aq:25.23 tex:101312 mv:2491 misc:5213 imb:7 pmb:1816 smb:6337 d:s ref:0 ;
in:1825 out:1826 type:B dur:2 cpbdur:2 q:35.54 aq:33.47 tex:452 mv:574 misc:502 imb:2 pmb:60 smb:8098 d:t ref:0 ;
in:1826 out:1827 type:b dur:2 cpbdur:2 q:35.54 aq:35.07 tex:431 mv:479 misc:474 imb:2 pmb:58 smb:8100 d:- ref:0 ;
in:1829 out:1828 type:P dur:2 cpbdur:2 q:35.29 aq:26.07 tex:46452 mv:1584 misc:3492 imb:12 pmb:893 smb:7255 d:s ref:0 ;
in:1828 out:1829 type:b dur:2 cpbdur:2 q:35.38 aq:35.05 tex:311 mv:568 misc:537 imb:1 pmb:77 smb:8082 d:t ref:0 ;
in:1831 out:1830 type:P dur:2 cpbdur:2 q:35.08 aq:25.53 tex:56511 mv:1711 misc:3874 imb:6 pmb:1098 smb:7056 d:s ref:0 ;
in:1830 out:1831 type:b dur:2 cpbdur:2 q:35.50 aq:35.40 tex:379 mv:538 misc:483 imb:3 pmb:60 smb:8097 d:t ref:0 ;
in:1835 out:1832 type:P dur:2 cpbdur:2 q:34.95 aq:25.65 tex:52621 mv:2451 misc:3320 imb:17 pmb:940 smb:7203 d:s ref:0 ;
in:1833 out:1833 type:B dur:2 cpbdur:2 q:35.46 aq:32.46 tex:475 mv:675 misc:578 imb:1 pmb:82 smb:8077 d:t ref:0 ;
in:1832 out:1834 type:b dur:2 cpbdur:2 q:35.46 aq:35.78 tex:542 mv:530 misc:528 imb:4 pmb:72 smb:8084 d:s ref:0 ;
in:1834 out:1835 type:b dur:2 cpbdur:2 q:35.46 aq:34.05 tex:65 mv:452 misc:459 imb:0 pmb:56 smb:8104 d:- ref:0 ;
in:1838 out:1836 type:P dur:2 cpbdur:2 q:34.84 aq:25.37 tex:58695 mv:1974 misc:4379 imb:7 pmb:1241 smb:6912 d:s ref:0 ;
in:1836 out:1837 type:B dur:2 cpbdur:2 q:34.95 aq:32.72 tex:478 mv:538 misc:496 imb:3 pmb:58 smb:8099 d:t ref:0 ;
in:1837 out:1838 type:b dur:2 cpbdur:2 q:34.95 aq:33.04 tex:225 mv:435 misc:452 imb:1 pmb:56 smb:8103 d:- ref:0 ;
in:1842 out:1839 type:P dur:2 cpbdur:2 q:35.16 aq:25.51 tex:45776 mv:2306 misc:3542 imb:9 pmb:1014 smb:7137 d:s ref:0 ;
in:1840 out:1840 type:B dur:2 cpbdur:2 q:35.28 aq:32.43 tex:600 mv:589 misc:531 imb:0 pmb:65 smb:8095 d:t ref:0 ;
in:1839 out:1841 type:b dur:2 cpbdur:2 q:35.28 aq:33.75 tex:293 mv:453 misc:486 imb:2 pmb:59 smb:8099 d:t ref:0 ;
in:1841 out:1842 type:b dur:2 cpbdur:2 q:35.28 aq:33.74 tex:218 mv:470 misc:472 imb:2 pmb:58 smb:8100 d:- ref:0 ;
in:1847 out:1843 type:P dur:2 cpbdur:2 q:34.70 aq:25.34 tex:68125 mv:2284 misc:4071 imb:9 pmb:1229 smb:6922 d:s ref:0 ;
in:1844 out:1844 type:B dur:2 cpbdur:2 q:35.27 aq:31.97 tex:2232 mv:927 misc:601 imb:9 pmb:100 smb:8051 d:t ref:0 ;
in:1843 out:1845 type:b dur:2 cpbdur:2 q:35.27 aq:33.08 tex:328 mv:490 misc:518 imb:0 pmb:72 smb:8088 d:t ref:0 ;
in:1845 out:1846 type:b dur:2 cpbdur:2 q:35.27 aq:33.06 tex:332 mv:553 misc:515 imb:2 pmb:70 smb:8088 d:- ref:0 ;
in:1846 out:1847 type:b dur:2 cpbdur:2 q:35.27 aq:33.08 tex:340 mv:565 misc:535 imb:2 pmb:73 smb:8085 d:- ref:0 ;
in:1850 out:1848 type:P dur:2 cpbdur:2 q:34.83 aq:25.27 tex:50868 mv:2043 misc:3729 imb:7 pmb:1018 smb:7135 d:t ref:0 ;
in:1848 out:1849 type:B dur:2 cpbdur:2 q:35.05 aq:33.50 tex:525 mv:104 misc:515 imb:1 pmb:16 smb:8143 d:t ref:0 ;
in:1849 out:1850 type:b dur:2 cpbdur:2 q:35.05 aq:34.20 tex:570 mv:508 misc:506 imb:1 pmb:62 smb:8097 d:- ref:0 ;
in:1854 out:1851 type:P dur:2 cpbdur:2 q:34.96 aq:25.39 tex:69425 mv:2250 misc:3581 imb:5 pmb:1166 smb:6989 d:t ref:0 ;
in:1852 out:1852 type:B dur:2 cpbdur:2 q:35.31 aq:32.94 tex:595 mv:163 misc:498 imb:0 pmb:16 smb:8144 d:t ref:0 ;
in:1851 out:1853 type:b dur:2 cpbdur:2 q:35.48 aq:35.29 tex:150 mv:102 misc:452 imb:0 pmb:11 smb:8149 d:t ref:0 ;
in:1853 out:1854 type:b dur:2 cpbdur:2 q:35.48 aq:33.07 tex:403 mv:504 misc:469 imb:4 pmb:54 smb:8102 d:- ref:0 ;
in:1858 out:1855 type:P dur:2 cpbdur:2 q:34.80 aq:25.05 tex:70285 mv:2222 misc:3749 imb:7 pmb:1213 smb:6940 d:t ref:0 ;
in:1856 out:1856 type:B dur:2 cpbdur:2 q:35.24 aq:34.02 tex:919 mv:188 misc:525 imb:2 pmb:20 smb:8138 d:t ref:0 ;
in:1855 out:1857 type:b dur:2 cpbdur:2 q:35.50 aq:34.59 tex:355 mv:94 misc:471 imb:0 pmb:14 smb:8146 d:t ref:0 ;
in:1857 out:1858 type:b dur:2 cpbdur:2 q:35.50 aq:34.65 tex:374 mv:464 misc:474 imb:1 pmb:59 smb:8100 d:- ref:0 ;
in:1860 out:1859 type:P dur:2 cpbdur:2 q:34.84 aq:24.42 tex:93262 mv:1636 misc:4886 imb:7 pmb:1526 smb:6627 d:t ref:0 ;
in:1859 out:1860 type:b dur:2 cpbdur:2 q:35.24 aq:34.65 tex:255 mv:65 misc:464 imb:0 pmb:16 smb:8144 d:t ref:0 ;
in:1861 out:1861 type:P dur:2 cpbdur:2 q:34.91 aq:24.70 tex:94516 mv:1597 misc:4191 imb:3 pmb:1429 smb:6728 d:t ref:0 ;
in:1865 out:1862 type:P dur:2 cpbdur:2 q:34.71 aq:24.51 tex:73472 mv:2092 misc:3956 imb:10 pmb:1237 smb:6913 d:t ref:0 ;
in:1863 out:1863 type:B dur:2 cpbdur:2 q:35.30 aq:32.65 tex:1514 mv:357 misc:529 imb:7 pmb:45 smb:8108 d:t ref:0 ;
in:1862 out:1864 type:b dur:2 cpbdur:2 q:35.53 aq:34.63 tex:206 mv:182 misc:516 imb:0 pmb:42 smb:8118 d:t ref:0 ;
in:1864 out:1865 type:b dur:2 cpbdur:2 q:35.53 aq:34.76 tex:519 mv:561 misc:512 imb:1 pmb:83 smb:8076 d:- ref:0 ;
in:1867 out:1866 type:P dur:2 cpbdur:2 q:34.59 aq:24.93 tex:64390 mv:1360 misc:3834 imb:5 pmb:1070 smb:7085 d:t ref:0 ;
in:1866 out:1867 type:b dur:2 cpbdur:2 q:35.06 aq:34.63 tex:228 mv:70 misc:446 imb:0 pmb:7 smb:8153 d:t ref:0 ;
in:1870 out:1868 type:P dur:2 cpbdur:2 q:34.67 aq:25.13 tex:85022 mv:1841 misc:4081 imb:6 pmb:1358 smb:6796 d:t ref:0 ;
in:1868 out:1869 type:B dur:2 cpbdur:2 q:34.98 aq:32.86 tex:644 mv:108 misc:472 imb:1 pmb:9 smb:8150 d:t ref:0 ;
in:1869 out:1870 type:b dur:2 cpbdur:2 q:35.13 aq:35.04 tex:135 mv:458 misc:479 imb:1 pmb:59 smb:8100 d:- ref:0 ;
in:1873 out:1871 type:P dur:2 cpbdur:2 q:34.38 aq:24.45 tex:84044 mv:2085 misc:4775 imb:5 pmb:1495 smb:6660 d:t ref:0 ;
in:1871 out:1872 type:B dur:2 cpbdur:2 q:34.92 aq:34.43 tex:1707 mv:376 misc:509 imb:6 pmb:42 smb:8112 d:t ref:0 ;
in:1872 out:1873 type:b dur:2 cpbdur:2 q:35.09 aq:35.01 tex:219 mv:510 misc:551 imb:1 pmb:78 smb:8081 d:- ref:0 ;
in:1877 out:1874 type:P dur:2 cpbdur:2 q:34.23 aq:24.59 tex:72336 mv:2289 misc:4191 imb:17 pmb:1253 smb:6890 d:t ref:0 ;
in:1875 out:1875 type:B dur:2 cpbdur:2 q:34.67 aq:33.28 tex:863 mv:212 misc:557 imb:1 pmb:53 smb:8106 d:t ref:0 ;
in:1874 out:1876 type:b dur:2 cpbdur:2 q:34.67 aq:34.63 tex:541 mv:45 misc:430 imb:0 pmb:4 smb:8156 d:t ref:0 ;
in:1876 out:1877 type:b dur:2 cpbdur:2 q:34.67 aq:34.44 tex:305 mv:563 misc:556 imb:3 pmb:78 smb:8079 d:- ref:0 ;
in:1881 out:1878 type:P dur:2 cpbdur:2 q:34.46 aq:24.62 tex:56510 mv:1955 misc:3503 imb:12 pmb:1016 smb:7132 d:t ref:0 ;
in:1879 out:1879 type:B dur:2 cpbdur:2 q:34.66 aq:32.67 tex:1025 mv:269 misc:538 imb:3 pmb:26 smb:8131 d:t ref:0 ;
in:1878 out:1880 type:b dur:2 cpbdur:2 q:34.66 aq:33.81 tex:124 mv:113 misc:467 imb:1 pmb:10 smb:8149 d:t ref:0 ;
in:1880 out:1881 type:b dur:2 cpbdur:2 q:34.66 aq:35.00 tex:496 mv:455 misc:473 imb:2 pmb:58 smb:8100 d:- ref:0 ;
in:1883 out:1882 type:P dur:2 cpbdur:2 q:34.14 aq:24.21 tex:105603 mv:1991 misc:5126 imb:13 pmb:1676 smb:6471 d:t ref:0 ;
in:1882 out:1883 type:b dur:2 cpbdur:2 q:34.62 aq:33.08 tex:88 mv:104 misc:480 imb:1 pmb:36 smb:8123 d:t ref:0 ;
in:1889 out:1884 type:P dur:2 cpbdur:2 q:33.76 aq:24.67 tex:106752 mv:2742 misc:4530 imb:17 pmb:1605 smb:6538 d:t ref:0 ;
in:1886 out:1885 type:B dur:2 cpbdur:2 q:34.45 aq:30.49 tex:946 mv:304 misc:582 imb:2 pmb:58 smb:8100 d:t ref:0 ;
in:1884 out:1886 type:b dur:2 cpbdur:2 q:34.45 aq:33.06 tex:187 mv:152 misc:485 imb:0 pmb:15 smb:8145 d:t ref:0 ;
in:1885 out:1887 type:b dur:2 cpbdur:2 q:34.45 aq:35.08 tex:234 mv:123 misc:483 imb:0 pmb:15 smb:8145 d:t ref:0 ;
in:1887 out:1888 type:b dur:2 cpbdur:2 q:34.45 aq:34.34 tex:277 mv:558 misc:533 imb:3 pmb:72 smb:8085 d:- ref:0 ;
in:1888 out:1889 type:b dur:2 cpbdur:2 q:34.45 aq:34.09 tex:503 mv:556 misc:525 imb:2 pmb:72 smb:8086 d:- ref:0 ;
in:1894 out:1890 type:P dur:2 cpbdur:2 q:33.89 aq:24.46 tex:66074 mv:2169 misc:4005 imb:12 pmb:1106 smb:7042 d:t ref:0 ;
in:1891 out:1891 type:B dur:2 cpbdur:2 q:33.95 aq:31.82 tex:989 mv:290 misc:505 imb:2 pmb:18 smb:8140 d:t ref:0 ;
in:1890 out:1892 type:b dur:2 cpbdur:2 q:33.95 aq:33.08 tex:179 mv:95 misc:454 imb:1 pmb:9 smb:8150 d:t ref:0 ;
in:1892 out:1893 type:b dur:2 cpbdur:2 q:33.95 aq:33.46 tex:543 mv:582 misc:499 imb:1 pmb:64 smb:8095 d:- ref:0 ;
in:1893 out:1894 type:b dur:2 cpbdur:2 q:33.95 aq:33.51 tex:462 mv:615 misc:491 imb:2 pmb:63 smb:8095 d:- ref:0 ;
in:1897 out:1895 type:P dur:2 cpbdur:2 q:34.18 aq:24.48 tex:86624 mv:2046 misc:3770 imb:14 pmb:1189 smb:6957 d:t ref:0 ;
in:1895 out:1896 type:B dur:2 cpbdur:2 q:34.35 aq:32.99 tex:717 mv:181 misc:542 imb:0 pmb:50 smb:8110 d:t ref:0 ;
in:1896 out:1897 type:b dur:2 cpbdur:2 q:34.35 aq:33.72 tex:577 mv:566 misc:553 imb:2 pmb:79 smb:8079 d:- ref:0 ;
in:1901 out:1898 type:P dur:2 cpbdur:2 q:33.85 aq:24.31 tex:69987 mv:2286 misc:3855 imb:14 pmb:1180 smb:6966 d:t ref:0 ;
in:1899 out:1899 type:B dur:2 cpbdur:2 q:34.34 aq:31.84 tex:1682 mv:373 misc:577 imb:3 pmb:60 smb:8097 d:t ref:0 ;
in:1898 out:1900 type:b dur:2 cpbdur:2 q:34.34 aq:33.68 tex:638 mv:217 misc:521 imb:0 pmb:49 smb:8111 d:t ref:0 ;
in:1900 out:1901 type:b dur:2 cpbdur:2 q:34.34 aq:33.22 tex:412 mv:485 misc:503 imb:2 pmb:61 smb:8097 d:- ref:0 ;
in:1905 out:1902 type:P dur:2 cpbdur:2 q:34.09 aq:24.43 tex:97481 mv:2410 misc:3821 imb:8 pmb:1337 smb:6815 d:t ref:0 ;
in:1903 out:1903 type:B dur:2 cpbdur:2 q:34.25 aq:32.03 tex:1727 mv:389 misc:612 imb:4 pmb:63 smb:8093 d:t ref:0 ;
in:1902 out:1904 type:b dur:2 cpbdur:2 q:34.25 aq:34.04 tex:542 mv:219 misc:535 imb:0 pmb:52 smb:8108 d:t ref:0 ;
in:1904 out:1905 type:b dur:2 cpbdur:2 q:34.25 aq:34.03 tex:470 mv:478 misc:476 imb:2 pmb:59 smb:8099 d:- ref:0 ;
in:1909 out:1906 type:P dur:2 cpbdur:2 q:33.70 aq:24.19 tex:87257 mv:2149 misc:4410 imb:4 pmb:1430 smb:6726 d:t ref:0 ;
in:1907 out:1907 type:B dur:2 cpbdur:2 q:34.21 aq:31.72 tex:1200 mv:223 misc:537 imb:2 pmb:21 smb:8137 d:t ref:0 ;
in:1906 out:1908 type:b dur:2 cpbdur:2 q:34.21 aq:34.02 tex:245 mv:102 misc:469 imb:1 pmb:11 smb:8148 d:t ref:0 ;
in:1908 out:1909 type:b dur:2 cpbdur:2 q:34.21 aq:33.49 tex:532 mv:516 misc:488 imb:3 pmb:58 smb:8099 d:- ref:0 ;
in:1913 out:1910 type:P dur:2 cpbdur:2 q:33.71 aq:23.95 tex:73942 mv:1953 misc:3889 imb:6 pmb:1252 smb:6902 d:t ref:0 ;
in:1911 out:1911 type:B dur:2 cpbdur:2 q:34.14 aq:32.62 tex:817 mv:170 misc:557 imb:1 pmb:25 smb:8134 d:t ref:0 ;
in:1910 out:1912 type:b dur:2 cpbdur:2 q:34.14 aq:33.65 tex:213 mv:123 misc:496 imb:0 pmb:16 smb:8144 d:t ref:0 ;
in:1912 out:1913 type:b dur:2 cpbdur:2 q:34.14 aq:33.53 tex:283 mv:487 misc:494 imb:3 pmb:61 smb:8096 d:- ref:0 ;
in:1917 out:1914 type:P dur:2 cpbdur:2 q:33.71 aq:24.70 tex:68391 mv:2571 misc:3662 imb:51 pmb:1045 smb:7064 d:t ref:0 ;
in:1915 out:1915 type:B dur:2 cpbdur:2 q:34.09 aq:32.23 tex:4806 mv:600 misc:682 imb:13 pmb:84 smb:8063 d:t ref:0 ;
in:1914 out:1916 type:b dur:2 cpbdur:2 q:34.09 aq:32.90 tex:462 mv:152 misc:546 imb:0 pmb:47 smb:8113 d:t ref:0 ;
in:1916 out:1917 type:b dur:2 cpbdur:2 q:34.09 aq:33.48 tex:5164 mv:980 misc:600 imb:16 pmb:134 smb:8010 d:- ref:0 ;
in:1921 out:1918 type:P dur:2 cpbdur:2 q:33.66 aq:24.25 tex:110559 mv:2937 misc:4432 imb:44 pmb:1501 smb:6615 d:t ref:0 ;
in:1919 out:1919 type:B dur:2 cpbdur:2 q:34.02 aq:33.47 tex:7243 mv:1123 misc:810 imb:45 pmb:141 smb:7974 d:t ref:0 ;
in:1918 out:1920 type:b dur:2 cpbdur:2 q:34.02 aq:34.53 tex:4722 mv:869 misc:689 imb:30 pmb:138 smb:7992 d:t ref:0 ;
in:1920 out:1921 type:b dur:2 cpbdur:2 q:34.02 aq:34.58 tex:5055 mv:1030 misc:731 imb:22 pmb:154 smb:7984 d:- ref:0 ;
in:1924 out:1922 type:P dur:2 cpbdur:2 q:33.68 aq:24.01 tex:96372 mv:2216 misc:4196 imb:33 pmb:1498 smb:6629 d:t ref:0 ;
in:1922 out:1923 type:B dur:2 cpbdur:2 q:34.00 aq:33.48 tex:4113 mv:375 misc:536 imb:13 pmb:53 smb:8094 d:t ref:0 ;
in:1923 out:1924 type:b dur:2 cpbdur:2 q:34.00 aq:34.85 tex:3626 mv:779 misc:539 imb:23 pmb:74 smb:8063 d:- ref:0 ;
in:1928 out:1925 type:P dur:2 cpbdur:2 q:33.54 aq:24.36 tex:95920 mv:2730 misc:4302 imb:50 pmb:1564 smb:6546 d:t ref:0 ;
in:1926 out:1926 type:B dur:2 cpbdur:2 q:33.96 aq:33.12 tex:5385 mv:601 misc:662 imb:16 pmb:106 smb:8038 d:t ref:0 ;
in:1925 out:1927 type:b dur:2 cpbdur:2 q:33.96 aq:33.88 tex:3606 mv:447 misc:651 imb:10 pmb:91 smb:8059 d:t ref:0 ;
in:1927 out:1928 type:b dur:2 cpbdur:2 q:33.96 aq:34.23 tex:3602 mv:758 misc:552 imb:21 pmb:79 smb:8060 d:- ref:0 ;
in:1929 out:1929 type:P dur:2 cpbdur:2 q:33.52 aq:23.99 tex:99115 mv:1405 misc:4816 imb:17 pmb:1568 smb:6575 d:t ref:0 ;
in:1931 out:1930 type:P dur:2 cpbdur:2 q:33.49 aq:23.94 tex:74356 mv:1752 misc:4548 imb:22 pmb:1367 smb:6771 d:t ref:0 ;
in:1930 out:1931 type:b dur:2 cpbdur:2 q:33.79 aq:34.36 tex:4036 mv:262 misc:478 imb:15 pmb:11 smb:8134 d:t ref:0 ;
in:1935 out:1932 type:P dur:2 cpbdur:2 q:33.56 aq:24.45 tex:87948 mv:2457 misc:4379 imb:39 pmb:1552 smb:6569 d:t ref:0 ;
in:1933 out:1933 type:B dur:2 cpbdur:2 q:33.78 aq:32.24 tex:6434 mv:642 misc:628 imb:15 pmb:81 smb:8064 d:t ref:0 ;
in:1932 out:1934 type:b dur:2 cpbdur:2 q:33.78 aq:34.38 tex:2747 mv:346 misc:563 imb:2 pmb:78 smb:8080 d:t ref:0 ;
in:1934 out:1935 type:b dur:2 cpbdur:2 q:33.78 aq:34.38 tex:1580 mv:559 misc:573 imb:1 pmb:94 smb:8065 d:- ref:0 ;
in:1937 out:1936 type:P dur:2 cpbdur:2 q:33.37 aq:24.09 tex:85599 mv:2077 misc:4972 imb:26 pmb:1550 smb:6584 d:t ref:0 ;
in:1936 out:1937 type:b dur:2 cpbdur:2 q:33.76 aq:34.38 tex:913 mv:158 misc:545 imb:0 pmb:57 smb:8103 d:t ref:0 ;
in:1941 out:1938 type:P dur:2 cpbdur:2 q:33.61 aq:24.38 tex:93552 mv:2819 misc:4205 imb:45 pmb:1394 smb:6721 d:t ref:0 ;
in:1939 out:1939 type:B dur:2 cpbdur:2 q:33.93 aq:32.24 tex:1329 mv:358 misc:633 imb:0 pmb:84 smb:8076 d:t ref:0 ;
in:1938 out:1940 type:b dur:2 cpbdur:2 q:34.08 aq:34.97 tex:771 mv:290 misc:507 imb:1 pmb:31 smb:8128 d:t ref:0 ;
in:1940 out:1941 type:b dur:2 cpbdur:2 q:34.08 aq:33.60 tex:235 mv:511 misc:534 imb:3 pmb:72 smb:8085 d:- ref:0 ;
in:1943 out:1942 type:P dur:2 cpbdur:2 q:33.32 aq:23.97 tex:93025 mv:1646 misc:4705 imb:11 pmb:1502 smb:6647 d:t ref:0 ;
in:1942 out:1943 type:b dur:2 cpbdur:2 q:33.92 aq:32.08 tex:277 mv:36 misc:431 imb:0 pmb:6 smb:8154 d:t ref:0 ;
in:1949 out:1944 type:P dur:2 cpbdur:2 q:33.14 aq:24.41 tex:121488 mv:2866 misc:4334 imb:28 pmb:1683 smb:6449 d:t ref:0 ;
in:1946 out:1945 type:B dur:2 cpbdur:2 q:33.69 aq:30.79 tex:2401 mv:402 misc:685 imb:3 pmb:58 smb:8099 d:t ref:0 ;
in:1944 out:1946 type:b dur:2 cpbdur:2 q:33.95 aq:33.45 tex:208 mv:201 misc:535 imb:1 pmb:23 smb:8136 d:t ref:0 ;
in:1945 out:1947 type:b dur:2 cpbdur:2 q:33.95 aq:33.95 tex:51 mv:183 misc:534 imb:0 pmb:24 smb:8136 d:t ref:0 ;
in:1947 out:1948 type:b dur:2 cpbdur:2 q:33.95 aq:33.72 tex:1318 mv:843 misc:551 imb:6 pmb:97 smb:8057 d:- ref:0 ;
in:1948 out:1949 type:b dur:2 cpbdur:2 q:33.95 aq:34.04 tex:1499 mv:859 misc:554 imb:6 pmb:96 smb:8058 d:- ref:0 ;
in:1951 out:1950 type:P dur:2 cpbdur:2 q:33.31 aq:24.10 tex:63841 mv:1586 misc:4253 imb:9 pmb:1219 smb:6932 d:t ref:0 ;
in:1950 out:1951 type:b dur:2 cpbdur:2 q:33.46 aq:33.66 tex:577 mv:70 misc:441 imb:0 pmb:7 smb:8153 d:t ref:0 ;
in:1955 out:1952 type:P dur:2 cpbdur:2 q:33.39 aq:24.33 tex:56336 mv:1792 misc:3704 imb:7 pmb:1042 smb:7111 d:t ref:0 ;
in:1953 out:1953 type:B dur:2 cpbdur:2 q:33.67 aq:31.28 tex:1487 mv:249 misc:552 imb:4 pmb:23 smb:8133 d:t ref:0 ;
in:1952 out:1954 type:b dur:2 cpbdur:2 q:33.80 aq:33.23 tex:334 mv:163 misc:487 imb:1 pmb:15 smb:8144 d:t ref:0 ;
in:1954 out:1955 type:b dur:2 cpbdur:2 q:33.80 aq:33.63 tex:438 mv:512 misc:498 imb:2 pmb:62 smb:8096 d:- ref:0 ;
in:1959 out:1956 type:P dur:2 cpbdur:2 q:33.06 aq:24.24 tex:65809 mv:2077 misc:3562 imb:11 pmb:1142 smb:7007 d:t ref:0 ;
in:1957 out:1957 type:B dur:2 cpbdur:2 q:33.62 aq:31.68 tex:1141 mv:213 misc:542 imb:2 pmb:27 smb:8131 d:t ref:0 ;
in:1956 out:1958 type:b dur:2 cpbdur:2 q:33.78 aq:34.03 tex:401 mv:105 misc:486 imb:0 pmb:16 smb:8144 d:t ref:0 ;
in:1958 out:1959 type:b dur:2 cpbdur:2 q:33.78 aq:32.05 tex:192 mv:510 misc:490 imb:3 pmb:62 smb:8095 d:- ref:0 ;
in:1963 out:1960 type:P dur:2 cpbdur:2 q:32.72 aq:23.80 tex:70315 mv:1961 misc:4324 imb:5 pmb:1286 smb:6869 d:t ref:0 ;
in:1961 out:1961 type:B dur:2 cpbdur:2 q:33.35 aq:31.77 tex:656 mv:212 misc:556 imb:0 pmb:29 smb:8131 d:t ref:0 ;
in:1960 out:1962 type:b dur:2 cpbdur:2 q:33.36 aq:32.04 tex:54 mv:96 misc:466 imb:0 pmb:11 smb:8149 d:t ref:0 ;
in:1962 out:1963 type:b dur:2 cpbdur:2 q:33.35 aq:32.79 tex:478 mv:474 misc:496 imb:2 pmb:64 smb:8094 d:- ref:0 ;
in:1966 out:1964 type:P dur:2 cpbdur:2 q:33.02 aq:23.94 tex:96199 mv:1866 misc:4295 imb:7 pmb:1410 smb:6743 d:t ref:0 ;
in:1964 out:1965 type:B dur:2 cpbdur:2 q:33.22 aq:31.59 tex:701 mv:132 misc:487 imb:1 pmb:12 smb:8147 d:t ref:0 ;
in:1965 out:1966 type:b dur:2 cpbdur:2 q:33.22 aq:32.56 tex:475 mv:473 misc:484 imb:1 pmb:60 smb:8099 d:- ref:0 ;
in:1968 out:1967 type:P dur:2 cpbdur:2 q:32.87 aq:23.67 tex:94144 mv:1905 misc:5271 imb:8 pmb:1905 smb:6247 d:t ref:0 ;
in:1967 out:1968 type:b dur:2 cpbdur:2 q:33.18 aq:32.63 tex:354 mv:116 misc:466 imb:0 pmb:12 smb:8148 d:t ref:0 ;
in:1970 out:1969 type:P dur:2 cpbdur:2 q:32.69 aq:23.55 tex:68721 mv:1677 misc:4554 imb:6 pmb:1377 smb:6777 d:t ref:0 ;
in:1969 out:1970 type:b dur:2 cpbdur:2 q:33.10 aq:33.32 tex:73 mv:60 misc:435 imb:0 pmb:6 smb:8154 d:t ref:0 ;
in:1975 out:1971 type:P dur:2 cpbdur:2 q:32.35 aq:23.63 tex:102851 mv:2672 misc:4493 imb:10 pmb:1458 smb:6692 d:t ref:0 ;
in:1972 out:1972 type:B dur:2 cpbdur:2 q:32.69 aq:30.25 tex:1165 mv:277 misc:622 imb:0 pmb:63 smb:8097 d:t ref:0 ;
in:1971 out:1973 type:b dur:2 cpbdur:2 q:32.69 aq:33.00 tex:110 mv:61 misc:461 imb:0 pmb:10 smb:8150 d:t ref:0 ;
in:1973 out:1974 type:b dur:2 cpbdur:2 q:32.69 aq:32.39 tex:673 mv:670 misc:593 imb:2 pmb:86 smb:8072 d:- ref:0 ;
in:1974 out:1975 type:b dur:2 cpbdur:2 q:32.69 aq:32.43 tex:757 mv:637 misc:558 imb:1 pmb:78 smb:8081 d:- ref:0 ;
in:1976 out:1976 type:P dur:2 cpbdur:2 q:32.23 aq:30.25 tex:2951 mv:614 misc:763 imb:3 pmb:119 smb:8038 d:t ref:0 ;
in:1977 out:1977 type:I dur:2 cpbdur:2 q:33.92 aq:24.57 tex:2367848 mv:115261 misc:267 imb:8160 pmb:0 smb:0 d:t ref:;
in:1979 out:1978 type:P dur:2 cpbdur:2 q:33.68 aq:24.12 tex:90516 mv:2356 misc:6136 imb:8 pmb:2011 smb:6141 d:t ref:0 ;
in:1978 out:1979 type:b dur:2 cpbdur:2 q:34.15 aq:33.20 tex:502 mv:91 misc:463 imb:1 pmb:9 smb:8150 d:t ref:0 ;
in:1982 out:1980 type:P dur:2 cpbdur:2 q:33.64 aq:24.22 tex:102990 mv:2848 misc:4866 imb:14 pmb:1789 smb:6357 d:t ref:0 ;
in:1980 out:1981 type:B dur:2 cpbdur:2 q:34.13 aq:32.41 tex:818 mv:237 misc:529 imb:0 pmb:28 smb:8132 d:t ref:0 ;
in:1981 out:1982 type:b dur:2 cpbdur:2 q:34.13 aq:34.04 tex:877 mv:518 misc:517 imb:1 pmb:70 smb:8089 d:- ref:0 ;
in:1984 out:1983 type:P dur:2 cpbdur:2 q:33.80 aq:24.14 tex:84269 mv:2148 misc:4127 imb:9 pmb:1472 smb:6679 d:t ref:0 ;
in:1983 out:1984 type:b dur:2 cpbdur:2 q:34.27 aq:33.36 tex:1029 mv:158 misc:477 imb:0 pmb:19 smb:8141 d:t ref:0 ;
in:1988 out:1985 type:P dur:2 cpbdur:2 q:33.82 aq:24.58 tex:64724 mv:2548 misc:3648 imb:16 pmb:1117 smb:7027 d:t ref:0 ;
in:1986 out:1986 type:B dur:2 cpbdur:2 q:34.14 aq:32.09 tex:3515 mv:652 misc:625 imb:7 pmb:69 smb:8084 d:t ref:0 ;
in:1985 out:1987 type:b dur:2 cpbdur:2 q:34.55 aq:34.05 tex:944 mv:244 misc:556 imb:0 pmb:55 smb:8105 d:t ref:0 ;
in:1987 out:1988 type:b dur:2 cpbdur:2 q:34.55 aq:33.58 tex:435 mv:519 misc:582 imb:2 pmb:83 smb:8075 d:- ref:0 ;
in:1990 out:1989 type:P dur:2 cpbdur:2 q:33.58 aq:23.80 tex:83591 mv:2006 misc:4507 imb:5 pmb:1540 smb:6615 d:t ref:0 ;
in:1989 out:1990 type:b dur:2 cpbdur:2 q:33.98 aq:33.63 tex:263 mv:92 misc:453 imb:0 pmb:10 smb:8150 d:t ref:0 ;
in:1995 out:1991 type:P dur:2 cpbdur:2 q:33.72 aq:24.44 tex:83239 mv:2793 misc:4064 imb:13 pmb:1430 smb:6717 d:t ref:0 ;
in:1992 out:1992 type:B dur:2 cpbdur:2 q:33.92 aq:31.32 tex:2121 mv:339 misc:684 imb:3 pmb:59 smb:8098 d:t ref:0 ;
in:1991 out:1993 type:b dur:2 cpbdur:2 q:33.92 aq:33.33 tex:404 mv:205 misc:583 imb:0 pmb:40 smb:8120 d:t ref:0 ;
in:1993 out:1994 type:b dur:2 cpbdur:2 q:33.92 aq:33.09 tex:336 mv:542 misc:506 imb:1 pmb:65 smb:8094 d:- ref:0 ;
in:1994 out:1995 type:b dur:2 cpbdur:2 q:33.92 aq:33.16 tex:426 mv:559 misc:503 imb:1 pmb:67 smb:8092 d:- ref:0 ;
in:1999 out:1996 type:P dur:2 cpbdur:2 q:34.04 aq:24.66 tex:71383 mv:2431 misc:3898 imb:14 pmb:1303 smb:6843 d:t ref:0 ;
in:1997 out:1997 type:B dur:2 cpbdur:2 q:34.10 aq:31.59 tex:880 mv:224 misc:568 imb:2 pmb:54 smb:8104 d:t ref:0 ;
in:1996 out:1998 type:b dur:2 cpbdur:2 q:34.10 aq:33.59 tex:605 mv:169 misc:522 imb:0 pmb:48 smb:8112 d:t ref:0 ;
in:1998 out:1999 type:b dur:2 cpbdur:2 q:34.10 aq:33.58 tex:538 mv:489 misc:501 imb:1 pmb:66 smb:8093 d:- ref:0 ;
in:2004 out:2000 type:P dur:2 cpbdur:2 q:33.80 aq:24.63 tex:95555 mv:2832 misc:4653 imb:27 pmb:1570 smb:6563 d:t ref:0 ;
in:2001 out:2001 type:B dur:2 cpbdur:2 q:34.31 aq:31.03 tex:3390 mv:584 misc:658 imb:7 pmb:71 smb:8082 d:t ref:0 ;
in:2000 out:2002 type:b dur:2 cpbdur:2 q:34.32 aq:33.60 tex:346 mv:208 misc:574 imb:0 pmb:54 smb:8106 d:t ref:0 ;
in:2002 out:2003 type:b dur:2 cpbdur:2 q:34.32 aq:33.60 tex:636 mv:653 misc:623 imb:4 pmb:93 smb:8063 d:- ref:0 ;
in:2003 out:2004 type:b dur:2 cpbdur:2 q:34.32 aq:33.83 tex:630 mv:665 misc:601 imb:1 pmb:91 smb:8068 d:- ref:0 ;
in:2008 out:2005 type:P dur:2 cpbdur:2 q:33.18 aq:24.11 tex:109130 mv:3298 misc:4988 imb:16 pmb:1817 smb:6327 d:t ref:0 ;
in:2006 out:2006 type:B dur:2 cpbdur:2 q:33.96 aq:31.32 tex:1567 mv:407 misc:642 imb:2 pmb:71 smb:8087 d:t ref:0 ;
in:2005 out:2007 type:b dur:2 cpbdur:2 q:34.11 aq:34.00 tex:334 mv:84 misc:470 imb:0 pmb:11 smb:8149 d:t ref:0 ;
in:2007 out:2008 type:b dur:2 cpbdur:2 q:34.11 aq:33.99 tex:367 mv:515 misc:542 imb:2 pmb:78 smb:8080 d:- ref:0 ;
in:2012 out:2009 type:P dur:2 cpbdur:2 q:33.32 aq:24.10 tex:84231 mv:2777 misc:4536 imb:16 pmb:1479 smb:6665 d:t ref:0 ;
in:2010 out:2010 type:B dur:2 cpbdur:2 q:33.48 aq:31.19 tex:1683 mv:498 misc:651 imb:3 pmb:81 smb:8076 d:t ref:0 ;
in:2009 out:2011 type:b dur:2 cpbdur:2 q:33.48 aq:33.56 tex:457 mv:269 misc:578 imb:0 pmb:63 smb:8097 d:t ref:0 ;
in:2011 out:2012 type:b dur:2 cpbdur:2 q:33.48 aq:33.91 tex:729 mv:564 misc:531 imb:1 pmb:72 smb:8087 d:- ref:0 ;
in:2017 out:2013 type:P dur:2 cpbdur:2 q:33.10 aq:24.11 tex:88767 mv:2860 misc:4069 imb:17 pmb:1319 smb:6824 d:t ref:0 ;
in:2014 out:2014 type:B dur:2 cpbdur:2 q:33.44 aq:30.53 tex:5514 mv:764 misc:722 imb:9 pmb:103 smb:8048 d:t ref:0 ;
in:2013 out:2015 type:b dur:2 cpbdur:2 q:33.44 aq:33.94 tex:631 mv:277 misc:596 imb:0 pmb:65 smb:8095 d:t ref:0 ;
in:2015 out:2016 type:b dur:2 cpbdur:2 q:33.44 aq:33.93 tex:965 mv:640 misc:619 imb:2 pmb:90 smb:8068 d:- ref:0 ;
in:2016 out:2017 type:b dur:2 cpbdur:2 q:33.44 aq:33.20 tex:752 mv:663 misc:625 imb:2 pmb:94 smb:8064 d:- ref:0 ;
in:2020 out:2018 type:P dur:2 cpbdur:2 q:33.18 aq:24.33 tex:74288 mv:2403 misc:4077 imb:11 pmb:1304 smb:6845 d:t ref:0 ;
in:2018 out:2019 type:B dur:2 cpbdur:2 q:33.52 aq:32.56 tex:761 mv:184 misc:551 imb:2 pmb:49 smb:8109 d:t ref:0 ;
in:2019 out:2020 type:b dur:2 cpbdur:2 q:33.52 aq:33.20 tex:961 mv:556 misc:579 imb:3 pmb:82 smb:8075 d:- ref:0 ;
in:2023 out:2021 type:P dur:2 cpbdur:2 q:33.09 aq:23.79 tex:103060 mv:2744 misc:4620 imb:15 pmb:1580 smb:6565 d:t ref:0 ;
in:2021 out:2022 type:B dur:2 cpbdur:2 q:33.45 aq:32.45 tex:722 mv:296 misc:630 imb:2 pmb:71 smb:8087 d:t ref:0 ;
in:2022 out:2023 type:b dur:2 cpbdur:2 q:33.45 aq:33.17 tex:445 mv:534 misc:597 imb:1 pmb:84 smb:8075 d:- ref:0 ;
in:2025 out:2024 type:P dur:2 cpbdur:2 q:32.92 aq:23.29 tex:77230 mv:1926 misc:4484 imb:5 pmb:1375 smb:6780 d:t ref:0 ;
in:2024 out:2025 type:b dur:2 cpbdur:2 q:33.34 aq:33.20 tex:249 mv:112 misc:487 imb:0 pmb:16 smb:8144 d:t ref:0 ;
in:2029 out:2026 type:P dur:2 cpbdur:2 q:32.89 aq:24.09 tex:78180 mv:2496 misc:4060 imb:15 pmb:1325 smb:6820 d:t ref:0 ;
in:2027 out:2027 type:B dur:2 cpbdur:2 q:33.19 aq:31.31 tex:1954 mv:249 misc:629 imb:1 pmb:50 smb:8109 d:t ref:0 ;
in:2026 out:2028 type:b dur:2 cpbdur:2 q:33.19 aq:33.23 tex:788 mv:207 misc:533 imb:1 pmb:24 smb:8135 d:t ref:0 ;
in:2028 out:2029 type:b dur:2 cpbdur:2 q:33.19 aq:33.68 tex:1177 mv:616 misc:583 imb:3 pmb:78 smb:8079 d:- ref:0 ;
in:2034 out:2030 type:P dur:2 cpbdur:2 q:32.79 aq:23.88 tex:129496 mv:5346 misc:4206 imb:375 pmb:1604 smb:6181 d:t ref:0 ;
in:2031 out:2031 type:B dur:2 cpbdur:2 q:33.08 aq:31.44 tex:3902 mv:665 misc:1121 imb:3 pmb:418 smb:7739 d:s ref:0 ;
in:2030 out:2032 type:b dur:2 cpbdur:2 q:33.08 aq:33.13 tex:1299 mv:284 misc:585 imb:1 pmb:51 smb:8108 d:t ref:0 ;
in:2032 out:2033 type:b dur:2 cpbdur:2 q:33.08 aq:32.59 tex:1735 mv:910 misc:899 imb:3 pmb:188 smb:7969 d:- ref:0 ;
in:2033 out:2034 type:b dur:2 cpbdur:2 q:33.08 aq:32.56 tex:2600 mv:998 misc:682 imb:6 pmb:115 smb:8039 d:- ref:0 ;
in:2036 out:2035 type:P dur:2 cpbdur:2 q:32.41 aq:23.06 tex:146782 mv:4221 misc:5397 imb:234 pmb:2102 smb:5824 d:t ref:0 ;
in:2035 out:2036 type:b dur:2 cpbdur:2 q:32.95 aq:32.64 tex:1588 mv:293 misc:599 imb:5 pmb:54 smb:8101 d:t ref:0 ;
in:2039 out:2037 type:P dur:2 cpbdur:2 q:32.89 aq:23.82 tex:109812 mv:3516 misc:4240 imb:104 pmb:1408 smb:6648 d:t ref:0 ;
in:2037 out:2038 type:B dur:2 cpbdur:2 q:32.89 aq:31.65 tex:2775 mv:519 misc:818 imb:6 pmb:153 smb:8001 d:t ref:0 ;
in:2038 out:2039 type:b dur:2 cpbdur:2 q:32.89 aq:32.30 tex:1785 mv:786 misc:741 imb:5 pmb:144 smb:8011 d:- ref:0 ;
in:2041 out:2040 type:P dur:2 cpbdur:2 q:33.05 aq:23.93 tex:157640 mv:4795 misc:4333 imb:268 pmb:1550 smb:6342 d:t ref:0 ;
in:2040 out:2041 type:b dur:2 cpbdur:2 q:33.26 aq:32.62 tex:5419 mv:2621 misc:752 imb:25 pmb:189 smb:7946 d:t ref:0 ;
in:2042 out:2042 type:P dur:2 cpbdur:2 q:33.02 aq:23.46 tex:137868 mv:3300 misc:4944 imb:64 pmb:2081 smb:6015 d:t ref:0 ;
in:2045 out:2043 type:P dur:2 cpbdur:2 q:32.75 aq:23.17 tex:201153 mv:4502 misc:4953 imb:110 pmb:2009 smb:6041 d:t ref:0 ;
in:2043 out:2044 type:B dur:2 cpbdur:2 q:33.37 aq:32.90 tex:6994 mv:1906 misc:852 imb:14 pmb:235 smb:7911 d:t ref:0 ;
in:2044 out:2045 type:b dur:2 cpbdur:2 q:33.71 aq:33.49 tex:3917 mv:1682 misc:793 imb:8 pmb:208 smb:7944 d:- ref:0 ;
in:2051 out:2046 type:P dur:2 cpbdur:2 q:32.87 aq:23.65 tex:207469 mv:5157 misc:4718 imb:149 pmb:1850 smb:6161 d:t ref:0 ;
in:2048 out:2047 type:B dur:2 cpbdur:2 q:33.16 aq:30.71 tex:20381 mv:3075 misc:1544 imb:49 pmb:632 smb:7479 d:s ref:0 ;
in:2046 out:2048 type:b dur:2 cpbdur:2 q:33.32 aq:33.78 tex:3054 mv:1292 misc:1014 imb:5 pmb:224 smb:7931 d:s ref:0 ;
in:2047 out:2049 type:b dur:2 cpbdur:2 q:33.32 aq:33.04 tex:3183 mv:1341 misc:1164 imb:9 pmb:263 smb:7888 d:s ref:0 ;
in:2049 out:2050 type:b dur:2 cpbdur:2 q:33.32 aq:33.30 tex:18510 mv:3554 misc:936 imb:91 pmb:373 smb:7696 d:- ref:0 ;
in:2050 out:2051 type:b dur:2 cpbdur:2 q:33.32 aq:33.53 tex:28469 mv:4173 misc:886 imb:147 pmb:220 smb:7793 d:- ref:0 ;
in:2056 out:2052 type:P dur:2 cpbdur:2 q:32.65 aq:23.46 tex:89324 mv:2909 misc:3751 imb:25 pmb:1253 smb:6882 d:t ref:0 ;
in:2053 out:2053 type:B dur:2 cpbdur:2 q:33.03 aq:31.43 tex:3785 mv:639 misc:696 imb:2 pmb:88 smb:8070 d:t ref:0 ;
in:2052 out:2054 type:b dur:2 cpbdur:2 q:33.19 aq:33.13 tex:445 mv:168 misc:531 imb:1 pmb:25 smb:8134 d:t ref:0 ;
in:2054 out:2055 type:b dur:2 cpbdur:2 q:33.19 aq:33.98 tex:1455 mv:729 misc:624 imb:1 pmb:98 smb:8061 d:- ref:0 ;
in:2055 out:2056 type:b dur:2 cpbdur:2 q:33.19 aq:33.08 tex:1352 mv:805 misc:627 imb:3 pmb:95 smb:8062 d:- ref:0 ;
in:2060 out:2057 type:P dur:2 cpbdur:2 q:32.54 aq:23.79 tex:71892 mv:2357 misc:3247 imb:9 pmb:1020 smb:7131 d:t ref:0 ;
in:2058 out:2058 type:B dur:2 cpbdur:2 q:32.81 aq:31.27 tex:1978 mv:559 misc:735 imb:2 pmb:93 smb:8065 d:t ref:0 ;
in:2057 out:2059 type:b dur:2 cpbdur:2 q:32.81 aq:32.36 tex:484 mv:203 misc:593 imb:0 pmb:56 smb:8104 d:t ref:0 ;
in:2059 out:2060 type:b dur:2 cpbdur:2 q:32.81 aq:33.06 tex:923 mv:532 misc:553 imb:2 pmb:72 smb:8086 d:- ref:0 ;
in:2065 out:2061 type:P dur:2 cpbdur:2 q:32.50 aq:23.95 tex:69982 mv:2696 misc:3138 imb:28 pmb:953 smb:7179 d:t ref:0 ;
in:2062 out:2062 type:B dur:2 cpbdur:2 q:32.71 aq:30.53 tex:4636 mv:720 misc:796 imb:3 pmb:111 smb:8046 d:t ref:0 ;
in:2061 out:2063 type:b dur:2 cpbdur:2 q:32.71 aq:33.04 tex:896 mv:481 misc:679 imb:0 pmb:66 smb:8094 d:t ref:0 ;
in:2063 out:2064 type:b dur:2 cpbdur:2 q:32.71 aq:32.33 tex:1815 mv:787 misc:630 imb:2 pmb:97 smb:8061 d:- ref:0 ;
in:2064 out:2065 type:b dur:2 cpbdur:2 q:32.71 aq:32.68 tex:1726 mv:864 misc:610 imb:4 pmb:93 smb:8063 d:- ref:0 ;
in:2069 out:2066 type:P dur:2 cpbdur:2 q:32.41 aq:24.59 tex:58110 mv:2447 misc:2619 imb:22 pmb:818 smb:7320 d:t ref:0 ;
in:2067 out:2067 type:B dur:2 cpbdur:2 q:32.66 aq:30.75 tex:3215 mv:671 misc:714 imb:5 pmb:94 smb:8061 d:t ref:0 ;
in:2066 out:2068 type:b dur:2 cpbdur:2 q:32.66 aq:32.39 tex:1111 mv:382 misc:587 imb:2 pmb:42 smb:8116 d:t ref:0 ;
in:2068 out:2069 type:b dur:2 cpbdur:2 q:32.66 aq:32.55 tex:1532 mv:655 misc:605 imb:1 pmb:94 smb:8065 d:- ref:0 ;
in:2070 out:2070 type:P dur:2 cpbdur:2 q:32.14 aq:24.30 tex:50738 mv:1478 misc:2800 imb:1 pmb:831 smb:7328 d:t ref:0 ;
in:2074 out:2071 type:P dur:2 cpbdur:2 q:32.14 aq:24.61 tex:51276 mv:2300 misc:2288 imb:11 pmb:745 smb:7404 d:t ref:0 ;
in:2072 out:2072 type:B dur:2 cpbdur:2 q:32.14 aq:29.68 tex:3529 mv:547 misc:740 imb:3 pmb:97 smb:8060 d:t ref:0 ;
in:2071 out:2073 type:b dur:2 cpbdur:2 q:32.14 aq:32.19 tex:1407 mv:659 misc:638 imb:3 pmb:93 smb:8064 d:t ref:0 ;
in:2073 out:2074 type:b dur:2 cpbdur:2 q:32.14 aq:31.52 tex:1105 mv:649 misc:566 imb:1 pmb:79 smb:8080 d:- ref:0 ;
in:2075 out:2075 type:P dur:2 cpbdur:2 q:32.07 aq:24.59 tex:29519 mv:973 misc:2172 imb:1 pmb:543 smb:7616 d:s ref:0 ;
in:2078 out:2076 type:P dur:2 cpbdur:2 q:32.08 aq:25.28 tex:52232 mv:2114 misc:1990 imb:13 pmb:679 smb:7468 d:t ref:0 ;
in:2076 out:2077 type:B dur:2 cpbdur:2 q:32.08 aq:31.58 tex:2544 mv:459 misc:637 imb:3 pmb:71 smb:8086 d:t ref:0 ;
in:2077 out:2078 type:b dur:2 cpbdur:2 q:32.08 aq:32.59 tex:1068 mv:588 misc:528 imb:2 pmb:71 smb:8087 d:- ref:0 ;
in:2082 out:2079 type:P dur:2 cpbdur:2 q:32.23 aq:26.13 tex:45052 mv:2130 misc:1650 imb:18 pmb:562 smb:7580 d:t ref:0 ;
in:2080 out:2080 type:B dur:2 cpbdur:2 q:32.26 aq:30.41 tex:3097 mv:531 misc:684 imb:2 pmb:84 smb:8074 d:t ref:0 ;
in:2079 out:2081 type:b dur:2 cpbdur:2 q:32.26 aq:32.65 tex:876 mv:318 misc:598 imb:1 pmb:60 smb:8099 d:t ref:0 ;
in:2081 out:2082 type:b dur:2 cpbdur:2 q:32.26 aq:32.20 tex:371 mv:522 misc:531 imb:2 pmb:68 smb:8090 d:- ref:0 ;
in:2084 out:2083 type:P dur:2 cpbdur:2 q:31.96 aq:26.34 tex:27989 mv:1306 misc:1521 imb:1 pmb:461 smb:7698 d:t ref:0 ;
in:2083 out:2084 type:b dur:2 cpbdur:2 q:32.23 aq:32.25 tex:442 mv:110 misc:456 imb:0 pmb:10 smb:8150 d:t ref:0 ;
in:2087 out:2085 type:P dur:2 cpbdur:2 q:31.91 aq:27.86 tex:32161 mv:1732 misc:1483 imb:6 pmb:459 smb:7695 d:t ref:0 ;
in:2085 out:2086 type:B dur:2 cpbdur:2 q:31.96 aq:30.54 tex:1647 mv:371 misc:638 imb:1 pmb:72 smb:8087 d:t ref:0 ;
in:2086 out:2087 type:b dur:2 cpbdur:2 q:31.96 aq:31.87 tex:981 mv:578 misc:593 imb:1 pmb:88 smb:8071 d:- ref:0 ;
in:2091 out:2088 type:P dur:2 cpbdur:2 q:32.34 aq:30.64 tex:89980 mv:5019 misc:1905 imb:426 pmb:679 smb:7055 d:t ref:0 ;
in:2089 out:2089 type:B dur:2 cpbdur:2 q:32.34 aq:33.00 tex:7294 mv:1293 misc:1301 imb:8 pmb:549 smb:7603 d:s ref:0 ;
in:2088 out:2090 type:b dur:2 cpbdur:2 q:32.34 aq:32.23 tex:1557 mv:536 misc:723 imb:1 pmb:81 smb:8078 d:t ref:0 ;
in:2090 out:2091 type:b dur:2 cpbdur:2 q:32.34 aq:34.13 tex:4946 mv:1125 misc:793 imb:12 pmb:156 smb:7992 d:- ref:0 ;
in:2093 out:2092 type:P dur:2 cpbdur:2 q:32.66 aq:31.73 tex:116288 mv:6321 misc:1751 imb:861 pmb:454 smb:6845 d:t ref:0 ;
in:2092 out:2093 type:b dur:2 cpbdur:2 q:32.74 aq:34.35 tex:5856 mv:2283 misc:973 imb:16 pmb:701 smb:7443 d:s ref:0 ;
in:2095 out:2094 type:P dur:2 cpbdur:2 q:32.98 aq:32.35 tex:65822 mv:8549 misc:2661 imb:1184 pmb:458 smb:6518 d:t ref:0 ;
in:2094 out:2095 type:b dur:2 cpbdur:2 q:33.50 aq:35.00 tex:9775 mv:6749 misc:1292 imb:202 pmb:1473 smb:6485 d:s ref:0 ;
in:2097 out:2096 type:P dur:2 cpbdur:2 q:31.70 aq:31.45 tex:80863 mv:10914 misc:3831 imb:1537 pmb:436 smb:6187 d:t ref:0 ;
in:2096 out:2097 type:b dur:2 cpbdur:2 q:33.44 aq:34.70 tex:9827 mv:7515 misc:1666 imb:207 pmb:1783 smb:6170 d:s ref:0 ;
in:2098 out:2098 type:P dur:2 cpbdur:2 q:31.69 aq:32.87 tex:22078 mv:5028 misc:1606 imb:881 pmb:138 smb:7141 d:t ref:0 ;
in:2099 out:2099 type:I dur:2 cpbdur:2 q:29.09 aq:27.85 tex:939050 mv:11324 misc:266 imb:8160 pmb:0 smb:0 d:t ref:;
in:2100 out:2100 type:P dur:2 cpbdur:2 q:32.81 aq:30.14 tex:42448 mv:7675 misc:1349 imb:1146 pmb:323 smb:6691 d:t ref:0 w:6,65,-20,6,94,-61,103,-75 ;
in:2101 out:2101 type:P dur:2 cpbdur:2 q:32.98 aq:31.51 tex:65280 mv:7457 misc:1759 imb:903 pmb:476 smb:6781 d:t ref:0 w:0,1,-14,6,83,-38,81,-33 ;
in:2105 out:2102 type:P dur:2 cpbdur:2 q:38.15 aq:34.86 tex:226073 mv:29737 misc:718 imb:7907 pmb:151 smb:102 d:s ref:0 w:3,13,-128 ;
in:2103 out:2103 type:B dur:2 cpbdur:2 q:38.50 aq:37.64 tex:38859 mv:35731 misc:2210 imb:3508 pmb:3077 smb:1575 d:s ref:0 ;
in:2102 out:2104 type:b dur:2 cpbdur:2 q:38.85 aq:40.08 tex:7996 mv:13253 misc:1039 imb:926 pmb:1032 smb:6202 d:s ref:0 ;
in:2104 out:2105 type:b dur:2 cpbdur:2 q:38.85 aq:40.14 tex:13519 mv:6936 misc:1785 imb:542 pmb:382 smb:7236 d:- ref:0 ;
in:2106 out:2106 type:P dur:2 cpbdur:2 q:39.86 aq:34.42 tex:148676 mv:18360 misc:4004 imb:3207 pmb:989 smb:3964 d:t ref:0 ;
in:2111 out:2107 type:P dur:2 cpbdur:2 q:39.99 aq:30.71 tex:446386 mv:30462 misc:2760 imb:6178 pmb:1122 smb:860 d:t ref:0 ;
in:2108 out:2108 type:B dur:2 cpbdur:2 q:40.52 aq:38.92 tex:12779 mv:16827 misc:2234 imb:684 pmb:3048 smb:4428 d:s ref:0 ;
in:2107 out:2109 type:b dur:2 cpbdur:2 q:40.89 aq:41.44 tex:3675 mv:10654 misc:2367 imb:183 pmb:2200 smb:5777 d:s ref:0 ;
in:2109 out:2110 type:b dur:2 cpbdur:2 q:40.84 aq:41.80 tex:2589 mv:2785 misc:1370 imb:34 pmb:415 smb:7711 d:- ref:0 ;
in:2110 out:2111 type:b dur:2 cpbdur:2 q:40.84 aq:41.32 tex:2057 mv:2011 misc:1508 imb:22 pmb:454 smb:7684 d:- ref:0 ;
in:2113 out:2112 type:P dur:2 cpbdur:2 q:40.40 aq:30.69 tex:104543 mv:6776 misc:4305 imb:617 pmb:1467 smb:6076 d:t ref:0 ;
in:2112 out:2113 type:b dur:2 cpbdur:2 q:40.90 aq:34.19 tex:1443 mv:438 misc:559 imb:7 pmb:113 smb:8040 d:t ref:0 ;
in:2117 out:2114 type:P dur:2 cpbdur:2 q:40.64 aq:30.90 tex:35655 mv:2412 misc:1813 imb:131 pmb:516 smb:7513 d:t ref:0 ;
in:2115 out:2115 type:B dur:2 cpbdur:2 q:40.87 aq:31.23 tex:498 mv:428 misc:618 imb:2 pmb:67 smb:8091 d:t ref:0 ;
in:2114 out:2116 type:b dur:2 cpbdur:2 q:41.32 aq:32.16 tex:121 mv:205 misc:594 imb:2 pmb:60 smb:8098 d:t ref:0 ;
in:2116 out:2117 type:b dur:2 cpbdur:2 q:41.32 aq:32.10 tex:109 mv:455 misc:516 imb:1 pmb:69 smb:8090 d:- ref:0 ;
in:2119 out:2118 type:P dur:2 cpbdur:2 q:40.64 aq:30.13 tex:34699 mv:2822 misc:2863 imb:247 pmb:695 smb:7218 d:s ref:0 ;
in:2118 out:2119 type:b dur:2 cpbdur:2 q:41.08 aq:32.00 tex:8 mv:429 misc:475 imb:1 pmb:56 smb:8103 d:t ref:0 ;
in:2122 out:2120 type:P dur:2 cpbdur:2 q:39.10 aq:28.47 tex:129989 mv:5463 misc:4580 imb:437 pmb:1805 smb:5918 d:s ref:0 ;
in:2120 out:2121 type:B dur:2 cpbdur:2 q:41.02 aq:31.10 tex:109 mv:518 misc:485 imb:1 pmb:58 smb:8101 d:t ref:0 ;
in:2121 out:2122 type:b dur:2 cpbdur:2 q:41.02 aq:32.18 tex:210 mv:429 misc:457 imb:1 pmb:56 smb:8103 d:- ref:0 ;
in:2124 out:2123 type:P dur:2 cpbdur:2 q:38.48 aq:28.10 tex:139154 mv:5140 misc:4866 imb:450 pmb:1936 smb:5774 d:s ref:0 ;
in:2123 out:2124 type:b dur:2 cpbdur:2 q:39.60 aq:32.13 tex:106 mv:433 misc:477 imb:1 pmb:58 smb:8101 d:t ref:0 ;
in:2128 out:2125 type:P dur:2 cpbdur:2 q:37.70 aq:27.47 tex:157896 mv:5153 misc:5167 imb:486 pmb:1969 smb:5705 d:s ref:0 ;
in:2126 out:2126 type:B dur:2 cpbdur:2 q:38.84 aq:30.14 tex:164 mv:532 misc:488 imb:1 pmb:58 smb:8101 d:t ref:0 ;
in:2125 out:2127 type:b dur:2 cpbdur:2 q:38.95 aq:32.13 tex:99 mv:434 misc:467 imb:2 pmb:57 smb:8101 d:t ref:0 ;
in:2127 out:2128 type:b dur:2 cpbdur:2 q:38.95 aq:32.09 tex:181 mv:431 misc:452 imb:2 pmb:54 smb:8104 d:- ref:0 ;
in:2133 out:2129 type:P dur:2 cpbdur:2 q:37.36 aq:26.83 tex:136053 mv:4661 misc:4310 imb:375 pmb:1547 smb:6238 d:s ref:0 ;
in:2130 out:2130 type:B dur:2 cpbdur:2 q:38.26 aq:29.74 tex:449 mv:555 misc:484 imb:1 pmb:58 smb:8101 d:t ref:0 ;
in:2129 out:2131 type:b dur:2 cpbdur:2 q:38.45 aq:32.09 tex:107 mv:439 misc:470 imb:2 pmb:57 smb:8101 d:t ref:0 ;
in:2131 out:2132 type:b dur:2 cpbdur:2 q:38.45 aq:32.11 tex:111 mv:522 misc:471 imb:3 pmb:56 smb:8101 d:- ref:0 ;
in:2132 out:2133 type:b dur:2 cpbdur:2 q:38.45 aq:32.11 tex:283 mv:550 misc:463 imb:3 pmb:56 smb:8101 d:- ref:0 ;
in:2136 out:2134 type:P dur:2 cpbdur:2 q:36.65 aq:26.51 tex:150473 mv:3325 misc:5170 imb:169 pmb:2009 smb:5982 d:s ref:0 ;
in:2134 out:2135 type:B dur:2 cpbdur:2 q:37.68 aq:31.82 tex:1358 mv:802 misc:536 imb:5 pmb:84 smb:8071 d:t ref:0 ;
in:2135 out:2136 type:b dur:2 cpbdur:2 q:37.85 aq:32.11 tex:273 mv:464 misc:519 imb:1 pmb:72 smb:8087 d:- ref:0 ;
in:2138 out:2137 type:P dur:2 cpbdur:2 q:36.28 aq:26.61 tex:164001 mv:2850 misc:3949 imb:138 pmb:1788 smb:6234 d:s ref:0 ;
in:2137 out:2138 type:b dur:2 cpbdur:2 q:37.04 aq:32.08 tex:56 mv:444 misc:468 imb:2 pmb:57 smb:8101 d:t ref:0 ;
in:2141 out:2139 type:P dur:2 cpbdur:2 q:35.89 aq:26.10 tex:145459 mv:2336 misc:3853 imb:103 pmb:1677 smb:6380 d:s ref:0 ;
in:2139 out:2140 type:B dur:2 cpbdur:2 q:36.68 aq:30.08 tex:266 mv:506 misc:476 imb:1 pmb:55 smb:8104 d:t ref:0 ;
in:2140 out:2141 type:b dur:2 cpbdur:2 q:36.99 aq:32.09 tex:97 mv:428 misc:451 imb:2 pmb:54 smb:8104 d:- ref:0 ;
in:2145 out:2142 type:P dur:2 cpbdur:2 q:35.60 aq:26.07 tex:171953 mv:2566 misc:3073 imb:78 pmb:1587 smb:6495 d:s ref:0 ;
in:2143 out:2143 type:B dur:2 cpbdur:2 q:36.40 aq:30.12 tex:184 mv:544 misc:480 imb:0 pmb:59 smb:8101 d:t ref:0 ;
in:2142 out:2144 type:b dur:2 cpbdur:2 q:36.60 aq:32.09 tex:288 mv:449 misc:463 imb:3 pmb:56 smb:8101 d:t ref:0 ;
in:2144 out:2145 type:b dur:2 cpbdur:2 q:36.60 aq:32.09 tex:239 mv:445 misc:460 imb:2 pmb:55 smb:8103 d:- ref:0 ;
in:2147 out:2146 type:P dur:2 cpbdur:2 q:34.97 aq:25.72 tex:171586 mv:2631 misc:4439 imb:62 pmb:2378 smb:5720 d:s ref:0 ;
in:2146 out:2147 type:b dur:2 cpbdur:2 q:36.13 aq:32.04 tex:246 mv:493 misc:517 imb:2 pmb:71 smb:8087 d:t ref:0 ;
in:2149 out:2148 type:P dur:2 cpbdur:2 q:34.42 aq:25.21 tex:180622 mv:1994 misc:4232 imb:26 pmb:2254 smb:5880 d:s ref:0 ;
in:2148 out:2149 type:b dur:2 cpbdur:2 q:35.37 aq:32.09 tex:184 mv:443 misc:453 imb:1 pmb:56 smb:8103 d:t ref:0 ;
in:2151 out:2150 type:P dur:2 cpbdur:2 q:33.95 aq:24.48 tex:284435 mv:2458 misc:4427 imb:11 pmb:3095 smb:5054 d:s ref:0 ;
in:2150 out:2151 type:b dur:2 cpbdur:2 q:34.93 aq:32.06 tex:544 mv:487 misc:521 imb:2 pmb:71 smb:8087 d:t ref:0 ;
in:2153 out:2152 type:P dur:2 cpbdur:2 q:33.28 aq:23.89 tex:225196 mv:1809 misc:5707 imb:8 pmb:3286 smb:4866 d:s ref:0 ;
in:2152 out:2153 type:b dur:2 cpbdur:2 q:34.26 aq:32.01 tex:260 mv:464 misc:468 imb:2 pmb:57 smb:8101 d:t ref:0 ;
in:2155 out:2154 type:P dur:2 cpbdur:2 q:33.23 aq:23.76 tex:169571 mv:1151 misc:3990 imb:5 pmb:1904 smb:6251 d:s ref:0 ;
in:2154 out:2155 type:b dur:2 cpbdur:2 q:33.84 aq:32.05 tex:543 mv:474 misc:471 imb:2 pmb:57 smb:8101 d:t ref:0 ;
in:2156 out:2156 type:P dur:2 cpbdur:2 q:32.90 aq:23.22 tex:169197 mv:1024 misc:4051 imb:4 pmb:1753 smb:6403 d:s ref:0 ;
in:2158 out:2157 type:P dur:2 cpbdur:2 q:32.72 aq:23.53 tex:112395 mv:1145 misc:3436 imb:6 pmb:1261 smb:6893 d:s ref:0 ;
in:2157 out:2158 type:b dur:2 cpbdur:2 q:33.31 aq:32.05 tex:261 mv:538 misc:521 imb:0 pmb:73 smb:8087 d:t ref:0 ;
in:2160 out:2159 type:P dur:2 cpbdur:2 q:32.84 aq:23.10 tex:304246 mv:2171 misc:7047 imb:3 pmb:4853 smb:3304 d:s ref:0 ;
in:2159 out:2160 type:b dur:2 cpbdur:2 q:33.27 aq:32.06 tex:421 mv:485 misc:470 imb:1 pmb:58 smb:8101 d:t ref:0 ;
in:2161 out:2161 type:P dur:2 cpbdur:2 q:32.97 aq:22.91 tex:90302 mv:771 misc:3943 imb:2 pmb:1304 smb:6854 d:s ref:0 ;
in:2163 out:2162 type:P dur:2 cpbdur:2 q:32.92 aq:22.83 tex:43738 mv:729 misc:2285 imb:4 pmb:657 smb:7499 d:s ref:0 ;
in:2162 out:2163 type:b dur:2 cpbdur:2 q:33.38 aq:32.04 tex:326 mv:477 misc:461 imb:2 pmb:55 smb:8103 d:t ref:0 ;
in:2165 out:2164 type:P dur:2 cpbdur:2 q:32.93 aq:22.09 tex:79182 mv:790 misc:1764 imb:3 pmb:1150 smb:7007 d:s ref:0 ;
in:2164 out:2165 type:b dur:2 cpbdur:2 q:32.96 aq:32.05 tex:474 mv:455 misc:479 imb:1 pmb:62 smb:8097 d:t ref:0 ;
in:2167 out:2166 type:P dur:2 cpbdur:2 q:32.59 aq:23.17 tex:54031 mv:701 misc:2028 imb:2 pmb:717 smb:7441 d:s ref:0 ;
in:2166 out:2167 type:b dur:2 cpbdur:2 q:32.94 aq:32.05 tex:215 mv:494 misc:483 imb:1 pmb:64 smb:8095 d:t ref:0 ;
in:2169 out:2168 type:P dur:2 cpbdur:2 q:32.63 aq:22.75 tex:24835 mv:863 misc:1094 imb:3 pmb:254 smb:7903 d:s ref:0 ;
in:2168 out:2169 type:b dur:2 cpbdur:2 q:32.63 aq:32.32 tex:405 mv:471 misc:532 imb:1 pmb:73 smb:8086 d:t ref:0 ;
in:2171 out:2170 type:P dur:2 cpbdur:2 q:32.66 aq:22.41 tex:6588 mv:648 misc:708 imb:4 pmb:103 smb:8053 d:s ref:0 ;
in:2170 out:2171 type:b dur:2 cpbdur:2 q:32.66 aq:32.03 tex:59 mv:441 misc:468 imb:2 pmb:56 smb:8102 d:t ref:0 ;
in:2172 out:2172 type:P dur:2 cpbdur:2 q:32.68 aq:22.88 tex:103267 mv:2581 misc:1744 imb:210 pmb:616 smb:7334 d:s ref:0 ;
in:2173 out:2173 type:P dur:2 cpbdur:2 q:32.93 aq:22.87 tex:90909 mv:2732 misc:1095 imb:190 pmb:365 smb:7605 d:s ref:0 ;
in:2174 out:2174 type:P dur:2 cpbdur:2 q:32.99 aq:23.17 tex:89366 mv:2283 misc:887 imb:137 pmb:262 smb:7761 d:t ref:0 ;
in:2177 out:2175 type:P dur:2 cpbdur:2 q:33.07 aq:22.95 tex:49958 mv:2049 misc:873 imb:62 pmb:305 smb:7793 d:s ref:0 ;
in:2175 out:2176 type:B dur:2 cpbdur:2 q:33.08 aq:31.42 tex:1189 mv:1266 misc:641 imb:4 pmb:197 smb:7959 d:s ref:0 ;
in:2176 out:2177 type:b dur:2 cpbdur:2 q:33.08 aq:33.39 tex:1901 mv:1565 misc:686 imb:59 pmb:140 smb:7961 d:- ref:0 ;
in:2181 out:2178 type:P dur:2 cpbdur:2 q:33.24 aq:23.57 tex:231109 mv:2463 misc:2268 imb:63 pmb:2633 smb:5464 d:s ref:0 ;
in:2179 out:2179 type:B dur:2 cpbdur:2 q:33.24 aq:32.27 tex:1561 mv:1351 misc:680 imb:2 pmb:206 smb:7952 d:s ref:0 ;
in:2178 out:2180 type:b dur:2 cpbdur:2 q:33.24 aq:33.72 tex:1344 mv:1428 misc:636 imb:7 pmb:198 smb:7955 d:t ref:0 ;
in:2180 out:2181 type:b dur:2 cpbdur:2 q:33.24 aq:33.33 tex:383 mv:541 misc:612 imb:1 pmb:116 smb:8043 d:- ref:0 ;
in:2183 out:2182 type:P dur:2 cpbdur:2 q:32.90 aq:22.88 tex:25854 mv:745 misc:1401 imb:5 pmb:376 smb:7779 d:s ref:0 ;
in:2182 out:2183 type:b dur:2 cpbdur:2 q:33.24 aq:33.06 tex:359 mv:440 misc:473 imb:1 pmb:58 smb:8101 d:t ref:0 ;
in:2188 out:2184 type:P dur:2 cpbdur:2 q:32.78 aq:23.21 tex:19672 mv:867 misc:1037 imb:2 pmb:231 smb:7927 d:s ref:0 ;
in:2185 out:2185 type:B dur:2 cpbdur:2 q:32.90 aq:30.27 tex:3539 mv:845 misc:536 imb:4 pmb:86 smb:8070 d:t ref:0 ;
in:2184 out:2186 type:b dur:2 cpbdur:2 q:32.90 aq:33.03 tex:446 mv:481 misc:521 imb:2 pmb:72 smb:8086 d:t ref:0 ;
in:2186 out:2187 type:b dur:2 cpbdur:2 q:32.90 aq:33.04 tex:492 mv:566 misc:518 imb:2 pmb:70 smb:8088 d:- ref:0 ;
in:2187 out:2188 type:b dur:2 cpbdur:2 q:32.90 aq:32.04 tex:289 mv:576 misc:527 imb:1 pmb:73 smb:8086 d:- ref:0 ;
in:2190 out:2189 type:P dur:2 cpbdur:2 q:33.02 aq:23.25 tex:27895 mv:676 misc:2381 imb:3 pmb:588 smb:7569 d:s ref:0 ;
in:2189 out:2190 type:b dur:2 cpbdur:2 q:33.03 aq:32.05 tex:169 mv:498 misc:453 imb:1 pmb:56 smb:8103 d:t ref:0 ;
in:2192 out:2191 type:P dur:2 cpbdur:2 q:33.24 aq:22.07 tex:17742 mv:643 misc:1463 imb:3 pmb:309 smb:7848 d:s ref:0 ;
in:2191 out:2192 type:b dur:2 cpbdur:2 q:33.39 aq:32.06 tex:455 mv:490 misc:455 imb:0 pmb:57 smb:8103 d:t ref:0 ;
in:2193 out:2193 type:P dur:2 cpbdur:2 q:33.25 aq:21.72 tex:33062 mv:547 misc:1703 imb:3 pmb:456 smb:7701 d:t ref:0 ;
in:2195 out:2194 type:P dur:2 cpbdur:2 q:33.05 aq:22.02 tex:18927 mv:634 misc:1255 imb:4 pmb:245 smb:7911 d:t ref:0 ;
in:2194 out:2195 type:b dur:2 cpbdur:2 q:33.59 aq:32.06 tex:189 mv:41 misc:434 imb:0 pmb:6 smb:8154 d:t ref:0 ;
in:2197 out:2196 type:P dur:2 cpbdur:2 q:32.44 aq:22.54 tex:96753 mv:1030 misc:2857 imb:8 pmb:1406 smb:6746 d:t ref:0 ;
in:2196 out:2197 type:b dur:2 cpbdur:2 q:33.32 aq:32.01 tex:122 mv:115 misc:491 imb:1 pmb:37 smb:8122 d:t ref:0 ;
in:2199 out:2198 type:P dur:2 cpbdur:2 q:32.14 aq:22.35 tex:61373 mv:914 misc:2353 imb:3 pmb:763 smb:7394 d:t ref:0 ;
in:2198 out:2199 type:b dur:2 cpbdur:2 q:32.48 aq:32.08 tex:35 mv:24 misc:429 imb:0 pmb:5 smb:8155 d:t ref:0 ;
in:2201 out:2200 type:P dur:2 cpbdur:2 q:31.88 aq:22.05 tex:47513 mv:901 misc:2394 imb:2 pmb:640 smb:7518 d:t ref:0 ;
in:2200 out:2201 type:b dur:2 cpbdur:2 q:32.27 aq:32.00 tex:14 mv:73 misc:465 imb:0 pmb:34 smb:8126 d:t ref:0 ;
in:2205 out:2202 type:P dur:2 cpbdur:2 q:31.85 aq:22.96 tex:13561 mv:827 misc:1156 imb:3 pmb:193 smb:7964 d:t ref:0 ;
in:2203 out:2203 type:B dur:2 cpbdur:2 q:31.88 aq:30.04 tex:1394 mv:130 misc:468 imb:3 pmb:11 smb:8146 d:t ref:0 ;
in:2202 out:2204 type:b dur:2 cpbdur:2 q:31.88 aq:32.05 tex:352 mv:75 misc:445 imb:0 pmb:10 smb:8150 d:t ref:0 ;
in:2204 out:2205 type:b dur:2 cpbdur:2 q:31.88 aq:32.04 tex:580 mv:459 misc:473 imb:1 pmb:60 smb:8099 d:- ref:0 ;
in:2207 out:2206 type:P dur:2 cpbdur:2 q:31.74 aq:21.47 tex:30434 mv:788 misc:1402 imb:4 pmb:347 smb:7809 d:t ref:0 ;
in:2206 out:2207 type:b dur:2 cpbdur:2 q:31.84 aq:31.06 tex:411 mv:72 misc:461 imb:0 pmb:13 smb:8147 d:t ref:0 ;
in:2209 out:2208 type:P dur:2 cpbdur:2 q:32.45 aq:20.56 tex:201508 mv:887 misc:2349 imb:1 pmb:2354 smb:5805 d:t ref:0 ;
in:2208 out:2209 type:b dur:2 cpbdur:2 q:32.80 aq:31.08 tex:527 mv:49 misc:432 imb:0 pmb:7 smb:8153 d:t ref:0 ;
in:2211 out:2210 type:P dur:2 cpbdur:2 q:32.09 aq:20.59 tex:26010 mv:905 misc:1277 imb:5 pmb:319 smb:7836 d:t ref:0 ;
in:2210 out:2211 type:b dur:2 cpbdur:2 q:32.89 aq:31.08 tex:324 mv:107 misc:449 imb:0 pmb:11 smb:8149 d:t ref:0 ;
in:2213 out:2212 type:P dur:2 cpbdur:2 q:31.65 aq:21.33 tex:27346 mv:662 misc:1376 imb:3 pmb:347 smb:7810 d:t ref:0 ;
in:2212 out:2213 type:b dur:2 cpbdur:2 q:32.49 aq:31.07 tex:452 mv:78 misc:446 imb:3 pmb:5 smb:8152 d:t ref:0 ;
in:2215 out:2214 type:P dur:2 cpbdur:2 q:32.13 aq:20.76 tex:83206 mv:776 misc:2066 imb:5 pmb:985 smb:7170 d:t ref:0 ;
in:2214 out:2215 type:b dur:2 cpbdur:2 q:32.49 aq:31.08 tex:284 mv:48 misc:436 imb:0 pmb:5 smb:8155 d:t ref:0 ;
in:2217 out:2216 type:P dur:2 cpbdur:2 q:32.02 aq:20.75 tex:50660 mv:703 misc:1845 imb:6 pmb:593 smb:7561 d:t ref:0 ;
in:2216 out:2217 type:b dur:2 cpbdur:2 q:32.49 aq:31.04 tex:257 mv:91 misc:452 imb:1 pmb:9 smb:8150 d:t ref:0 ;
in:2219 out:2218 type:P dur:2 cpbdur:2 q:31.58 aq:21.40 tex:44693 mv:674 misc:1289 imb:4 pmb:431 smb:7725 d:t ref:0 ;
in:2218 out:2219 type:b dur:2 cpbdur:2 q:32.16 aq:31.06 tex:732 mv:94 misc:446 imb:0 pmb:9 smb:8151 d:t ref:0 ;
in:2221 out:2220 type:P dur:2 cpbdur:2 q:31.95 aq:20.59 tex:29296 mv:727 misc:1977 imb:5 pmb:464 smb:7691 d:t ref:0 ;
in:2220 out:2221 type:b dur:2 cpbdur:2 q:31.95 aq:31.06 tex:461 mv:72 misc:459 imb:1 pmb:10 smb:8149 d:t ref:0 ;
in:2223 out:2222 type:P dur:2 cpbdur:2 q:31.93 aq:21.51 tex:19544 mv:635 misc:1109 imb:2 pmb:203 smb:7955 d:t ref:0 ;
in:2222 out:2223 type:b dur:2 cpbdur:2 q:32.21 aq:31.08 tex:125 mv:43 misc:424 imb:0 pmb:4 smb:8156 d:t ref:0 ;
in:2224 out:2224 type:P dur:2 cpbdur:2 q:32.12 aq:21.89 tex:28202 mv:716 misc:898 imb:5 pmb:194 smb:7961 d:t ref:0 ;
in:2226 out:2225 type:P dur:2 cpbdur:2 q:32.29 aq:21.84 tex:13365 mv:603 misc:888 imb:1 pmb:187 smb:7972 d:t ref:0 ;
in:2225 out:2226 type:b dur:2 cpbdur:2 q:32.53 aq:31.00 tex:0 mv:11 misc:405 imb:0 pmb:1 smb:8159 d:t ref:0 ;
in:2228 out:2227 type:P dur:2 cpbdur:2 q:31.35 aq:21.77 tex:51027 mv:1089 misc:1532 imb:3 pmb:472 smb:7685 d:t ref:0 ;
in:2227 out:2228 type:b dur:2 cpbdur:2 q:32.45 aq:31.08 tex:267 mv:108 misc:481 imb:0 pmb:38 smb:8122 d:t ref:0 ;
in:2230 out:2229 type:P dur:2 cpbdur:2 q:31.83 aq:22.35 tex:134585 mv:957 misc:1914 imb:2 pmb:1319 smb:6839 d:t ref:0 ;
in:2229 out:2230 type:b dur:2 cpbdur:2 q:32.10 aq:31.06 tex:481 mv:68 misc:443 imb:1 pmb:7 smb:8152 d:t ref:0 ;
in:2231 out:2231 type:P dur:2 cpbdur:2 q:31.83 aq:21.81 tex:73537 mv:602 misc:1509 imb:2 pmb:785 smb:7373 d:t ref:0 ;
in:2233 out:2232 type:P dur:2 cpbdur:2 q:31.80 aq:21.28 tex:42302 mv:713 misc:1345 imb:2 pmb:430 smb:7728 d:t ref:0 ;
in:2232 out:2233 type:b dur:2 cpbdur:2 q:32.14 aq:31.07 tex:341 mv:25 misc:418 imb:0 pmb:3 smb:8157 d:t ref:0 ;
in:2236 out:2234 type:P dur:2 cpbdur:2 q:31.86 aq:21.82 tex:24147 mv:802 misc:915 imb:3 pmb:214 smb:7943 d:t ref:0 ;
in:2234 out:2235 type:B dur:2 cpbdur:2 q:32.07 aq:30.07 tex:393 mv:105 misc:462 imb:1 pmb:8 smb:8151 d:t ref:0 ;
in:2235 out:2236 type:b dur:2 cpbdur:2 q:32.13 aq:31.06 tex:507 mv:487 misc:478 imb:3 pmb:59 smb:8098 d:- ref:0 ;
in:2240 out:2237 type:P dur:2 cpbdur:2 q:31.25 aq:21.98 tex:25503 mv:1033 misc:872 imb:7 pmb:184 smb:7969 d:t ref:0 ;
in:2238 out:2238 type:B dur:2 cpbdur:2 q:32.00 aq:29.33 tex:1041 mv:206 misc:521 imb:2 pmb:40 smb:8118 d:t ref:0 ;
in:2237 out:2239 type:b dur:2 cpbdur:2 q:32.12 aq:31.08 tex:198 mv:139 misc:495 imb:0 pmb:39 smb:8121 d:t ref:0 ;
in:2239 out:2240 type:b dur:2 cpbdur:2 q:32.12 aq:31.04 tex:156 mv:446 misc:478 imb:1 pmb:60 smb:8099 d:- ref:0 ;
in:2245 out:2241 type:P dur:2 cpbdur:2 q:31.17 aq:22.61 tex:23364 mv:1023 misc:989 imb:4 pmb:170 smb:7986 d:t ref:0 ;
in:2242 out:2242 type:B dur:2 cpbdur:2 q:31.25 aq:28.30 tex:1508 mv:251 misc:529 imb:1 pmb:42 smb:8117 d:t ref:0 ;
in:2241 out:2243 type:b dur:2 cpbdur:2 q:31.25 aq:31.04 tex:739 mv:113 misc:468 imb:0 pmb:16 smb:8144 d:t ref:0 ;
in:2243 out:2244 type:b dur:2 cpbdur:2 q:31.25 aq:31.06 tex:460 mv:593 misc:539 imb:2 pmb:76 smb:8082 d:- ref:0 ;
in:2244 out:2245 type:b dur:2 cpbdur:2 q:31.25 aq:31.28 tex:192 mv:590 misc:538 imb:2 pmb:75 smb:8083 d:- ref:0 ;
in:2249 out:2246 type:P dur:2 cpbdur:2 q:31.27 aq:22.80 tex:36335 mv:1030 misc:2035 imb:6 pmb:469 smb:7685 d:t ref:0 ;
in:2247 out:2247 type:B dur:2 cpbdur:2 q:31.34 aq:29.21 tex:734 mv:158 misc:524 imb:1 pmb:41 smb:8118 d:t ref:0 ;
in:2246 out:2248 type:b dur:2 cpbdur:2 q:31.34 aq:31.04 tex:259 mv:123 misc:498 imb:0 pmb:41 smb:8119 d:t ref:0 ;
in:2248 out:2249 type:b dur:2 cpbdur:2 q:31.34 aq:31.06 tex:156 mv:484 misc:472 imb:0 pmb:61 smb:8099 d:- ref:0 ;
in:2254 out:2250 type:P dur:2 cpbdur:2 q:31.18 aq:21.27 tex:29111 mv:1001 misc:1208 imb:5 pmb:241 smb:7914 d:t ref:0 ;
in:2251 out:2251 type:B dur:2 cpbdur:2 q:31.40 aq:28.16 tex:871 mv:177 misc:496 imb:3 pmb:18 smb:8139 d:t ref:0 ;
in:2250 out:2252 type:b dur:2 cpbdur:2 q:31.40 aq:31.07 tex:330 mv:99 misc:467 imb:0 pmb:18 smb:8142 d:t ref:0 ;
in:2252 out:2253 type:b dur:2 cpbdur:2 q:31.40 aq:31.01 tex:183 mv:588 misc:485 imb:2 pmb:59 smb:8099 d:- ref:0 ;
in:2253 out:2254 type:b dur:2 cpbdur:2 q:31.40 aq:31.05 tex:495 mv:548 misc:469 imb:2 pmb:58 smb:8100 d:- ref:0 ;
in:2256 out:2255 type:P dur:2 cpbdur:2 q:31.52 aq:20.67 tex:24919 mv:668 misc:965 imb:4 pmb:198 smb:7958 d:t ref:0 ;
in:2255 out:2256 type:b dur:2 cpbdur:2 q:31.73 aq:31.06 tex:360 mv:141 misc:475 imb:0 pmb:17 smb:8143 d:t ref:0 ;
in:2258 out:2257 type:P dur:2 cpbdur:2 q:31.07 aq:21.06 tex:23746 mv:676 misc:1138 imb:4 pmb:269 smb:7887 d:t ref:0 ;
in:2257 out:2258 type:b dur:2 cpbdur:2 q:31.68 aq:30.08 tex:407 mv:78 misc:443 imb:0 pmb:7 smb:8153 d:t ref:0 ;
in:2260 out:2259 type:P dur:2 cpbdur:2 q:30.97 aq:21.08 tex:27156 mv:660 misc:1096 imb:5 pmb:272 smb:7883 d:t ref:0 ;
in:2259 out:2260 type:b dur:2 cpbdur:2 q:31.26 aq:30.06 tex:610 mv:79 misc:471 imb:0 pmb:14 smb:8146 d:t ref:0 ;
in:2261 out:2261 type:P dur:2 cpbdur:2 q:31.74 aq:19.81 tex:39323 mv:609 misc:1092 imb:3 pmb:318 smb:7839 d:t ref:0 ;
in:2263 out:2262 type:P dur:2 cpbdur:2 q:31.99 aq:19.55 tex:98042 mv:1032 misc:1038 imb:3 pmb:791 smb:7366 d:t ref:0 ;
in:2262 out:2263 type:b dur:2 cpbdur:2 q:32.22 aq:30.03 tex:224 mv:103 misc:473 imb:0 pmb:35 smb:8125 d:t ref:0 ;
in:2265 out:2264 type:P dur:2 cpbdur:2 q:30.65 aq:20.62 tex:27081 mv:829 misc:1362 imb:2 pmb:278 smb:7880 d:t ref:0 ;
in:2264 out:2265 type:b dur:2 cpbdur:2 q:32.10 aq:30.05 tex:407 mv:55 misc:426 imb:1 pmb:3 smb:8156 d:t ref:0 ;
in:2267 out:2266 type:P dur:2 cpbdur:2 q:31.17 aq:21.86 tex:61654 mv:942 misc:1244 imb:6 pmb:526 smb:7628 d:t ref:0 ;
in:2266 out:2267 type:b dur:2 cpbdur:2 q:31.64 aq:30.08 tex:320 mv:144 misc:504 imb:0 pmb:40 smb:8120 d:t ref:0 ;
in:2271 out:2268 type:P dur:2 cpbdur:2 q:31.35 aq:23.94 tex:79796 mv:1474 misc:1522 imb:14 pmb:535 smb:7611 d:t ref:0 ;
in:2269 out:2269 type:B dur:2 cpbdur:2 q:31.64 aq:30.87 tex:3718 mv:683 misc:775 imb:6 pmb:142 smb:8012 d:s ref:0 ;
in:2268 out:2270 type:b dur:2 cpbdur:2 q:32.09 aq:32.28 tex:1551 mv:628 misc:741 imb:2 pmb:121 smb:8037 d:s ref:0 ;
in:2270 out:2271 type:b dur:2 cpbdur:2 q:32.09 aq:32.29 tex:1611 mv:566 misc:575 imb:0 pmb:88 smb:8072 d:- ref:0 ;
in:2273 out:2272 type:P dur:2 cpbdur:2 q:31.33 aq:23.68 tex:61387 mv:1237 misc:1416 imb:73 pmb:339 smb:7748 d:t ref:0 ;
in:2272 out:2273 type:b dur:2 cpbdur:2 q:31.66 aq:34.24 tex:9479 mv:621 misc:572 imb:15 pmb:133 smb:8012 d:t ref:0 ;
in:2275 out:2274 type:P dur:2 cpbdur:2 q:31.33 aq:22.71 tex:66730 mv:1389 misc:1241 imb:53 pmb:343 smb:7764 d:t ref:0 ;
in:2274 out:2275 type:b dur:2 cpbdur:2 q:31.76 aq:32.69 tex:3214 mv:572 misc:590 imb:4 pmb:92 smb:8064 d:t ref:0 ;
in:2277 out:2276 type:P dur:2 cpbdur:2 q:31.14 aq:20.69 tex:108675 mv:1100 misc:2729 imb:25 pmb:933 smb:7202 d:t ref:0 ;
in:2276 out:2277 type:b dur:2 cpbdur:2 q:31.66 aq:32.13 tex:2181 mv:371 misc:576 imb:0 pmb:82 smb:8078 d:t ref:0 ;
in:2279 out:2278 type:P dur:2 cpbdur:2 q:30.95 aq:22.13 tex:60809 mv:1280 misc:1343 imb:10 pmb:357 smb:7793 d:t ref:0 ;
in:2278 out:2279 type:b dur:2 cpbdur:2 q:31.62 aq:33.16 tex:2843 mv:483 misc:642 imb:0 pmb:93 smb:8067 d:t ref:0 ;
in:2282 out:2280 type:P dur:2 cpbdur:2 q:31.64 aq:22.51 tex:65035 mv:1510 misc:1319 imb:5 pmb:472 smb:7683 d:t ref:0 ;
in:2280 out:2281 type:B dur:2 cpbdur:2 q:32.39 aq:29.27 tex:995 mv:551 misc:758 imb:1 pmb:133 smb:8026 d:s ref:0 ;
in:2281 out:2282 type:b dur:2 cpbdur:2 q:32.86 aq:30.05 tex:495 mv:553 misc:552 imb:1 pmb:77 smb:8082 d:- ref:0 ;
in:2284 out:2283 type:P dur:2 cpbdur:2 q:31.45 aq:21.60 tex:102868 mv:929 misc:2003 imb:5 pmb:984 smb:7171 d:t ref:0 ;
in:2283 out:2284 type:b dur:2 cpbdur:2 q:32.17 aq:30.08 tex:441 mv:84 misc:451 imb:1 pmb:7 smb:8152 d:t ref:0 ;
in:2286 out:2285 type:P dur:2 cpbdur:2 q:31.20 aq:23.11 tex:30486 mv:886 misc:1084 imb:7 pmb:270 smb:7883 d:t ref:0 ;
in:2285 out:2286 type:b dur:2 cpbdur:2 q:31.88 aq:30.06 tex:720 mv:185 misc:519 imb:0 pmb:48 smb:8112 d:t ref:0 ;
in:2290 out:2287 type:P dur:2 cpbdur:2 q:30.91 aq:21.91 tex:29876 mv:1072 misc:1188 imb:6 pmb:282 smb:7872 d:t ref:0 ;
in:2288 out:2288 type:B dur:2 cpbdur:2 q:31.68 aq:28.33 tex:791 mv:219 misc:542 imb:1 pmb:45 smb:8114 d:t ref:0 ;
in:2287 out:2289 type:b dur:2 cpbdur:2 q:32.10 aq:30.06 tex:425 mv:181 misc:506 imb:2 pmb:42 smb:8116 d:t ref:0 ;
in:2289 out:2290 type:b dur:2 cpbdur:2 q:32.10 aq:30.08 tex:627 mv:448 misc:485 imb:1 pmb:61 smb:8098 d:- ref:0 ;
in:2292 out:2291 type:P dur:2 cpbdur:2 q:30.84 aq:20.77 tex:20616 mv:666 misc:990 imb:5 pmb:166 smb:7989 d:t ref:0 ;
in:2291 out:2292 type:b dur:2 cpbdur:2 q:31.15 aq:30.06 tex:462 mv:84 misc:454 imb:1 pmb:9 smb:8150 d:t ref:0 ;
in:2295 out:2293 type:P dur:2 cpbdur:2 q:31.15 aq:20.79 tex:33937 mv:1059 misc:884 imb:8 pmb:230 smb:7922 d:t ref:0 ;
in:2293 out:2294 type:B dur:2 cpbdur:2 q:31.34 aq:29.51 tex:899 mv:167 misc:518 imb:1 pmb:40 smb:8119 d:t ref:0 ;
in:2294 out:2295 type:b dur:2 cpbdur:2 q:31.49 aq:30.06 tex:519 mv:523 misc:550 imb:1 pmb:75 smb:8084 d:- ref:0 ;
in:2299 out:2296 type:P dur:2 cpbdur:2 q:31.35 aq:19.65 tex:41546 mv:1080 misc:1414 imb:5 pmb:408 smb:7747 d:t ref:0 ;
in:2297 out:2297 type:B dur:2 cpbdur:2 q:31.57 aq:28.09 tex:792 mv:187 misc:517 imb:0 pmb:42 smb:8118 d:t ref:0 ;
in:2296 out:2298 type:b dur:2 cpbdur:2 q:31.75 aq:30.07 tex:240 mv:73 misc:439 imb:1 pmb:5 smb:8154 d:t ref:0 ;
in:2298 out:2299 type:b dur:2 cpbdur:2 q:31.75 aq:30.43 tex:828 mv:520 misc:548 imb:1 pmb:78 smb:8081 d:- ref:0 ;
in:2300 out:2300 type:P dur:2 cpbdur:2 q:31.51 aq:19.93 tex:46924 mv:578 misc:1362 imb:5 pmb:466 smb:7689 d:t ref:0 ;
in:2302 out:2301 type:P dur:2 cpbdur:2 q:31.12 aq:21.19 tex:46524 mv:883 misc:1209 imb:7 pmb:456 smb:7697 d:t ref:0 ;
in:2301 out:2302 type:b dur:2 cpbdur:2 q:31.62 aq:30.32 tex:409 mv:119 misc:496 imb:0 pmb:38 smb:8122 d:t ref:0 ;
in:2304 out:2303 type:P dur:2 cpbdur:2 q:30.95 aq:21.22 tex:31325 mv:645 misc:1118 imb:3 pmb:290 smb:7867 d:t ref:0 ;
in:2303 out:2304 type:b dur:2 cpbdur:2 q:31.77 aq:30.07 tex:430 mv:79 misc:451 imb:0 pmb:8 smb:8152 d:t ref:0 ;
in:2305 out:2305 type:P dur:2 cpbdur:2 q:30.74 aq:20.21 tex:108715 mv:769 misc:3228 imb:3 pmb:1266 smb:6891 d:t ref:0 ;
in:2307 out:2306 type:P dur:2 cpbdur:2 q:30.61 aq:20.90 tex:48451 mv:911 misc:1534 imb:3 pmb:425 smb:7732 d:t ref:0 ;
in:2306 out:2307 type:b dur:2 cpbdur:2 q:31.00 aq:30.35 tex:570 mv:123 misc:499 imb:0 pmb:41 smb:8119 d:t ref:0 ;
in:2309 out:2308 type:P dur:2 cpbdur:2 q:30.50 aq:20.52 tex:43336 mv:945 misc:1175 imb:8 pmb:347 smb:7805 d:t ref:0 ;
in:2308 out:2309 type:b dur:2 cpbdur:2 q:30.95 aq:30.06 tex:524 mv:167 misc:509 imb:0 pmb:45 smb:8115 d:t ref:0 ;
in:2310 out:2310 type:P dur:2 cpbdur:2 q:30.49 aq:19.51 tex:50814 mv:595 misc:1887 imb:1 pmb:447 smb:7712 d:t ref:0 ;
in:2311 out:2311 type:P dur:2 cpbdur:2 q:30.47 aq:21.52 tex:47099 mv:563 misc:2010 imb:2 pmb:547 smb:7611 d:t ref:0 ;
in:2313 out:2312 type:P dur:2 cpbdur:2 q:30.44 aq:20.20 tex:44128 mv:904 misc:1288 imb:3 pmb:305 smb:7852 d:t ref:0 ;
in:2312 out:2313 type:b dur:2 cpbdur:2 q:30.78 aq:30.06 tex:742 mv:133 misc:509 imb:1 pmb:42 smb:8117 d:t ref:0 ;
in:2314 out:2314 type:P dur:2 cpbdur:2 q:30.41 aq:20.88 tex:40116 mv:765 misc:1143 imb:7 pmb:209 smb:7944 d:t ref:0 ;
in:2316 out:2315 type:P dur:2 cpbdur:2 q:30.45 aq:21.53 tex:27188 mv:749 misc:1183 imb:4 pmb:264 smb:7892 d:t ref:0 ;
in:2315 out:2316 type:b dur:2 cpbdur:2 q:30.73 aq:29.09 tex:583 mv:97 misc:480 imb:0 pmb:16 smb:8144 d:t ref:0 ;
in:2318 out:2317 type:P dur:2 cpbdur:2 q:30.18 aq:20.16 tex:99660 mv:1013 misc:2575 imb:3 pmb:1205 smb:6952 d:t ref:0 ;
in:2317 out:2318 type:b dur:2 cpbdur:2 q:30.62 aq:29.07 tex:599 mv:174 misc:515 imb:1 pmb:45 smb:8114 d:t ref:0 ;
in:2322 out:2319 type:P dur:2 cpbdur:2 q:30.11 aq:21.37 tex:38105 mv:903 misc:1392 imb:8 pmb:424 smb:7728 d:t ref:0 ;
in:2320 out:2320 type:B dur:2 cpbdur:2 q:30.43 aq:27.08 tex:951 mv:153 misc:488 imb:0 pmb:17 smb:8143 d:t ref:0 ;
in:2319 out:2321 type:b dur:2 cpbdur:2 q:30.68 aq:29.05 tex:794 mv:150 misc:488 imb:3 pmb:16 smb:8141 d:t ref:0 ;
in:2321 out:2322 type:b dur:2 cpbdur:2 q:30.68 aq:29.08 tex:725 mv:484 misc:487 imb:2 pmb:60 smb:8098 d:- ref:0 ;
in:2325 out:2323 type:P dur:2 cpbdur:2 q:30.15 aq:20.43 tex:25171 mv:839 misc:1014 imb:6 pmb:186 smb:7968 d:t ref:0 ;
in:2323 out:2324 type:B dur:2 cpbdur:2 q:30.42 aq:28.09 tex:468 mv:130 misc:466 imb:0 pmb:12 smb:8148 d:t ref:0 ;
in:2324 out:2325 type:b dur:2 cpbdur:2 q:30.42 aq:29.08 tex:414 mv:426 misc:496 imb:1 pmb:62 smb:8097 d:- ref:0 ;
in:2327 out:2326 type:P dur:2 cpbdur:2 q:30.18 aq:19.71 tex:31701 mv:708 misc:1607 imb:5 pmb:334 smb:7821 d:t ref:0 ;
in:2326 out:2327 type:b dur:2 cpbdur:2 q:30.44 aq:29.07 tex:637 mv:97 misc:474 imb:0 pmb:14 smb:8146 d:t ref:0 ;
in:2329 out:2328 type:P dur:2 cpbdur:2 q:30.08 aq:20.73 tex:51708 mv:828 misc:2720 imb:6 pmb:629 smb:7525 d:t ref:0 ;
in:2328 out:2329 type:b dur:2 cpbdur:2 q:30.45 aq:29.06 tex:832 mv:158 misc:506 imb:0 pmb:21 smb:8139 d:t ref:0 ;
in:2331 out:2330 type:P dur:2 cpbdur:2 q:30.05 aq:20.91 tex:49872 mv:740 misc:2068 imb:4 pmb:625 smb:7531 d:t ref:0 ;
in:2330 out:2331 type:b dur:2 cpbdur:2 q:30.40 aq:29.07 tex:703 mv:101 misc:476 imb:1 pmb:16 smb:8143 d:t ref:0 ;
in:2332 out:2332 type:P dur:2 cpbdur:2 q:30.24 aq:18.97 tex:36486 mv:603 misc:1239 imb:4 pmb:292 smb:7864 d:t ref:0 ;
in:2334 out:2333 type:P dur:2 cpbdur:2 q:29.80 aq:19.76 tex:36244 mv:742 misc:1854 imb:5 pmb:454 smb:7701 d:t ref:0 ;
in:2333 out:2334 type:b dur:2 cpbdur:2 q:30.42 aq:29.07 tex:518 mv:87 misc:467 imb:1 pmb:11 smb:8148 d:t ref:0 ;
in:2335 out:2335 type:P dur:2 cpbdur:2 q:29.81 aq:19.63 tex:92073 mv:644 misc:3203 imb:0 pmb:937 smb:7223 d:t ref:0 ;
in:2337 out:2336 type:P dur:2 cpbdur:2 q:29.96 aq:20.53 tex:27604 mv:721 misc:899 imb:6 pmb:156 smb:7998 d:t ref:0 ;
in:2336 out:2337 type:b dur:2 cpbdur:2 q:30.12 aq:29.05 tex:573 mv:154 misc:473 imb:1 pmb:15 smb:8144 d:t ref:0 ;
in:2338 out:2338 type:P dur:2 cpbdur:2 q:29.97 aq:19.43 tex:33499 mv:550 misc:1063 imb:5 pmb:209 smb:7946 d:t ref:0 ;
in:2342 out:2339 type:P dur:2 cpbdur:2 q:29.26 aq:19.59 tex:106214 mv:1269 misc:2253 imb:8 pmb:1037 smb:7115 d:t ref:0 ;
in:2340 out:2340 type:B dur:2 cpbdur:2 q:30.16 aq:27.03 tex:1136 mv:262 misc:538 imb:2 pmb:47 smb:8111 d:t ref:0 ;
in:2339 out:2341 type:b dur:2 cpbdur:2 q:30.26 aq:29.08 tex:461 mv:173 misc:518 imb:0 pmb:46 smb:8114 d:t ref:0 ;
in:2341 out:2342 type:b dur:2 cpbdur:2 q:30.26 aq:29.07 tex:968 mv:492 misc:492 imb:3 pmb:58 smb:8099 d:- ref:0 ;
in:2344 out:2343 type:P dur:2 cpbdur:2 q:29.56 aq:19.90 tex:25030 mv:643 misc:879 imb:2 pmb:161 smb:7997 d:t ref:0 ;
in:2343 out:2344 type:b dur:2 cpbdur:2 q:29.57 aq:29.06 tex:937 mv:82 misc:485 imb:1 pmb:19 smb:8140 d:t ref:0 ;
in:2347 out:2345 type:P dur:2 cpbdur:2 q:29.78 aq:19.19 tex:35725 mv:809 misc:922 imb:8 pmb:187 smb:7965 d:t ref:0 ;
in:2345 out:2346 type:B dur:2 cpbdur:2 q:29.83 aq:28.03 tex:649 mv:182 misc:505 imb:1 pmb:15 smb:8144 d:t ref:0 ;
in:2346 out:2347 type:b dur:2 cpbdur:2 q:29.83 aq:29.03 tex:333 mv:527 misc:508 imb:3 pmb:62 smb:8095 d:- ref:0 ;
in:2348 out:2348 type:P dur:2 cpbdur:2 q:29.09 aq:29.23 tex:1641 mv:411 misc:524 imb:1 pmb:64 smb:8095 d:t ref:0 ;
in:2349 out:2349 type:I dur:2 cpbdur:2 q:29.39 aq:19.81 tex:4288954 mv:91571 misc:427 imb:8160 pmb:0 smb:0 d:t ref:;
in:2354 out:2350 type:P dur:2 cpbdur:2 q:33.32 aq:27.26 tex:56800 mv:1558 misc:1138 imb:71 pmb:302 smb:7787 d:t ref:0 ;
in:2351 out:2351 type:B dur:2 cpbdur:2 q:33.57 aq:34.28 tex:1871 mv:556 misc:789 imb:3 pmb:181 smb:7976 d:s ref:0 ;
in:2350 out:2352 type:b dur:2 cpbdur:2 q:33.81 aq:37.17 tex:736 mv:309 misc:755 imb:0 pmb:108 smb:8052 d:s ref:0 ;
in:2352 out:2353 type:b dur:2 cpbdur:2 q:33.81 aq:36.83 tex:589 mv:634 misc:561 imb:0 pmb:88 smb:8072 d:- ref:0 ;
in:2353 out:2354 type:b dur:2 cpbdur:2 q:33.81 aq:36.95 tex:3273 mv:912 misc:567 imb:8 pmb:112 smb:8040 d:- ref:0 ;
in:2358 out:2355 type:P dur:2 cpbdur:2 q:31.98 aq:25.29 tex:59482 mv:1469 misc:2049 imb:44 pmb:643 smb:7473 d:t ref:0 ;
in:2356 out:2356 type:B dur:2 cpbdur:2 q:33.81 aq:35.79 tex:704 mv:260 misc:540 imb:2 pmb:62 smb:8096 d:t ref:0 ;
in:2355 out:2357 type:b dur:2 cpbdur:2 q:38.13 aq:39.03 tex:1908 mv:578 misc:506 imb:2 pmb:64 smb:8094 d:t ref:0 ;
in:2357 out:2358 type:b dur:2 cpbdur:2 q:34.06 aq:31.10 tex:132 mv:523 misc:521 imb:1 pmb:72 smb:8087 d:- ref:0 ;
in:2359 out:2359 type:P dur:2 cpbdur:2 q:31.36 aq:22.12 tex:42978 mv:821 misc:1377 imb:12 pmb:305 smb:7843 d:t ref:0 ;
in:2363 out:2360 type:P dur:2 cpbdur:2 q:31.62 aq:24.12 tex:63381 mv:1571 misc:1144 imb:9 pmb:397 smb:7754 d:t ref:0 ;
in:2361 out:2361 type:B dur:2 cpbdur:2 q:32.13 aq:29.34 tex:704 mv:336 misc:640 imb:0 pmb:83 smb:8077 d:t ref:0 ;
in:2360 out:2362 type:b dur:2 cpbdur:2 q:32.81 aq:30.41 tex:719 mv:639 misc:714 imb:1 pmb:117 smb:8042 d:s ref:0 ;
in:2362 out:2363 type:b dur:2 cpbdur:2 q:32.53 aq:30.06 tex:425 mv:478 misc:497 imb:1 pmb:63 smb:8096 d:- ref:0 ;
in:2368 out:2364 type:P dur:2 cpbdur:2 q:31.08 aq:22.15 tex:29174 mv:964 misc:982 imb:8 pmb:205 smb:7947 d:t ref:0 ;
in:2365 out:2365 type:B dur:2 cpbdur:2 q:32.03 aq:28.43 tex:4449 mv:481 misc:558 imb:2 pmb:50 smb:8108 d:t ref:0 ;
in:2364 out:2366 type:b dur:2 cpbdur:2 q:32.71 aq:30.09 tex:485 mv:213 misc:510 imb:0 pmb:42 smb:8118 d:t ref:0 ;
in:2366 out:2367 type:b dur:2 cpbdur:2 q:32.44 aq:30.36 tex:487 mv:678 misc:555 imb:2 pmb:83 smb:8075 d:- ref:0 ;
in:2367 out:2368 type:b dur:2 cpbdur:2 q:32.44 aq:30.36 tex:696 mv:630 misc:570 imb:3 pmb:80 smb:8077 d:- ref:0 ;
in:2372 out:2369 type:P dur:2 cpbdur:2 q:30.58 aq:21.53 tex:31496 mv:1108 misc:1084 imb:8 pmb:263 smb:7889 d:t ref:0 ;
in:2370 out:2370 type:B dur:2 cpbdur:2 q:31.33 aq:28.42 tex:842 mv:183 misc:527 imb:1 pmb:43 smb:8116 d:t ref:0 ;
in:2369 out:2371 type:b dur:2 cpbdur:2 q:31.33 aq:30.08 tex:402 mv:96 misc:454 imb:0 pmb:9 smb:8151 d:t ref:0 ;
in:2371 out:2372 type:b dur:2 cpbdur:2 q:31.33 aq:30.08 tex:550 mv:478 misc:548 imb:1 pmb:78 smb:8081 d:- ref:0 ;
in:2378 out:2373 type:P dur:2 cpbdur:2 q:30.52 aq:22.91 tex:20623 mv:1163 misc:750 imb:8 pmb:134 smb:8018 d:t ref:0 ;
in:2375 out:2374 type:B dur:2 cpbdur:2 q:30.58 aq:27.04 tex:2615 mv:301 misc:588 imb:1 pmb:81 smb:8078 d:s ref:0 ;
in:2373 out:2375 type:b dur:2 cpbdur:2 q:30.58 aq:30.04 tex:196 mv:136 misc:468 imb:0 pmb:14 smb:8146 d:t ref:0 ;
in:2374 out:2376 type:b dur:2 cpbdur:2 q:30.58 aq:30.06 tex:356 mv:135 misc:469 imb:0 pmb:13 smb:8147 d:t ref:0 ;
in:2376 out:2377 type:b dur:2 cpbdur:2 q:30.58 aq:30.32 tex:719 mv:678 misc:563 imb:0 pmb:88 smb:8072 d:- ref:0 ;
in:2377 out:2378 type:b dur:2 cpbdur:2 q:30.58 aq:30.32 tex:758 mv:652 misc:550 imb:1 pmb:87 smb:8072 d:- ref:0 ;
in:2380 out:2379 type:P dur:2 cpbdur:2 q:30.37 aq:22.41 tex:23685 mv:889 misc:818 imb:4 pmb:151 smb:8005 d:t ref:0 ;
in:2379 out:2380 type:b dur:2 cpbdur:2 q:30.52 aq:30.32 tex:1294 mv:151 misc:547 imb:0 pmb:59 smb:8101 d:t ref:0 ;
in:2382 out:2381 type:P dur:2 cpbdur:2 q:30.33 aq:22.98 tex:8337 mv:647 misc:656 imb:6 pmb:85 smb:8069 d:t ref:0 ;
in:2381 out:2382 type:b dur:2 cpbdur:2 q:30.37 aq:30.04 tex:500 mv:131 misc:489 imb:1 pmb:20 smb:8139 d:t ref:0 ;
in:2387 out:2383 type:P dur:2 cpbdur:2 q:30.28 aq:21.49 tex:28474 mv:1041 misc:645 imb:8 pmb:112 smb:8040 d:t ref:0 ;
in:2384 out:2384 type:B dur:2 cpbdur:2 q:30.33 aq:27.33 tex:947 mv:335 misc:558 imb:0 pmb:53 smb:8107 d:t ref:0 ;
in:2383 out:2385 type:b dur:2 cpbdur:2 q:30.33 aq:30.04 tex:965 mv:197 misc:518 imb:0 pmb:28 smb:8132 d:t ref:0 ;
in:2385 out:2386 type:b dur:2 cpbdur:2 q:30.33 aq:30.38 tex:1496 mv:680 misc:560 imb:1 pmb:89 smb:8070 d:- ref:0 ;
in:2386 out:2387 type:b dur:2 cpbdur:2 q:30.33 aq:30.32 tex:443 mv:567 misc:550 imb:0 pmb:79 smb:8081 d:- ref:0 ;
in:2391 out:2388 type:P dur:2 cpbdur:2 q:30.15 aq:23.69 tex:24933 mv:989 misc:710 imb:6 pmb:131 smb:8023 d:t ref:0 ;
in:2389 out:2389 type:B dur:2 cpbdur:2 q:30.28 aq:28.33 tex:2021 mv:315 misc:552 imb:2 pmb:50 smb:8108 d:t ref:0 ;
in:2388 out:2390 type:b dur:2 cpbdur:2 q:30.28 aq:30.05 tex:757 mv:139 misc:504 imb:0 pmb:28 smb:8132 d:t ref:0 ;
in:2390 out:2391 type:b dur:2 cpbdur:2 q:30.28 aq:30.05 tex:864 mv:523 misc:557 imb:0 pmb:80 smb:8080 d:- ref:0 ;
in:2396 out:2392 type:P dur:2 cpbdur:2 q:30.05 aq:23.37 tex:24902 mv:1063 misc:643 imb:9 pmb:105 smb:8046 d:t ref:0 ;
in:2393 out:2393 type:B dur:2 cpbdur:2 q:30.15 aq:27.09 tex:1408 mv:313 misc:543 imb:2 pmb:49 smb:8109 d:t ref:0 ;
in:2392 out:2394 type:b dur:2 cpbdur:2 q:30.15 aq:30.05 tex:606 mv:157 misc:493 imb:1 pmb:17 smb:8142 d:t ref:0 ;
in:2394 out:2395 type:b dur:2 cpbdur:2 q:30.15 aq:30.24 tex:774 mv:640 misc:570 imb:0 pmb:87 smb:8073 d:- ref:0 ;
in:2395 out:2396 type:b dur:2 cpbdur:2 q:30.15 aq:30.30 tex:987 mv:597 misc:552 imb:1 pmb:81 smb:8078 d:- ref:0 ;
in:2401 out:2397 type:P dur:2 cpbdur:2 q:29.92 aq:22.85 tex:25217 mv:1089 misc:686 imb:11 pmb:111 smb:8038 d:t ref:0 ;
in:2398 out:2398 type:B dur:2 cpbdur:2 q:30.05 aq:27.07 tex:927 mv:416 misc:577 imb:1 pmb:65 smb:8094 d:t ref:0 ;
in:2397 out:2399 type:b dur:2 cpbdur:2 q:30.05 aq:30.05 tex:484 mv:222 misc:534 imb:1 pmb:50 smb:8109 d:t ref:0 ;
in:2399 out:2400 type:b dur:2 cpbdur:2 q:30.05 aq:30.04 tex:715 mv:607 misc:486 imb:1 pmb:64 smb:8095 d:- ref:0 ;
in:2400 out:2401 type:b dur:2 cpbdur:2 q:30.05 aq:30.05 tex:858 mv:531 misc:483 imb:0 pmb:63 smb:8097 d:- ref:0 ;
in:2402 out:2402 type:P dur:2 cpbdur:2 q:29.78 aq:22.68 tex:19838 mv:504 misc:626 imb:5 pmb:83 smb:8072 d:t ref:0 ;
in:2406 out:2403 type:P dur:2 cpbdur:2 q:29.76 aq:22.33 tex:16435 mv:775 misc:566 imb:7 pmb:76 smb:8077 d:t ref:0 ;
in:2404 out:2404 type:B dur:2 cpbdur:2 q:29.78 aq:27.04 tex:1510 mv:244 misc:510 imb:2 pmb:22 smb:8136 d:t ref:0 ;
in:2403 out:2405 type:b dur:2 cpbdur:2 q:29.78 aq:29.06 tex:880 mv:92 misc:500 imb:0 pmb:23 smb:8137 d:t ref:0 ;
in:2405 out:2406 type:b dur:2 cpbdur:2 q:29.78 aq:29.04 tex:1371 mv:472 misc:485 imb:2 pmb:60 smb:8098 d:- ref:0 ;
in:2408 out:2407 type:P dur:2 cpbdur:2 q:29.63 aq:22.66 tex:12876 mv:644 misc:592 imb:2 pmb:83 smb:8075 d:t ref:0 ;
in:2407 out:2408 type:b dur:2 cpbdur:2 q:29.76 aq:29.06 tex:827 mv:101 misc:496 imb:1 pmb:27 smb:8132 d:t ref:0 ;
in:2412 out:2409 type:P dur:2 cpbdur:2 q:29.57 aq:25.06 tex:80147 mv:3836 misc:889 imb:522 pmb:222 smb:7416 d:t ref:0 ;
in:2410 out:2410 type:B dur:2 cpbdur:2 q:29.63 aq:28.20 tex:11262 mv:400 misc:586 imb:2 pmb:601 smb:7557 d:s ref:0 ;
in:2409 out:2411 type:b dur:2 cpbdur:2 q:29.63 aq:29.06 tex:1079 mv:159 misc:498 imb:1 pmb:23 smb:8136 d:t ref:0 ;
in:2411 out:2412 type:b dur:2 cpbdur:2 q:29.63 aq:29.22 tex:22491 mv:2567 misc:590 imb:238 pmb:339 smb:7583 d:- ref:0 ;
in:2414 out:2413 type:P dur:2 cpbdur:2 q:29.60 aq:23.29 tex:133441 mv:2778 misc:701 imb:493 pmb:178 smb:7489 d:t ref:0 ;
in:2413 out:2414 type:b dur:2 cpbdur:2 q:29.62 aq:29.05 tex:2384 mv:590 misc:786 imb:0 pmb:455 smb:7705 d:s ref:0 ;
in:2417 out:2415 type:P dur:2 cpbdur:2 q:29.55 aq:25.93 tex:17045 mv:1268 misc:1135 imb:6 pmb:365 smb:7789 d:t ref:0 ;
in:2415 out:2416 type:B dur:2 cpbdur:2 q:29.60 aq:28.04 tex:1687 mv:338 misc:567 imb:1 pmb:30 smb:8129 d:t ref:0 ;
in:2416 out:2417 type:b dur:2 cpbdur:2 q:29.60 aq:29.06 tex:904 mv:495 misc:489 imb:1 pmb:64 smb:8095 d:- ref:0 ;
in:2418 out:2418 type:P dur:2 cpbdur:2 q:29.47 aq:26.90 tex:13790 mv:547 misc:663 imb:3 pmb:97 smb:8060 d:t ref:0 ;
in:2419 out:2419 type:P dur:2 cpbdur:2 q:29.44 aq:28.86 tex:14790 mv:530 misc:568 imb:2 pmb:88 smb:8070 d:t ref:0 ;
in:2420 out:2420 type:I dur:2 cpbdur:2 q:27.45 aq:26.42 tex:1767520 mv:95965 misc:291 imb:8160 pmb:0 smb:0 d:t ref:;
in:2421 out:2421 type:P dur:2 cpbdur:2 q:32.28 aq:31.58 tex:427536 mv:32721 misc:1871 imb:5070 pmb:675 smb:2415 d:t ref:0 ;
in:2422 out:2422 type:P dur:2 cpbdur:2 q:32.78 aq:32.14 tex:448767 mv:36562 misc:1919 imb:5426 pmb:856 smb:1878 d:t ref:0 ;
in:2423 out:2423 type:P dur:2 cpbdur:2 q:33.23 aq:32.10 tex:475757 mv:40148 misc:2095 imb:5477 pmb:1186 smb:1497 d:t ref:0 ;
in:2424 out:2424 type:P dur:2 cpbdur:2 q:34.03 aq:32.81 tex:422801 mv:39181 misc:2482 imb:5145 pmb:1430 smb:1585 d:t ref:0 ;
in:2425 out:2425 type:P dur:2 cpbdur:2 q:34.66 aq:32.34 tex:403596 mv:38194 misc:2898 imb:4746 pmb:1312 smb:2102 d:t ref:0 ;
in:2426 out:2426 type:P dur:2 cpbdur:2 q:35.79 aq:32.46 tex:341716 mv:36200 misc:4100 imb:3294 pmb:2066 smb:2800 d:t ref:0 ;
in:2432 out:2427 type:P dur:2 cpbdur:2 q:37.53 aq:32.15 tex:512321 mv:39481 misc:2230 imb:5821 pmb:973 smb:1366 d:t ref:0 ;
in:2429 out:2428 type:B dur:2 cpbdur:2 q:37.75 aq:36.23 tex:67675 mv:32947 misc:1994 imb:1009 pmb:4102 smb:3049 d:s ref:0 ;
in:2427 out:2429 type:b dur:2 cpbdur:2 q:37.81 aq:38.41 tex:23182 mv:34147 misc:2047 imb:733 pmb:4079 smb:3348 d:s ref:0 ;
in:2428 out:2430 type:b dur:2 cpbdur:2 q:37.81 aq:38.38 tex:26186 mv:27013 misc:2345 imb:677 pmb:4046 smb:3437 d:s ref:0 ;
in:2430 out:2431 type:b dur:2 cpbdur:2 q:37.81 aq:39.91 tex:16441 mv:10871 misc:3512 imb:203 pmb:1127 smb:6830 d:- ref:0 ;
in:2431 out:2432 type:b dur:2 cpbdur:2 q:37.81 aq:39.72 tex:18418 mv:11510 misc:3472 imb:166 pmb:1083 smb:6911 d:- ref:0 ;
in:2434 out:2433 type:P dur:2 cpbdur:2 q:38.03 aq:32.02 tex:198207 mv:24751 misc:5170 imb:1204 pmb:3209 smb:3747 d:t ref:0 ;
in:2433 out:2434 type:b dur:2 cpbdur:2 q:38.74 aq:40.04 tex:15031 mv:17578 misc:3431 imb:225 pmb:2158 smb:5777 d:s ref:0 ;
in:2436 out:2435 type:P dur:2 cpbdur:2 q:38.38 aq:31.85 tex:164252 mv:19237 misc:4511 imb:860 pmb:2713 smb:4587 d:t ref:0 ;
in:2435 out:2436 type:b dur:2 cpbdur:2 q:38.53 aq:40.61 tex:1685 mv:2796 misc:1727 imb:18 pmb:508 smb:7634 d:s ref:0 ;
in:2441 out:2437 type:P dur:2 cpbdur:2 q:37.80 aq:31.65 tex:188616 mv:17777 misc:5727 imb:719 pmb:3163 smb:4278 d:t ref:0 ;
in:2438 out:2438 type:B dur:2 cpbdur:2 q:38.60 aq:39.43 tex:3771 mv:3329 misc:1932 imb:38 pmb:422 smb:7700 d:s ref:0 ;
in:2437 out:2439 type:b dur:2 cpbdur:2 q:38.60 aq:35.97 tex:377 mv:503 misc:960 imb:1 pmb:141 smb:8018 d:s ref:0 ;
in:2439 out:2440 type:b dur:2 cpbdur:2 q:38.60 aq:41.28 tex:1455 mv:2018 misc:1399 imb:33 pmb:254 smb:7873 d:- ref:0 ;
in:2440 out:2441 type:b dur:2 cpbdur:2 q:38.60 aq:40.20 tex:1679 mv:2648 misc:1657 imb:9 pmb:365 smb:7786 d:- ref:0 ;
in:2447 out:2442 type:P dur:2 cpbdur:2 q:37.57 aq:31.50 tex:190269 mv:22609 misc:5746 imb:997 pmb:3110 smb:4053 d:t ref:0 ;
in:2444 out:2443 type:B dur:2 cpbdur:2 q:38.08 aq:37.66 tex:14006 mv:8250 misc:3040 imb:88 pmb:1015 smb:7057 d:s ref:0 ;
in:2442 out:2444 type:b dur:2 cpbdur:2 q:38.23 aq:40.14 tex:1655 mv:3871 misc:2330 imb:33 pmb:597 smb:7530 d:s ref:0 ;
in:2443 out:2445 type:b dur:2 cpbdur:2 q:38.23 aq:40.99 tex:1977 mv:4048 misc:2431 imb:21 pmb:685 smb:7454 d:s ref:0 ;
in:2445 out:2446 type:b dur:2 cpbdur:2 q:38.23 aq:40.19 tex:2169 mv:2223 misc:1632 imb:23 pmb:334 smb:7803 d:- ref:0 ;
in:2446 out:2447 type:b dur:2 cpbdur:2 q:38.23 aq:41.34 tex:1939 mv:2348 misc:1625 imb:18 pmb:335 smb:7807 d:- ref:0 ;
in:2453 out:2448 type:P dur:2 cpbdur:2 q:36.07 aq:29.52 tex:429436 mv:26993 misc:4947 imb:1195 pmb:4584 smb:2381 d:t ref:0 ;
in:2450 out:2449 type:B dur:2 cpbdur:2 q:37.75 aq:38.02 tex:8954 mv:6006 misc:2568 imb:49 pmb:761 smb:7350 d:s ref:0 ;
in:2448 out:2450 type:b dur:2 cpbdur:2 q:37.89 aq:41.00 tex:2185 mv:2822 misc:2065 imb:18 pmb:472 smb:7670 d:s ref:0 ;
in:2449 out:2451 type:b dur:2 cpbdur:2 q:37.89 aq:41.31 tex:2152 mv:3108 misc:2132 imb:18 pmb:495 smb:7647 d:s ref:0 ;
in:2451 out:2452 type:b dur:2 cpbdur:2 q:37.85 aq:40.66 tex:1479 mv:1791 misc:1274 imb:12 pmb:246 smb:7902 d:- ref:0 ;
in:2452 out:2453 type:b dur:2 cpbdur:2 q:37.85 aq:40.48 tex:1512 mv:2164 misc:1444 imb:15 pmb:296 smb:7849 d:- ref:0 ;
in:2459 out:2454 type:P dur:2 cpbdur:2 q:35.13 aq:28.64 tex:438959 mv:27673 misc:4784 imb:958 pmb:5114 smb:2088 d:s ref:0 ;
in:2456 out:2455 type:B dur:2 cpbdur:2 q:36.30 aq:35.70 tex:19612 mv:9083 misc:2993 imb:74 pmb:1012 smb:7074 d:s ref:0 ;
in:2454 out:2456 type:b dur:2 cpbdur:2 q:36.55 aq:39.34 tex:4151 mv:3268 misc:1797 imb:44 pmb:451 smb:7665 d:s ref:0 ;
in:2455 out:2457 type:b dur:2 cpbdur:2 q:36.58 aq:39.00 tex:3705 mv:2948 misc:1867 imb:23 pmb:459 smb:7678 d:s ref:0 ;
in:2457 out:2458 type:b dur:2 cpbdur:2 q:36.46 aq:39.67 tex:4674 mv:2815 misc:1615 imb:30 pmb:356 smb:7774 d:- ref:0 ;
in:2458 out:2459 type:b dur:2 cpbdur:2 q:36.46 aq:39.30 tex:3815 mv:2744 misc:1681 imb:26 pmb:365 smb:7769 d:- ref:0 ;
in:2465 out:2460 type:P dur:2 cpbdur:2 q:34.77 aq:28.60 tex:329947 mv:23328 misc:5925 imb:822 pmb:4303 smb:3035 d:s ref:0 ;
in:2462 out:2461 type:B dur:2 cpbdur:2 q:35.40 aq:35.75 tex:30777 mv:11611 misc:3524 imb:166 pmb:1253 smb:6741 d:s ref:0 ;
in:2460 out:2462 type:b dur:2 cpbdur:2 q:35.61 aq:38.62 tex:5855 mv:4785 misc:2248 imb:55 pmb:620 smb:7485 d:s ref:0 ;
in:2461 out:2463 type:b dur:2 cpbdur:2 q:35.66 aq:38.72 tex:5914 mv:4717 misc:2185 imb:47 pmb:587 smb:7526 d:s ref:0 ;
in:2463 out:2464 type:b dur:2 cpbdur:2 q:35.57 aq:38.52 tex:4642 mv:3242 misc:2012 imb:28 pmb:503 smb:7629 d:- ref:0 ;
in:2464 out:2465 type:b dur:2 cpbdur:2 q:35.57 aq:38.52 tex:6521 mv:4053 misc:2146 imb:56 pmb:563 smb:7541 d:- ref:0 ;
in:2470 out:2466 type:P dur:2 cpbdur:2 q:34.71 aq:28.52 tex:303188 mv:24686 misc:5502 imb:807 pmb:3855 smb:3498 d:s ref:0 ;
in:2467 out:2467 type:B dur:2 cpbdur:2 q:35.15 aq:35.14 tex:19435 mv:8797 misc:3296 imb:93 pmb:1128 smb:6939 d:s ref:0 ;
in:2466 out:2468 type:b dur:2 cpbdur:2 q:35.38 aq:37.14 tex:3619 mv:3852 misc:1849 imb:32 pmb:494 smb:7634 d:s ref:0 ;
in:2468 out:2469 type:b dur:2 cpbdur:2 q:35.38 aq:38.29 tex:6554 mv:4020 misc:1986 imb:43 pmb:497 smb:7620 d:- ref:0 ;
in:2469 out:2470 type:b dur:2 cpbdur:2 q:35.38 aq:37.55 tex:3822 mv:3345 misc:2033 imb:36 pmb:503 smb:7621 d:- ref:0 ;
in:2474 out:2471 type:P dur:2 cpbdur:2 q:34.61 aq:28.63 tex:244560 mv:20893 misc:5235 imb:608 pmb:3639 smb:3913 d:s ref:0 ;
in:2472 out:2472 type:B dur:2 cpbdur:2 q:34.95 aq:35.79 tex:15734 mv:6128 misc:2570 imb:64 pmb:818 smb:7278 d:s ref:0 ;
in:2471 out:2473 type:b dur:2 cpbdur:2 q:35.28 aq:38.08 tex:7185 mv:4231 misc:2072 imb:66 pmb:574 smb:7520 d:s ref:0 ;
in:2473 out:2474 type:b dur:2 cpbdur:2 q:35.18 aq:37.78 tex:5168 mv:3662 misc:2058 imb:41 pmb:511 smb:7608 d:- ref:0 ;
in:2476 out:2475 type:P dur:2 cpbdur:2 q:34.10 aq:27.92 tex:274809 mv:16130 misc:5733 imb:427 pmb:4091 smb:3642 d:s ref:0 ;
in:2475 out:2476 type:b dur:2 cpbdur:2 q:34.84 aq:37.78 tex:4944 mv:3600 misc:1952 imb:50 pmb:506 smb:7604 d:t ref:0 ;
in:2481 out:2477 type:P dur:2 cpbdur:2 q:33.67 aq:27.74 tex:350381 mv:20946 misc:4985 imb:518 pmb:4354 smb:3288 d:s ref:0 ;
in:2478 out:2478 type:B dur:2 cpbdur:2 q:34.46 aq:34.67 tex:23502 mv:8278 misc:2988 imb:111 pmb:1007 smb:7042 d:t ref:0 ;
in:2477 out:2479 type:b dur:2 cpbdur:2 q:34.75 aq:37.91 tex:4684 mv:3396 misc:1944 imb:51 pmb:468 smb:7641 d:s ref:0 ;
in:2479 out:2480 type:b dur:2 cpbdur:2 q:34.68 aq:37.09 tex:6464 mv:4116 misc:2172 imb:48 pmb:545 smb:7567 d:- ref:0 ;
in:2480 out:2481 type:b dur:2 cpbdur:2 q:34.68 aq:37.52 tex:5542 mv:4043 misc:2071 imb:60 pmb:498 smb:7602 d:- ref:0 ;
in:2487 out:2482 type:P dur:2 cpbdur:2 q:33.40 aq:27.87 tex:418758 mv:26147 misc:4567 imb:786 pmb:4146 smb:3228 d:s ref:0 ;
in:2484 out:2483 type:B dur:2 cpbdur:2 q:34.00 aq:33.51 tex:39920 mv:14424 misc:3864 imb:152 pmb:1633 smb:6375 d:s ref:0 ;
in:2482 out:2484 type:b dur:2 cpbdur:2 q:34.35 aq:37.32 tex:7216 mv:4966 misc:2410 imb:50 pmb:732 smb:7378 d:s ref:0 ;
in:2483 out:2485 type:b dur:2 cpbdur:2 q:34.35 aq:36.92 tex:7219 mv:4037 misc:2280 imb:55 pmb:645 smb:7460 d:s ref:0 ;
in:2485 out:2486 type:b dur:2 cpbdur:2 q:34.31 aq:36.64 tex:7222 mv:4930 misc:2320 imb:68 pmb:666 smb:7426 d:- ref:0 ;
in:2486 out:2487 type:b dur:2 cpbdur:2 q:34.31 aq:36.53 tex:10864 mv:6333 misc:2443 imb:75 pmb:782 smb:7303 d:- ref:0 ;
in:2493 out:2488 type:P dur:2 cpbdur:2 q:33.29 aq:28.78 tex:285553 mv:21227 misc:4332 imb:638 pmb:3404 smb:4118 d:s ref:0 ;
in:2490 out:2489 type:B dur:2 cpbdur:2 q:33.81 aq:33.35 tex:47545 mv:12665 misc:3990 imb:111 pmb:1712 smb:6337 d:s ref:0 ;
in:2488 out:2490 type:b dur:2 cpbdur:2 q:34.18 aq:36.69 tex:6940 mv:4682 misc:2594 imb:43 pmb:731 smb:7386 d:s ref:0 ;
in:2489 out:2491 type:b dur:2 cpbdur:2 q:34.25 aq:36.78 tex:8728 mv:4999 misc:2441 imb:57 pmb:699 smb:7404 d:s ref:0 ;
in:2491 out:2492 type:b dur:2 cpbdur:2 q:34.17 aq:36.94 tex:5980 mv:4011 misc:2177 imb:44 pmb:601 smb:7515 d:- ref:0 ;
in:2492 out:2493 type:b dur:2 cpbdur:2 q:34.17 aq:36.98 tex:6890 mv:3726 misc:2112 imb:52 pmb:562 smb:7546 d:- ref:0 ;
in:2497 out:2494 type:P dur:2 cpbdur:2 q:33.28 aq:29.90 tex:193501 mv:19142 misc:4349 imb:561 pmb:2899 smb:4700 d:s ref:0 ;
in:2495 out:2495 type:B dur:2 cpbdur:2 q:33.72 aq:33.68 tex:19405 mv:7959 misc:3276 imb:47 pmb:1246 smb:6867 d:s ref:0 ;
in:2494 out:2496 type:b dur:2 cpbdur:2 q:34.06 aq:36.33 tex:8486 mv:4249 misc:2321 imb:56 pmb:648 smb:7456 d:s ref:0 ;
in:2496 out:2497 type:b dur:2 cpbdur:2 q:34.00 aq:35.76 tex:9627 mv:5368 misc:2285 imb:61 pmb:734 smb:7365 d:- ref:0 ;
in:2500 out:2498 type:P dur:2 cpbdur:2 q:32.79 aq:31.74 tex:83195 mv:11169 misc:4684 imb:261 pmb:1858 smb:6041 d:s ref:0 ;
in:2498 out:2499 type:B dur:2 cpbdur:2 q:33.60 aq:35.65 tex:14579 mv:5336 misc:2421 imb:55 pmb:800 smb:7305 d:t ref:0 ;
in:2499 out:2500 type:b dur:2 cpbdur:2 q:33.83 aq:36.39 tex:13628 mv:4948 misc:2296 imb:70 pmb:683 smb:7407 d:- ref:0 ;
in:2501 out:2501 type:I dur:2 cpbdur:2 q:31.07 aq:24.27 tex:2812386 mv:166987 misc:315 imb:8160 pmb:0 smb:0 d:s ref:;
in:2503 out:2502 type:P dur:2 cpbdur:2 q:33.73 aq:27.65 tex:128035 mv:8362 misc:4619 imb:94 pmb:2284 smb:5782 d:s ref:0 ;
in:2502 out:2503 type:b dur:2 cpbdur:2 q:34.09 aq:34.95 tex:9753 mv:4537 misc:1982 imb:127 pmb:537 smb:7496 d:s ref:0 ;
in:2507 out:2504 type:P dur:2 cpbdur:2 q:33.84 aq:28.20 tex:288607 mv:20212 misc:4701 imb:709 pmb:3197 smb:4254 d:s ref:0 ;
in:2505 out:2505 type:B dur:2 cpbdur:2 q:34.19 aq:34.39 tex:10451 mv:6817 misc:3036 imb:58 pmb:1043 smb:7059 d:s ref:0 ;
in:2504 out:2506 type:b dur:2 cpbdur:2 q:34.51 aq:35.98 tex:7555 mv:4617 misc:2388 imb:66 pmb:732 smb:7362 d:s ref:0 ;
in:2506 out:2507 type:b dur:2 cpbdur:2 q:34.51 aq:35.65 tex:5986 mv:4730 misc:2084 imb:92 pmb:617 smb:7451 d:- ref:0 ;
in:2511 out:2508 type:P dur:2 cpbdur:2 q:34.33 aq:28.13 tex:263087 mv:20221 misc:5068 imb:483 pmb:3840 smb:3837 d:s ref:0 ;
in:2509 out:2509 type:B dur:2 cpbdur:2 q:34.76 aq:34.79 tex:9735 mv:5346 misc:2631 imb:40 pmb:893 smb:7227 d:s ref:0 ;
in:2508 out:2510 type:b dur:2 cpbdur:2 q:35.17 aq:36.73 tex:4359 mv:4508 misc:2029 imb:65 pmb:577 smb:7518 d:s ref:0 ;
in:2510 out:2511 type:b dur:2 cpbdur:2 q:35.17 aq:36.93 tex:4752 mv:3958 misc:2058 imb:60 pmb:553 smb:7547 d:- ref:0 ;
in:2517 out:2512 type:P dur:2 cpbdur:2 q:34.94 aq:28.68 tex:290732 mv:21290 misc:4930 imb:523 pmb:4380 smb:3257 d:s ref:0 ;
in:2514 out:2513 type:B dur:2 cpbdur:2 q:35.04 aq:33.76 tex:17727 mv:8608 misc:3249 imb:89 pmb:1125 smb:6946 d:t ref:0 ;
in:2512 out:2514 type:b dur:2 cpbdur:2 q:35.40 aq:36.68 tex:4222 mv:3594 misc:2128 imb:86 pmb:554 smb:7520 d:s ref:0 ;
in:2513 out:2515 type:b dur:2 cpbdur:2 q:35.40 aq:37.32 tex:6934 mv:4584 misc:2370 imb:87 pmb:687 smb:7386 d:s ref:0 ;
in:2515 out:2516 type:b dur:2 cpbdur:2 q:35.40 aq:37.14 tex:4078 mv:3529 misc:1985 imb:38 pmb:526 smb:7596 d:- ref:0 ;
in:2516 out:2517 type:b dur:2 cpbdur:2 q:35.40 aq:36.84 tex:5095 mv:4135 misc:2298 imb:68 pmb:638 smb:7454 d:- ref:0 ;
in:2522 out:2518 type:P dur:2 cpbdur:2 q:35.55 aq:29.57 tex:221759 mv:21069 misc:5132 imb:619 pmb:3971 smb:3570 d:s ref:0 ;
in:2519 out:2519 type:B dur:2 cpbdur:2 q:35.68 aq:35.32 tex:8360 mv:5928 misc:3024 imb:51 pmb:923 smb:7186 d:s ref:0 ;
in:2518 out:2520 type:b dur:2 cpbdur:2 q:35.82 aq:36.44 tex:3408 mv:3739 misc:1741 imb:89 pmb:441 smb:7630 d:s ref:0 ;
in:2520 out:2521 type:b dur:2 cpbdur:2 q:35.82 aq:37.43 tex:5251 mv:5001 misc:2276 imb:66 pmb:684 smb:7410 d:- ref:0 ;
in:2521 out:2522 type:b dur:2 cpbdur:2 q:35.82 aq:36.70 tex:3664 mv:4221 misc:2291 imb:88 pmb:623 smb:7449 d:- ref:0 ;
in:2527 out:2523 type:P dur:2 cpbdur:2 q:36.09 aq:29.75 tex:162094 mv:18631 misc:5595 imb:415 pmb:3551 smb:4194 d:s ref:0 ;
in:2524 out:2524 type:B dur:2 cpbdur:2 q:36.23 aq:35.86 tex:7389 mv:5040 misc:2787 imb:41 pmb:861 smb:7258 d:s ref:0 ;
in:2523 out:2525 type:b dur:2 cpbdur:2 q:36.37 aq:37.01 tex:3933 mv:4152 misc:1795 imb:72 pmb:500 smb:7588 d:s ref:0 ;
in:2525 out:2526 type:b dur:2 cpbdur:2 q:36.37 aq:37.95 tex:3123 mv:2836 misc:1681 imb:39 pmb:372 smb:7749 d:- ref:0 ;
in:2526 out:2527 type:b dur:2 cpbdur:2 q:36.37 aq:37.74 tex:2192 mv:3122 misc:1774 imb:53 pmb:405 smb:7702 d:- ref:0 ;
in:2533 out:2528 type:P dur:2 cpbdur:2 q:36.01 aq:29.95 tex:205697 mv:22300 misc:5547 imb:635 pmb:3815 smb:3710 d:s ref:0 ;
in:2530 out:2529 type:B dur:2 cpbdur:2 q:36.23 aq:35.16 tex:14598 mv:9030 misc:3300 imb:132 pmb:1021 smb:7007 d:s ref:0 ;
in:2528 out:2530 type:b dur:2 cpbdur:2 q:36.37 aq:37.58 tex:2605 mv:3334 misc:1965 imb:47 pmb:516 smb:7597 d:s ref:0 ;
in:2529 out:2531 type:b dur:2 cpbdur:2 q:36.37 aq:37.67 tex:1651 mv:2340 misc:1633 imb:23 pmb:377 smb:7760 d:s ref:0 ;
in:2531 out:2532 type:b dur:2 cpbdur:2 q:36.37 aq:38.19 tex:3456 mv:4426 misc:2134 imb:48 pmb:590 smb:7522 d:- ref:0 ;
in:2532 out:2533 type:b dur:2 cpbdur:2 q:36.37 aq:37.80 tex:2725 mv:4581 misc:2062 imb:51 pmb:622 smb:7487 d:- ref:0 ;
in:2536 out:2534 type:P dur:2 cpbdur:2 q:35.67 aq:29.00 tex:192907 mv:18840 misc:6021 imb:548 pmb:3377 smb:4235 d:s ref:0 ;
in:2534 out:2535 type:B dur:2 cpbdur:2 q:36.44 aq:36.88 tex:5667 mv:3756 misc:2273 imb:87 pmb:588 smb:7485 d:s ref:0 ;
in:2535 out:2536 type:b dur:2 cpbdur:2 q:36.58 aq:38.19 tex:2459 mv:3486 misc:1935 imb:54 pmb:474 smb:7632 d:- ref:0 ;
in:2542 out:2537 type:P dur:2 cpbdur:2 q:35.33 aq:28.85 tex:223113 mv:20609 misc:5430 imb:477 pmb:3826 smb:3857 d:s ref:0 ;
in:2539 out:2538 type:B dur:2 cpbdur:2 q:35.84 aq:34.80 tex:15565 mv:7918 misc:3421 imb:120 pmb:1022 smb:7018 d:t ref:0 ;
in:2537 out:2539 type:b dur:2 cpbdur:2 q:36.03 aq:38.26 tex:1819 mv:2324 misc:1681 imb:17 pmb:379 smb:7764 d:s ref:0 ;
in:2538 out:2540 type:b dur:2 cpbdur:2 q:36.03 aq:36.77 tex:2916 mv:3417 misc:1899 imb:57 pmb:465 smb:7638 d:s ref:0 ;
in:2540 out:2541 type:b dur:2 cpbdur:2 q:36.03 aq:37.65 tex:1542 mv:2515 misc:1647 imb:15 pmb:377 smb:7768 d:- ref:0 ;
in:2541 out:2542 type:b dur:2 cpbdur:2 q:36.03 aq:37.46 tex:1988 mv:2395 misc:1625 imb:17 pmb:384 smb:7759 d:- ref:0 ;
in:2544 out:2543 type:P dur:2 cpbdur:2 q:35.44 aq:28.96 tex:149970 mv:13509 misc:6305 imb:314 pmb:3208 smb:4638 d:s ref:0 ;
in:2543 out:2544 type:b dur:2 cpbdur:2 q:35.94 aq:37.36 tex:4080 mv:3796 misc:1996 imb:82 pmb:486 smb:7592 d:s ref:0 ;
in:2549 out:2545 type:P dur:2 cpbdur:2 q:35.02 aq:28.48 tex:226360 mv:17883 misc:5661 imb:387 pmb:3945 smb:3828 d:s ref:0 ;
in:2546 out:2546 type:B dur:2 cpbdur:2 q:35.79 aq:34.64 tex:16290 mv:8327 misc:2839 imb:209 pmb:819 smb:7132 d:t ref:0 ;
in:2545 out:2547 type:b dur:2 cpbdur:2 q:36.09 aq:36.31 tex:3096 mv:3375 misc:1921 imb:41 pmb:468 smb:7651 d:s ref:0 ;
in:2547 out:2548 type:b dur:2 cpbdur:2 q:36.09 aq:37.34 tex:4017 mv:4165 misc:1770 imb:63 pmb:487 smb:7610 d:- ref:0 ;
in:2548 out:2549 type:b dur:2 cpbdur:2 q:36.09 aq:36.95 tex:2640 mv:4212 misc:1820 imb:59 pmb:525 smb:7576 d:- ref:0 ;
in:2553 out:2550 type:P dur:2 cpbdur:2 q:35.61 aq:29.09 tex:212079 mv:19369 misc:6112 imb:575 pmb:3477 smb:4108 d:s ref:0 ;
in:2551 out:2551 type:B dur:2 cpbdur:2 q:35.98 aq:35.55 tex:10087 mv:6054 misc:2875 imb:106 pmb:828 smb:7226 d:s ref:0 ;
in:2550 out:2552 type:b dur:2 cpbdur:2 q:36.26 aq:37.77 tex:4207 mv:4015 misc:2330 imb:47 pmb:660 smb:7453 d:s ref:0 ;
in:2552 out:2553 type:b dur:2 cpbdur:2 q:36.26 aq:38.17 tex:2325 mv:2874 misc:1721 imb:52 pmb:389 smb:7719 d:- ref:0 ;
in:2557 out:2554 type:P dur:2 cpbdur:2 q:35.55 aq:28.97 tex:185989 mv:17906 misc:5913 imb:422 pmb:3678 smb:4060 d:s ref:0 ;
in:2555 out:2555 type:B dur:2 cpbdur:2 q:35.98 aq:36.01 tex:5362 mv:4212 misc:2370 imb:23 pmb:699 smb:7438 d:s ref:0 ;
in:2554 out:2556 type:b dur:2 cpbdur:2 q:36.03 aq:36.23 tex:4717 mv:3705 misc:1914 imb:84 pmb:462 smb:7614 d:s ref:0 ;
in:2556 out:2557 type:b dur:2 cpbdur:2 q:36.03 aq:36.86 tex:3109 mv:3265 misc:1842 imb:42 pmb:466 smb:7652 d:- ref:0 ;
in:2561 out:2558 type:P dur:2 cpbdur:2 q:35.72 aq:29.14 tex:203898 mv:21012 misc:5850 imb:635 pmb:3699 smb:3826 d:s ref:0 ;
in:2559 out:2559 type:B dur:2 cpbdur:2 q:35.92 aq:35.95 tex:5912 mv:5735 misc:2753 imb:63 pmb:795 smb:7302 d:s ref:0 ;
in:2558 out:2560 type:b dur:2 cpbdur:2 q:36.35 aq:37.48 tex:1410 mv:2623 misc:1623 imb:20 pmb:349 smb:7791 d:s ref:0 ;
in:2560 out:2561 type:b dur:2 cpbdur:2 q:36.35 aq:37.96 tex:2795 mv:3981 misc:2008 imb:33 pmb:575 smb:7552 d:- ref:0 ;
in:2567 out:2562 type:P dur:2 cpbdur:2 q:35.78 aq:29.12 tex:221605 mv:22603 misc:5896 imb:686 pmb:3958 smb:3516 d:s ref:0 ;
in:2564 out:2563 type:B dur:2 cpbdur:2 q:36.20 aq:34.55 tex:12825 mv:7936 misc:3391 imb:78 pmb:1125 smb:6957 d:s ref:0 ;
in:2562 out:2564 type:b dur:2 cpbdur:2 q:36.39 aq:37.66 tex:2195 mv:2819 misc:1898 imb:21 pmb:463 smb:7676 d:s ref:0 ;
in:2563 out:2565 type:b dur:2 cpbdur:2 q:36.39 aq:37.61 tex:3295 mv:4213 misc:1788 imb:67 pmb:482 smb:7611 d:s ref:0 ;
in:2565 out:2566 type:b dur:2 cpbdur:2 q:36.35 aq:38.76 tex:2330 mv:2922 misc:2052 imb:18 pmb:523 smb:7619 d:- ref:0 ;
in:2566 out:2567 type:b dur:2 cpbdur:2 q:36.35 aq:39.00 tex:2476 mv:3059 misc:1985 imb:14 pmb:504 smb:7642 d:- ref:0 ;
in:2573 out:2568 type:P dur:2 cpbdur:2 q:35.78 aq:29.23 tex:210437 mv:21217 misc:6026 imb:641 pmb:3723 smb:3796 d:s ref:0 ;
in:2570 out:2569 type:B dur:2 cpbdur:2 q:36.35 aq:35.39 tex:17285 mv:9312 misc:3323 imb:171 pmb:985 smb:7004 d:s ref:0 ;
in:2568 out:2570 type:b dur:2 cpbdur:2 q:36.54 aq:38.19 tex:3829 mv:3962 misc:2065 imb:49 pmb:518 smb:7593 d:s ref:0 ;
in:2569 out:2571 type:b dur:2 cpbdur:2 q:36.54 aq:38.21 tex:2648 mv:3396 misc:1828 imb:39 pmb:496 smb:7625 d:s ref:0 ;
in:2571 out:2572 type:b dur:2 cpbdur:2 q:36.54 aq:38.29 tex:3344 mv:3705 misc:1879 imb:49 pmb:494 smb:7617 d:- ref:0 ;
in:2572 out:2573 type:b dur:2 cpbdur:2 q:36.54 aq:38.23 tex:3083 mv:3209 misc:1764 imb:26 pmb:466 smb:7668 d:- ref:0 ;
in:2579 out:2574 type:P dur:2 cpbdur:2 q:35.54 aq:29.16 tex:240443 mv:23661 misc:5624 imb:701 pmb:3803 smb:3656 d:s ref:0 ;
in:2576 out:2575 type:B dur:2 cpbdur:2 q:36.14 aq:34.88 tex:12494 mv:8017 misc:3209 imb:94 pmb:980 smb:7086 d:s ref:0 ;
in:2574 out:2576 type:b dur:2 cpbdur:2 q:36.38 aq:38.14 tex:3478 mv:2455 misc:1731 imb:21 pmb:394 smb:7745 d:s ref:0 ;
in:2575 out:2577 type:b dur:2 cpbdur:2 q:36.38 aq:37.43 tex:2610 mv:3054 misc:1648 imb:48 pmb:380 smb:7732 d:s ref:0 ;
in:2577 out:2578 type:b dur:2 cpbdur:2 q:36.38 aq:37.91 tex:3110 mv:4196 misc:2142 imb:33 pmb:544 smb:7583 d:- ref:0 ;
in:2578 out:2579 type:b dur:2 cpbdur:2 q:36.38 aq:37.67 tex:2785 mv:3743 misc:1936 imb:26 pmb:531 smb:7603 d:- ref:0 ;
in:2584 out:2580 type:P dur:2 cpbdur:2 q:35.36 aq:28.92 tex:222341 mv:19834 misc:5977 imb:594 pmb:3783 smb:3783 d:s ref:0 ;
in:2581 out:2581 type:B dur:2 cpbdur:2 q:35.79 aq:35.11 tex:11489 mv:5851 misc:3012 imb:90 pmb:856 smb:7214 d:s ref:0 ;
in:2580 out:2582 type:b dur:2 cpbdur:2 q:36.10 aq:36.92 tex:2529 mv:3503 misc:2008 imb:64 pmb:505 smb:7591 d:s ref:0 ;
in:2582 out:2583 type:b dur:2 cpbdur:2 q:36.09 aq:37.88 tex:2860 mv:2381 misc:1487 imb:22 pmb:329 smb:7809 d:- ref:0 ;
in:2583 out:2584 type:b dur:2 cpbdur:2 q:36.09 aq:37.31 tex:2584 mv:2804 misc:1564 imb:23 pmb:381 smb:7756 d:- ref:0 ;
in:2589 out:2585 type:P dur:2 cpbdur:2 q:35.34 aq:29.21 tex:200741 mv:20335 misc:5716 imb:587 pmb:3699 smb:3874 d:s ref:0 ;
in:2586 out:2586 type:B dur:2 cpbdur:2 q:35.75 aq:35.17 tex:10202 mv:6311 misc:2911 imb:82 pmb:913 smb:7165 d:s ref:0 ;
in:2585 out:2587 type:b dur:2 cpbdur:2 q:36.05 aq:37.39 tex:2100 mv:3887 misc:1941 imb:61 pmb:522 smb:7577 d:s ref:0 ;
in:2587 out:2588 type:b dur:2 cpbdur:2 q:36.05 aq:37.42 tex:2745 mv:2275 misc:1444 imb:18 pmb:323 smb:7819 d:- ref:0 ;
in:2588 out:2589 type:b dur:2 cpbdur:2 q:36.05 aq:37.49 tex:2057 mv:2619 misc:1612 imb:27 pmb:382 smb:7751 d:- ref:0 ;
in:2594 out:2590 type:P dur:2 cpbdur:2 q:35.05 aq:29.19 tex:196699 mv:18925 misc:5952 imb:495 pmb:3620 smb:4045 d:s ref:0 ;
in:2591 out:2591 type:B dur:2 cpbdur:2 q:35.63 aq:35.10 tex:12550 mv:4877 misc:2709 imb:59 pmb:779 smb:7322 d:s ref:0 ;
in:2590 out:2592 type:b dur:2 cpbdur:2 q:35.81 aq:37.47 tex:3125 mv:3365 misc:1846 imb:44 pmb:475 smb:7641 d:s ref:0 ;
in:2592 out:2593 type:b dur:2 cpbdur:2 q:35.81 aq:37.36 tex:2343 mv:2463 misc:1714 imb:10 pmb:415 smb:7735 d:- ref:0 ;
in:2593 out:2594 type:b dur:2 cpbdur:2 q:35.81 aq:37.98 tex:3842 mv:3393 misc:1877 imb:48 pmb:468 smb:7644 d:- ref:0 ;
in:2600 out:2595 type:P dur:2 cpbdur:2 q:35.07 aq:29.90 tex:198763 mv:22234 misc:5243 imb:704 pmb:3397 smb:4059 d:s ref:0 ;
in:2597 out:2596 type:B dur:2 cpbdur:2 q:35.59 aq:34.65 tex:16787 mv:7774 misc:3287 imb:69 pmb:1115 smb:6976 d:s ref:0 ;
in:2595 out:2597 type:b dur:2 cpbdur:2 q:35.89 aq:37.70 tex:4387 mv:3419 misc:2178 imb:40 pmb:576 smb:7544 d:s ref:0 ;
in:2596 out:2598 type:b dur:2 cpbdur:2 q:35.89 aq:37.16 tex:3795 mv:3522 misc:2203 imb:69 pmb:534 smb:7557 d:s ref:0 ;
in:2598 out:2599 type:b dur:2 cpbdur:2 q:35.89 aq:37.74 tex:2513 mv:3028 misc:1915 imb:22 pmb:478 smb:7660 d:- ref:0 ;
in:2599 out:2600 type:b dur:2 cpbdur:2 q:35.89 aq:37.50 tex:3201 mv:3364 misc:1747 imb:36 pmb:484 smb:7640 d:- ref:0 ;
in:2606 out:2601 type:P dur:2 cpbdur:2 q:34.18 aq:30.20 tex:154488 mv:20280 misc:5592 imb:680 pmb:3164 smb:4316 d:s ref:0 ;
in:2603 out:2602 type:B dur:2 cpbdur:2 q:35.39 aq:34.19 tex:19283 mv:8475 misc:3418 imb:93 pmb:1080 smb:6987 d:t ref:0 ;
in:2601 out:2603 type:b dur:2 cpbdur:2 q:35.69 aq:36.23 tex:4082 mv:4050 misc:2052 imb:72 pmb:595 smb:7493 d:s ref:0 ;
in:2602 out:2604 type:b dur:2 cpbdur:2 q:35.69 aq:37.89 tex:3046 mv:3349 misc:2013 imb:25 pmb:536 smb:7599 d:s ref:0 ;
in:2604 out:2605 type:b dur:2 cpbdur:2 q:35.69 aq:37.86 tex:3127 mv:3488 misc:1849 imb:41 pmb:481 smb:7638 d:- ref:0 ;
in:2605 out:2606 type:b dur:2 cpbdur:2 q:35.69 aq:36.85 tex:3005 mv:3654 misc:1949 imb:51 pmb:503 smb:7606 d:- ref:0 ;
in:2610 out:2607 type:P dur:2 cpbdur:2 q:33.53 aq:31.54 tex:97625 mv:16471 misc:5352 imb:505 pmb:2446 smb:5209 d:s ref:0 ;
in:2608 out:2608 type:B dur:2 cpbdur:2 q:34.48 aq:33.82 tex:18353 mv:7530 misc:3469 imb:83 pmb:1153 smb:6924 d:s ref:0 ;
in:2607 out:2609 type:b dur:2 cpbdur:2 q:34.77 aq:36.27 tex:3514 mv:3727 misc:2111 imb:50 pmb:574 smb:7536 d:s ref:0 ;
in:2609 out:2610 type:b dur:2 cpbdur:2 q:34.77 aq:36.39 tex:2462 mv:3960 misc:2266 imb:39 pmb:628 smb:7493 d:- ref:0 ;
in:2611 out:2611 type:P dur:2 cpbdur:2 q:33.07 aq:31.01 tex:48769 mv:6530 misc:4037 imb:240 pmb:1096 smb:6824 d:s ref:0 ;
in:2612 out:2612 type:I dur:2 cpbdur:2 q:31.85 aq:24.42 tex:2706681 mv:147280 misc:287 imb:8160 pmb:0 smb:0 d:s ref:;
in:2617 out:2613 type:P dur:2 cpbdur:2 q:34.74 aq:27.94 tex:217182 mv:15865 misc:4097 imb:448 pmb:2732 smb:4980 d:s ref:0 ;
in:2614 out:2614 type:B dur:2 cpbdur:2 q:34.81 aq:35.17 tex:25699 mv:8363 misc:2818 imb:125 pmb:1017 smb:7018 d:t ref:0 ;
in:2613 out:2615 type:b dur:2 cpbdur:2 q:35.06 aq:37.11 tex:2133 mv:1831 misc:1636 imb:11 pmb:395 smb:7754 d:s ref:0 ;
in:2615 out:2616 type:b dur:2 cpbdur:2 q:35.06 aq:36.01 tex:3610 mv:2542 misc:1776 imb:32 pmb:399 smb:7729 d:- ref:0 ;
in:2616 out:2617 type:b dur:2 cpbdur:2 q:35.06 aq:36.27 tex:3022 mv:2355 misc:1695 imb:31 pmb:393 smb:7736 d:- ref:0 ;
in:2621 out:2618 type:P dur:2 cpbdur:2 q:35.11 aq:28.34 tex:209166 mv:16663 misc:4099 imb:433 pmb:2969 smb:4758 d:s ref:0 ;
in:2619 out:2619 type:B dur:2 cpbdur:2 q:35.28 aq:35.53 tex:12056 mv:5878 misc:2514 imb:55 pmb:820 smb:7285 d:s ref:0 ;
in:2618 out:2620 type:b dur:2 cpbdur:2 q:35.62 aq:37.01 tex:1968 mv:2067 misc:1613 imb:38 pmb:336 smb:7786 d:s ref:0 ;
in:2620 out:2621 type:b dur:2 cpbdur:2 q:35.62 aq:36.98 tex:1499 mv:1595 misc:1410 imb:16 pmb:305 smb:7839 d:- ref:0 ;
in:2626 out:2622 type:P dur:2 cpbdur:2 q:35.53 aq:28.75 tex:219363 mv:18999 misc:4446 imb:511 pmb:3187 smb:4462 d:s ref:0 ;
in:2623 out:2623 type:B dur:2 cpbdur:2 q:35.60 aq:35.20 tex:30805 mv:9621 misc:2942 imb:154 pmb:1068 smb:6938 d:s ref:0 ;
in:2622 out:2624 type:b dur:2 cpbdur:2 q:35.64 aq:37.19 tex:3322 mv:2664 misc:1662 imb:25 pmb:448 smb:7687 d:s ref:0 ;
in:2624 out:2625 type:b dur:2 cpbdur:2 q:35.64 aq:37.94 tex:4959 mv:3035 misc:2006 imb:32 pmb:527 smb:7601 d:- ref:0 ;
in:2625 out:2626 type:b dur:2 cpbdur:2 q:35.64 aq:37.99 tex:3876 mv:2782 misc:1830 imb:27 pmb:477 smb:7656 d:- ref:0 ;
in:2630 out:2627 type:P dur:2 cpbdur:2 q:35.94 aq:29.32 tex:172821 mv:17317 misc:4430 imb:484 pmb:2926 smb:4750 d:s ref:0 ;
in:2628 out:2628 type:B dur:2 cpbdur:2 q:36.02 aq:36.15 tex:9904 mv:5177 misc:2351 imb:73 pmb:650 smb:7437 d:s ref:0 ;
in:2627 out:2629 type:b dur:2 cpbdur:2 q:36.06 aq:37.85 tex:2347 mv:2568 misc:1581 imb:42 pmb:368 smb:7750 d:s ref:0 ;
in:2629 out:2630 type:b dur:2 cpbdur:2 q:36.06 aq:35.78 tex:1553 mv:1821 misc:1378 imb:19 pmb:297 smb:7844 d:- ref:0 ;
in:2634 out:2631 type:P dur:2 cpbdur:2 q:36.36 aq:29.89 tex:157373 mv:16799 misc:4372 imb:482 pmb:2785 smb:4893 d:s ref:0 ;
in:2632 out:2632 type:B dur:2 cpbdur:2 q:36.37 aq:36.20 tex:10583 mv:5302 misc:2259 imb:56 pmb:683 smb:7421 d:s ref:0 ;
in:2631 out:2633 type:b dur:2 cpbdur:2 q:36.38 aq:36.03 tex:1232 mv:1678 misc:1386 imb:14 pmb:301 smb:7845 d:s ref:0 ;
in:2633 out:2634 type:b dur:2 cpbdur:2 q:36.37 aq:38.29 tex:1502 mv:2041 misc:1505 imb:17 pmb:374 smb:7769 d:- ref:0 ;
in:2638 out:2635 type:P dur:2 cpbdur:2 q:36.96 aq:30.50 tex:137357 mv:15961 misc:4570 imb:496 pmb:2751 smb:4913 d:s ref:0 ;
in:2636 out:2636 type:B dur:2 cpbdur:2 q:37.20 aq:37.37 tex:6966 mv:4637 misc:2141 imb:59 pmb:603 smb:7498 d:s ref:0 ;
in:2635 out:2637 type:b dur:2 cpbdur:2 q:37.20 aq:36.66 tex:2202 mv:1804 misc:1386 imb:14 pmb:321 smb:7825 d:s ref:0 ;
in:2637 out:2638 type:b dur:2 cpbdur:2 q:37.20 aq:37.04 tex:1848 mv:1635 misc:1421 imb:16 pmb:316 smb:7828 d:- ref:0 ;
in:2642 out:2639 type:P dur:2 cpbdur:2 q:36.82 aq:30.21 tex:177183 mv:18526 misc:4707 imb:549 pmb:3177 smb:4434 d:s ref:0 ;
in:2640 out:2640 type:B dur:2 cpbdur:2 q:37.27 aq:36.67 tex:6655 mv:5207 misc:2482 imb:43 pmb:792 smb:7325 d:s ref:0 ;
in:2639 out:2641 type:b dur:2 cpbdur:2 q:37.27 aq:38.00 tex:2720 mv:2852 misc:1828 imb:31 pmb:480 smb:7649 d:s ref:0 ;
in:2641 out:2642 type:b dur:2 cpbdur:2 q:37.27 aq:37.40 tex:1024 mv:1502 misc:1290 imb:10 pmb:273 smb:7877 d:- ref:0 ;
in:2646 out:2643 type:P dur:2 cpbdur:2 q:36.61 aq:29.93 tex:177251 mv:17916 misc:5489 imb:515 pmb:3316 smb:4329 d:s ref:0 ;
in:2644 out:2644 type:B dur:2 cpbdur:2 q:37.22 aq:37.35 tex:6238 mv:4512 misc:2218 imb:40 pmb:651 smb:7469 d:s ref:0 ;
in:2643 out:2645 type:b dur:2 cpbdur:2 q:37.37 aq:36.49 tex:1983 mv:2459 misc:1598 imb:7 pmb:435 smb:7718 d:s ref:0 ;
in:2645 out:2646 type:b dur:2 cpbdur:2 q:37.31 aq:36.87 tex:897 mv:1241 misc:1150 imb:9 pmb:213 smb:7938 d:- ref:0 ;
in:2650 out:2647 type:P dur:2 cpbdur:2 q:36.44 aq:29.77 tex:172604 mv:16504 misc:5748 imb:514 pmb:3365 smb:4281 d:s ref:0 ;
in:2648 out:2648 type:B dur:2 cpbdur:2 q:36.73 aq:37.46 tex:7095 mv:3630 misc:2091 imb:42 pmb:551 smb:7567 d:s ref:0 ;
in:2647 out:2649 type:b dur:2 cpbdur:2 q:36.82 aq:36.35 tex:1598 mv:1427 misc:1271 imb:14 pmb:255 smb:7891 d:s ref:0 ;
in:2649 out:2650 type:b dur:2 cpbdur:2 q:36.79 aq:38.13 tex:969 mv:1302 misc:1225 imb:7 pmb:286 smb:7867 d:- ref:0 ;
in:2653 out:2651 type:P dur:2 cpbdur:2 q:36.14 aq:29.26 tex:169666 mv:16027 misc:5699 imb:483 pmb:3155 smb:4522 d:s ref:0 ;
in:2651 out:2652 type:B dur:2 cpbdur:2 q:36.56 aq:36.48 tex:3434 mv:2983 misc:1815 imb:21 pmb:464 smb:7675 d:s ref:0 ;
in:2652 out:2653 type:b dur:2 cpbdur:2 q:36.63 aq:37.38 tex:1609 mv:2491 misc:1580 imb:24 pmb:407 smb:7729 d:- ref:0 ;
in:2657 out:2654 type:P dur:2 cpbdur:2 q:36.52 aq:29.66 tex:189898 mv:17737 misc:5325 imb:547 pmb:3406 smb:4207 d:s ref:0 ;
in:2655 out:2655 type:B dur:2 cpbdur:2 q:36.62 aq:37.23 tex:8063 mv:5024 misc:2393 imb:77 pmb:637 smb:7446 d:s ref:0 ;
in:2654 out:2656 type:b dur:2 cpbdur:2 q:36.67 aq:38.30 tex:1406 mv:1568 misc:1418 imb:20 pmb:282 smb:7858 d:s ref:0 ;
in:2656 out:2657 type:b dur:2 cpbdur:2 q:36.67 aq:38.38 tex:1214 mv:1471 misc:1443 imb:4 pmb:305 smb:7851 d:- ref:0 ;
in:2659 out:2658 type:P dur:2 cpbdur:2 q:36.28 aq:29.17 tex:124738 mv:11315 misc:5563 imb:301 pmb:2595 smb:5264 d:s ref:0 ;
in:2658 out:2659 type:b dur:2 cpbdur:2 q:36.63 aq:38.21 tex:782 mv:1300 misc:1318 imb:10 pmb:275 smb:7875 d:s ref:0 ;
in:2663 out:2660 type:P dur:2 cpbdur:2 q:36.27 aq:29.51 tex:155102 mv:16082 misc:5360 imb:492 pmb:3120 smb:4548 d:s ref:0 ;
in:2661 out:2661 type:B dur:2 cpbdur:2 q:36.46 aq:36.02 tex:10021 mv:5268 misc:2103 imb:91 pmb:570 smb:7499 d:s ref:0 ;
in:2660 out:2662 type:b dur:2 cpbdur:2 q:36.52 aq:36.65 tex:2047 mv:1822 misc:1387 imb:12 pmb:312 smb:7836 d:s ref:0 ;
in:2662 out:2663 type:b dur:2 cpbdur:2 q:36.52 aq:36.66 tex:1747 mv:2216 misc:1485 imb:17 pmb:354 smb:7789 d:- ref:0 ;
in:2667 out:2664 type:P dur:2 cpbdur:2 q:36.32 aq:29.39 tex:156691 mv:16026 misc:5619 imb:473 pmb:3108 smb:4579 d:s ref:0 ;
in:2665 out:2665 type:B dur:2 cpbdur:2 q:36.63 aq:36.84 tex:5995 mv:3625 misc:1956 imb:41 pmb:476 smb:7643 d:s ref:0 ;
in:2664 out:2666 type:b dur:2 cpbdur:2 q:36.69 aq:37.25 tex:923 mv:1142 misc:1175 imb:11 pmb:220 smb:7929 d:s ref:0 ;
in:2666 out:2667 type:b dur:2 cpbdur:2 q:36.69 aq:36.88 tex:1842 mv:1779 misc:1299 imb:31 pmb:258 smb:7871 d:- ref:0 ;
in:2671 out:2668 type:P dur:2 cpbdur:2 q:36.46 aq:29.93 tex:170908 mv:16129 misc:4667 imb:478 pmb:3178 smb:4504 d:s ref:0 ;
in:2669 out:2669 type:B dur:2 cpbdur:2 q:36.71 aq:36.36 tex:6942 mv:3974 misc:2052 imb:38 pmb:558 smb:7564 d:s ref:0 ;
in:2668 out:2670 type:b dur:2 cpbdur:2 q:36.80 aq:38.21 tex:1147 mv:1131 misc:1138 imb:6 pmb:204 smb:7950 d:s ref:0 ;
in:2670 out:2671 type:b dur:2 cpbdur:2 q:36.80 aq:38.93 tex:2803 mv:1938 misc:1451 imb:45 pmb:296 smb:7819 d:- ref:0 ;
in:2675 out:2672 type:P dur:2 cpbdur:2 q:36.60 aq:29.49 tex:196021 mv:18726 misc:5501 imb:559 pmb:3529 smb:4072 d:s ref:0 ;
in:2673 out:2673 type:B dur:2 cpbdur:2 q:36.87 aq:36.25 tex:8879 mv:5240 misc:2321 imb:51 pmb:693 smb:7416 d:s ref:0 ;
in:2672 out:2674 type:b dur:2 cpbdur:2 q:36.87 aq:36.43 tex:1891 mv:2128 misc:1461 imb:14 pmb:384 smb:7762 d:s ref:0 ;
in:2674 out:2675 type:b dur:2 cpbdur:2 q:36.87 aq:38.15 tex:1431 mv:1624 misc:1393 imb:10 pmb:312 smb:7838 d:- ref:0 ;
in:2679 out:2676 type:P dur:2 cpbdur:2 q:36.43 aq:29.91 tex:161986 mv:15458 misc:5804 imb:406 pmb:3367 smb:4387 d:s ref:0 ;
in:2677 out:2677 type:B dur:2 cpbdur:2 q:36.73 aq:35.88 tex:7671 mv:4485 misc:2204 imb:59 pmb:571 smb:7530 d:s ref:0 ;
in:2676 out:2678 type:b dur:2 cpbdur:2 q:36.81 aq:36.31 tex:574 mv:1266 misc:1176 imb:2 pmb:246 smb:7912 d:s ref:0 ;
in:2678 out:2679 type:b dur:2 cpbdur:2 q:36.77 aq:38.77 tex:1139 mv:1316 misc:1241 imb:9 pmb:231 smb:7920 d:- ref:0 ;
in:2681 out:2680 type:P dur:2 cpbdur:2 q:36.40 aq:29.63 tex:102918 mv:10968 misc:5442 imb:276 pmb:2391 smb:5493 d:s ref:0 ;
in:2680 out:2681 type:b dur:2 cpbdur:2 q:36.88 aq:37.12 tex:1193 mv:1284 misc:1227 imb:7 pmb:257 smb:7896 d:t ref:0 ;
in:2683 out:2682 type:P dur:2 cpbdur:2 q:36.28 aq:29.39 tex:128160 mv:13027 misc:5717 imb:357 pmb:2748 smb:5055 d:s ref:0 ;
in:2682 out:2683 type:b dur:2 cpbdur:2 q:36.48 aq:36.76 tex:1031 mv:1385 misc:1168 imb:4 pmb:257 smb:7899 d:s ref:0 ;
in:2687 out:2684 type:P dur:2 cpbdur:2 q:36.52 aq:29.79 tex:162172 mv:16215 misc:4629 imb:450 pmb:2944 smb:4766 d:s ref:0 ;
in:2685 out:2685 type:B dur:2 cpbdur:2 q:36.88 aq:37.17 tex:7101 mv:3507 misc:2144 imb:53 pmb:550 smb:7557 d:t ref:0 ;
in:2684 out:2686 type:b dur:2 cpbdur:2 q:36.95 aq:39.34 tex:808 mv:962 misc:1086 imb:15 pmb:190 smb:7955 d:s ref:0 ;
in:2686 out:2687 type:b dur:2 cpbdur:2 q:36.95 aq:39.05 tex:985 mv:852 misc:1059 imb:4 pmb:208 smb:7948 d:- ref:0 ;
in:2691 out:2688 type:P dur:2 cpbdur:2 q:36.93 aq:30.84 tex:179252 mv:18082 misc:4122 imb:603 pmb:2858 smb:4699 d:s ref:0 ;
in:2689 out:2689 type:B dur:2 cpbdur:2 q:37.38 aq:37.00 tex:5354 mv:4215 misc:2199 imb:42 pmb:571 smb:7547 d:s ref:0 ;
in:2688 out:2690 type:b dur:2 cpbdur:2 q:37.48 aq:37.96 tex:1766 mv:1922 misc:1320 imb:33 pmb:304 smb:7823 d:s ref:0 ;
in:2690 out:2691 type:b dur:2 cpbdur:2 q:37.48 aq:38.22 tex:516 mv:838 misc:958 imb:1 pmb:178 smb:7981 d:- ref:0 ;
in:2696 out:2692 type:P dur:2 cpbdur:2 q:36.34 aq:30.66 tex:175200 mv:17010 misc:4926 imb:549 pmb:3146 smb:4465 d:s ref:0 ;
in:2693 out:2693 type:B dur:2 cpbdur:2 q:37.18 aq:36.52 tex:15430 mv:6670 misc:2452 imb:108 pmb:672 smb:7380 d:t ref:0 ;
in:2692 out:2694 type:b dur:2 cpbdur:2 q:37.19 aq:36.95 tex:1633 mv:1608 misc:1319 imb:32 pmb:266 smb:7862 d:s ref:0 ;
in:2694 out:2695 type:b dur:2 cpbdur:2 q:37.19 aq:36.86 tex:2483 mv:2134 misc:1367 imb:12 pmb:313 smb:7835 d:- ref:0 ;
in:2695 out:2696 type:b dur:2 cpbdur:2 q:37.19 aq:39.17 tex:2742 mv:2438 misc:1372 imb:11 pmb:346 smb:7803 d:- ref:0 ;
in:2701 out:2697 type:P dur:2 cpbdur:2 q:36.20 aq:29.39 tex:253366 mv:21461 misc:5069 imb:688 pmb:3816 smb:3656 d:s ref:0 ;
in:2698 out:2698 type:B dur:2 cpbdur:2 q:37.12 aq:37.03 tex:12926 mv:5765 misc:2509 imb:91 pmb:711 smb:7358 d:s ref:0 ;
in:2697 out:2699 type:b dur:2 cpbdur:2 q:37.46 aq:38.37 tex:1322 mv:1406 misc:1312 imb:7 pmb:273 smb:7880 d:s ref:0 ;
in:2699 out:2700 type:b dur:2 cpbdur:2 q:37.46 aq:37.17 tex:1444 mv:1785 misc:1339 imb:14 pmb:277 smb:7869 d:- ref:0 ;
in:2700 out:2701 type:b dur:2 cpbdur:2 q:37.46 aq:38.76 tex:2261 mv:1992 misc:1443 imb:21 pmb:316 smb:7823 d:- ref:0 ;
in:2705 out:2702 type:P dur:2 cpbdur:2 q:36.30 aq:29.48 tex:176488 mv:18246 misc:5418 imb:599 pmb:3168 smb:4393 d:s ref:0 ;
in:2703 out:2703 type:B dur:2 cpbdur:2 q:37.05 aq:36.74 tex:8118 mv:4631 misc:2267 imb:43 pmb:638 smb:7479 d:t ref:0 ;
in:2702 out:2704 type:b dur:2 cpbdur:2 q:37.39 aq:36.73 tex:846 mv:1187 misc:1207 imb:6 pmb:244 smb:7910 d:s ref:0 ;
in:2704 out:2705 type:b dur:2 cpbdur:2 q:37.39 aq:36.72 tex:1013 mv:1622 misc:1277 imb:6 pmb:304 smb:7850 d:- ref:0 ;
in:2708 out:2706 type:P dur:2 cpbdur:2 q:36.35 aq:30.25 tex:207813 mv:17949 misc:4750 imb:576 pmb:3505 smb:4079 d:s ref:0 ;
in:2706 out:2707 type:B dur:2 cpbdur:2 q:37.15 aq:38.04 tex:4920 mv:3691 misc:2053 imb:25 pmb:543 smb:7592 d:t ref:0 ;
in:2707 out:2708 type:b dur:2 cpbdur:2 q:37.29 aq:36.25 tex:1860 mv:2398 misc:1430 imb:24 pmb:343 smb:7793 d:- ref:0 ;
in:2712 out:2709 type:P dur:2 cpbdur:2 q:36.50 aq:30.26 tex:188706 mv:17684 misc:4490 imb:577 pmb:2985 smb:4598 d:s ref:0 ;
in:2710 out:2710 type:B dur:2 cpbdur:2 q:36.51 aq:36.45 tex:9321 mv:5301 misc:2402 imb:41 pmb:741 smb:7378 d:s ref:0 ;
in:2709 out:2711 type:b dur:2 cpbdur:2 q:36.51 aq:37.60 tex:2236 mv:2187 misc:1593 imb:20 pmb:408 smb:7732 d:s ref:0 ;
in:2711 out:2712 type:b dur:2 cpbdur:2 q:36.51 aq:36.06 tex:1086 mv:1289 misc:1337 imb:5 pmb:282 smb:7873 d:- ref:0 ;
in:2716 out:2713 type:P dur:2 cpbdur:2 q:36.26 aq:29.97 tex:164926 mv:15464 misc:5226 imb:467 pmb:3258 smb:4435 d:s ref:0 ;
in:2714 out:2714 type:B dur:2 cpbdur:2 q:36.77 aq:36.54 tex:10948 mv:5532 misc:2192 imb:76 pmb:619 smb:7465 d:s ref:0 ;
in:2713 out:2715 type:b dur:2 cpbdur:2 q:36.77 aq:37.75 tex:1823 mv:1954 misc:1471 imb:10 pmb:361 smb:7789 d:s ref:0 ;
in:2715 out:2716 type:b dur:2 cpbdur:2 q:36.77 aq:36.45 tex:1560 mv:2260 misc:1468 imb:21 pmb:341 smb:7798 d:- ref:0 ;
in:2721 out:2717 type:P dur:2 cpbdur:2 q:36.05 aq:29.85 tex:181106 mv:18598 misc:4928 imb:634 pmb:2902 smb:4624 d:s ref:0 ;
in:2718 out:2718 type:B dur:2 cpbdur:2 q:36.53 aq:36.15 tex:13054 mv:6508 misc:2670 imb:70 pmb:857 smb:7233 d:s ref:0 ;
in:2717 out:2719 type:b dur:2 cpbdur:2 q:36.68 aq:37.94 tex:1028 mv:1223 misc:1325 imb:2 pmb:280 smb:7878 d:s ref:0 ;
in:2719 out:2720 type:b dur:2 cpbdur:2 q:36.58 aq:36.17 tex:3248 mv:2448 misc:1592 imb:15 pmb:377 smb:7768 d:- ref:0 ;
in:2720 out:2721 type:b dur:2 cpbdur:2 q:36.58 aq:36.16 tex:2217 mv:1978 misc:1517 imb:9 pmb:359 smb:7792 d:- ref:0 ;
in:2725 out:2722 type:P dur:2 cpbdur:2 q:35.74 aq:29.44 tex:170514 mv:17732 misc:5338 imb:495 pmb:3274 smb:4391 d:s ref:0 ;
in:2723 out:2723 type:B dur:2 cpbdur:2 q:36.33 aq:36.72 tex:7369 mv:4922 misc:2237 imb:53 pmb:636 smb:7471 d:s ref:0 ;
in:2722 out:2724 type:b dur:2 cpbdur:2 q:36.45 aq:37.22 tex:1654 mv:1461 misc:1301 imb:25 pmb:240 smb:7895 d:s ref:0 ;
in:2724 out:2725 type:b dur:2 cpbdur:2 q:36.45 aq:38.02 tex:1817 mv:1918 misc:1417 imb:10 pmb:326 smb:7824 d:- ref:0 ;
in:2730 out:2726 type:P dur:2 cpbdur:2 q:35.58 aq:29.80 tex:166939 mv:18574 misc:4959 imb:595 pmb:2994 smb:4571 d:s ref:0 ;
in:2727 out:2727 type:B dur:2 cpbdur:2 q:35.92 aq:35.29 tex:12683 mv:6749 misc:2736 imb:85 pmb:783 smb:7292 d:t ref:0 ;
in:2726 out:2728 type:b dur:2 cpbdur:2 q:36.08 aq:36.35 tex:1243 mv:1527 misc:1246 imb:3 pmb:283 smb:7874 d:s ref:0 ;
in:2728 out:2729 type:b dur:2 cpbdur:2 q:36.08 aq:38.36 tex:3238 mv:1922 misc:1328 imb:29 pmb:272 smb:7859 d:- ref:0 ;
in:2729 out:2730 type:b dur:2 cpbdur:2 q:36.08 aq:38.57 tex:3522 mv:1948 misc:1434 imb:41 pmb:276 smb:7843 d:- ref:0 ;
in:2734 out:2731 type:P dur:2 cpbdur:2 q:35.13 aq:29.72 tex:185166 mv:17215 misc:4683 imb:516 pmb:3014 smb:4630 d:s ref:0 ;
in:2732 out:2732 type:B dur:2 cpbdur:2 q:35.78 aq:36.05 tex:7989 mv:4755 misc:2296 imb:57 pmb:638 smb:7465 d:t ref:0 ;
in:2731 out:2733 type:b dur:2 cpbdur:2 q:35.89 aq:36.71 tex:1720 mv:1672 misc:1416 imb:29 pmb:273 smb:7858 d:s ref:0 ;
in:2733 out:2734 type:b dur:2 cpbdur:2 q:35.89 aq:36.84 tex:1709 mv:1405 misc:1302 imb:6 pmb:266 smb:7888 d:- ref:0 ;
in:2737 out:2735 type:P dur:2 cpbdur:2 q:34.73 aq:29.33 tex:166713 mv:16518 misc:5073 imb:532 pmb:2644 smb:4984 d:s ref:0 ;
in:2735 out:2736 type:B dur:2 cpbdur:2 q:35.22 aq:35.70 tex:5298 mv:3714 misc:2196 imb:59 pmb:574 smb:7527 d:s ref:0 ;
in:2736 out:2737 type:b dur:2 cpbdur:2 q:35.31 aq:35.80 tex:2432 mv:2271 misc:1705 imb:15 pmb:448 smb:7697 d:- ref:0 ;
in:2741 out:2738 type:P dur:2 cpbdur:2 q:35.98 aq:29.04 tex:685106 mv:40179 misc:2243 imb:2184 pmb:4714 smb:1262 d:s ref:0 ;
in:2739 out:2739 type:B dur:2 cpbdur:2 q:36.05 aq:36.38 tex:20780 mv:12304 misc:3468 imb:126 pmb:1462 smb:6572 d:s ref:0 ;
in:2738 out:2740 type:b dur:2 cpbdur:2 q:36.13 aq:37.17 tex:1967 mv:1830 misc:1459 imb:10 pmb:337 smb:7813 d:s ref:0 ;
in:2740 out:2741 type:b dur:2 cpbdur:2 q:36.13 aq:37.41 tex:14922 mv:8890 misc:2828 imb:118 pmb:1026 smb:7016 d:- ref:0 ;
in:2744 out:2742 type:P dur:2 cpbdur:2 q:36.10 aq:29.21 tex:176587 mv:13690 misc:5547 imb:347 pmb:3190 smb:4623 d:s ref:0 ;
in:2742 out:2743 type:B dur:2 cpbdur:2 q:36.80 aq:38.12 tex:3363 mv:2024 misc:1581 imb:19 pmb:340 smb:7801 d:t ref:0 ;
in:2743 out:2744 type:b dur:2 cpbdur:2 q:37.16 aq:37.33 tex:1220 mv:1202 misc:1226 imb:6 pmb:234 smb:7920 d:- ref:0 ;
in:2748 out:2745 type:P dur:2 cpbdur:2 q:36.07 aq:29.00 tex:219450 mv:19984 misc:5622 imb:628 pmb:3774 smb:3758 d:s ref:0 ;
in:2746 out:2746 type:B dur:2 cpbdur:2 q:36.47 aq:35.82 tex:11739 mv:5638 misc:2575 imb:96 pmb:758 smb:7306 d:s ref:0 ;
in:2745 out:2747 type:b dur:2 cpbdur:2 q:36.82 aq:36.43 tex:1804 mv:1943 misc:1493 imb:27 pmb:339 smb:7794 d:s ref:0 ;
in:2747 out:2748 type:b dur:2 cpbdur:2 q:36.82 aq:37.58 tex:1614 mv:2055 misc:1467 imb:25 pmb:339 smb:7796 d:- ref:0 ;
in:2753 out:2749 type:P dur:2 cpbdur:2 q:36.45 aq:29.57 tex:223191 mv:18320 misc:4777 imb:535 pmb:3163 smb:4462 d:s ref:0 ;
in:2750 out:2750 type:B dur:2 cpbdur:2 q:36.83 aq:36.92 tex:9557 mv:5993 misc:2610 imb:66 pmb:774 smb:7320 d:t ref:0 ;
in:2749 out:2751 type:b dur:2 cpbdur:2 q:37.20 aq:37.68 tex:336 mv:950 misc:1010 imb:12 pmb:174 smb:7974 d:s ref:0 ;
in:2751 out:2752 type:b dur:2 cpbdur:2 q:37.20 aq:37.04 tex:2363 mv:2116 misc:1481 imb:13 pmb:321 smb:7826 d:- ref:0 ;
in:2752 out:2753 type:b dur:2 cpbdur:2 q:37.20 aq:37.06 tex:2617 mv:1997 misc:1458 imb:11 pmb:312 smb:7837 d:- ref:0 ;
in:2755 out:2754 type:P dur:2 cpbdur:2 q:36.24 aq:29.21 tex:124622 mv:9616 misc:6074 imb:266 pmb:2571 smb:5323 d:s ref:0 ;
in:2754 out:2755 type:b dur:2 cpbdur:2 q:36.82 aq:39.07 tex:569 mv:918 misc:1113 imb:4 pmb:209 smb:7947 d:t ref:0 ;
in:2759 out:2756 type:P dur:2 cpbdur:2 q:36.58 aq:29.59 tex:171303 mv:16897 misc:5456 imb:494 pmb:3185 smb:4481 d:s ref:0 ;
in:2757 out:2757 type:B dur:2 cpbdur:2 q:36.92 aq:35.71 tex:6892 mv:4816 misc:2156 imb:76 pmb:560 smb:7524 d:s ref:0 ;
in:2756 out:2758 type:b dur:2 cpbdur:2 q:36.97 aq:37.84 tex:1058 mv:1298 misc:1188 imb:8 pmb:234 smb:7918 d:s ref:0 ;
in:2758 out:2759 type:b dur:2 cpbdur:2 q:36.95 aq:36.24 tex:1112 mv:1513 misc:1295 imb:7 pmb:289 smb:7864 d:- ref:0 ;
in:2764 out:2760 type:P dur:2 cpbdur:2 q:36.59 aq:29.99 tex:192142 mv:19177 misc:5209 imb:600 pmb:3349 smb:4211 d:s ref:0 ;
in:2761 out:2761 type:B dur:2 cpbdur:2 q:37.06 aq:36.47 tex:10066 mv:6246 misc:2504 imb:91 pmb:707 smb:7362 d:s ref:0 ;
in:2760 out:2762 type:b dur:2 cpbdur:2 q:37.07 aq:38.41 tex:1981 mv:1675 misc:1368 imb:24 pmb:270 smb:7866 d:s ref:0 ;
in:2762 out:2763 type:b dur:2 cpbdur:2 q:37.07 aq:37.37 tex:2718 mv:2402 misc:1520 imb:26 pmb:348 smb:7786 d:- ref:0 ;
in:2763 out:2764 type:b dur:2 cpbdur:2 q:37.07 aq:37.45 tex:2717 mv:2171 misc:1448 imb:21 pmb:351 smb:7788 d:- ref:0 ;
in:2768 out:2765 type:P dur:2 cpbdur:2 q:36.54 aq:29.83 tex:158222 mv:16477 misc:5493 imb:516 pmb:3011 smb:4633 d:s ref:0 ;
in:2766 out:2766 type:B dur:2 cpbdur:2 q:37.06 aq:37.46 tex:5912 mv:4129 misc:2079 imb:49 pmb:540 smb:7571 d:s ref:0 ;
in:2765 out:2767 type:b dur:2 cpbdur:2 q:37.06 aq:37.18 tex:1192 mv:1739 misc:1261 imb:18 pmb:271 smb:7871 d:s ref:0 ;
in:2767 out:2768 type:b dur:2 cpbdur:2 q:37.06 aq:36.65 tex:870 mv:1581 misc:1301 imb:8 pmb:305 smb:7847 d:- ref:0 ;
in:2773 out:2769 type:P dur:2 cpbdur:2 q:36.39 aq:29.79 tex:207604 mv:19736 misc:5116 imb:630 pmb:3342 smb:4188 d:s ref:0 ;
in:2770 out:2770 type:B dur:2 cpbdur:2 q:36.90 aq:35.61 tex:9956 mv:6025 misc:2683 imb:102 pmb:775 smb:7283 d:s ref:0 ;
in:2769 out:2771 type:b dur:2 cpbdur:2 q:36.96 aq:36.28 tex:788 mv:1191 misc:1173 imb:9 pmb:230 smb:7921 d:s ref:0 ;
in:2771 out:2772 type:b dur:2 cpbdur:2 q:36.96 aq:38.69 tex:2554 mv:2181 misc:1337 imb:19 pmb:281 smb:7860 d:- ref:0 ;
in:2772 out:2773 type:b dur:2 cpbdur:2 q:36.96 aq:38.86 tex:2995 mv:2510 misc:1479 imb:29 pmb:344 smb:7787 d:- ref:0 ;
in:2775 out:2774 type:P dur:2 cpbdur:2 q:36.21 aq:29.27 tex:170872 mv:15174 misc:5530 imb:422 pmb:3176 smb:4562 d:s ref:0 ;
in:2774 out:2775 type:b dur:2 cpbdur:2 q:36.66 aq:37.54 tex:1746 mv:1882 misc:1540 imb:31 pmb:331 smb:7798 d:s ref:0 ;
in:2776 out:2776 type:P dur:2 cpbdur:2 q:36.27 aq:28.67 tex:95326 mv:6117 misc:4973 imb:122 pmb:1934 smb:6104 d:s ref:0 ;
in:2780 out:2777 type:P dur:2 cpbdur:2 q:36.41 aq:29.39 tex:191458 mv:16319 misc:5423 imb:456 pmb:3142 smb:4562 d:s ref:0 ;
in:2778 out:2778 type:B dur:2 cpbdur:2 q:36.92 aq:37.18 tex:5674 mv:3776 misc:2278 imb:31 pmb:578 smb:7551 d:s ref:0 ;
in:2777 out:2779 type:b dur:2 cpbdur:2 q:37.13 aq:38.05 tex:1283 mv:1496 misc:1309 imb:8 pmb:290 smb:7862 d:s ref:0 ;
in:2779 out:2780 type:b dur:2 cpbdur:2 q:37.13 aq:36.54 tex:707 mv:1044 misc:1033 imb:6 pmb:183 smb:7971 d:- ref:0 ;
in:2785 out:2781 type:P dur:2 cpbdur:2 q:36.66 aq:30.91 tex:224729 mv:19963 misc:4460 imb:654 pmb:3667 smb:3839 d:s ref:0 ;
in:2782 out:2782 type:B dur:2 cpbdur:2 q:37.74 aq:36.58 tex:10214 mv:4930 misc:2312 imb:62 pmb:662 smb:7436 d:s ref:0 ;
in:2781 out:2783 type:b dur:2 cpbdur:2 q:37.95 aq:38.98 tex:477 mv:869 misc:1070 imb:0 pmb:212 smb:7948 d:s ref:0 ;
in:2783 out:2784 type:b dur:2 cpbdur:2 q:37.95 aq:37.14 tex:1611 mv:1851 misc:1314 imb:13 pmb:312 smb:7835 d:- ref:0 ;
in:2784 out:2785 type:b dur:2 cpbdur:2 q:37.95 aq:38.76 tex:2082 mv:2733 misc:1465 imb:19 pmb:366 smb:7775 d:- ref:0 ;
in:2789 out:2786 type:P dur:2 cpbdur:2 q:36.56 aq:29.61 tex:181301 mv:15873 misc:5202 imb:512 pmb:3067 smb:4581 d:s ref:0 ;
in:2787 out:2787 type:B dur:2 cpbdur:2 q:37.03 aq:36.47 tex:6154 mv:4143 misc:2183 imb:72 pmb:558 smb:7530 d:s ref:0 ;
in:2786 out:2788 type:b dur:2 cpbdur:2 q:37.03 aq:38.64 tex:802 mv:1207 misc:1391 imb:3 pmb:300 smb:7857 d:s ref:0 ;
in:2788 out:2789 type:b dur:2 cpbdur:2 q:37.03 aq:38.38 tex:1047 mv:1309 misc:1332 imb:9 pmb:258 smb:7893 d:- ref:0 ;
in:2794 out:2790 type:P dur:2 cpbdur:2 q:36.74 aq:29.98 tex:207206 mv:17671 misc:5027 imb:527 pmb:3403 smb:4230 d:s ref:0 ;
in:2791 out:2791 type:B dur:2 cpbdur:2 q:36.95 aq:35.91 tex:11893 mv:6103 misc:2572 imb:124 pmb:701 smb:7335 d:s ref:0 ;
in:2790 out:2792 type:b dur:2 cpbdur:2 q:36.99 aq:38.34 tex:2112 mv:2082 misc:1686 imb:19 pmb:398 smb:7743 d:s ref:0 ;
in:2792 out:2793 type:b dur:2 cpbdur:2 q:36.99 aq:38.23 tex:1689 mv:1499 misc:1084 imb:12 pmb:199 smb:7949 d:- ref:0 ;
in:2793 out:2794 type:b dur:2 cpbdur:2 q:36.99 aq:37.83 tex:1118 mv:1449 misc:1153 imb:6 pmb:224 smb:7930 d:- ref:0 ;
in:2798 out:2795 type:P dur:2 cpbdur:2 q:36.50 aq:29.80 tex:144150 mv:14467 misc:5679 imb:378 pmb:2968 smb:4814 d:s ref:0 ;
in:2796 out:2796 type:B dur:2 cpbdur:2 q:37.16 aq:37.24 tex:5080 mv:2993 misc:1855 imb:41 pmb:444 smb:7675 d:s ref:0 ;
in:2795 out:2797 type:b dur:2 cpbdur:2 q:37.22 aq:37.03 tex:686 mv:1148 misc:1206 imb:4 pmb:230 smb:7926 d:s ref:0 ;
in:2797 out:2798 type:b dur:2 cpbdur:2 q:37.22 aq:38.05 tex:808 mv:1322 misc:1118 imb:19 pmb:202 smb:7939 d:- ref:0 ;
in:2803 out:2799 type:P dur:2 cpbdur:2 q:36.02 aq:29.33 tex:226460 mv:18789 misc:5511 imb:555 pmb:3848 smb:3757 d:s ref:0 ;
in:2800 out:2800 type:B dur:2 cpbdur:2 q:36.72 aq:37.17 tex:7434 mv:4354 misc:2196 imb:59 pmb:545 smb:7556 d:s ref:0 ;
in:2799 out:2801 type:b dur:2 cpbdur:2 q:37.05 aq:38.30 tex:857 mv:1004 misc:1067 imb:4 pmb:185 smb:7971 d:s ref:0 ;
in:2801 out:2802 type:b dur:2 cpbdur:2 q:36.83 aq:36.53 tex:2022 mv:2171 misc:1343 imb:37 pmb:270 smb:7853 d:- ref:0 ;
in:2802 out:2803 type:b dur:2 cpbdur:2 q:36.83 aq:38.07 tex:1406 mv:1669 misc:1317 imb:10 pmb:286 smb:7864 d:- ref:0 ;
in:2806 out:2804 type:P dur:2 cpbdur:2 q:36.35 aq:29.77 tex:173135 mv:16033 misc:5160 imb:490 pmb:2911 smb:4759 d:s ref:0 ;
in:2804 out:2805 type:B dur:2 cpbdur:2 q:36.74 aq:37.85 tex:2518 mv:2433 misc:1777 imb:20 pmb:403 smb:7737 d:s ref:0 ;
in:2805 out:2806 type:b dur:2 cpbdur:2 q:36.85 aq:38.81 tex:1380 mv:1929 misc:1555 imb:29 pmb:345 smb:7786 d:- ref:0 ;
in:2810 out:2807 type:P dur:2 cpbdur:2 q:35.98 aq:29.20 tex:193999 mv:15876 misc:5869 imb:446 pmb:3624 smb:4090 d:s ref:0 ;
in:2808 out:2808 type:B dur:2 cpbdur:2 q:36.55 aq:35.21 tex:6302 mv:3824 misc:2058 imb:51 pmb:545 smb:7564 d:t ref:0 ;
in:2807 out:2809 type:b dur:2 cpbdur:2 q:36.81 aq:36.56 tex:825 mv:1279 misc:1256 imb:3 pmb:279 smb:7878 d:s ref:0 ;
in:2809 out:2810 type:b dur:2 cpbdur:2 q:36.70 aq:36.77 tex:718 mv:1305 misc:1097 imb:8 pmb:204 smb:7948 d:- ref:0 ;
in:2814 out:2811 type:P dur:2 cpbdur:2 q:35.86 aq:28.86 tex:190189 mv:15982 misc:5965 imb:443 pmb:3599 smb:4118 d:s ref:0 ;
in:2812 out:2812 type:B dur:2 cpbdur:2 q:36.25 aq:37.27 tex:3402 mv:2844 misc:2010 imb:26 pmb:474 smb:7660 d:s ref:0 ;
in:2811 out:2813 type:b dur:2 cpbdur:2 q:36.41 aq:37.96 tex:1451 mv:1439 misc:1198 imb:30 pmb:210 smb:7920 d:s ref:0 ;
in:2813 out:2814 type:b dur:2 cpbdur:2 q:36.41 aq:38.44 tex:1039 mv:1070 misc:1091 imb:2 pmb:199 smb:7959 d:- ref:0 ;
in:2817 out:2815 type:P dur:2 cpbdur:2 q:36.39 aq:30.69 tex:190440 mv:16323 misc:4829 imb:463 pmb:3187 smb:4510 d:s ref:0 ;
in:2815 out:2816 type:B dur:2 cpbdur:2 q:36.71 aq:37.39 tex:4108 mv:3061 misc:1743 imb:46 pmb:401 smb:7713 d:s ref:0 ;
in:2816 out:2817 type:b dur:2 cpbdur:2 q:36.88 aq:36.67 tex:1110 mv:1416 misc:1250 imb:8 pmb:269 smb:7883 d:- ref:0 ;
in:2821 out:2818 type:P dur:2 cpbdur:2 q:36.24 aq:29.46 tex:213048 mv:16810 misc:5142 imb:539 pmb:3342 smb:4279 d:s ref:0 ;
in:2819 out:2819 type:B dur:2 cpbdur:2 q:36.55 aq:37.21 tex:8573 mv:4534 misc:2229 imb:55 pmb:615 smb:7490 d:s ref:0 ;
in:2818 out:2820 type:b dur:2 cpbdur:2 q:36.61 aq:37.97 tex:969 mv:1279 misc:1168 imb:13 pmb:214 smb:7933 d:s ref:0 ;
in:2820 out:2821 type:b dur:2 cpbdur:2 q:36.61 aq:37.96 tex:2530 mv:2475 misc:1659 imb:43 pmb:393 smb:7724 d:- ref:0 ;
in:2826 out:2822 type:P dur:2 cpbdur:2 q:36.45 aq:29.53 tex:204921 mv:17820 misc:5859 imb:504 pmb:3867 smb:3789 d:s ref:0 ;
in:2823 out:2823 type:B dur:2 cpbdur:2 q:36.68 aq:36.24 tex:10747 mv:5437 misc:2504 imb:75 pmb:700 smb:7385 d:s ref:0 ;
in:2822 out:2824 type:b dur:2 cpbdur:2 q:36.82 aq:37.88 tex:744 mv:992 misc:1056 imb:4 pmb:198 smb:7958 d:s ref:0 ;
in:2824 out:2825 type:b dur:2 cpbdur:2 q:36.76 aq:38.08 tex:885 mv:1482 misc:1249 imb:15 pmb:241 smb:7904 d:- ref:0 ;
in:2825 out:2826 type:b dur:2 cpbdur:2 q:36.76 aq:38.33 tex:2217 mv:2799 misc:1640 imb:35 pmb:377 smb:7748 d:- ref:0 ;
in:2830 out:2827 type:P dur:2 cpbdur:2 q:36.36 aq:28.96 tex:166638 mv:16319 misc:5435 imb:512 pmb:3062 smb:4586 d:s ref:0 ;
in:2828 out:2828 type:B dur:2 cpbdur:2 q:37.03 aq:36.72 tex:6129 mv:3325 misc:2002 imb:35 pmb:463 smb:7662 d:s ref:0 ;
in:2827 out:2829 type:b dur:2 cpbdur:2 q:37.05 aq:36.50 tex:780 mv:869 misc:887 imb:5 pmb:148 smb:8007 d:s ref:0 ;
in:2829 out:2830 type:b dur:2 cpbdur:2 q:37.05 aq:38.89 tex:1955 mv:1616 misc:1357 imb:9 pmb:294 smb:7857 d:- ref:0 ;
in:2833 out:2831 type:P dur:2 cpbdur:2 q:36.01 aq:29.02 tex:200571 mv:15954 misc:5787 imb:530 pmb:3419 smb:4211 d:s ref:0 ;
in:2831 out:2832 type:B dur:2 cpbdur:2 q:36.73 aq:37.23 tex:4570 mv:3195 misc:1627 imb:45 pmb:433 smb:7682 d:s ref:0 ;
in:2832 out:2833 type:b dur:2 cpbdur:2 q:36.84 aq:38.14 tex:1954 mv:2359 misc:1415 imb:16 pmb:339 smb:7805 d:- ref:0 ;
in:2837 out:2834 type:P dur:2 cpbdur:2 q:36.39 aq:29.33 tex:188063 mv:17699 misc:5510 imb:567 pmb:3219 smb:4374 d:s ref:0 ;
in:2835 out:2835 type:B dur:2 cpbdur:2 q:36.72 aq:36.63 tex:6397 mv:4608 misc:2371 imb:61 pmb:644 smb:7455 d:s ref:0 ;
in:2834 out:2836 type:b dur:2 cpbdur:2 q:36.83 aq:38.24 tex:1601 mv:1595 misc:1388 imb:12 pmb:310 smb:7838 d:s ref:0 ;
in:2836 out:2837 type:b dur:2 cpbdur:2 q:36.83 aq:36.35 tex:914 mv:1091 misc:1227 imb:4 pmb:255 smb:7901 d:- ref:0 ;
in:2842 out:2838 type:P dur:2 cpbdur:2 q:36.34 aq:30.18 tex:212534 mv:18176 misc:5130 imb:557 pmb:3514 smb:4089 d:s ref:0 ;
in:2839 out:2839 type:B dur:2 cpbdur:2 q:37.02 aq:36.06 tex:10455 mv:6186 misc:2543 imb:58 pmb:768 smb:7334 d:s ref:0 ;
in:2838 out:2840 type:b dur:2 cpbdur:2 q:37.14 aq:36.48 tex:1193 mv:1569 misc:1318 imb:9 pmb:300 smb:7851 d:s ref:0 ;
in:2840 out:2841 type:b dur:2 cpbdur:2 q:37.14 aq:38.72 tex:786 mv:1447 misc:1199 imb:7 pmb:247 smb:7906 d:- ref:0 ;
in:2841 out:2842 type:b dur:2 cpbdur:2 q:37.14 aq:36.54 tex:2026 mv:1770 misc:1356 imb:18 pmb:300 smb:7842 d:- ref:0 ;
in:2846 out:2843 type:P dur:2 cpbdur:2 q:36.34 aq:30.14 tex:179433 mv:15434 misc:5909 imb:441 pmb:3353 smb:4366 d:s ref:0 ;
in:2844 out:2844 type:B dur:2 cpbdur:2 q:36.87 aq:37.40 tex:6406 mv:4863 misc:2243 imb:77 pmb:637 smb:7446 d:s ref:0 ;
in:2843 out:2845 type:b dur:2 cpbdur:2 q:37.30 aq:36.86 tex:1118 mv:2155 misc:1591 imb:16 pmb:405 smb:7739 d:s ref:0 ;
in:2845 out:2846 type:b dur:2 cpbdur:2 q:36.94 aq:39.72 tex:738 mv:1206 misc:1112 imb:13 pmb:217 smb:7930 d:- ref:0 ;
in:2850 out:2847 type:P dur:2 cpbdur:2 q:36.06 aq:29.53 tex:208497 mv:17906 misc:4933 imb:651 pmb:3419 smb:4090 d:s ref:0 ;
in:2848 out:2848 type:B dur:2 cpbdur:2 q:36.48 aq:36.34 tex:10222 mv:5077 misc:2325 imb:67 pmb:661 smb:7432 d:s ref:0 ;
in:2847 out:2849 type:b dur:2 cpbdur:2 q:37.07 aq:37.69 tex:925 mv:1137 misc:1058 imb:11 pmb:201 smb:7948 d:s ref:0 ;
in:2849 out:2850 type:b dur:2 cpbdur:2 q:36.60 aq:36.70 tex:2275 mv:1980 misc:1673 imb:23 pmb:411 smb:7726 d:- ref:0 ;
in:2854 out:2851 type:P dur:2 cpbdur:2 q:35.58 aq:29.16 tex:192459 mv:16338 misc:5443 imb:486 pmb:3419 smb:4255 d:s ref:0 ;
in:2852 out:2852 type:B dur:2 cpbdur:2 q:36.23 aq:35.85 tex:4356 mv:2747 misc:1889 imb:17 pmb:470 smb:7673 d:t ref:0 ;
in:2851 out:2853 type:b dur:2 cpbdur:2 q:36.36 aq:38.70 tex:1084 mv:992 misc:1044 imb:3 pmb:189 smb:7968 d:s ref:0 ;
in:2853 out:2854 type:b dur:2 cpbdur:2 q:36.36 aq:36.73 tex:566 mv:1120 misc:1026 imb:13 pmb:190 smb:7957 d:- ref:0 ;
in:2858 out:2855 type:P dur:2 cpbdur:2 q:35.73 aq:29.47 tex:159451 mv:16106 misc:5291 imb:504 pmb:3057 smb:4599 d:s ref:0 ;
in:2856 out:2856 type:B dur:2 cpbdur:2 q:36.00 aq:35.99 tex:8481 mv:4281 misc:2278 imb:53 pmb:627 smb:7480 d:s ref:0 ;
in:2855 out:2857 type:b dur:2 cpbdur:2 q:36.09 aq:38.44 tex:1577 mv:2150 misc:1481 imb:19 pmb:335 smb:7806 d:s ref:0 ;
in:2857 out:2858 type:b dur:2 cpbdur:2 q:36.09 aq:38.79 tex:1052 mv:1071 misc:989 imb:9 pmb:167 smb:7984 d:- ref:0 ;
in:2860 out:2859 type:P dur:2 cpbdur:2 q:35.78 aq:29.40 tex:134575 mv:13084 misc:5397 imb:420 pmb:2552 smb:5188 d:s ref:0 ;
in:2859 out:2860 type:b dur:2 cpbdur:2 q:36.06 aq:36.34 tex:1103 mv:1491 misc:1286 imb:9 pmb:311 smb:7840 d:s ref:0 ;
in:2861 out:2861 type:P dur:2 cpbdur:2 q:33.86 aq:36.35 tex:23441 mv:4770 misc:2717 imb:155 pmb:712 smb:7293 d:s ref:0 ;
in:2862 out:2862 type:I dur:2 cpbdur:2 q:31.45 aq:24.72 tex:2664338 mv:151035 misc:291 imb:8160 pmb:0 smb:0 d:s ref:;
in:2867 out:2863 type:P dur:2 cpbdur:2 q:34.63 aq:28.89 tex:204596 mv:14906 misc:3770 imb:391 pmb:2747 smb:5022 d:s ref:0 ;
in:2864 out:2864 type:B dur:2 cpbdur:2 q:34.63 aq:34.95 tex:20018 mv:7923 misc:3043 imb:122 pmb:1038 smb:7000 d:t ref:0 ;
in:2863 out:2865 type:b dur:2 cpbdur:2 q:34.63 aq:35.61 tex:2102 mv:1992 misc:1658 imb:11 pmb:428 smb:7721 d:s ref:0 ;
in:2865 out:2866 type:b dur:2 cpbdur:2 q:34.63 aq:36.67 tex:12072 mv:5316 misc:2100 imb:87 pmb:660 smb:7413 d:- ref:0 ;
in:2866 out:2867 type:b dur:2 cpbdur:2 q:34.63 aq:37.26 tex:10305 mv:4571 misc:1972 imb:77 pmb:547 smb:7536 d:- ref:0 ;
in:2872 out:2868 type:P dur:2 cpbdur:2 q:34.95 aq:30.07 tex:211348 mv:18043 misc:3705 imb:475 pmb:2843 smb:4842 d:s ref:0 ;
in:2869 out:2869 type:B dur:2 cpbdur:2 q:34.96 aq:34.82 tex:22814 mv:8455 misc:2843 imb:131 pmb:1029 smb:7000 d:s ref:0 ;
in:2868 out:2870 type:b dur:2 cpbdur:2 q:34.96 aq:36.20 tex:3219 mv:3135 misc:1750 imb:25 pmb:516 smb:7619 d:s ref:0 ;
in:2870 out:2871 type:b dur:2 cpbdur:2 q:34.96 aq:37.16 tex:4817 mv:2668 misc:1707 imb:42 pmb:396 smb:7722 d:- ref:0 ;
in:2871 out:2872 type:b dur:2 cpbdur:2 q:34.96 aq:37.53 tex:3361 mv:2001 misc:1542 imb:25 pmb:361 smb:7774 d:- ref:0 ;
in:2876 out:2873 type:P dur:2 cpbdur:2 q:35.08 aq:30.84 tex:124080 mv:13250 misc:4294 imb:356 pmb:2544 smb:5260 d:s ref:0 ;
in:2874 out:2874 type:B dur:2 cpbdur:2 q:35.21 aq:35.39 tex:10355 mv:4923 misc:2466 imb:84 pmb:669 smb:7407 d:t ref:0 ;
in:2873 out:2875 type:b dur:2 cpbdur:2 q:35.21 aq:36.74 tex:1158 mv:1382 misc:1444 imb:5 pmb:335 smb:7820 d:s ref:0 ;
in:2875 out:2876 type:b dur:2 cpbdur:2 q:35.21 aq:37.35 tex:2475 mv:1804 misc:1521 imb:19 pmb:341 smb:7800 d:- ref:0 ;
in:2878 out:2877 type:P dur:2 cpbdur:2 q:35.15 aq:31.68 tex:61298 mv:8068 misc:4042 imb:213 pmb:1542 smb:6405 d:s ref:0 ;
in:2877 out:2878 type:b dur:2 cpbdur:2 q:35.33 aq:37.08 tex:1085 mv:1506 misc:1433 imb:19 pmb:320 smb:7821 d:s ref:0 ;
in:2882 out:2879 type:P dur:2 cpbdur:2 q:34.77 aq:33.26 tex:101524 mv:13832 misc:3924 imb:418 pmb:2061 smb:5681 d:s ref:0 ;
in:2880 out:2880 type:B dur:2 cpbdur:2 q:35.25 aq:35.40 tex:14464 mv:6303 misc:2873 imb:86 pmb:873 smb:7201 d:s ref:0 ;
in:2879 out:2881 type:b dur:2 cpbdur:2 q:35.35 aq:35.60 tex:3515 mv:2430 misc:1823 imb:30 pmb:461 smb:7669 d:s ref:0 ;
in:2881 out:2882 type:b dur:2 cpbdur:2 q:35.35 aq:36.90 tex:2319 mv:1724 misc:1429 imb:11 pmb:310 smb:7839 d:- ref:0 ;
in:2888 out:2883 type:P dur:2 cpbdur:2 q:37.88 aq:31.22 tex:731593 mv:40741 misc:1578 imb:6296 pmb:1008 smb:856 d:s ref:0 ;
in:2885 out:2884 type:B dur:2 cpbdur:2 q:37.93 aq:37.33 tex:42987 mv:8363 misc:3618 imb:210 pmb:1299 smb:6651 d:s ref:0 ;
in:2883 out:2885 type:b dur:2 cpbdur:2 q:37.96 aq:39.67 tex:7852 mv:3993 misc:1491 imb:102 pmb:391 smb:7667 d:s ref:0 ;
in:2884 out:2886 type:b dur:2 cpbdur:2 q:37.97 aq:39.79 tex:23151 mv:10020 misc:2613 imb:332 pmb:848 smb:6980 d:s ref:0 ;
in:2886 out:2887 type:b dur:2 cpbdur:2 q:37.96 aq:39.88 tex:3532 mv:2786 misc:1786 imb:38 pmb:396 smb:7726 d:- ref:0 ;
in:2887 out:2888 type:b dur:2 cpbdur:2 q:37.96 aq:40.05 tex:2856 mv:2590 misc:1874 imb:28 pmb:405 smb:7727 d:- ref:0 ;
in:2894 out:2889 type:P dur:2 cpbdur:2 q:38.13 aq:32.09 tex:176707 mv:21551 misc:5054 imb:857 pmb:3308 smb:3995 d:s ref:0 ;
in:2891 out:2890 type:B dur:2 cpbdur:2 q:38.72 aq:38.19 tex:12126 mv:7777 misc:2849 imb:86 pmb:920 smb:7154 d:s ref:0 ;
in:2889 out:2891 type:b dur:2 cpbdur:2 q:38.81 aq:41.31 tex:2631 mv:3308 misc:1653 imb:47 pmb:404 smb:7709 d:s ref:0 ;
in:2890 out:2892 type:b dur:2 cpbdur:2 q:38.81 aq:41.37 tex:2720 mv:2539 misc:1533 imb:18 pmb:394 smb:7748 d:s ref:0 ;
in:2892 out:2893 type:b dur:2 cpbdur:2 q:38.81 aq:41.32 tex:1817 mv:1907 misc:1372 imb:6 pmb:306 smb:7848 d:- ref:0 ;
in:2893 out:2894 type:b dur:2 cpbdur:2 q:38.81 aq:41.07 tex:3144 mv:2436 misc:1468 imb:26 pmb:344 smb:7790 d:- ref:0 ;
in:2899 out:2895 type:P dur:2 cpbdur:2 q:37.73 aq:31.80 tex:205506 mv:21613 misc:5665 imb:960 pmb:3145 smb:4055 d:s ref:0 ;
in:2896 out:2896 type:B dur:2 cpbdur:2 q:38.43 aq:38.96 tex:8559 mv:4990 misc:2499 imb:86 pmb:609 smb:7465 d:s ref:0 ;
in:2895 out:2897 type:b dur:2 cpbdur:2 q:38.61 aq:40.98 tex:2460 mv:2201 misc:1523 imb:23 pmb:343 smb:7794 d:s ref:0 ;
in:2897 out:2898 type:b dur:2 cpbdur:2 q:38.61 aq:41.57 tex:2527 mv:1909 misc:1308 imb:20 pmb:279 smb:7861 d:- ref:0 ;
in:2898 out:2899 type:b dur:2 cpbdur:2 q:38.61 aq:41.63 tex:1212 mv:1660 misc:1272 imb:14 pmb:235 smb:7911 d:- ref:0 ;
in:2904 out:2900 type:P dur:2 cpbdur:2 q:37.87 aq:31.84 tex:153365 mv:19987 misc:5256 imb:786 pmb:2787 smb:4587 d:s ref:0 ;
in:2901 out:2901 type:B dur:2 cpbdur:2 q:38.29 aq:39.28 tex:8543 mv:4902 misc:2419 imb:36 pmb:669 smb:7455 d:s ref:0 ;
in:2900 out:2902 type:b dur:2 cpbdur:2 q:38.50 aq:41.51 tex:1354 mv:1526 misc:1232 imb:10 pmb:261 smb:7889 d:s ref:0 ;
in:2902 out:2903 type:b dur:2 cpbdur:2 q:38.43 aq:40.83 tex:1776 mv:1625 misc:1151 imb:11 pmb:220 smb:7929 d:- ref:0 ;
in:2903 out:2904 type:b dur:2 cpbdur:2 q:38.43 aq:41.87 tex:1546 mv:1755 misc:1299 imb:17 pmb:259 smb:7884 d:- ref:0 ;
in:2909 out:2905 type:P dur:2 cpbdur:2 q:38.34 aq:32.27 tex:134324 mv:19176 misc:5364 imb:699 pmb:2598 smb:4863 d:s ref:0 ;
in:2906 out:2906 type:B dur:2 cpbdur:2 q:38.75 aq:39.29 tex:9349 mv:5445 misc:2110 imb:85 pmb:589 smb:7486 d:s ref:0 ;
in:2905 out:2907 type:b dur:2 cpbdur:2 q:38.87 aq:41.01 tex:1815 mv:1872 misc:1353 imb:17 pmb:306 smb:7837 d:s ref:0 ;
in:2907 out:2908 type:b dur:2 cpbdur:2 q:38.87 aq:42.25 tex:1010 mv:2085 misc:1353 imb:17 pmb:314 smb:7829 d:- ref:0 ;
in:2908 out:2909 type:b dur:2 cpbdur:2 q:38.87 aq:41.38 tex:2193 mv:2895 misc:1584 imb:35 pmb:365 smb:7760 d:- ref:0 ;
in:2915 out:2910 type:P dur:2 cpbdur:2 q:37.09 aq:30.75 tex:268376 mv:26311 misc:5081 imb:1177 pmb:3559 smb:3424 d:s ref:0 ;
in:2912 out:2911 type:B dur:2 cpbdur:2 q:38.41 aq:38.51 tex:14114 mv:7337 misc:2869 imb:94 pmb:908 smb:7158 d:s ref:0 ;
in:2910 out:2912 type:b dur:2 cpbdur:2 q:38.55 aq:39.77 tex:2212 mv:2602 misc:1490 imb:29 pmb:356 smb:7775 d:s ref:0 ;
in:2911 out:2913 type:b dur:2 cpbdur:2 q:38.55 aq:41.94 tex:3563 mv:2841 misc:1484 imb:39 pmb:335 smb:7786 d:s ref:0 ;
in:2913 out:2914 type:b dur:2 cpbdur:2 q:38.55 aq:39.58 tex:2002 mv:1632 misc:1166 imb:14 pmb:217 smb:7929 d:- ref:0 ;
in:2914 out:2915 type:b dur:2 cpbdur:2 q:38.55 aq:41.01 tex:1453 mv:1674 misc:1185 imb:19 pmb:240 smb:7901 d:- ref:0 ;
in:2921 out:2916 type:P dur:2 cpbdur:2 q:36.87 aq:30.67 tex:211516 mv:23289 misc:5539 imb:861 pmb:3336 smb:3963 d:s ref:0 ;
in:2918 out:2917 type:B dur:2 cpbdur:2 q:37.41 aq:37.16 tex:18394 mv:9141 misc:3161 imb:117 pmb:984 smb:7059 d:t ref:0 ;
in:2916 out:2918 type:b dur:2 cpbdur:2 q:37.69 aq:40.34 tex:2496 mv:2820 misc:1476 imb:29 pmb:371 smb:7760 d:s ref:0 ;
in:2917 out:2919 type:b dur:2 cpbdur:2 q:37.69 aq:41.44 tex:3762 mv:2885 misc:1673 imb:38 pmb:413 smb:7709 d:s ref:0 ;
in:2919 out:2920 type:b dur:2 cpbdur:2 q:37.69 aq:41.09 tex:2819 mv:2768 misc:1541 imb:28 pmb:383 smb:7749 d:- ref:0 ;
in:2920 out:2921 type:b dur:2 cpbdur:2 q:37.69 aq:39.88 tex:2961 mv:2760 misc:1543 imb:32 pmb:355 smb:7773 d:- ref:0 ;
in:2924 out:2922 type:P dur:2 cpbdur:2 q:37.03 aq:30.49 tex:186444 mv:18779 misc:5169 imb:641 pmb:2989 smb:4530 d:s ref:0 ;
in:2922 out:2923 type:B dur:2 cpbdur:2 q:37.58 aq:38.96 tex:3760 mv:2887 misc:1553 imb:31 pmb:370 smb:7759 d:s ref:0 ;
in:2923 out:2924 type:b dur:2 cpbdur:2 q:37.95 aq:41.03 tex:2132 mv:2480 misc:1524 imb:22 pmb:387 smb:7751 d:- ref:0 ;
in:2930 out:2925 type:P dur:2 cpbdur:2 q:36.74 aq:30.61 tex:226114 mv:24504 misc:4990 imb:901 pmb:3309 smb:3950 d:s ref:0 ;
in:2927 out:2926 type:B dur:2 cpbdur:2 q:37.64 aq:37.28 tex:17946 mv:8292 misc:3298 imb:79 pmb:1106 smb:6975 d:s ref:0 ;
in:2925 out:2927 type:b dur:2 cpbdur:2 q:38.04 aq:40.57 tex:2382 mv:2657 misc:1809 imb:49 pmb:397 smb:7714 d:s ref:0 ;
in:2926 out:2928 type:b dur:2 cpbdur:2 q:38.04 aq:40.40 tex:3037 mv:2761 misc:1586 imb:52 pmb:334 smb:7774 d:s ref:0 ;
in:2928 out:2929 type:b dur:2 cpbdur:2 q:38.04 aq:40.19 tex:2916 mv:2076 misc:1352 imb:27 pmb:291 smb:7842 d:- ref:0 ;
in:2929 out:2930 type:b dur:2 cpbdur:2 q:38.04 aq:40.23 tex:3914 mv:2505 misc:1445 imb:42 pmb:360 smb:7758 d:- ref:0 ;
in:2936 out:2931 type:P dur:2 cpbdur:2 q:37.10 aq:31.32 tex:181466 mv:21181 misc:4921 imb:739 pmb:3115 smb:4306 d:s ref:0 ;
in:2933 out:2932 type:B dur:2 cpbdur:2 q:37.60 aq:37.34 tex:16174 mv:7590 misc:2868 imb:112 pmb:920 smb:7128 d:s ref:0 ;
in:2931 out:2933 type:b dur:2 cpbdur:2 q:37.73 aq:39.54 tex:1274 mv:1600 misc:1286 imb:6 pmb:250 smb:7904 d:s ref:0 ;
in:2932 out:2934 type:b dur:2 cpbdur:2 q:37.73 aq:40.70 tex:1600 mv:1759 misc:1297 imb:5 pmb:260 smb:7895 d:s ref:0 ;
in:2934 out:2935 type:b dur:2 cpbdur:2 q:37.73 aq:41.24 tex:2229 mv:2221 misc:1502 imb:14 pmb:352 smb:7794 d:- ref:0 ;
in:2935 out:2936 type:b dur:2 cpbdur:2 q:37.73 aq:40.09 tex:1400 mv:1697 misc:1303 imb:16 pmb:256 smb:7888 d:- ref:0 ;
in:2942 out:2937 type:P dur:2 cpbdur:2 q:36.73 aq:30.86 tex:201793 mv:24040 misc:5247 imb:1011 pmb:2995 smb:4154 d:s ref:0 ;
in:2939 out:2938 type:B dur:2 cpbdur:2 q:37.49 aq:37.24 tex:15630 mv:8636 misc:3094 imb:129 pmb:967 smb:7064 d:s ref:0 ;
in:2937 out:2939 type:b dur:2 cpbdur:2 q:37.64 aq:40.24 tex:3998 mv:3601 misc:1921 imb:47 pmb:514 smb:7599 d:s ref:0 ;
in:2938 out:2940 type:b dur:2 cpbdur:2 q:37.64 aq:40.26 tex:2804 mv:3036 misc:1632 imb:21 pmb:403 smb:7736 d:s ref:0 ;
in:2940 out:2941 type:b dur:2 cpbdur:2 q:37.64 aq:40.23 tex:2306 mv:2458 misc:1732 imb:17 pmb:418 smb:7725 d:- ref:0 ;
in:2941 out:2942 type:b dur:2 cpbdur:2 q:37.64 aq:40.34 tex:3050 mv:2375 misc:1631 imb:23 pmb:369 smb:7768 d:- ref:0 ;
in:2946 out:2943 type:P dur:2 cpbdur:2 q:36.32 aq:30.63 tex:192910 mv:21032 misc:4922 imb:783 pmb:3114 smb:4263 d:s ref:0 ;
in:2944 out:2944 type:B dur:2 cpbdur:2 q:36.94 aq:37.67 tex:6165 mv:4330 misc:2545 imb:32 pmb:704 smb:7424 d:s ref:0 ;
in:2943 out:2945 type:b dur:2 cpbdur:2 q:37.17 aq:39.24 tex:4007 mv:3280 misc:1777 imb:76 pmb:398 smb:7686 d:s ref:0 ;
in:2945 out:2946 type:b dur:2 cpbdur:2 q:37.17 aq:40.59 tex:2824 mv:2403 misc:1501 imb:32 pmb:323 smb:7805 d:- ref:0 ;
in:2950 out:2947 type:P dur:2 cpbdur:2 q:36.38 aq:30.97 tex:162956 mv:18550 misc:5238 imb:696 pmb:2894 smb:4570 d:s ref:0 ;
in:2948 out:2948 type:B dur:2 cpbdur:2 q:36.83 aq:38.12 tex:5514 mv:4444 misc:2426 imb:39 pmb:668 smb:7453 d:s ref:0 ;
in:2947 out:2949 type:b dur:2 cpbdur:2 q:37.13 aq:40.79 tex:4897 mv:3320 misc:1791 imb:40 pmb:470 smb:7650 d:s ref:0 ;
in:2949 out:2950 type:b dur:2 cpbdur:2 q:37.13 aq:39.90 tex:2756 mv:2260 misc:1608 imb:16 pmb:354 smb:7790 d:- ref:0 ;
in:2955 out:2951 type:P dur:2 cpbdur:2 q:35.95 aq:30.86 tex:188570 mv:21094 misc:4848 imb:740 pmb:2998 smb:4422 d:s ref:0 ;
in:2952 out:2952 type:B dur:2 cpbdur:2 q:36.78 aq:36.82 tex:16071 mv:6655 misc:2826 imb:88 pmb:926 smb:7146 d:s ref:0 ;
in:2951 out:2953 type:b dur:2 cpbdur:2 q:37.17 aq:39.42 tex:2778 mv:3080 misc:1678 imb:32 pmb:463 smb:7665 d:s ref:0 ;
in:2953 out:2954 type:b dur:2 cpbdur:2 q:37.17 aq:40.36 tex:3407 mv:2478 misc:1571 imb:36 pmb:332 smb:7792 d:- ref:0 ;
in:2954 out:2955 type:b dur:2 cpbdur:2 q:37.17 aq:40.21 tex:5827 mv:3301 misc:1816 imb:55 pmb:474 smb:7631 d:- ref:0 ;
in:2960 out:2956 type:P dur:2 cpbdur:2 q:35.43 aq:31.39 tex:147136 mv:17582 misc:4914 imb:637 pmb:2772 smb:4751 d:s ref:0 ;
in:2957 out:2957 type:B dur:2 cpbdur:2 q:36.17 aq:36.21 tex:17030 mv:7524 misc:3262 imb:88 pmb:1031 smb:7041 d:s ref:0 ;
in:2956 out:2958 type:b dur:2 cpbdur:2 q:36.51 aq:39.30 tex:4514 mv:2463 misc:1647 imb:21 pmb:386 smb:7753 d:s ref:0 ;
in:2958 out:2959 type:b dur:2 cpbdur:2 q:36.42 aq:39.37 tex:2288 mv:2336 misc:1456 imb:19 pmb:309 smb:7832 d:- ref:0 ;
in:2959 out:2960 type:b dur:2 cpbdur:2 q:36.42 aq:38.69 tex:3033 mv:3264 misc:1847 imb:30 pmb:476 smb:7654 d:- ref:0 ;
in:2964 out:2961 type:P dur:2 cpbdur:2 q:35.02 aq:32.63 tex:90879 mv:13853 misc:4684 imb:516 pmb:1723 smb:5921 d:s ref:0 ;
in:2962 out:2962 type:B dur:2 cpbdur:2 q:35.82 aq:36.18 tex:21711 mv:6763 misc:3710 imb:69 pmb:1218 smb:6873 d:s ref:0 ;
in:2961 out:2963 type:b dur:2 cpbdur:2 q:36.03 aq:39.34 tex:3897 mv:2485 misc:1586 imb:42 pmb:324 smb:7794 d:s ref:0 ;
in:2963 out:2964 type:b dur:2 cpbdur:2 q:36.03 aq:38.22 tex:8035 mv:4173 misc:2328 imb:52 pmb:690 smb:7418 d:- ref:0 ;
in:2965 out:2965 type:I dur:2 cpbdur:2 q:32.42 aq:24.71 tex:2475211 mv:126430 misc:279 imb:8160 pmb:0 smb:0 d:s ref:;
in:2968 out:2966 type:P dur:2 cpbdur:2 q:35.11 aq:29.38 tex:114060 mv:8946 misc:3042 imb:311 pmb:1378 smb:6471 d:s ref:0 ;
in:2966 out:2967 type:B dur:2 cpbdur:2 q:35.11 aq:35.53 tex:4542 mv:2308 misc:1598 imb:14 pmb:422 smb:7724 d:s ref:0 ;
in:2967 out:2968 type:b dur:2 cpbdur:2 q:35.11 aq:37.28 tex:1261 mv:1478 misc:1181 imb:14 pmb:252 smb:7894 d:- ref:0 ;
in:2973 out:2969 type:P dur:2 cpbdur:2 q:35.08 aq:28.28 tex:181666 mv:14141 misc:3793 imb:404 pmb:2263 smb:5493 d:s ref:0 ;
in:2970 out:2970 type:B dur:2 cpbdur:2 q:35.11 aq:35.03 tex:8727 mv:4472 misc:2513 imb:31 pmb:738 smb:7391 d:s ref:0 ;
in:2969 out:2971 type:b dur:2 cpbdur:2 q:35.11 aq:36.81 tex:460 mv:1169 misc:1211 imb:4 pmb:236 smb:7920 d:s ref:0 ;
in:2971 out:2972 type:b dur:2 cpbdur:2 q:35.11 aq:36.68 tex:2591 mv:2079 misc:1538 imb:24 pmb:372 smb:7764 d:- ref:0 ;
in:2972 out:2973 type:b dur:2 cpbdur:2 q:35.11 aq:36.82 tex:5036 mv:3204 misc:1936 imb:27 pmb:583 smb:7550 d:- ref:0 ;
in:2977 out:2974 type:P dur:2 cpbdur:2 q:35.51 aq:28.72 tex:163062 mv:12872 misc:4234 imb:319 pmb:2454 smb:5387 d:s ref:0 ;
in:2975 out:2975 type:B dur:2 cpbdur:2 q:35.87 aq:36.97 tex:3133 mv:3360 misc:1931 imb:16 pmb:542 smb:7602 d:s ref:0 ;
in:2974 out:2976 type:b dur:2 cpbdur:2 q:36.23 aq:37.08 tex:731 mv:1533 misc:1344 imb:8 pmb:328 smb:7824 d:s ref:0 ;
in:2976 out:2977 type:b dur:2 cpbdur:2 q:36.23 aq:36.96 tex:1483 mv:1366 misc:1183 imb:4 pmb:262 smb:7894 d:- ref:0 ;
in:2983 out:2978 type:P dur:2 cpbdur:2 q:35.85 aq:29.35 tex:127712 mv:11702 misc:4394 imb:284 pmb:2427 smb:5449 d:s ref:0 ;
in:2980 out:2979 type:B dur:2 cpbdur:2 q:35.98 aq:35.58 tex:7423 mv:3814 misc:1987 imb:33 pmb:508 smb:7619 d:s ref:0 ;
in:2978 out:2980 type:b dur:2 cpbdur:2 q:36.34 aq:38.20 tex:2549 mv:1733 misc:1174 imb:18 pmb:233 smb:7909 d:s ref:0 ;
in:2979 out:2981 type:b dur:2 cpbdur:2 q:36.34 aq:38.21 tex:2153 mv:1758 misc:1153 imb:11 pmb:243 smb:7906 d:s ref:0 ;
in:2981 out:2982 type:b dur:2 cpbdur:2 q:36.34 aq:36.30 tex:757 mv:1059 misc:864 imb:4 pmb:146 smb:8010 d:- ref:0 ;
in:2982 out:2983 type:b dur:2 cpbdur:2 q:36.34 aq:36.82 tex:1609 mv:1315 misc:972 imb:9 pmb:169 smb:7982 d:- ref:0 ;
in:2987 out:2984 type:P dur:2 cpbdur:2 q:36.37 aq:29.71 tex:145242 mv:13493 misc:4889 imb:305 pmb:2674 smb:5181 d:s ref:0 ;
in:2985 out:2985 type:B dur:2 cpbdur:2 q:36.38 aq:36.90 tex:4252 mv:3511 misc:2205 imb:20 pmb:624 smb:7516 d:s ref:0 ;
in:2984 out:2986 type:b dur:2 cpbdur:2 q:36.38 aq:36.52 tex:1812 mv:1545 misc:1363 imb:12 pmb:305 smb:7843 d:s ref:0 ;
in:2986 out:2987 type:b dur:2 cpbdur:2 q:36.38 aq:38.02 tex:1961 mv:1369 misc:1254 imb:6 pmb:296 smb:7858 d:- ref:0 ;
in:2989 out:2988 type:P dur:2 cpbdur:2 q:36.26 aq:29.17 tex:101755 mv:9324 misc:5313 imb:176 pmb:2311 smb:5673 d:s ref:0 ;
in:2988 out:2989 type:b dur:2 cpbdur:2 q:36.57 aq:36.67 tex:973 mv:1317 misc:1198 imb:6 pmb:266 smb:7888 d:t ref:0 ;
in:2992 out:2990 type:P dur:2 cpbdur:2 q:36.71 aq:29.76 tex:113075 mv:10756 misc:4761 imb:245 pmb:2220 smb:5695 d:s ref:0 ;
in:2990 out:2991 type:B dur:2 cpbdur:2 q:36.74 aq:37.04 tex:2611 mv:1823 misc:1246 imb:13 pmb:259 smb:7888 d:s ref:0 ;
in:2991 out:2992 type:b dur:2 cpbdur:2 q:36.74 aq:36.52 tex:1310 mv:1343 misc:1123 imb:8 pmb:241 smb:7911 d:- ref:0 ;
in:2996 out:2993 type:P dur:2 cpbdur:2 q:36.78 aq:30.12 tex:102369 mv:11395 misc:5092 imb:287 pmb:2356 smb:5517 d:s ref:0 ;
in:2994 out:2994 type:B dur:2 cpbdur:2 q:37.12 aq:37.14 tex:6932 mv:4629 misc:1919 imb:77 pmb:482 smb:7601 d:s ref:0 ;
in:2993 out:2995 type:b dur:2 cpbdur:2 q:37.12 aq:36.60 tex:1002 mv:1575 misc:1183 imb:7 pmb:242 smb:7911 d:s ref:0 ;
in:2995 out:2996 type:b dur:2 cpbdur:2 q:37.12 aq:37.32 tex:1793 mv:1771 misc:1380 imb:9 pmb:322 smb:7829 d:- ref:0 ;
in:2998 out:2997 type:P dur:2 cpbdur:2 q:36.40 aq:29.57 tex:96787 mv:8560 misc:5397 imb:172 pmb:2302 smb:5686 d:s ref:0 ;
in:2997 out:2998 type:b dur:2 cpbdur:2 q:37.03 aq:39.37 tex:933 mv:974 misc:997 imb:6 pmb:183 smb:7971 d:t ref:0 ;
in:3003 out:2999 type:P dur:2 cpbdur:2 q:37.02 aq:30.24 tex:113091 mv:12667 misc:4986 imb:281 pmb:2376 smb:5503 d:s ref:0 ;
in:3000 out:3000 type:B dur:2 cpbdur:2 q:37.31 aq:38.32 tex:7936 mv:4783 misc:2169 imb:79 pmb:623 smb:7458 d:s ref:0 ;
in:2999 out:3001 type:b dur:2 cpbdur:2 q:37.40 aq:39.53 tex:1359 mv:1792 misc:1385 imb:24 pmb:327 smb:7809 d:s ref:0 ;
in:3001 out:3002 type:b dur:2 cpbdur:2 q:37.40 aq:37.14 tex:654 mv:1575 misc:1203 imb:11 pmb:235 smb:7914 d:- ref:0 ;
in:3002 out:3003 type:b dur:2 cpbdur:2 q:37.40 aq:39.74 tex:1318 mv:1610 misc:1072 imb:14 pmb:217 smb:7929 d:- ref:0 ;
in:3006 out:3004 type:P dur:2 cpbdur:2 q:36.37 aq:29.29 tex:119016 mv:11778 misc:5278 imb:221 pmb:2558 smb:5381 d:s ref:0 ;
in:3004 out:3005 type:B dur:2 cpbdur:2 q:37.24 aq:38.93 tex:848 mv:1330 misc:1102 imb:4 pmb:199 smb:7957 d:t ref:0 ;
in:3005 out:3006 type:b dur:2 cpbdur:2 q:37.38 aq:39.00 tex:1470 mv:1129 misc:985 imb:11 pmb:170 smb:7979 d:- ref:0 ;
in:3010 out:3007 type:P dur:2 cpbdur:2 q:37.00 aq:30.10 tex:144459 mv:13629 misc:4440 imb:379 pmb:2292 smb:5489 d:s ref:0 ;
in:3008 out:3008 type:B dur:2 cpbdur:2 q:37.25 aq:37.04 tex:3186 mv:3176 misc:1702 imb:19 pmb:418 smb:7723 d:s ref:0 ;
in:3007 out:3009 type:b dur:2 cpbdur:2 q:37.46 aq:37.41 tex:1319 mv:1642 misc:1247 imb:12 pmb:276 smb:7872 d:s ref:0 ;
in:3009 out:3010 type:b dur:2 cpbdur:2 q:37.46 aq:39.27 tex:1409 mv:1250 misc:1125 imb:10 pmb:211 smb:7939 d:- ref:0 ;
in:3014 out:3011 type:P dur:2 cpbdur:2 q:37.26 aq:30.33 tex:107940 mv:13184 misc:4884 imb:317 pmb:2351 smb:5492 d:s ref:0 ;
in:3012 out:3012 type:B dur:2 cpbdur:2 q:37.52 aq:37.71 tex:3594 mv:3332 misc:1858 imb:27 pmb:514 smb:7619 d:s ref:0 ;
in:3011 out:3013 type:b dur:2 cpbdur:2 q:37.52 aq:39.08 tex:1049 mv:1546 misc:1381 imb:5 pmb:353 smb:7802 d:s ref:0 ;
in:3013 out:3014 type:b dur:2 cpbdur:2 q:37.52 aq:39.34 tex:897 mv:822 misc:801 imb:3 pmb:125 smb:8032 d:- ref:0 ;
in:3017 out:3015 type:P dur:2 cpbdur:2 q:37.10 aq:30.16 tex:96938 mv:10382 misc:5104 imb:258 pmb:2178 smb:5724 d:s ref:0 ;
in:3015 out:3016 type:B dur:2 cpbdur:2 q:37.69 aq:38.32 tex:1772 mv:1370 misc:1186 imb:15 pmb:221 smb:7924 d:t ref:0 ;
in:3016 out:3017 type:b dur:2 cpbdur:2 q:37.72 aq:37.74 tex:1301 mv:1138 misc:993 imb:8 pmb:171 smb:7981 d:- ref:0 ;
in:3022 out:3018 type:P dur:2 cpbdur:2 q:37.56 aq:31.51 tex:179637 mv:15388 misc:4487 imb:577 pmb:2461 smb:5122 d:s ref:0 ;
in:3019 out:3019 type:B dur:2 cpbdur:2 q:38.05 aq:37.11 tex:6720 mv:4977 misc:1911 imb:41 pmb:573 smb:7546 d:s ref:0 ;
in:3018 out:3020 type:b dur:2 cpbdur:2 q:38.05 aq:37.75 tex:1616 mv:1884 misc:1276 imb:13 pmb:309 smb:7838 d:s ref:0 ;
in:3020 out:3021 type:b dur:2 cpbdur:2 q:38.05 aq:37.25 tex:1524 mv:1979 misc:1289 imb:12 pmb:301 smb:7847 d:- ref:0 ;
in:3021 out:3022 type:b dur:2 cpbdur:2 q:38.05 aq:40.07 tex:1649 mv:2172 misc:1467 imb:5 pmb:366 smb:7789 d:- ref:0 ;
in:3026 out:3023 type:P dur:2 cpbdur:2 q:37.85 aq:31.22 tex:93398 mv:13078 misc:4724 imb:341 pmb:2103 smb:5716 d:s ref:0 ;
in:3024 out:3024 type:B dur:2 cpbdur:2 q:38.43 aq:37.06 tex:4302 mv:3486 misc:1884 imb:30 pmb:545 smb:7585 d:s ref:0 ;
in:3023 out:3025 type:b dur:2 cpbdur:2 q:38.43 aq:40.19 tex:1328 mv:1555 misc:1341 imb:13 pmb:317 smb:7830 d:s ref:0 ;
in:3025 out:3026 type:b dur:2 cpbdur:2 q:38.43 aq:38.37 tex:1125 mv:1405 misc:1158 imb:7 pmb:257 smb:7896 d:- ref:0 ;
in:3031 out:3027 type:P dur:2 cpbdur:2 q:38.11 aq:31.51 tex:97927 mv:12314 misc:4903 imb:312 pmb:2137 smb:5711 d:s ref:0 ;
in:3028 out:3028 type:B dur:2 cpbdur:2 q:38.57 aq:37.01 tex:3609 mv:3045 misc:1730 imb:25 pmb:396 smb:7739 d:t ref:0 ;
in:3027 out:3029 type:b dur:2 cpbdur:2 q:38.62 aq:38.37 tex:679 mv:916 misc:789 imb:2 pmb:133 smb:8025 d:s ref:0 ;
in:3029 out:3030 type:b dur:2 cpbdur:2 q:38.62 aq:38.85 tex:1387 mv:1485 misc:1176 imb:10 pmb:238 smb:7912 d:- ref:0 ;
in:3030 out:3031 type:b dur:2 cpbdur:2 q:38.62 aq:38.20 tex:1248 mv:1475 misc:1109 imb:13 pmb:203 smb:7944 d:- ref:0 ;
in:3033 out:3032 type:P dur:2 cpbdur:2 q:37.12 aq:30.32 tex:110528 mv:9673 misc:5199 imb:264 pmb:2282 smb:5614 d:s ref:0 ;
in:3032 out:3033 type:b dur:2 cpbdur:2 q:38.38 aq:40.06 tex:1017 mv:800 misc:847 imb:6 pmb:129 smb:8025 d:t ref:0 ;
in:3036 out:3034 type:P dur:2 cpbdur:2 q:37.21 aq:30.30 tex:144015 mv:13789 misc:5116 imb:382 pmb:2689 smb:5089 d:s ref:0 ;
in:3034 out:3035 type:B dur:2 cpbdur:2 q:37.95 aq:38.20 tex:1509 mv:1749 misc:1310 imb:9 pmb:290 smb:7861 d:s ref:0 ;
in:3035 out:3036 type:b dur:2 cpbdur:2 q:38.14 aq:38.09 tex:867 mv:1292 misc:937 imb:8 pmb:185 smb:7967 d:- ref:0 ;
in:3041 out:3037 type:P dur:2 cpbdur:2 q:37.42 aq:30.54 tex:132423 mv:14973 misc:4628 imb:362 pmb:2387 smb:5411 d:s ref:0 ;
in:3038 out:3038 type:B dur:2 cpbdur:2 q:38.25 aq:37.40 tex:5094 mv:4534 misc:2028 imb:41 pmb:590 smb:7529 d:s ref:0 ;
in:3037 out:3039 type:b dur:2 cpbdur:2 q:38.51 aq:39.77 tex:771 mv:1308 misc:1249 imb:8 pmb:272 smb:7880 d:s ref:0 ;
in:3039 out:3040 type:b dur:2 cpbdur:2 q:38.51 aq:40.86 tex:1079 mv:1584 misc:1113 imb:12 pmb:222 smb:7926 d:- ref:0 ;
in:3040 out:3041 type:b dur:2 cpbdur:2 q:38.51 aq:37.77 tex:1257 mv:1559 misc:1184 imb:5 pmb:276 smb:7879 d:- ref:0 ;
in:3042 out:3042 type:P dur:2 cpbdur:2 q:36.25 aq:28.94 tex:131285 mv:7221 misc:5526 imb:187 pmb:2464 smb:5509 d:s ref:0 ;
in:3046 out:3043 type:P dur:2 cpbdur:2 q:36.32 aq:29.66 tex:167196 mv:14749 misc:5255 imb:366 pmb:2891 smb:4903 d:s ref:0 ;
in:3044 out:3044 type:B dur:2 cpbdur:2 q:36.92 aq:37.08 tex:4766 mv:3070 misc:1932 imb:9 pmb:517 smb:7634 d:s ref:0 ;
in:3043 out:3045 type:b dur:2 cpbdur:2 q:37.26 aq:38.42 tex:1349 mv:1078 misc:1045 imb:4 pmb:186 smb:7970 d:s ref:0 ;
in:3045 out:3046 type:b dur:2 cpbdur:2 q:37.23 aq:37.50 tex:1300 mv:1416 misc:1292 imb:8 pmb:275 smb:7877 d:- ref:0 ;
in:3048 out:3047 type:P dur:2 cpbdur:2 q:36.83 aq:29.87 tex:104585 mv:11322 misc:4701 imb:300 pmb:1963 smb:5897 d:s ref:0 ;
in:3047 out:3048 type:b dur:2 cpbdur:2 q:37.07 aq:38.47 tex:956 mv:1462 misc:1190 imb:16 pmb:228 smb:7916 d:s ref:0 ;
in:3054 out:3049 type:P dur:2 cpbdur:2 q:37.11 aq:30.42 tex:122239 mv:14898 misc:5071 imb:342 pmb:2509 smb:5309 d:s ref:0 ;
in:3051 out:3050 type:B dur:2 cpbdur:2 q:37.31 aq:37.43 tex:9620 mv:4975 misc:2261 imb:42 pmb:721 smb:7397 d:s ref:0 ;
in:3049 out:3051 type:b dur:2 cpbdur:2 q:37.38 aq:39.40 tex:1688 mv:1478 misc:1258 imb:8 pmb:282 smb:7870 d:s ref:0 ;
in:3050 out:3052 type:b dur:2 cpbdur:2 q:37.38 aq:39.43 tex:1772 mv:1432 misc:1228 imb:11 pmb:256 smb:7893 d:s ref:0 ;
in:3052 out:3053 type:b dur:2 cpbdur:2 q:37.38 aq:39.77 tex:2338 mv:2125 misc:1289 imb:25 pmb:278 smb:7857 d:- ref:0 ;
in:3053 out:3054 type:b dur:2 cpbdur:2 q:37.38 aq:37.91 tex:2467 mv:2150 misc:1311 imb:19 pmb:276 smb:7865 d:- ref:0 ;
in:3058 out:3055 type:P dur:2 cpbdur:2 q:36.97 aq:30.16 tex:118324 mv:13454 misc:5206 imb:339 pmb:2409 smb:5412 d:s ref:0 ;
in:3056 out:3056 type:B dur:2 cpbdur:2 q:37.46 aq:38.38 tex:6194 mv:3131 misc:1667 imb:34 pmb:457 smb:7669 d:s ref:0 ;
in:3055 out:3057 type:b dur:2 cpbdur:2 q:37.57 aq:39.87 tex:1954 mv:1599 misc:1343 imb:8 pmb:318 smb:7834 d:s ref:0 ;
in:3057 out:3058 type:b dur:2 cpbdur:2 q:37.57 aq:36.88 tex:999 mv:996 misc:933 imb:5 pmb:168 smb:7987 d:- ref:0 ;
in:3059 out:3059 type:P dur:2 cpbdur:2 q:36.01 aq:28.80 tex:132888 mv:9282 misc:5678 imb:209 pmb:2637 smb:5314 d:s ref:0 ;
in:3064 out:3060 type:P dur:2 cpbdur:2 q:36.58 aq:29.85 tex:188013 mv:17329 misc:5106 imb:480 pmb:2919 smb:4761 d:s ref:0 ;
in:3061 out:3061 type:B dur:2 cpbdur:2 q:37.07 aq:36.23 tex:7212 mv:5374 misc:2382 imb:65 pmb:739 smb:7356 d:s ref:0 ;
in:3060 out:3062 type:b dur:2 cpbdur:2 q:37.18 aq:39.12 tex:1082 mv:1839 misc:1455 imb:16 pmb:353 smb:7791 d:s ref:0 ;
in:3062 out:3063 type:b dur:2 cpbdur:2 q:37.13 aq:39.52 tex:2181 mv:2205 misc:1390 imb:22 pmb:287 smb:7851 d:- ref:0 ;
in:3063 out:3064 type:b dur:2 cpbdur:2 q:37.13 aq:38.32 tex:2340 mv:2399 misc:1501 imb:45 pmb:311 smb:7804 d:- ref:0 ;
in:3068 out:3065 type:P dur:2 cpbdur:2 q:37.01 aq:30.03 tex:145111 mv:14967 misc:5218 imb:412 pmb:2503 smb:5245 d:s ref:0 ;
in:3066 out:3066 type:B dur:2 cpbdur:2 q:37.03 aq:37.43 tex:4268 mv:3218 misc:1754 imb:29 pmb:457 smb:7674 d:s ref:0 ;
in:3065 out:3067 type:b dur:2 cpbdur:2 q:37.03 aq:36.84 tex:1988 mv:1825 misc:1355 imb:17 pmb:342 smb:7801 d:s ref:0 ;
in:3067 out:3068 type:b dur:2 cpbdur:2 q:37.03 aq:38.08 tex:483 mv:916 misc:945 imb:4 pmb:160 smb:7996 d:- ref:0 ;
in:3073 out:3069 type:P dur:2 cpbdur:2 q:36.60 aq:29.69 tex:158965 mv:15222 misc:5389 imb:389 pmb:2871 smb:4900 d:s ref:0 ;
in:3070 out:3070 type:B dur:2 cpbdur:2 q:37.03 aq:36.91 tex:7691 mv:4569 misc:1988 imb:58 pmb:583 smb:7519 d:s ref:0 ;
in:3069 out:3071 type:b dur:2 cpbdur:2 q:37.04 aq:38.16 tex:1567 mv:1405 misc:1204 imb:19 pmb:245 smb:7896 d:s ref:0 ;
in:3071 out:3072 type:b dur:2 cpbdur:2 q:37.04 aq:38.92 tex:2238 mv:2064 misc:1466 imb:29 pmb:308 smb:7823 d:- ref:0 ;
in:3072 out:3073 type:b dur:2 cpbdur:2 q:37.04 aq:39.11 tex:2581 mv:2507 misc:1536 imb:25 pmb:392 smb:7743 d:- ref:0 ;
in:3079 out:3074 type:P dur:2 cpbdur:2 q:37.30 aq:30.69 tex:151104 mv:16724 misc:4860 imb:483 pmb:2550 smb:5127 d:s ref:0 ;
in:3076 out:3075 type:B dur:2 cpbdur:2 q:37.53 aq:36.90 tex:10519 mv:5358 misc:2603 imb:75 pmb:754 smb:7331 d:s ref:0 ;
in:3074 out:3076 type:b dur:2 cpbdur:2 q:37.58 aq:37.32 tex:1560 mv:1719 misc:1289 imb:13 pmb:321 smb:7826 d:s ref:0 ;
in:3075 out:3077 type:b dur:2 cpbdur:2 q:37.58 aq:37.17 tex:2610 mv:3023 misc:1551 imb:22 pmb:425 smb:7713 d:s ref:0 ;
in:3077 out:3078 type:b dur:2 cpbdur:2 q:37.58 aq:39.74 tex:2082 mv:1046 misc:968 imb:7 pmb:166 smb:7987 d:- ref:0 ;
in:3078 out:3079 type:b dur:2 cpbdur:2 q:37.58 aq:37.69 tex:2074 mv:1362 misc:1132 imb:9 pmb:198 smb:7953 d:- ref:0 ;
in:3083 out:3080 type:P dur:2 cpbdur:2 q:37.13 aq:30.23 tex:115190 mv:13315 misc:5647 imb:347 pmb:2608 smb:5205 d:s ref:0 ;
in:3081 out:3081 type:B dur:2 cpbdur:2 q:37.69 aq:38.10 tex:3777 mv:2389 misc:1434 imb:19 pmb:325 smb:7816 d:t ref:0 ;
in:3080 out:3082 type:b dur:2 cpbdur:2 q:37.76 aq:37.68 tex:1023 mv:1202 misc:991 imb:6 pmb:190 smb:7964 d:s ref:0 ;
in:3082 out:3083 type:b dur:2 cpbdur:2 q:37.76 aq:39.97 tex:1152 mv:1057 misc:1023 imb:4 pmb:195 smb:7961 d:- ref:0 ;
in:3087 out:3084 type:P dur:2 cpbdur:2 q:36.60 aq:29.91 tex:163384 mv:15787 misc:5357 imb:400 pmb:2985 smb:4775 d:s ref:0 ;
in:3085 out:3085 type:B dur:2 cpbdur:2 q:37.75 aq:37.57 tex:3727 mv:3507 misc:1998 imb:30 pmb:526 smb:7604 d:t ref:0 ;
in:3084 out:3086 type:b dur:2 cpbdur:2 q:37.91 aq:40.98 tex:1290 mv:1784 misc:1302 imb:19 pmb:296 smb:7845 d:s ref:0 ;
in:3086 out:3087 type:b dur:2 cpbdur:2 q:37.91 aq:39.20 tex:1120 mv:974 misc:1002 imb:3 pmb:182 smb:7975 d:- ref:0 ;
in:3090 out:3088 type:P dur:2 cpbdur:2 q:36.54 aq:29.77 tex:140374 mv:12306 misc:5304 imb:392 pmb:2549 smb:5219 d:s ref:0 ;
in:3088 out:3089 type:B dur:2 cpbdur:2 q:37.01 aq:37.11 tex:2562 mv:1579 misc:1251 imb:21 pmb:243 smb:7896 d:t ref:0 ;
in:3089 out:3090 type:b dur:2 cpbdur:2 q:37.16 aq:39.32 tex:1785 mv:1407 misc:1208 imb:17 pmb:254 smb:7889 d:- ref:0 ;
in:3094 out:3091 type:P dur:2 cpbdur:2 q:36.31 aq:29.56 tex:142056 mv:14581 misc:5659 imb:358 pmb:3031 smb:4771 d:s ref:0 ;
in:3092 out:3092 type:B dur:2 cpbdur:2 q:36.83 aq:37.25 tex:3054 mv:2428 misc:1734 imb:13 pmb:403 smb:7744 d:t ref:0 ;
in:3091 out:3093 type:b dur:2 cpbdur:2 q:37.09 aq:36.92 tex:751 mv:963 misc:966 imb:5 pmb:156 smb:7999 d:s ref:0 ;
in:3093 out:3094 type:b dur:2 cpbdur:2 q:37.00 aq:37.04 tex:1361 mv:1050 misc:1029 imb:4 pmb:192 smb:7964 d:- ref:0 ;
in:3100 out:3095 type:P dur:2 cpbdur:2 q:36.31 aq:30.06 tex:183633 mv:16601 misc:5326 imb:508 pmb:3001 smb:4651 d:s ref:0 ;
in:3097 out:3096 type:B dur:2 cpbdur:2 q:36.64 aq:36.09 tex:10046 mv:5517 misc:2357 imb:51 pmb:687 smb:7422 d:s ref:0 ;
in:3095 out:3097 type:b dur:2 cpbdur:2 q:36.81 aq:38.61 tex:2395 mv:1829 misc:1192 imb:16 pmb:253 smb:7891 d:s ref:0 ;
in:3096 out:3098 type:b dur:2 cpbdur:2 q:36.81 aq:38.62 tex:996 mv:1386 misc:1098 imb:7 pmb:204 smb:7949 d:s ref:0 ;
in:3098 out:3099 type:b dur:2 cpbdur:2 q:36.81 aq:38.27 tex:1430 mv:1523 misc:1303 imb:12 pmb:284 smb:7864 d:- ref:0 ;
in:3099 out:3100 type:b dur:2 cpbdur:2 q:36.81 aq:38.76 tex:1252 mv:1662 misc:1294 imb:8 pmb:287 smb:7865 d:- ref:0 ;
in:3103 out:3101 type:P dur:2 cpbdur:2 q:36.64 aq:30.42 tex:156194 mv:14761 misc:4877 imb:365 pmb:2692 smb:5103 d:s ref:0 ;
in:3101 out:3102 type:B dur:2 cpbdur:2 q:37.00 aq:38.04 tex:3023 mv:2549 misc:1524 imb:23 pmb:361 smb:7776 d:s ref:0 ;
in:3102 out:3103 type:b dur:2 cpbdur:2 q:37.09 aq:38.27 tex:1185 mv:1558 misc:1257 imb:7 pmb:257 smb:7896 d:- ref:0 ;
in:3107 out:3104 type:P dur:2 cpbdur:2 q:36.82 aq:30.92 tex:107388 mv:13952 misc:4548 imb:427 pmb:2132 smb:5601 d:s ref:0 ;
in:3105 out:3105 type:B dur:2 cpbdur:2 q:37.52 aq:36.89 tex:3509 mv:3166 misc:1973 imb:34 pmb:470 smb:7656 d:t ref:0 ;
in:3104 out:3106 type:b dur:2 cpbdur:2 q:37.52 aq:38.55 tex:955 mv:1176 misc:1093 imb:9 pmb:205 smb:7946 d:s ref:0 ;
in:3106 out:3107 type:b dur:2 cpbdur:2 q:37.52 aq:39.38 tex:1323 mv:1260 misc:1209 imb:11 pmb:213 smb:7936 d:- ref:0 ;
in:3109 out:3108 type:P dur:2 cpbdur:2 q:36.09 aq:30.14 tex:104328 mv:10443 misc:5389 imb:265 pmb:2336 smb:5559 d:s ref:0 ;
in:3108 out:3109 type:b dur:2 cpbdur:2 q:37.09 aq:38.65 tex:788 mv:1036 misc:1120 imb:9 pmb:201 smb:7950 d:t ref:0 ;
in:3115 out:3110 type:P dur:2 cpbdur:2 q:35.58 aq:30.55 tex:165062 mv:15797 misc:4765 imb:417 pmb:2846 smb:4897 d:s ref:0 ;
in:3112 out:3111 type:B dur:2 cpbdur:2 q:36.96 aq:36.98 tex:9980 mv:5127 misc:2181 imb:48 pmb:640 smb:7472 d:s ref:0 ;
in:3110 out:3112 type:b dur:2 cpbdur:2 q:37.07 aq:40.75 tex:2055 mv:1929 misc:1240 imb:27 pmb:265 smb:7868 d:s ref:0 ;
in:3111 out:3113 type:b dur:2 cpbdur:2 q:37.07 aq:39.94 tex:993 mv:1471 misc:1256 imb:8 pmb:260 smb:7892 d:s ref:0 ;
in:3113 out:3114 type:b dur:2 cpbdur:2 q:37.07 aq:37.60 tex:1149 mv:1108 misc:935 imb:12 pmb:153 smb:7995 d:- ref:0 ;
in:3114 out:3115 type:b dur:2 cpbdur:2 q:37.07 aq:38.95 tex:1800 mv:1402 misc:1014 imb:10 pmb:191 smb:7959 d:- ref:0 ;
in:3120 out:3116 type:P dur:2 cpbdur:2 q:34.80 aq:31.22 tex:111063 mv:13860 misc:4853 imb:393 pmb:2333 smb:5434 d:s ref:0 ;
in:3117 out:3117 type:B dur:2 cpbdur:2 q:35.93 aq:35.15 tex:9912 mv:4887 misc:2353 imb:56 pmb:693 smb:7411 d:s ref:0 ;
in:3116 out:3118 type:b dur:2 cpbdur:2 q:36.28 aq:38.31 tex:2105 mv:1373 misc:1218 imb:14 pmb:230 smb:7916 d:s ref:0 ;
in:3118 out:3119 type:b dur:2 cpbdur:2 q:36.28 aq:36.90 tex:3919 mv:2389 misc:1572 imb:31 pmb:331 smb:7798 d:- ref:0 ;
in:3119 out:3120 type:b dur:2 cpbdur:2 q:36.28 aq:37.10 tex:3673 mv:2571 misc:1660 imb:23 pmb:388 smb:7749 d:- ref:0 ;
in:3125 out:3121 type:P dur:2 cpbdur:2 q:34.66 aq:37.09 tex:39914 mv:11138 misc:3460 imb:288 pmb:1314 smb:6558 d:s ref:0 ;
in:3122 out:3122 type:B dur:2 cpbdur:2 q:35.12 aq:35.18 tex:23091 mv:6986 misc:2875 imb:105 pmb:1045 smb:7010 d:s ref:0 ;
in:3121 out:3123 type:b dur:2 cpbdur:2 q:35.12 aq:37.03 tex:3038 mv:2281 misc:1937 imb:43 pmb:453 smb:7664 d:s ref:0 ;
in:3123 out:3124 type:b dur:2 cpbdur:2 q:35.12 aq:37.06 tex:5488 mv:3325 misc:1771 imb:35 pmb:463 smb:7662 d:- ref:0 ;
in:3124 out:3125 type:b dur:2 cpbdur:2 q:35.12 aq:37.50 tex:5184 mv:3565 misc:2059 imb:29 pmb:556 smb:7575 d:- ref:0 ;
in:3126 out:3126 type:I dur:2 cpbdur:2 q:31.50 aq:29.94 tex:438426 mv:10139 misc:379 imb:8160 pmb:0 smb:0 d:s ref:;
in:3127 out:3127 type:P dur:2 cpbdur:2 q:34.40 aq:31.17 tex:1441 mv:903 misc:1152 imb:48 pmb:160 smb:7952 d:s ref:0 w:5,25,-7,4,17,-7,16,0 ;
in:3129 out:3128 type:P dur:2 cpbdur:2 q:34.41 aq:30.26 tex:105117 mv:23894 misc:4613 imb:4726 pmb:733 smb:2701 d:s ref:0 w:7,115,-39,2,7,-92,4,0 ;
in:3128 out:3129 type:b dur:2 cpbdur:2 q:34.41 aq:34.00 tex:7217 mv:2797 misc:1666 imb:334 pmb:346 smb:7480 d:s ref:0 ;
in:3130 out:3130 type:P dur:2 cpbdur:2 q:35.35 aq:29.86 tex:247745 mv:29163 misc:4340 imb:5937 pmb:543 smb:1680 d:s ref:0 w:5,47,-39 ;
in:3131 out:3131 type:P dur:2 cpbdur:2 q:36.33 aq:28.24 tex:365697 mv:24764 misc:6291 imb:3864 pmb:1276 smb:3020 d:s ref:0 w:5,39,-17 ;
in:3132 out:3132 type:P dur:2 cpbdur:2 q:37.20 aq:27.03 tex:305241 mv:16501 misc:7514 imb:1687 pmb:2109 smb:4364 d:s ref:0 w:3,9,-9 ;
in:3133 out:3133 type:P dur:2 cpbdur:2 q:37.93 aq:26.90 tex:150609 mv:9136 misc:5815 imb:495 pmb:1779 smb:5886 d:s ref:0 w:0,1,-3,6,65,-2,64,0 ;
in:3137 out:3134 type:P dur:2 cpbdur:2 q:37.69 aq:26.03 tex:216127 mv:8445 misc:5748 imb:366 pmb:2329 smb:5465 d:s ref:0 w:0,1,-1 ;
in:3135 out:3135 type:B dur:2 cpbdur:2 q:38.51 aq:38.10 tex:3655 mv:1782 misc:603 imb:16 pmb:160 smb:7984 d:s ref:0 ;
in:3134 out:3136 type:b dur:2 cpbdur:2 q:38.83 aq:40.10 tex:250 mv:691 misc:611 imb:4 pmb:76 smb:8080 d:s ref:0 ;
in:3136 out:3137 type:b dur:2 cpbdur:2 q:38.82 aq:39.45 tex:245 mv:906 misc:625 imb:1 pmb:92 smb:8067 d:- ref:0 ;
in:3142 out:3138 type:P dur:2 cpbdur:2 q:38.01 aq:29.43 tex:91874 mv:3546 misc:1692 imb:116 pmb:776 smb:7268 d:s ref:0 ;
in:3139 out:3139 type:B dur:2 cpbdur:2 q:38.60 aq:35.21 tex:668 mv:706 misc:802 imb:5 pmb:151 smb:8004 d:s ref:0 ;
in:3138 out:3140 type:b dur:2 cpbdur:2 q:39.18 aq:39.64 tex:392 mv:928 misc:608 imb:4 pmb:65 smb:8091 d:s ref:0 ;
in:3140 out:3141 type:b dur:2 cpbdur:2 q:38.85 aq:34.00 tex:19 mv:120 misc:621 imb:2 pmb:73 smb:8085 d:- ref:0 ;
in:3141 out:3142 type:b dur:2 cpbdur:2 q:38.85 aq:37.24 tex:682 mv:550 misc:616 imb:4 pmb:78 smb:8078 d:- ref:0 ;
in:3146 out:3143 type:P dur:2 cpbdur:2 q:38.41 aq:26.80 tex:72762 mv:3002 misc:2124 imb:69 pmb:886 smb:7205 d:s ref:0 ;
in:3144 out:3144 type:B dur:2 cpbdur:2 q:38.89 aq:36.86 tex:467 mv:597 misc:552 imb:1 pmb:71 smb:8088 d:t ref:0 ;
in:3143 out:3145 type:b dur:2 cpbdur:2 q:39.14 aq:34.00 tex:13 mv:565 misc:502 imb:0 pmb:40 smb:8120 d:t ref:0 ;
in:3145 out:3146 type:b dur:2 cpbdur:2 q:39.14 aq:38.22 tex:78 mv:346 misc:552 imb:0 pmb:49 smb:8111 d:- ref:0 ;
in:3152 out:3147 type:P dur:2 cpbdur:2 q:37.90 aq:24.30 tex:115752 mv:2234 misc:2750 imb:33 pmb:1303 smb:6824 d:s ref:0 ;
in:3149 out:3148 type:B dur:2 cpbdur:2 q:38.94 aq:30.00 tex:7 mv:48 misc:577 imb:0 pmb:56 smb:8104 d:s ref:0 ;
in:3147 out:3149 type:b dur:2 cpbdur:2 q:38.99 aq:34.00 tex:0 mv:0 misc:392 imb:0 pmb:0 smb:8160 d:s ref:0 ;
in:3148 out:3150 type:b dur:2 cpbdur:2 q:38.99 aq:34.00 tex:0 mv:0 misc:392 imb:0 pmb:0 smb:8160 d:s ref:0 ;
in:3150 out:3151 type:b dur:2 cpbdur:2 q:38.99 aq:33.00 tex:0 mv:0 misc:392 imb:0 pmb:0 smb:8160 d:- ref:0 ;
in:3151 out:3152 type:b dur:2 cpbdur:2 q:38.98 aq:33.00 tex:0 mv:0 misc:392 imb:0 pmb:0 smb:8160 d:- ref:0 ;
in:3154 out:3153 type:P dur:2 cpbdur:2 q:38.36 aq:25.02 tex:135446 mv:2644 misc:2462 imb:123 pmb:1334 smb:6703 d:s ref:0 ;
in:3153 out:3154 type:b dur:2 cpbdur:2 q:38.93 aq:33.00 tex:0 mv:0 misc:392 imb:0 pmb:0 smb:8160 d:s ref:0 ;
in:3155 out:3155 type:P dur:2 cpbdur:2 q:37.86 aq:26.08 tex:141765 mv:3902 misc:3341 imb:63 pmb:2011 smb:6086 d:s ref:0 ;
in:3156 out:3156 type:P dur:2 cpbdur:2 q:37.50 aq:25.40 tex:98000 mv:2269 misc:3563 imb:39 pmb:1393 smb:6728 d:s ref:0 ;
in:3157 out:3157 type:P dur:2 cpbdur:2 q:37.09 aq:25.51 tex:155096 mv:1422 misc:2626 imb:11 pmb:1629 smb:6520 d:s ref:0 ;
in:3158 out:3158 type:P dur:2 cpbdur:2 q:37.14 aq:25.14 tex:115473 mv:743 misc:2168 imb:4 pmb:1277 smb:6879 d:s ref:0 ;
in:3159 out:3159 type:P dur:2 cpbdur:2 q:36.98 aq:24.48 tex:122013 mv:2535 misc:3556 imb:39 pmb:1680 smb:6441 d:s ref:0 ;
in:3165 out:3160 type:P dur:2 cpbdur:2 q:36.51 aq:24.83 tex:93429 mv:856 misc:2235 imb:2 pmb:1236 smb:6922 d:s ref:0 ;
in:3162 out:3161 type:B dur:2 cpbdur:2 q:37.28 aq:30.00 tex:0 mv:0 misc:408 imb:0 pmb:0 smb:8160 d:s ref:0 ;
in:3160 out:3162 type:b dur:2 cpbdur:2 q:37.48 aq:33.00 tex:0 mv:0 misc:392 imb:0 pmb:0 smb:8160 d:s ref:0 ;
in:3161 out:3163 type:b dur:2 cpbdur:2 q:37.48 aq:33.00 tex:0 mv:0 misc:392 imb:0 pmb:0 smb:8160 d:s ref:0 ;
in:3163 out:3164 type:b dur:2 cpbdur:2 q:37.48 aq:33.00 tex:0 mv:0 misc:392 imb:0 pmb:0 smb:8160 d:- ref:0 ;
in:3164 out:3165 type:b dur:2 cpbdur:2 q:37.48 aq:33.00 tex:0 mv:0 misc:392 imb:0 pmb:0 smb:8160 d:- ref:0 ;
in:3171 out:3166 type:P dur:2 cpbdur:2 q:36.25 aq:23.33 tex:110012 mv:857 misc:3299 imb:7 pmb:1553 smb:6600 d:s ref:0 ;
in:3168 out:3167 type:B dur:2 cpbdur:2 q:36.98 aq:30.00 tex:0 mv:0 misc:408 imb:0 pmb:0 smb:8160 d:s ref:0 ;
in:3166 out:3168 type:b dur:2 cpbdur:2 q:37.16 aq:33.00 tex:0 mv:0 misc:392 imb:0 pmb:0 smb:8160 d:s ref:0 ;
in:3167 out:3169 type:b dur:2 cpbdur:2 q:37.16 aq:33.00 tex:0 mv:0 misc:392 imb:0 pmb:0 smb:8160 d:s ref:0 ;
in:3169 out:3170 type:b dur:2 cpbdur:2 q:37.16 aq:33.00 tex:0 mv:0 misc:392 imb:0 pmb:0 smb:8160 d:- ref:0 ;
in:3170 out:3171 type:b dur:2 cpbdur:2 q:37.16 aq:33.00 tex:0 mv:0 misc:392 imb:0 pmb:0 smb:8160 d:- ref:0 ;
in:3177 out:3172 type:P dur:2 cpbdur:2 q:35.77 aq:23.83 tex:82369 mv:632 misc:2391 imb:0 pmb:943 smb:7217 d:s ref:0 ;
in:3174 out:3173 type:B dur:2 cpbdur:2 q:36.56 aq:30.00 tex:0 mv:0 misc:408 imb:0 pmb:0 smb:8160 d:s ref:0 ;
in:3172 out:3174 type:b dur:2 cpbdur:2 q:36.86 aq:33.00 tex:0 mv:0 misc:392 imb:0 pmb:0 smb:8160 d:s ref:0 ;
in:3173 out:3175 type:b dur:2 cpbdur:2 q:36.86 aq:33.00 tex:0 mv:0 misc:392 imb:0 pmb:0 smb:8160 d:s ref:0 ;
in:3175 out:3176 type:b dur:2 cpbdur:2 q:36.86 aq:33.00 tex:0 mv:0 misc:392 imb:0 pmb:0 smb:8160 d:- ref:0 ;
in:3176 out:3177 type:b dur:2 cpbdur:2 q:36.86 aq:33.00 tex:0 mv:0 misc:392 imb:0 pmb:0 smb:8160 d:- ref:0 ;
in:3183 out:3178 type:P dur:2 cpbdur:2 q:35.42 aq:23.77 tex:117543 mv:1020 misc:3541 imb:1 pmb:1742 smb:6417 d:s ref:0 ;
in:3180 out:3179 type:B dur:2 cpbdur:2 q:36.21 aq:30.00 tex:0 mv:0 misc:408 imb:0 pmb:0 smb:8160 d:s ref:0 ;
in:3178 out:3180 type:b dur:2 cpbdur:2 q:36.54 aq:33.00 tex:0 mv:0 misc:392 imb:0 pmb:0 smb:8160 d:s ref:0 ;
in:3179 out:3181 type:b dur:2 cpbdur:2 q:36.54 aq:33.00 tex:0 mv:0 misc:392 imb:0 pmb:0 smb:8160 d:s ref:0 ;
in:3181 out:3182 type:b dur:2 cpbdur:2 q:36.54 aq:33.00 tex:0 mv:0 misc:392 imb:0 pmb:0 smb:8160 d:- ref:0 ;
in:3182 out:3183 type:b dur:2 cpbdur:2 q:36.54 aq:33.00 tex:0 mv:0 misc:392 imb:0 pmb:0 smb:8160 d:- ref:0 ;
in:3189 out:3184 type:P dur:2 cpbdur:2 q:35.34 aq:23.81 tex:93899 mv:364 misc:2353 imb:0 pmb:1174 smb:6986 d:s ref:0 ;
in:3186 out:3185 type:B dur:2 cpbdur:2 q:35.89 aq:30.00 tex:0 mv:0 misc:408 imb:0 pmb:0 smb:8160 d:s ref:0 ;
in:3184 out:3186 type:b dur:2 cpbdur:2 q:36.27 aq:33.00 tex:0 mv:0 misc:392 imb:0 pmb:0 smb:8160 d:s ref:0 ;
in:3185 out:3187 type:b dur:2 cpbdur:2 q:36.27 aq:33.00 tex:0 mv:0 misc:392 imb:0 pmb:0 smb:8160 d:s ref:0 ;
in:3187 out:3188 type:b dur:2 cpbdur:2 q:36.27 aq:33.00 tex:0 mv:0 misc:392 imb:0 pmb:0 smb:8160 d:- ref:0 ;
in:3188 out:3189 type:b dur:2 cpbdur:2 q:36.27 aq:33.00 tex:0 mv:0 misc:392 imb:0 pmb:0 smb:8160 d:- ref:0 ;
in:3195 out:3190 type:P dur:2 cpbdur:2 q:35.01 aq:23.51 tex:44560 mv:255 misc:2329 imb:0 pmb:710 smb:7450 d:s ref:0 ;
in:3192 out:3191 type:B dur:2 cpbdur:2 q:35.73 aq:30.00 tex:0 mv:0 misc:408 imb:0 pmb:0 smb:8160 d:s ref:0 ;
in:3190 out:3192 type:b dur:2 cpbdur:2 q:35.97 aq:33.00 tex:0 mv:0 misc:392 imb:0 pmb:0 smb:8160 d:s ref:0 ;
in:3191 out:3193 type:b dur:2 cpbdur:2 q:35.97 aq:33.00 tex:0 mv:0 misc:392 imb:0 pmb:0 smb:8160 d:s ref:0 ;
in:3193 out:3194 type:b dur:2 cpbdur:2 q:35.96 aq:33.00 tex:0 mv:0 misc:392 imb:0 pmb:0 smb:8160 d:- ref:0 ;
in:3194 out:3195 type:b dur:2 cpbdur:2 q:35.96 aq:33.00 tex:0 mv:0 misc:392 imb:0 pmb:0 smb:8160 d:- ref:0 ;
in:3201 out:3196 type:P dur:2 cpbdur:2 q:34.49 aq:24.43 tex:27397 mv:185 misc:1506 imb:0 pmb:395 smb:7765 d:s ref:0 ;
in:3198 out:3197 type:B dur:2 cpbdur:2 q:35.34 aq:30.00 tex:0 mv:0 misc:408 imb:0 pmb:0 smb:8160 d:s ref:0 ;
in:3196 out:3198 type:b dur:2 cpbdur:2 q:35.67 aq:33.00 tex:0 mv:0 misc:392 imb:0 pmb:0 smb:8160 d:s ref:0 ;
in:3197 out:3199 type:b dur:2 cpbdur:2 q:35.67 aq:33.00 tex:0 mv:0 misc:392 imb:0 pmb:0 smb:8160 d:s ref:0 ;
in:3199 out:3200 type:b dur:2 cpbdur:2 q:35.67 aq:33.00 tex:0 mv:0 misc:392 imb:0 pmb:0 smb:8160 d:- ref:0 ;
in:3200 out:3201 type:b dur:2 cpbdur:2 q:35.67 aq:33.00 tex:0 mv:0 misc:392 imb:0 pmb:0 smb:8160 d:- ref:0 ;
in:3207 out:3202 type:P dur:2 cpbdur:2 q:33.85 aq:26.01 tex:4817 mv:84 misc:955 imb:0 pmb:121 smb:8039 d:s ref:0 ;
in:3204 out:3203 type:B dur:2 cpbdur:2 q:34.88 aq:30.00 tex:0 mv:0 misc:408 imb:0 pmb:0 smb:8160 d:s ref:0 ;
in:3202 out:3204 type:b dur:2 cpbdur:2 q:35.26 aq:33.00 tex:0 mv:0 misc:392 imb:0 pmb:0 smb:8160 d:s ref:0 ;
in:3203 out:3205 type:b dur:2 cpbdur:2 q:35.26 aq:33.00 tex:0 mv:0 misc:392 imb:0 pmb:0 smb:8160 d:s ref:0 ;
in:3205 out:3206 type:b dur:2 cpbdur:2 q:35.26 aq:33.00 tex:0 mv:0 misc:392 imb:0 pmb:0 smb:8160 d:- ref:0 ;
in:3206 out:3207 type:b dur:2 cpbdur:2 q:35.26 aq:33.00 tex:0 mv:0 misc:392 imb:0 pmb:0 smb:8160 d:- ref:0 ;
in:3213 out:3208 type:P dur:2 cpbdur:2 q:33.77 aq:27.11 tex:614 mv:37 misc:541 imb:0 pmb:18 smb:8142 d:s ref:0 ;
in:3210 out:3209 type:B dur:2 cpbdur:2 q:33.85 aq:29.00 tex:0 mv:0 misc:408 imb:0 pmb:0 smb:8160 d:s ref:0 ;
in:3208 out:3210 type:b dur:2 cpbdur:2 q:33.85 aq:33.00 tex:0 mv:0 misc:392 imb:0 pmb:0 smb:8160 d:s ref:0 ;
in:3209 out:3211 type:b dur:2 cpbdur:2 q:33.85 aq:33.00 tex:0 mv:0 misc:392 imb:0 pmb:0 smb:8160 d:s ref:0 ;
in:3211 out:3212 type:b dur:2 cpbdur:2 q:33.85 aq:33.00 tex:0 mv:0 misc:392 imb:0 pmb:0 smb:8160 d:- ref:0 ;
in:3212 out:3213 type:b dur:2 cpbdur:2 q:33.85 aq:33.00 tex:0 mv:0 misc:392 imb:0 pmb:0 smb:8160 d:- ref:0 ;
in:3219 out:3214 type:P dur:2 cpbdur:2 q:33.67 aq:27.41 tex:17 mv:3 misc:420 imb:0 pmb:1 smb:8159 d:s ref:0 ;
in:3216 out:3215 type:B dur:2 cpbdur:2 q:33.77 aq:29.00 tex:0 mv:0 misc:408 imb:0 pmb:0 smb:8160 d:s ref:0 ;
in:3214 out:3216 type:b dur:2 cpbdur:2 q:33.77 aq:33.00 tex:0 mv:0 misc:392 imb:0 pmb:0 smb:8160 d:s ref:0 ;
in:3215 out:3217 type:b dur:2 cpbdur:2 q:33.77 aq:33.00 tex:0 mv:0 misc:392 imb:0 pmb:0 smb:8160 d:s ref:0 ;
in:3217 out:3218 type:b dur:2 cpbdur:2 q:33.77 aq:33.00 tex:0 mv:0 misc:392 imb:0 pmb:0 smb:8160 d:- ref:0 ;
in:3218 out:3219 type:b dur:2 cpbdur:2 q:33.77 aq:32.00 tex:0 mv:0 misc:392 imb:0 pmb:0 smb:8160 d:- ref:0 ;
in:3222 out:3220 type:P dur:2 cpbdur:2 q:33.55 aq:26.00 tex:0 mv:0 misc:408 imb:0 pmb:0 smb:8160 d:s ref:0 w:0,1,-1 ;
in:3220 out:3221 type:B dur:2 cpbdur:2 q:33.67 aq:31.00 tex:0 mv:0 misc:408 imb:0 pmb:0 smb:8160 d:s ref:0 ;
in:3221 out:3222 type:b dur:2 cpbdur:2 q:33.66 aq:32.00 tex:0 mv:0 misc:392 imb:0 pmb:0 smb:8160 d:- ref:0 ;
in:3223 out:3223 type:P dur:2 cpbdur:2 q:33.53 aq:29.11 tex:32 mv:9 misc:463 imb:0 pmb:3 smb:8157 d:s ref:0 w:7,127,0 ;
in:3224 out:3224 type:P dur:2 cpbdur:2 q:33.53 aq:28.33 tex:71 mv:18 misc:543 imb:0 pmb:9 smb:8151 d:s ref:0 w:6,63,0,6,64,0,63,2 ;
in:3230 out:3225 type:P dur:2 cpbdur:2 q:33.52 aq:29.00 tex:75 mv:97 misc:564 imb:1 pmb:20 smb:8139 d:s ref:0 w:7,99,0,5,25,28,25,28 ;
in:3227 out:3226 type:B dur:2 cpbdur:2 q:33.53 aq:29.51 tex:1588 mv:86 misc:806 imb:1 pmb:132 smb:8027 d:s ref:0 ;
in:3225 out:3227 type:b dur:2 cpbdur:2 q:33.53 aq:32.00 tex:0 mv:0 misc:392 imb:0 pmb:0 smb:8160 d:s ref:0 ;
in:3226 out:3228 type:b dur:2 cpbdur:2 q:33.53 aq:32.00 tex:18 mv:8 misc:414 imb:0 pmb:2 smb:8158 d:s ref:0 ;
in:3228 out:3229 type:b dur:2 cpbdur:2 q:33.53 aq:32.00 tex:24 mv:17 misc:431 imb:0 pmb:4 smb:8156 d:- ref:0 ;
in:3229 out:3230 type:b dur:2 cpbdur:2 q:33.53 aq:32.00 tex:10 mv:5 misc:401 imb:0 pmb:1 smb:8159 d:- ref:0 ;
in:3236 out:3231 type:P dur:2 cpbdur:2 q:33.45 aq:23.63 tex:17 mv:12 misc:499 imb:1 pmb:0 smb:8159 d:s ref:0 w:7,53,0,7,55,73,55,73 ;
in:3233 out:3232 type:B dur:2 cpbdur:2 q:33.52 aq:29.02 tex:1696 mv:178 misc:742 imb:8 pmb:98 smb:8054 d:s ref:0 ;
in:3231 out:3233 type:b dur:2 cpbdur:2 q:33.52 aq:31.00 tex:35 mv:26 misc:435 imb:1 pmb:4 smb:8155 d:s ref:0 ;
in:3232 out:3234 type:b dur:2 cpbdur:2 q:33.52 aq:31.00 tex:0 mv:0 misc:392 imb:0 pmb:0 smb:8160 d:s ref:0 ;
in:3234 out:3235 type:b dur:2 cpbdur:2 q:33.52 aq:31.00 tex:0 mv:0 misc:392 imb:0 pmb:0 smb:8160 d:- ref:0 ;
in:3235 out:3236 type:b dur:2 cpbdur:2 q:33.52 aq:30.00 tex:0 mv:0 misc:392 imb:0 pmb:0 smb:8160 d:- ref:0 ;
in:3238 out:3237 type:P dur:2 cpbdur:2 q:33.35 aq:28.00 tex:0 mv:0 misc:504 imb:0 pmb:0 smb:8160 d:s ref:0 w:7,49,-1,7,63,65,53,75 ;
in:3237 out:3238 type:b dur:2 cpbdur:2 q:33.45 aq:29.00 tex:0 mv:0 misc:392 imb:0 pmb:0 smb:8160 d:s ref:0 ;
