#options: 1920x1080 fps=30/1 timebase=1/30 bitdepth=8 cabac=1 ref=1 deblock=1:1:1 analyse=0x1:0 me=dia subme=2 psy=1 psy_rd=0.40:0.00 mixed_ref=0 me_range=16 chroma_me=1 trellis=0 8x8dct=0 cqm=0 deadzone=21,11 fast_pskip=1 chroma_qp_offset=0 threads=24 lookahead_threads=8 sliced_threads=0 nr=0 decimate=1 interlaced=0 bluray_compat=0 constrained_intra=0 bframes=5 b_pyramid=2 b_adapt=1 b_bias=0 direct=3 weightb=1 open_gop=0 weightp=2 keyint=250 keyint_min=25 scenecut=40 intra_refresh=0 rc_lookahead=50 rc=abr mbtree=1 bitrate=1908 ratetol=1.0 qcomp=0.60 qpmin=0 qpmax=69 qpstep=4 vbv_maxrate=5000 vbv_bufsize=10000 nal_hrd=none filler=0 ip_ratio=1.40 aq=1:0.60
in:0 out:0 type:I dur:2 cpbdur:2 q:36.20 aq:27.60 tex:755835 mv:24431 misc:262 imb:8160 pmb:0 smb:0 d:- ref:;
in:6 out:1 type:P dur:2 cpbdur:2 q:38.71 aq:27.33 tex:381079 mv:26633 misc:720 imb:4545 pmb:3561 smb:54 d:- ref:0 ;
in:3 out:2 type:B dur:2 cpbdur:2 q:38.86 aq:34.18 tex:9249 mv:2960 misc:1383 imb:22 pmb:6173 smb:1965 d:s ref:0 ;
in:1 out:3 type:b dur:2 cpbdur:2 q:39.19 aq:38.14 tex:4929 mv:2261 misc:1506 imb:9 pmb:5259 smb:2892 d:s ref:0 ;
in:2 out:4 type:b dur:2 cpbdur:2 q:39.19 aq:37.40 tex:946 mv:749 misc:2377 imb:0 pmb:3506 smb:4654 d:s ref:0 ;
in:4 out:5 type:b dur:2 cpbdur:2 q:39.03 aq:34.00 tex:0 mv:29 misc:427 imb:0 pmb:11 smb:8149 d:- ref:0 ;
in:5 out:6 type:b dur:2 cpbdur:2 q:39.03 aq:37.35 tex:122 mv:82 misc:428 imb:3 pmb:12 smb:8145 d:- ref:0 ;
in:12 out:7 type:P dur:2 cpbdur:2 q:38.56 aq:27.89 tex:20594 mv:1557 misc:2561 imb:78 pmb:518 smb:7564 d:- ref:0 ;
in:9 out:8 type:B dur:2 cpbdur:2 q:39.24 aq:37.58 tex:1044 mv:647 misc:477 imb:11 pmb:54 smb:8095 d:s ref:0 ;
in:7 out:9 type:b dur:2 cpbdur:2 q:39.23 aq:38.60 tex:1444 mv:657 misc:459 imb:20 pmb:36 smb:8104 d:s ref:0 ;
in:8 out:10 type:b dur:2 cpbdur:2 q:39.24 aq:38.88 tex:491 mv:558 misc:463 imb:9 pmb:49 smb:8102 d:s ref:0 ;
in:10 out:11 type:b dur:2 cpbdur:2 q:39.24 aq:40.20 tex:228 mv:336 misc:508 imb:0 pmb:35 smb:8125 d:- ref:0 ;
in:11 out:12 type:b dur:2 cpbdur:2 q:39.25 aq:39.01 tex:63 mv:116 misc:477 imb:0 pmb:24 smb:8136 d:- ref:0 ;
in:18 out:13 type:P dur:2 cpbdur:2 q:37.95 aq:26.04 tex:36439 mv:2386 misc:3783 imb:91 pmb:803 smb:7266 d:- ref:0 ;
in:15 out:14 type:B dur:2 cpbdur:2 q:38.56 aq:37.18 tex:357 mv:644 misc:487 imb:4 pmb:49 smb:8107 d:s ref:0 ;
in:13 out:15 type:b dur:2 cpbdur:2 q:38.56 aq:39.53 tex:215 mv:338 misc:479 imb:1 pmb:40 smb:8119 d:s ref:0 ;
in:14 out:16 type:b dur:2 cpbdur:2 q:38.56 aq:38.76 tex:126 mv:431 misc:483 imb:0 pmb:45 smb:8115 d:s ref:0 ;
in:16 out:17 type:b dur:2 cpbdur:2 q:38.56 aq:38.79 tex:137 mv:328 misc:503 imb:0 pmb:31 smb:8129 d:- ref:0 ;
in:17 out:18 type:b dur:2 cpbdur:2 q:38.55 aq:38.79 tex:193 mv:181 misc:458 imb:0 pmb:18 smb:8142 d:- ref:0 ;
in:23 out:19 type:P dur:2 cpbdur:2 q:37.85 aq:28.92 tex:121293 mv:5747 misc:3288 imb:601 pmb:1965 smb:5594 d:- ref:0 ;
in:20 out:20 type:B dur:2 cpbdur:2 q:38.37 aq:32.75 tex:94 mv:153 misc:801 imb:0 pmb:447 smb:7713 d:s ref:0 ;
in:19 out:21 type:b dur:2 cpbdur:2 q:38.37 aq:35.00 tex:0 mv:0 misc:392 imb:0 pmb:0 smb:8160 d:- ref:0 ;
in:21 out:22 type:b dur:2 cpbdur:2 q:38.37 aq:35.99 tex:38 mv:119 misc:899 imb:2 pmb:190 smb:7968 d:- ref:0 ;
in:22 out:23 type:b dur:2 cpbdur:2 q:38.37 aq:34.00 tex:27 mv:164 misc:753 imb:3 pmb:154 smb:8003 d:- ref:0 ;
in:24 out:24 type:P dur:2 cpbdur:2 q:43.48 aq:39.18 tex:11730 mv:3356 misc:634 imb:503 pmb:48 smb:7609 d:- ref:0 ;
in:26 out:25 type:P dur:2 cpbdur:2 q:51.48 aq:40.59 tex:12727 mv:3191 misc:634 imb:412 pmb:58 smb:7690 d:s ref:0 ;
in:25 out:26 type:b dur:2 cpbdur:2 q:51.42 aq:49.06 tex:517 mv:1927 misc:852 imb:34 pmb:150 smb:7976 d:s ref:0 ;
in:30 out:27 type:P dur:2 cpbdur:2 q:49.70 aq:42.40 tex:4419 mv:1239 misc:814 imb:43 pmb:142 smb:7975 d:s ref:0 ;
in:28 out:28 type:B dur:2 cpbdur:2 q:51.47 aq:47.20 tex:770 mv:1817 misc:765 imb:38 pmb:149 smb:7973 d:s ref:0 ;
in:27 out:29 type:b dur:2 cpbdur:2 q:51.48 aq:50.61 tex:129 mv:601 misc:726 imb:0 pmb:116 smb:8044 d:s ref:0 ;
in:29 out:30 type:b dur:2 cpbdur:2 q:51.46 aq:50.23 tex:159 mv:736 misc:673 imb:5 pmb:92 smb:8063 d:- ref:0 ;
in:36 out:31 type:P dur:2 cpbdur:2 q:45.70 aq:34.36 tex:16703 mv:2807 misc:618 imb:118 pmb:196 smb:7846 d:s ref:0 ;
in:33 out:32 type:B dur:2 cpbdur:2 q:49.67 aq:45.00 tex:13 mv:81 misc:722 imb:0 pmb:110 smb:8050 d:s ref:0 ;
in:31 out:33 type:b dur:2 cpbdur:2 q:49.69 aq:49.61 tex:66 mv:921 misc:741 imb:0 pmb:172 smb:7988 d:s ref:0 ;
in:32 out:34 type:b dur:2 cpbdur:2 q:49.68 aq:47.00 tex:4 mv:162 misc:610 imb:0 pmb:56 smb:8104 d:s ref:0 ;
in:34 out:35 type:b dur:2 cpbdur:2 q:49.66 aq:46.00 tex:0 mv:0 misc:392 imb:0 pmb:0 smb:8160 d:- ref:0 ;
in:35 out:36 type:b dur:2 cpbdur:2 q:49.65 aq:45.00 tex:0 mv:0 misc:392 imb:0 pmb:0 smb:8160 d:- ref:0 ;
in:42 out:37 type:P dur:2 cpbdur:2 q:39.13 aq:28.71 tex:23499 mv:1248 misc:1037 imb:94 pmb:256 smb:7810 d:s ref:0 ;
in:39 out:38 type:B dur:2 cpbdur:2 q:45.65 aq:38.00 tex:1 mv:15 misc:432 imb:0 pmb:6 smb:8154 d:s ref:0 ;
in:37 out:39 type:b dur:2 cpbdur:2 q:45.68 aq:43.00 tex:0 mv:0 misc:392 imb:0 pmb:0 smb:8160 d:s ref:0 ;
in:38 out:40 type:b dur:2 cpbdur:2 q:45.66 aq:42.00 tex:0 mv:0 misc:392 imb:0 pmb:0 smb:8160 d:s ref:0 ;
in:40 out:41 type:b dur:2 cpbdur:2 q:45.63 aq:40.00 tex:2 mv:14 misc:408 imb:0 pmb:5 smb:8155 d:- ref:0 ;
in:41 out:42 type:b dur:2 cpbdur:2 q:45.61 aq:39.00 tex:2 mv:14 misc:408 imb:0 pmb:6 smb:8154 d:- ref:0 ;
in:48 out:43 type:P dur:2 cpbdur:2 q:37.70 aq:27.11 tex:128413 mv:2990 misc:3845 imb:133 pmb:2052 smb:5975 d:s ref:0 ;
in:45 out:44 type:B dur:2 cpbdur:2 q:39.44 aq:35.23 tex:1231 mv:267 misc:470 imb:3 pmb:32 smb:8125 d:s ref:0 ;
in:43 out:45 type:b dur:2 cpbdur:2 q:39.73 aq:40.04 tex:237 mv:144 misc:435 imb:1 pmb:17 smb:8142 d:s ref:0 ;
in:44 out:46 type:b dur:2 cpbdur:2 q:39.72 aq:36.00 tex:1 mv:24 misc:431 imb:0 pmb:13 smb:8147 d:s ref:0 ;
in:46 out:47 type:b dur:2 cpbdur:2 q:39.71 aq:35.00 tex:2 mv:43 misc:443 imb:0 pmb:20 smb:8140 d:- ref:0 ;
in:47 out:48 type:b dur:2 cpbdur:2 q:39.70 aq:36.85 tex:318 mv:244 misc:446 imb:6 pmb:25 smb:8129 d:- ref:0 ;
in:49 out:49 type:P dur:2 cpbdur:2 q:37.48 aq:24.98 tex:134858 mv:1942 misc:2488 imb:55 pmb:1545 smb:6560 d:s ref:0 ;
in:50 out:50 type:P dur:2 cpbdur:2 q:37.02 aq:25.04 tex:97023 mv:1736 misc:3497 imb:57 pmb:1308 smb:6795 d:s ref:0 ;
in:52 out:51 type:P dur:2 cpbdur:2 q:36.88 aq:25.09 tex:177132 mv:3388 misc:3976 imb:94 pmb:2507 smb:5559 d:s ref:0 ;
in:51 out:52 type:b dur:2 cpbdur:2 q:37.70 aq:33.00 tex:8 mv:40 misc:440 imb:0 pmb:25 smb:8135 d:s ref:0 ;
in:53 out:53 type:P dur:2 cpbdur:2 q:36.65 aq:24.90 tex:159020 mv:2174 misc:3054 imb:39 pmb:1737 smb:6384 d:s ref:0 ;
in:59 out:54 type:P dur:2 cpbdur:2 q:35.91 aq:24.57 tex:114054 mv:2180 misc:3798 imb:66 pmb:1682 smb:6412 d:s ref:0 ;
in:56 out:55 type:B dur:2 cpbdur:2 q:37.07 aq:31.31 tex:1944 mv:786 misc:526 imb:7 pmb:83 smb:8070 d:s ref:0 ;
in:54 out:56 type:b dur:2 cpbdur:2 q:37.40 aq:32.00 tex:13 mv:420 misc:479 imb:2 pmb:44 smb:8114 d:s ref:0 ;
in:55 out:57 type:b dur:2 cpbdur:2 q:37.40 aq:32.00 tex:10 mv:60 misc:466 imb:0 pmb:38 smb:8122 d:s ref:0 ;
in:57 out:58 type:b dur:2 cpbdur:2 q:37.40 aq:35.94 tex:3694 mv:961 misc:497 imb:25 pmb:78 smb:8057 d:- ref:0 ;
in:58 out:59 type:b dur:2 cpbdur:2 q:37.40 aq:35.91 tex:662 mv:715 misc:519 imb:5 pmb:76 smb:8079 d:- ref:0 ;
in:63 out:60 type:P dur:2 cpbdur:2 q:35.89 aq:24.97 tex:175992 mv:1784 misc:3000 imb:42 pmb:1848 smb:6270 d:s ref:0 ;
in:61 out:61 type:B dur:2 cpbdur:2 q:36.67 aq:32.72 tex:123 mv:778 misc:539 imb:1 pmb:82 smb:8077 d:s ref:0 ;
in:60 out:62 type:b dur:2 cpbdur:2 q:36.79 aq:32.00 tex:11 mv:65 misc:492 imb:0 pmb:52 smb:8108 d:s ref:0 ;
in:62 out:63 type:b dur:2 cpbdur:2 q:36.78 aq:31.00 tex:12 mv:380 misc:528 imb:0 pmb:67 smb:8093 d:- ref:0 ;
in:64 out:64 type:P dur:2 cpbdur:2 q:35.46 aq:24.30 tex:132350 mv:1968 misc:2370 imb:42 pmb:1292 smb:6826 d:s ref:0 ;
in:67 out:65 type:P dur:2 cpbdur:2 q:34.79 aq:23.75 tex:214203 mv:2671 misc:3766 imb:63 pmb:2206 smb:5891 d:s ref:0 ;
in:65 out:66 type:B dur:2 cpbdur:2 q:35.87 aq:31.64 tex:258 mv:944 misc:558 imb:7 pmb:100 smb:8053 d:s ref:0 ;
in:66 out:67 type:b dur:2 cpbdur:2 q:36.03 aq:30.00 tex:11 mv:49 misc:516 imb:0 pmb:68 smb:8092 d:- ref:0 ;
in:72 out:68 type:P dur:2 cpbdur:2 q:34.12 aq:23.40 tex:172712 mv:2107 misc:3493 imb:15 pmb:1947 smb:6198 d:s ref:0 ;
in:69 out:69 type:B dur:2 cpbdur:2 q:35.33 aq:28.00 tex:10 mv:51 misc:499 imb:0 pmb:63 smb:8097 d:s ref:0 ;
in:68 out:70 type:b dur:2 cpbdur:2 q:35.60 aq:30.00 tex:13 mv:42 misc:489 imb:0 pmb:63 smb:8097 d:s ref:0 ;
in:70 out:71 type:b dur:2 cpbdur:2 q:35.60 aq:30.00 tex:0 mv:0 misc:392 imb:0 pmb:0 smb:8160 d:- ref:0 ;
in:71 out:72 type:b dur:2 cpbdur:2 q:35.60 aq:30.00 tex:0 mv:0 misc:392 imb:0 pmb:0 smb:8160 d:- ref:0 ;
in:73 out:73 type:P dur:2 cpbdur:2 q:34.09 aq:23.54 tex:197902 mv:1250 misc:2856 imb:9 pmb:2233 smb:5918 d:s ref:0 ;
in:74 out:74 type:P dur:2 cpbdur:2 q:34.00 aq:24.16 tex:90549 mv:1025 misc:1778 imb:1 pmb:847 smb:7312 d:s ref:0 ;
in:78 out:75 type:P dur:2 cpbdur:2 q:33.47 aq:23.59 tex:95467 mv:1524 misc:2225 imb:41 pmb:940 smb:7179 d:s ref:0 ;
in:76 out:76 type:B dur:2 cpbdur:2 q:34.61 aq:31.51 tex:769 mv:731 misc:564 imb:0 pmb:85 smb:8075 d:s ref:0 ;
in:75 out:77 type:b dur:2 cpbdur:2 q:35.01 aq:32.15 tex:226 mv:938 misc:588 imb:1 pmb:76 smb:8083 d:s ref:0 ;
in:77 out:78 type:b dur:2 cpbdur:2 q:35.01 aq:33.16 tex:83 mv:399 misc:534 imb:0 pmb:51 smb:8109 d:- ref:0 ;
in:84 out:79 type:P dur:2 cpbdur:2 q:33.27 aq:25.24 tex:39137 mv:756 misc:1435 imb:0 pmb:509 smb:7651 d:s ref:0 ;
in:81 out:80 type:B dur:2 cpbdur:2 q:33.79 aq:28.00 tex:13 mv:105 misc:714 imb:0 pmb:99 smb:8061 d:s ref:0 ;
in:79 out:81 type:b dur:2 cpbdur:2 q:34.05 aq:32.00 tex:1 mv:38 misc:473 imb:0 pmb:16 smb:8144 d:s ref:0 ;
in:80 out:82 type:b dur:2 cpbdur:2 q:34.06 aq:32.00 tex:7 mv:39 misc:514 imb:0 pmb:31 smb:8129 d:s ref:0 ;
in:82 out:83 type:b dur:2 cpbdur:2 q:34.06 aq:32.00 tex:0 mv:0 misc:392 imb:0 pmb:0 smb:8160 d:- ref:0 ;
in:83 out:84 type:b dur:2 cpbdur:2 q:34.06 aq:32.00 tex:0 mv:25 misc:463 imb:0 pmb:9 smb:8151 d:- ref:0 ;
in:90 out:85 type:P dur:2 cpbdur:2 q:32.34 aq:25.45 tex:1829 mv:88 misc:739 imb:0 pmb:57 smb:8103 d:s ref:0 ;
in:87 out:86 type:B dur:2 cpbdur:2 q:33.26 aq:28.00 tex:0 mv:0 misc:408 imb:0 pmb:0 smb:8160 d:s ref:0 ;
in:85 out:87 type:b dur:2 cpbdur:2 q:33.27 aq:32.00 tex:0 mv:0 misc:392 imb:0 pmb:0 smb:8160 d:s ref:0 ;
in:86 out:88 type:b dur:2 cpbdur:2 q:33.27 aq:32.00 tex:0 mv:0 misc:392 imb:0 pmb:0 smb:8160 d:s ref:0 ;
in:88 out:89 type:b dur:2 cpbdur:2 q:33.26 aq:31.00 tex:0 mv:0 misc:392 imb:0 pmb:0 smb:8160 d:- ref:0 ;
in:89 out:90 type:b dur:2 cpbdur:2 q:33.26 aq:31.00 tex:0 mv:0 misc:392 imb:0 pmb:0 smb:8160 d:- ref:0 ;
in:95 out:91 type:P dur:2 cpbdur:2 q:32.07 aq:25.15 tex:2574 mv:103 misc:971 imb:0 pmb:92 smb:8068 d:s ref:0 w:0,1,-1 ;
in:92 out:92 type:B dur:2 cpbdur:2 q:32.34 aq:28.00 tex:0 mv:0 misc:408 imb:0 pmb:0 smb:8160 d:s ref:0 ;
in:91 out:93 type:b dur:2 cpbdur:2 q:32.34 aq:31.00 tex:0 mv:0 misc:392 imb:0 pmb:0 smb:8160 d:s ref:0 ;
in:93 out:94 type:b dur:2 cpbdur:2 q:32.34 aq:31.00 tex:0 mv:0 misc:392 imb:0 pmb:0 smb:8160 d:- ref:0 ;
in:94 out:95 type:b dur:2 cpbdur:2 q:32.33 aq:31.00 tex:0 mv:0 misc:392 imb:0 pmb:0 smb:8160 d:- ref:0 ;
in:98 out:96 type:P dur:2 cpbdur:2 q:31.93 aq:26.74 tex:29917 mv:3630 misc:2221 imb:45 pmb:639 smb:7476 d:s ref:0 w:6,63,0,7,125,3,125,3 ;
in:96 out:97 type:B dur:2 cpbdur:2 q:32.07 aq:32.43 tex:2327 mv:983 misc:1170 imb:0 pmb:311 smb:7849 d:s ref:0 ;
in:97 out:98 type:b dur:2 cpbdur:2 q:32.07 aq:33.13 tex:2065 mv:1715 misc:1060 imb:4 pmb:282 smb:7874 d:- ref:0 ;
in:104 out:99 type:P dur:2 cpbdur:2 q:32.09 aq:28.64 tex:117320 mv:10651 misc:2413 imb:1020 pmb:6474 smb:666 d:s ref:0 ;
in:101 out:100 type:B dur:2 cpbdur:2 q:32.09 aq:28.77 tex:60757 mv:12847 misc:1764 imb:198 pmb:838 smb:7124 d:s ref:0 ;
in:99 out:101 type:b dur:2 cpbdur:2 q:32.09 aq:33.52 tex:11184 mv:4980 misc:1260 imb:28 pmb:462 smb:7670 d:s ref:0 ;
in:100 out:102 type:b dur:2 cpbdur:2 q:32.09 aq:32.46 tex:17797 mv:7015 misc:1292 imb:64 pmb:472 smb:7624 d:s ref:0 ;
in:102 out:103 type:b dur:2 cpbdur:2 q:32.09 aq:32.45 tex:22437 mv:10560 misc:1403 imb:91 pmb:647 smb:7422 d:- ref:0 ;
in:103 out:104 type:b dur:2 cpbdur:2 q:32.09 aq:32.74 tex:24824 mv:11748 misc:1244 imb:149 pmb:612 smb:7399 d:- ref:0 ;
in:106 out:105 type:P dur:2 cpbdur:2 q:31.74 aq:30.43 tex:53104 mv:10096 misc:3640 imb:1816 pmb:4167 smb:2177 d:s ref:0 ;
in:105 out:106 type:b dur:2 cpbdur:2 q:32.09 aq:31.47 tex:24639 mv:9587 misc:1854 imb:219 pmb:624 smb:7317 d:s ref:0 ;
in:107 out:107 type:I dur:2 cpbdur:2 q:30.38 aq:29.16 tex:802754 mv:76051 misc:363 imb:8160 pmb:0 smb:0 d:s ref:;
in:108 out:108 type:P dur:2 cpbdur:2 q:33.21 aq:32.16 tex:295569 mv:35260 misc:3739 imb:3560 pmb:1413 smb:3187 d:s ref:0 ;
in:109 out:109 type:P dur:2 cpbdur:2 q:33.40 aq:32.22 tex:334223 mv:38110 misc:4379 imb:3532 pmb:1750 smb:2878 d:s ref:0 ;
in:110 out:110 type:P dur:2 cpbdur:2 q:33.68 aq:32.41 tex:366216 mv:42205 misc:4483 imb:3928 pmb:2067 smb:2165 d:s ref:0 ;
in:112 out:111 type:P dur:2 cpbdur:2 q:33.94 aq:32.27 tex:444012 mv:47029 misc:3519 imb:5210 pmb:1749 smb:1201 d:s ref:0 ;
in:111 out:112 type:b dur:2 cpbdur:2 q:33.94 aq:34.80 tex:97999 mv:38643 misc:5270 imb:1081 pmb:2693 smb:4386 d:s ref:0 ;
in:114 out:113 type:P dur:2 cpbdur:2 q:34.21 aq:32.25 tex:426159 mv:45863 misc:3866 imb:4665 pmb:1986 smb:1509 d:s ref:0 ;
in:113 out:114 type:b dur:2 cpbdur:2 q:34.20 aq:35.31 tex:93422 mv:37683 misc:5263 imb:1023 pmb:2679 smb:4458 d:s ref:0 ;
in:116 out:115 type:P dur:2 cpbdur:2 q:35.69 aq:33.19 tex:375978 mv:44027 misc:4291 imb:4186 pmb:1900 smb:2074 d:s ref:0 ;
in:115 out:116 type:b dur:2 cpbdur:2 q:35.69 aq:36.98 tex:65244 mv:34404 misc:5392 imb:836 pmb:2450 smb:4874 d:s ref:0 ;
in:120 out:117 type:P dur:2 cpbdur:2 q:36.82 aq:32.61 tex:502396 mv:47393 misc:3251 imb:4960 pmb:1834 smb:1366 d:s ref:0 ;
in:118 out:118 type:B dur:2 cpbdur:2 q:36.86 aq:36.89 tex:79399 mv:36606 misc:5547 imb:866 pmb:2688 smb:4606 d:s ref:0 ;
in:117 out:119 type:b dur:2 cpbdur:2 q:36.98 aq:38.24 tex:40958 mv:30494 misc:5564 imb:648 pmb:2260 smb:5252 d:s ref:0 ;
in:119 out:120 type:b dur:2 cpbdur:2 q:36.98 aq:38.50 tex:33428 mv:26381 misc:5087 imb:502 pmb:2063 smb:5595 d:- ref:0 ;
in:126 out:121 type:P dur:2 cpbdur:2 q:38.13 aq:32.26 tex:388350 mv:42200 misc:4522 imb:3315 pmb:2558 smb:2287 d:s ref:0 ;
in:123 out:122 type:B dur:2 cpbdur:2 q:38.22 aq:37.53 tex:41302 mv:28843 misc:5479 imb:534 pmb:2347 smb:5279 d:s ref:0 ;
in:121 out:123 type:b dur:2 cpbdur:2 q:38.22 aq:39.79 tex:23215 mv:22923 misc:5118 imb:428 pmb:1942 smb:5790 d:s ref:0 ;
in:122 out:124 type:b dur:2 cpbdur:2 q:38.22 aq:39.57 tex:16323 mv:21040 misc:4965 imb:357 pmb:1806 smb:5997 d:s ref:0 ;
in:124 out:125 type:b dur:2 cpbdur:2 q:38.22 aq:39.86 tex:12866 mv:16717 misc:4209 imb:214 pmb:1459 smb:6487 d:- ref:0 ;
in:125 out:126 type:b dur:2 cpbdur:2 q:38.22 aq:40.00 tex:12151 mv:16343 misc:4250 imb:210 pmb:1498 smb:6452 d:- ref:0 ;
in:130 out:127 type:P dur:2 cpbdur:2 q:38.26 aq:31.87 tex:257031 mv:32791 misc:5162 imb:1969 pmb:2852 smb:3339 d:s ref:0 ;
in:128 out:128 type:B dur:2 cpbdur:2 q:38.31 aq:38.09 tex:6593 mv:10055 misc:3752 imb:113 pmb:1232 smb:6815 d:s ref:0 ;
in:127 out:129 type:b dur:2 cpbdur:2 q:38.31 aq:39.58 tex:3344 mv:7641 misc:3183 imb:73 pmb:941 smb:7146 d:s ref:0 ;
in:129 out:130 type:b dur:2 cpbdur:2 q:38.31 aq:37.67 tex:813 mv:1860 misc:2015 imb:9 pmb:574 smb:7577 d:- ref:0 ;
in:134 out:131 type:P dur:2 cpbdur:2 q:38.25 aq:31.99 tex:53606 mv:7936 misc:5034 imb:368 pmb:1390 smb:6402 d:s ref:0 ;
in:132 out:132 type:B dur:2 cpbdur:2 q:38.29 aq:36.05 tex:2716 mv:2218 misc:1498 imb:33 pmb:349 smb:7778 d:s ref:0 ;
in:131 out:133 type:b dur:2 cpbdur:2 q:38.29 aq:39.81 tex:487 mv:1286 misc:1011 imb:6 pmb:262 smb:7892 d:s ref:0 ;
in:133 out:134 type:b dur:2 cpbdur:2 q:38.30 aq:36.13 tex:351 mv:930 misc:655 imb:3 pmb:144 smb:8013 d:- ref:0 ;
in:138 out:135 type:P dur:2 cpbdur:2 q:37.23 aq:30.88 tex:165802 mv:21946 misc:6604 imb:891 pmb:3020 smb:4249 d:s ref:0 ;
in:136 out:136 type:B dur:2 cpbdur:2 q:38.33 aq:37.59 tex:2925 mv:4706 misc:2713 imb:33 pmb:795 smb:7332 d:t ref:0 ;
in:135 out:137 type:b dur:2 cpbdur:2 q:38.33 aq:39.72 tex:795 mv:2221 misc:1944 imb:21 pmb:526 smb:7613 d:s ref:0 ;
in:137 out:138 type:b dur:2 cpbdur:2 q:38.34 aq:38.25 tex:561 mv:1593 misc:1198 imb:4 pmb:268 smb:7888 d:- ref:0 ;
in:142 out:139 type:P dur:2 cpbdur:2 q:37.47 aq:31.84 tex:137058 mv:21802 misc:5988 imb:858 pmb:2678 smb:4624 d:s ref:0 ;
in:140 out:140 type:B dur:2 cpbdur:2 q:37.81 aq:37.77 tex:3311 mv:5758 misc:2923 imb:39 pmb:914 smb:7207 d:s ref:0 ;
in:139 out:141 type:b dur:2 cpbdur:2 q:38.16 aq:39.97 tex:1362 mv:2570 misc:1804 imb:18 pmb:500 smb:7642 d:s ref:0 ;
in:141 out:142 type:b dur:2 cpbdur:2 q:38.16 aq:39.61 tex:745 mv:1756 misc:1387 imb:7 pmb:345 smb:7808 d:- ref:0 ;
in:146 out:143 type:P dur:2 cpbdur:2 q:38.30 aq:33.07 tex:98811 mv:18754 misc:5619 imb:637 pmb:2327 smb:5196 d:s ref:0 ;
in:144 out:144 type:B dur:2 cpbdur:2 q:38.29 aq:38.53 tex:3800 mv:5363 misc:2829 imb:52 pmb:836 smb:7272 d:t ref:0 ;
in:143 out:145 type:b dur:2 cpbdur:2 q:38.29 aq:40.76 tex:1031 mv:1919 misc:1402 imb:17 pmb:346 smb:7797 d:s ref:0 ;
in:145 out:146 type:b dur:2 cpbdur:2 q:38.29 aq:39.63 tex:397 mv:1909 misc:1630 imb:8 pmb:410 smb:7742 d:- ref:0 ;
in:151 out:147 type:P dur:2 cpbdur:2 q:38.73 aq:33.67 tex:98327 mv:18209 misc:5488 imb:737 pmb:2160 smb:5263 d:s ref:0 ;
in:148 out:148 type:B dur:2 cpbdur:2 q:38.72 aq:37.64 tex:10309 mv:7660 misc:2983 imb:103 pmb:909 smb:7148 d:t ref:0 ;
in:147 out:149 type:b dur:2 cpbdur:2 q:38.72 aq:39.80 tex:1177 mv:1762 misc:1485 imb:10 pmb:362 smb:7788 d:s ref:0 ;
in:149 out:150 type:b dur:2 cpbdur:2 q:38.72 aq:41.43 tex:1555 mv:2733 misc:1776 imb:21 pmb:446 smb:7693 d:- ref:0 ;
in:150 out:151 type:b dur:2 cpbdur:2 q:38.73 aq:40.58 tex:813 mv:2670 misc:1773 imb:13 pmb:477 smb:7670 d:- ref:0 ;
in:155 out:152 type:P dur:2 cpbdur:2 q:39.05 aq:34.18 tex:82606 mv:18286 misc:5620 imb:640 pmb:2150 smb:5370 d:s ref:0 ;
in:153 out:153 type:B dur:2 cpbdur:2 q:39.07 aq:39.10 tex:3210 mv:4740 misc:2746 imb:42 pmb:754 smb:7364 d:s ref:0 ;
in:152 out:154 type:b dur:2 cpbdur:2 q:39.07 aq:40.74 tex:562 mv:2114 misc:1676 imb:10 pmb:405 smb:7745 d:s ref:0 ;
in:154 out:155 type:b dur:2 cpbdur:2 q:39.07 aq:40.88 tex:837 mv:1703 misc:1284 imb:7 pmb:319 smb:7834 d:- ref:0 ;
in:157 out:156 type:P dur:2 cpbdur:2 q:38.39 aq:32.83 tex:79168 mv:15326 misc:6154 imb:557 pmb:2199 smb:5404 d:s ref:0 ;
in:156 out:157 type:b dur:2 cpbdur:2 q:39.05 aq:40.44 tex:563 mv:1498 misc:1315 imb:6 pmb:305 smb:7849 d:t ref:0 ;
in:161 out:158 type:P dur:2 cpbdur:2 q:38.70 aq:33.35 tex:102535 mv:20826 misc:5799 imb:974 pmb:2202 smb:4984 d:s ref:0 ;
in:159 out:159 type:B dur:2 cpbdur:2 q:38.71 aq:38.88 tex:4589 mv:5828 misc:2831 imb:34 pmb:853 smb:7273 d:s ref:0 ;
in:158 out:160 type:b dur:2 cpbdur:2 q:38.71 aq:40.94 tex:966 mv:1725 misc:1293 imb:10 pmb:303 smb:7847 d:s ref:0 ;
in:160 out:161 type:b dur:2 cpbdur:2 q:38.71 aq:40.71 tex:1288 mv:2262 misc:1778 imb:12 pmb:494 smb:7654 d:- ref:0 ;
in:165 out:162 type:P dur:2 cpbdur:2 q:38.83 aq:33.91 tex:102977 mv:18982 misc:5481 imb:853 pmb:2137 smb:5170 d:s ref:0 ;
in:163 out:163 type:B dur:2 cpbdur:2 q:38.94 aq:39.40 tex:5102 mv:4825 misc:2513 imb:46 pmb:702 smb:7412 d:t ref:0 ;
in:162 out:164 type:b dur:2 cpbdur:2 q:38.95 aq:40.26 tex:1638 mv:2103 misc:1371 imb:20 pmb:348 smb:7792 d:s ref:0 ;
in:164 out:165 type:b dur:2 cpbdur:2 q:38.94 aq:40.67 tex:971 mv:1930 misc:1491 imb:10 pmb:378 smb:7772 d:- ref:0 ;
in:169 out:166 type:P dur:2 cpbdur:2 q:38.67 aq:33.71 tex:91643 mv:19999 misc:5894 imb:834 pmb:2240 smb:5086 d:s ref:0 ;
in:167 out:167 type:B dur:2 cpbdur:2 q:38.92 aq:38.63 tex:4614 mv:4823 misc:2691 imb:32 pmb:768 smb:7360 d:s ref:0 ;
in:166 out:168 type:b dur:2 cpbdur:2 q:38.93 aq:40.82 tex:1153 mv:2016 misc:1671 imb:13 pmb:427 smb:7720 d:s ref:0 ;
in:168 out:169 type:b dur:2 cpbdur:2 q:38.92 aq:40.92 tex:816 mv:1658 misc:1294 imb:3 pmb:325 smb:7832 d:- ref:0 ;
in:173 out:170 type:P dur:2 cpbdur:2 q:38.46 aq:33.84 tex:96253 mv:20802 misc:5705 imb:942 pmb:2295 smb:4923 d:s ref:0 ;
in:171 out:171 type:B dur:2 cpbdur:2 q:38.77 aq:38.65 tex:6372 mv:5988 misc:3008 imb:44 pmb:908 smb:7208 d:t ref:0 ;
in:170 out:172 type:b dur:2 cpbdur:2 q:38.77 aq:40.11 tex:1474 mv:2094 misc:1528 imb:20 pmb:365 smb:7775 d:s ref:0 ;
in:172 out:173 type:b dur:2 cpbdur:2 q:38.77 aq:40.84 tex:1562 mv:2217 misc:1693 imb:20 pmb:441 smb:7699 d:- ref:0 ;
in:177 out:174 type:P dur:2 cpbdur:2 q:38.04 aq:33.78 tex:88619 mv:19263 misc:5766 imb:773 pmb:2238 smb:5149 d:s ref:0 ;
in:175 out:175 type:B dur:2 cpbdur:2 q:38.54 aq:39.14 tex:4353 mv:4666 misc:2525 imb:24 pmb:742 smb:7394 d:t ref:0 ;
in:174 out:176 type:b dur:2 cpbdur:2 q:38.54 aq:40.12 tex:796 mv:2106 misc:1562 imb:7 pmb:399 smb:7754 d:s ref:0 ;
in:176 out:177 type:b dur:2 cpbdur:2 q:38.54 aq:38.93 tex:1396 mv:1940 misc:1432 imb:31 pmb:328 smb:7801 d:- ref:0 ;
in:179 out:178 type:P dur:2 cpbdur:2 q:37.84 aq:33.34 tex:86672 mv:17154 misc:5910 imb:733 pmb:2166 smb:5261 d:s ref:0 ;
in:178 out:179 type:b dur:2 cpbdur:2 q:38.29 aq:40.42 tex:1779 mv:2209 misc:1596 imb:16 pmb:415 smb:7729 d:s ref:0 ;
in:183 out:180 type:P dur:2 cpbdur:2 q:37.69 aq:33.96 tex:100242 mv:19763 misc:5651 imb:798 pmb:2236 smb:5126 d:s ref:0 ;
in:181 out:181 type:B dur:2 cpbdur:2 q:38.01 aq:38.58 tex:9780 mv:6567 misc:3165 imb:91 pmb:916 smb:7153 d:t ref:0 ;
in:180 out:182 type:b dur:2 cpbdur:2 q:38.01 aq:39.60 tex:3065 mv:3002 misc:2213 imb:37 pmb:590 smb:7533 d:s ref:0 ;
in:182 out:183 type:b dur:2 cpbdur:2 q:38.01 aq:40.71 tex:1517 mv:1953 misc:1434 imb:6 pmb:355 smb:7799 d:- ref:0 ;
in:185 out:184 type:P dur:2 cpbdur:2 q:36.98 aq:33.44 tex:81267 mv:14793 misc:5524 imb:566 pmb:2070 smb:5524 d:s ref:0 ;
in:184 out:185 type:b dur:2 cpbdur:2 q:37.96 aq:39.63 tex:2040 mv:2156 misc:1548 imb:9 pmb:387 smb:7764 d:t ref:0 ;
in:189 out:186 type:P dur:2 cpbdur:2 q:37.36 aq:35.26 tex:82440 mv:18758 misc:4954 imb:898 pmb:1713 smb:5549 d:s ref:0 ;
in:187 out:187 type:B dur:2 cpbdur:2 q:37.37 aq:37.73 tex:24311 mv:9094 misc:3787 imb:174 pmb:1320 smb:6666 d:s ref:0 ;
in:186 out:188 type:b dur:2 cpbdur:2 q:37.37 aq:38.74 tex:5081 mv:4296 misc:2607 imb:78 pmb:729 smb:7353 d:s ref:0 ;
in:188 out:189 type:b dur:2 cpbdur:2 q:37.37 aq:39.08 tex:2250 mv:2022 misc:1800 imb:12 pmb:436 smb:7712 d:- ref:0 ;
in:192 out:190 type:P dur:2 cpbdur:2 q:38.99 aq:32.96 tex:420212 mv:49281 misc:2835 imb:4696 pmb:1721 smb:1743 d:s ref:0 ;
in:190 out:191 type:B dur:2 cpbdur:2 q:39.00 aq:39.34 tex:9502 mv:4535 misc:2651 imb:107 pmb:726 smb:7327 d:s ref:0 ;
in:191 out:192 type:b dur:2 cpbdur:2 q:39.00 aq:40.11 tex:576 mv:1354 misc:1158 imb:7 pmb:308 smb:7845 d:- ref:0 ;
in:196 out:193 type:P dur:2 cpbdur:2 q:38.33 aq:32.03 tex:174760 mv:24769 misc:6007 imb:1400 pmb:2638 smb:4122 d:s ref:0 ;
in:194 out:194 type:B dur:2 cpbdur:2 q:39.00 aq:38.92 tex:9326 mv:6028 misc:2542 imb:162 pmb:770 smb:7228 d:s ref:0 ;
in:193 out:195 type:b dur:2 cpbdur:2 q:39.00 aq:39.82 tex:2484 mv:3126 misc:1574 imb:31 pmb:461 smb:7668 d:s ref:0 ;
in:195 out:196 type:b dur:2 cpbdur:2 q:39.00 aq:40.81 tex:1107 mv:2303 misc:1670 imb:7 pmb:446 smb:7707 d:- ref:0 ;
in:198 out:197 type:P dur:2 cpbdur:2 q:38.25 aq:31.68 tex:144507 mv:14527 misc:5998 imb:661 pmb:2216 smb:5283 d:s ref:0 ;
in:197 out:198 type:b dur:2 cpbdur:2 q:38.73 aq:40.61 tex:599 mv:1701 misc:1308 imb:7 pmb:353 smb:7800 d:s ref:0 ;
in:200 out:199 type:P dur:2 cpbdur:2 q:38.36 aq:32.16 tex:81222 mv:12053 misc:5989 imb:387 pmb:2130 smb:5643 d:s ref:0 ;
in:199 out:200 type:b dur:2 cpbdur:2 q:38.60 aq:41.71 tex:387 mv:1366 misc:983 imb:13 pmb:217 smb:7930 d:t ref:0 ;
in:204 out:201 type:P dur:2 cpbdur:2 q:38.42 aq:32.41 tex:93488 mv:16745 misc:6023 imb:538 pmb:2387 smb:5235 d:s ref:0 ;
in:202 out:202 type:B dur:2 cpbdur:2 q:38.71 aq:38.76 tex:2255 mv:3029 misc:2060 imb:24 pmb:600 smb:7536 d:s ref:0 ;
in:201 out:203 type:b dur:2 cpbdur:2 q:38.89 aq:40.35 tex:579 mv:1436 misc:1185 imb:6 pmb:298 smb:7856 d:s ref:0 ;
in:203 out:204 type:b dur:2 cpbdur:2 q:38.89 aq:39.89 tex:779 mv:1579 misc:1386 imb:7 pmb:361 smb:7792 d:- ref:0 ;
in:208 out:205 type:P dur:2 cpbdur:2 q:38.07 aq:31.98 tex:119587 mv:18312 misc:6325 imb:695 pmb:2636 smb:4829 d:s ref:0 ;
in:206 out:206 type:B dur:2 cpbdur:2 q:38.63 aq:38.64 tex:2639 mv:2968 misc:2113 imb:24 pmb:560 smb:7576 d:s ref:0 ;
in:205 out:207 type:b dur:2 cpbdur:2 q:38.84 aq:41.48 tex:560 mv:1571 misc:1429 imb:11 pmb:351 smb:7798 d:s ref:0 ;
in:207 out:208 type:b dur:2 cpbdur:2 q:38.83 aq:40.38 tex:396 mv:1357 misc:1127 imb:5 pmb:258 smb:7897 d:- ref:0 ;
in:211 out:209 type:P dur:2 cpbdur:2 q:38.14 aq:32.23 tex:103525 mv:15227 misc:5960 imb:497 pmb:2411 smb:5252 d:s ref:0 ;
in:209 out:210 type:B dur:2 cpbdur:2 q:38.42 aq:39.20 tex:2095 mv:2237 misc:1580 imb:33 pmb:383 smb:7744 d:t ref:0 ;
in:210 out:211 type:b dur:2 cpbdur:2 q:38.48 aq:40.08 tex:765 mv:2081 misc:1650 imb:12 pmb:431 smb:7717 d:- ref:0 ;
in:213 out:212 type:P dur:2 cpbdur:2 q:37.65 aq:31.06 tex:103772 mv:13730 misc:6586 imb:512 pmb:2542 smb:5106 d:s ref:0 ;
in:212 out:213 type:b dur:2 cpbdur:2 q:38.27 aq:37.99 tex:387 mv:1115 misc:890 imb:7 pmb:202 smb:7951 d:t ref:0 ;
in:217 out:214 type:P dur:2 cpbdur:2 q:37.78 aq:32.01 tex:97097 mv:16638 misc:6025 imb:565 pmb:2390 smb:5205 d:s ref:0 ;
in:215 out:215 type:B dur:2 cpbdur:2 q:37.95 aq:38.60 tex:1913 mv:3491 misc:2204 imb:31 pmb:580 smb:7549 d:s ref:0 ;
in:214 out:216 type:b dur:2 cpbdur:2 q:38.03 aq:40.89 tex:544 mv:1171 misc:909 imb:4 pmb:214 smb:7942 d:s ref:0 ;
in:216 out:217 type:b dur:2 cpbdur:2 q:38.03 aq:40.42 tex:503 mv:1993 misc:1552 imb:14 pmb:392 smb:7754 d:- ref:0 ;
in:219 out:218 type:P dur:2 cpbdur:2 q:37.60 aq:31.51 tex:96252 mv:14231 misc:6293 imb:564 pmb:2324 smb:5272 d:s ref:0 ;
in:218 out:219 type:b dur:2 cpbdur:2 q:37.91 aq:39.84 tex:796 mv:1865 misc:1371 imb:18 pmb:340 smb:7802 d:s ref:0 ;
in:221 out:220 type:P dur:2 cpbdur:2 q:37.90 aq:31.95 tex:100751 mv:12802 misc:5575 imb:472 pmb:1942 smb:5746 d:s ref:0 ;
in:220 out:221 type:b dur:2 cpbdur:2 q:37.99 aq:40.97 tex:1370 mv:1842 misc:1612 imb:15 pmb:403 smb:7742 d:s ref:0 ;
in:225 out:222 type:P dur:2 cpbdur:2 q:37.55 aq:31.22 tex:121665 mv:18793 misc:6022 imb:702 pmb:2705 smb:4753 d:s ref:0 ;
in:223 out:223 type:B dur:2 cpbdur:2 q:37.99 aq:38.57 tex:3897 mv:3729 misc:2238 imb:37 pmb:614 smb:7509 d:s ref:0 ;
in:222 out:224 type:b dur:2 cpbdur:2 q:38.05 aq:40.59 tex:648 mv:1415 misc:1065 imb:9 pmb:234 smb:7917 d:s ref:0 ;
in:224 out:225 type:b dur:2 cpbdur:2 q:38.05 aq:38.04 tex:513 mv:1809 misc:1622 imb:13 pmb:367 smb:7780 d:- ref:0 ;
in:228 out:226 type:P dur:2 cpbdur:2 q:37.58 aq:31.47 tex:119285 mv:17357 misc:6206 imb:597 pmb:2669 smb:4894 d:s ref:0 ;
in:226 out:227 type:B dur:2 cpbdur:2 q:37.65 aq:38.46 tex:1303 mv:2389 misc:1836 imb:15 pmb:459 smb:7686 d:s ref:0 ;
in:227 out:228 type:b dur:2 cpbdur:2 q:37.65 aq:39.43 tex:1222 mv:2145 misc:1609 imb:11 pmb:430 smb:7719 d:- ref:0 ;
in:230 out:229 type:P dur:2 cpbdur:2 q:37.38 aq:30.76 tex:101306 mv:11493 misc:6297 imb:407 pmb:2255 smb:5498 d:s ref:0 ;
in:229 out:230 type:b dur:2 cpbdur:2 q:37.62 aq:40.14 tex:588 mv:1146 misc:954 imb:5 pmb:213 smb:7942 d:t ref:0 ;
in:232 out:231 type:P dur:2 cpbdur:2 q:37.63 aq:31.55 tex:93722 mv:13203 misc:6115 imb:400 pmb:2239 smb:5521 d:s ref:0 ;
in:231 out:232 type:b dur:2 cpbdur:2 q:37.87 aq:39.82 tex:680 mv:1392 misc:1480 imb:14 pmb:386 smb:7760 d:s ref:0 ;
in:234 out:233 type:P dur:2 cpbdur:2 q:37.23 aq:30.34 tex:99339 mv:12791 misc:6718 imb:396 pmb:2451 smb:5313 d:s ref:0 ;
in:233 out:234 type:b dur:2 cpbdur:2 q:37.87 aq:40.54 tex:923 mv:1354 misc:1067 imb:3 pmb:258 smb:7899 d:t ref:0 ;
in:238 out:235 type:P dur:2 cpbdur:2 q:37.43 aq:31.33 tex:139906 mv:19451 misc:6067 imb:643 pmb:2852 smb:4665 d:s ref:0 ;
in:236 out:236 type:B dur:2 cpbdur:2 q:37.50 aq:38.01 tex:5612 mv:3800 misc:2372 imb:50 pmb:606 smb:7504 d:s ref:0 ;
in:235 out:237 type:b dur:2 cpbdur:2 q:37.50 aq:39.72 tex:645 mv:1589 misc:1318 imb:15 pmb:301 smb:7844 d:s ref:0 ;
in:237 out:238 type:b dur:2 cpbdur:2 q:37.50 aq:38.96 tex:561 mv:1682 misc:1437 imb:8 pmb:383 smb:7769 d:- ref:0 ;
in:240 out:239 type:P dur:2 cpbdur:2 q:37.64 aq:31.07 tex:82296 mv:11012 misc:5884 imb:362 pmb:1988 smb:5810 d:s ref:0 ;
in:239 out:240 type:b dur:2 cpbdur:2 q:37.82 aq:39.35 tex:1008 mv:1626 misc:1342 imb:13 pmb:321 smb:7826 d:t ref:0 ;
in:244 out:241 type:P dur:2 cpbdur:2 q:37.98 aq:31.70 tex:112785 mv:19230 misc:6233 imb:703 pmb:2491 smb:4966 d:s ref:0 ;
in:242 out:242 type:B dur:2 cpbdur:2 q:38.09 aq:38.18 tex:3306 mv:4244 misc:2538 imb:49 pmb:720 smb:7391 d:s ref:0 ;
in:241 out:243 type:b dur:2 cpbdur:2 q:38.17 aq:40.17 tex:1089 mv:2202 misc:1709 imb:13 pmb:499 smb:7648 d:s ref:0 ;
in:243 out:244 type:b dur:2 cpbdur:2 q:38.17 aq:39.28 tex:656 mv:1657 misc:1391 imb:10 pmb:331 smb:7819 d:- ref:0 ;
in:248 out:245 type:P dur:2 cpbdur:2 q:37.73 aq:31.14 tex:108174 mv:16051 misc:6055 imb:473 pmb:2657 smb:5030 d:s ref:0 ;
in:246 out:246 type:B dur:2 cpbdur:2 q:38.08 aq:37.98 tex:3520 mv:2764 misc:1812 imb:20 pmb:443 smb:7697 d:t ref:0 ;
in:245 out:247 type:b dur:2 cpbdur:2 q:38.16 aq:37.42 tex:238 mv:1157 misc:949 imb:4 pmb:216 smb:7940 d:s ref:0 ;
in:247 out:248 type:b dur:2 cpbdur:2 q:38.16 aq:39.68 tex:725 mv:1350 misc:1125 imb:4 pmb:246 smb:7910 d:- ref:0 ;
in:252 out:249 type:P dur:2 cpbdur:2 q:37.87 aq:31.76 tex:119078 mv:18883 misc:6279 imb:650 pmb:2616 smb:4894 d:s ref:0 ;
in:250 out:250 type:B dur:2 cpbdur:2 q:38.02 aq:37.29 tex:2104 mv:3356 misc:2372 imb:33 pmb:653 smb:7474 d:s ref:0 ;
in:249 out:251 type:b dur:2 cpbdur:2 q:38.10 aq:39.10 tex:664 mv:2130 misc:1630 imb:26 pmb:423 smb:7711 d:s ref:0 ;
in:251 out:252 type:b dur:2 cpbdur:2 q:38.10 aq:38.81 tex:505 mv:1341 misc:1130 imb:4 pmb:254 smb:7902 d:- ref:0 ;
in:256 out:253 type:P dur:2 cpbdur:2 q:37.78 aq:31.50 tex:115936 mv:18084 misc:6188 imb:609 pmb:2732 smb:4819 d:s ref:0 ;
in:254 out:254 type:B dur:2 cpbdur:2 q:37.93 aq:38.86 tex:3045 mv:3113 misc:2082 imb:28 pmb:543 smb:7589 d:s ref:0 ;
in:253 out:255 type:b dur:2 cpbdur:2 q:38.03 aq:39.44 tex:1043 mv:1827 misc:1410 imb:12 pmb:360 smb:7788 d:s ref:0 ;
in:255 out:256 type:b dur:2 cpbdur:2 q:38.03 aq:39.86 tex:939 mv:1552 misc:1285 imb:6 pmb:295 smb:7859 d:- ref:0 ;
in:260 out:257 type:P dur:2 cpbdur:2 q:37.87 aq:31.72 tex:122179 mv:18323 misc:5970 imb:615 pmb:2518 smb:5027 d:s ref:0 ;
in:258 out:258 type:B dur:2 cpbdur:2 q:37.94 aq:37.85 tex:3906 mv:3861 misc:2377 imb:36 pmb:640 smb:7484 d:s ref:0 ;
in:257 out:259 type:b dur:2 cpbdur:2 q:38.04 aq:40.71 tex:505 mv:1156 misc:867 imb:8 pmb:181 smb:7971 d:s ref:0 ;
in:259 out:260 type:b dur:2 cpbdur:2 q:38.04 aq:40.61 tex:532 mv:1835 misc:1697 imb:4 pmb:453 smb:7703 d:- ref:0 ;
in:262 out:261 type:P dur:2 cpbdur:2 q:37.27 aq:30.40 tex:111444 mv:13654 misc:6518 imb:462 pmb:2656 smb:5042 d:s ref:0 ;
in:261 out:262 type:b dur:2 cpbdur:2 q:37.99 aq:40.10 tex:622 mv:1130 misc:976 imb:4 pmb:219 smb:7937 d:t ref:0 ;
in:266 out:263 type:P dur:2 cpbdur:2 q:37.53 aq:31.18 tex:153866 mv:19544 misc:6118 imb:764 pmb:2592 smb:4804 d:s ref:0 ;
in:264 out:264 type:B dur:2 cpbdur:2 q:37.54 aq:38.04 tex:3215 mv:2983 misc:2210 imb:20 pmb:586 smb:7554 d:s ref:0 ;
in:263 out:265 type:b dur:2 cpbdur:2 q:37.54 aq:39.88 tex:779 mv:2249 misc:1724 imb:16 pmb:486 smb:7658 d:s ref:0 ;
in:265 out:266 type:b dur:2 cpbdur:2 q:37.54 aq:39.65 tex:600 mv:1149 misc:963 imb:2 pmb:212 smb:7946 d:- ref:0 ;
in:270 out:267 type:P dur:2 cpbdur:2 q:37.88 aq:31.65 tex:119171 mv:18160 misc:5861 imb:577 pmb:2568 smb:5015 d:s ref:0 ;
in:268 out:268 type:B dur:2 cpbdur:2 q:37.91 aq:37.70 tex:3722 mv:4248 misc:2526 imb:34 pmb:730 smb:7396 d:s ref:0 ;
in:267 out:269 type:b dur:2 cpbdur:2 q:37.91 aq:39.01 tex:903 mv:1534 misc:1275 imb:8 pmb:285 smb:7867 d:s ref:0 ;
in:269 out:270 type:b dur:2 cpbdur:2 q:37.91 aq:39.71 tex:1107 mv:2319 misc:1774 imb:19 pmb:456 smb:7685 d:- ref:0 ;
in:274 out:271 type:P dur:2 cpbdur:2 q:37.98 aq:32.04 tex:90156 mv:15577 misc:6059 imb:510 pmb:2497 smb:5153 d:s ref:0 ;
in:272 out:272 type:B dur:2 cpbdur:2 q:38.24 aq:38.72 tex:3593 mv:2623 misc:1752 imb:38 pmb:406 smb:7716 d:t ref:0 ;
in:271 out:273 type:b dur:2 cpbdur:2 q:38.25 aq:40.15 tex:472 mv:1359 misc:1113 imb:5 pmb:246 smb:7909 d:s ref:0 ;
in:273 out:274 type:b dur:2 cpbdur:2 q:38.25 aq:39.28 tex:503 mv:1179 misc:950 imb:4 pmb:218 smb:7938 d:- ref:0 ;
in:276 out:275 type:P dur:2 cpbdur:2 q:37.32 aq:30.75 tex:112017 mv:14218 misc:6733 imb:499 pmb:2675 smb:4986 d:s ref:0 ;
in:275 out:276 type:b dur:2 cpbdur:2 q:38.05 aq:40.26 tex:352 mv:1262 misc:986 imb:4 pmb:227 smb:7929 d:t ref:0 ;
in:280 out:277 type:P dur:2 cpbdur:2 q:37.78 aq:31.56 tex:115826 mv:17799 misc:5983 imb:628 pmb:2451 smb:5081 d:s ref:0 ;
in:278 out:278 type:B dur:2 cpbdur:2 q:37.96 aq:38.60 tex:6955 mv:4596 misc:2281 imb:71 pmb:675 smb:7414 d:s ref:0 ;
in:277 out:279 type:b dur:2 cpbdur:2 q:38.04 aq:40.51 tex:1040 mv:1451 misc:1253 imb:11 pmb:296 smb:7853 d:s ref:0 ;
in:279 out:280 type:b dur:2 cpbdur:2 q:38.04 aq:40.74 tex:1715 mv:2485 misc:1832 imb:23 pmb:507 smb:7630 d:- ref:0 ;
in:283 out:281 type:P dur:2 cpbdur:2 q:37.27 aq:31.11 tex:119266 mv:15030 misc:6336 imb:519 pmb:2787 smb:4854 d:s ref:0 ;
in:281 out:282 type:B dur:2 cpbdur:2 q:37.96 aq:37.97 tex:2962 mv:3383 misc:1503 imb:52 pmb:411 smb:7697 d:t ref:0 ;
in:282 out:283 type:b dur:2 cpbdur:2 q:38.04 aq:38.82 tex:648 mv:1434 misc:1222 imb:8 pmb:302 smb:7850 d:- ref:0 ;
in:285 out:284 type:P dur:2 cpbdur:2 q:37.38 aq:30.96 tex:112109 mv:13386 misc:6185 imb:412 pmb:2451 smb:5297 d:s ref:0 ;
in:284 out:285 type:b dur:2 cpbdur:2 q:37.62 aq:40.04 tex:889 mv:1442 misc:1205 imb:8 pmb:273 smb:7879 d:t ref:0 ;
in:289 out:286 type:P dur:2 cpbdur:2 q:36.93 aq:30.69 tex:145743 mv:19284 misc:6149 imb:769 pmb:3044 smb:4347 d:s ref:0 ;
in:287 out:287 type:B dur:2 cpbdur:2 q:37.69 aq:37.62 tex:2601 mv:2806 misc:1905 imb:26 pmb:494 smb:7640 d:t ref:0 ;
in:286 out:288 type:b dur:2 cpbdur:2 q:37.82 aq:39.64 tex:581 mv:1289 misc:1010 imb:7 pmb:217 smb:7936 d:s ref:0 ;
in:288 out:289 type:b dur:2 cpbdur:2 q:37.82 aq:39.12 tex:612 mv:1447 misc:1253 imb:2 pmb:292 smb:7866 d:- ref:0 ;
in:293 out:290 type:P dur:2 cpbdur:2 q:37.30 aq:31.38 tex:108333 mv:15250 misc:5697 imb:454 pmb:2467 smb:5239 d:s ref:0 ;
in:291 out:291 type:B dur:2 cpbdur:2 q:37.37 aq:36.93 tex:3606 mv:2915 misc:1927 imb:31 pmb:517 smb:7612 d:t ref:0 ;
in:290 out:292 type:b dur:2 cpbdur:2 q:37.38 aq:39.58 tex:501 mv:1560 misc:1275 imb:14 pmb:323 smb:7823 d:s ref:0 ;
in:292 out:293 type:b dur:2 cpbdur:2 q:37.37 aq:39.18 tex:774 mv:1154 misc:904 imb:6 pmb:211 smb:7943 d:- ref:0 ;
in:296 out:294 type:P dur:2 cpbdur:2 q:37.39 aq:31.53 tex:106259 mv:14251 misc:6098 imb:394 pmb:2488 smb:5278 d:s ref:0 ;
in:294 out:295 type:B dur:2 cpbdur:2 q:37.63 aq:38.96 tex:1510 mv:2013 misc:1517 imb:13 pmb:352 smb:7795 d:t ref:0 ;
in:295 out:296 type:b dur:2 cpbdur:2 q:37.66 aq:40.13 tex:551 mv:1298 misc:1031 imb:5 pmb:229 smb:7926 d:- ref:0 ;
in:301 out:297 type:P dur:2 cpbdur:2 q:37.65 aq:32.27 tex:118051 mv:20447 misc:6118 imb:722 pmb:2585 smb:4853 d:s ref:0 ;
in:298 out:298 type:B dur:2 cpbdur:2 q:37.89 aq:38.00 tex:5774 mv:4585 misc:2849 imb:67 pmb:805 smb:7288 d:s ref:0 ;
in:297 out:299 type:b dur:2 cpbdur:2 q:37.96 aq:40.32 tex:491 mv:1214 misc:1015 imb:7 pmb:231 smb:7922 d:s ref:0 ;
in:299 out:300 type:b dur:2 cpbdur:2 q:37.96 aq:39.19 tex:1403 mv:2934 misc:1959 imb:46 pmb:522 smb:7592 d:- ref:0 ;
in:300 out:301 type:b dur:2 cpbdur:2 q:37.96 aq:38.73 tex:998 mv:2592 misc:1794 imb:20 pmb:476 smb:7664 d:- ref:0 ;
in:303 out:302 type:P dur:2 cpbdur:2 q:36.95 aq:30.84 tex:117035 mv:15066 misc:6507 imb:474 pmb:2595 smb:5091 d:s ref:0 ;
in:302 out:303 type:b dur:2 cpbdur:2 q:37.77 aq:39.58 tex:799 mv:1958 misc:1507 imb:12 pmb:364 smb:7784 d:s ref:0 ;
in:308 out:304 type:P dur:2 cpbdur:2 q:36.44 aq:30.79 tex:139612 mv:17820 misc:6232 imb:603 pmb:2868 smb:4689 d:s ref:0 ;
in:305 out:305 type:B dur:2 cpbdur:2 q:37.34 aq:37.03 tex:3489 mv:3032 misc:1999 imb:11 pmb:513 smb:7636 d:t ref:0 ;
in:304 out:306 type:b dur:2 cpbdur:2 q:37.47 aq:38.74 tex:457 mv:1225 misc:982 imb:9 pmb:223 smb:7928 d:s ref:0 ;
in:306 out:307 type:b dur:2 cpbdur:2 q:37.47 aq:39.69 tex:653 mv:1268 misc:887 imb:6 pmb:185 smb:7969 d:- ref:0 ;
in:307 out:308 type:b dur:2 cpbdur:2 q:37.47 aq:39.34 tex:671 mv:1749 misc:1228 imb:12 pmb:281 smb:7867 d:- ref:0 ;
in:310 out:309 type:P dur:2 cpbdur:2 q:36.44 aq:30.87 tex:107742 mv:14436 misc:6270 imb:461 pmb:2326 smb:5373 d:s ref:0 ;
in:309 out:310 type:b dur:2 cpbdur:2 q:36.78 aq:37.83 tex:1864 mv:2333 misc:1827 imb:18 pmb:508 smb:7634 d:s ref:0 ;
in:314 out:311 type:P dur:2 cpbdur:2 q:36.25 aq:31.02 tex:146096 mv:16825 misc:5623 imb:694 pmb:2339 smb:5127 d:s ref:0 ;
in:312 out:312 type:B dur:2 cpbdur:2 q:36.56 aq:36.32 tex:11381 mv:4306 misc:2313 imb:137 pmb:693 smb:7330 d:t ref:0 ;
in:311 out:313 type:b dur:2 cpbdur:2 q:36.64 aq:39.09 tex:1015 mv:1430 misc:1203 imb:5 pmb:290 smb:7865 d:s ref:0 ;
in:313 out:314 type:b dur:2 cpbdur:2 q:36.64 aq:37.73 tex:741 mv:1565 misc:1222 imb:14 pmb:267 smb:7879 d:- ref:0 ;
in:316 out:315 type:P dur:2 cpbdur:2 q:37.09 aq:30.37 tex:402357 mv:43827 misc:4600 imb:2306 pmb:3301 smb:2553 d:s ref:0 ;
in:315 out:316 type:b dur:2 cpbdur:2 q:37.10 aq:38.73 tex:6175 mv:6176 misc:3553 imb:98 pmb:1235 smb:6827 d:s ref:0 ;
in:320 out:317 type:P dur:2 cpbdur:2 q:37.27 aq:30.72 tex:99969 mv:13378 misc:5861 imb:349 pmb:2504 smb:5307 d:s ref:0 ;
in:318 out:318 type:B dur:2 cpbdur:2 q:37.36 aq:37.74 tex:3045 mv:2257 misc:1730 imb:23 pmb:484 smb:7653 d:t ref:0 ;
in:317 out:319 type:b dur:2 cpbdur:2 q:37.36 aq:38.63 tex:519 mv:1247 misc:1226 imb:5 pmb:323 smb:7832 d:s ref:0 ;
in:319 out:320 type:b dur:2 cpbdur:2 q:37.36 aq:38.48 tex:273 mv:1147 misc:996 imb:2 pmb:236 smb:7922 d:- ref:0 ;
in:325 out:321 type:P dur:2 cpbdur:2 q:37.52 aq:31.44 tex:132832 mv:19481 misc:5695 imb:663 pmb:2600 smb:4897 d:s ref:0 ;
in:322 out:322 type:B dur:2 cpbdur:2 q:37.64 aq:36.96 tex:3804 mv:4618 misc:2618 imb:54 pmb:677 smb:7429 d:s ref:0 ;
in:321 out:323 type:b dur:2 cpbdur:2 q:37.65 aq:38.72 tex:1022 mv:3067 misc:1479 imb:27 pmb:463 smb:7670 d:s ref:0 ;
in:323 out:324 type:b dur:2 cpbdur:2 q:37.65 aq:38.87 tex:1345 mv:2080 misc:1367 imb:16 pmb:312 smb:7832 d:- ref:0 ;
in:324 out:325 type:b dur:2 cpbdur:2 q:37.65 aq:38.84 tex:985 mv:2094 misc:1449 imb:12 pmb:345 smb:7803 d:- ref:0 ;
in:329 out:326 type:P dur:2 cpbdur:2 q:37.38 aq:31.21 tex:124311 mv:18104 misc:6049 imb:523 pmb:2926 smb:4711 d:s ref:0 ;
in:327 out:327 type:B dur:2 cpbdur:2 q:37.86 aq:38.27 tex:2307 mv:3412 misc:2129 imb:31 pmb:593 smb:7536 d:s ref:0 ;
in:326 out:328 type:b dur:2 cpbdur:2 q:37.90 aq:38.27 tex:412 mv:1597 misc:1311 imb:4 pmb:328 smb:7828 d:s ref:0 ;
in:328 out:329 type:b dur:2 cpbdur:2 q:37.89 aq:40.86 tex:390 mv:1166 misc:1052 imb:1 pmb:282 smb:7877 d:- ref:0 ;
in:334 out:330 type:P dur:2 cpbdur:2 q:37.28 aq:31.43 tex:151832 mv:20901 misc:5963 imb:732 pmb:3090 smb:4338 d:s ref:0 ;
in:331 out:331 type:B dur:2 cpbdur:2 q:37.58 aq:37.44 tex:5238 mv:3974 misc:2460 imb:37 pmb:668 smb:7455 d:s ref:0 ;
in:330 out:332 type:b dur:2 cpbdur:2 q:37.69 aq:38.44 tex:738 mv:1594 misc:1428 imb:8 pmb:356 smb:7796 d:s ref:0 ;
in:332 out:333 type:b dur:2 cpbdur:2 q:37.69 aq:40.09 tex:1421 mv:1800 misc:1099 imb:18 pmb:254 smb:7888 d:- ref:0 ;
in:333 out:334 type:b dur:2 cpbdur:2 q:37.69 aq:39.51 tex:1578 mv:1768 misc:1206 imb:15 pmb:301 smb:7844 d:- ref:0 ;
in:338 out:335 type:P dur:2 cpbdur:2 q:37.08 aq:30.93 tex:134682 mv:17772 misc:6082 imb:511 pmb:2983 smb:4666 d:s ref:0 ;
in:336 out:336 type:B dur:2 cpbdur:2 q:37.66 aq:38.11 tex:3164 mv:3028 misc:2160 imb:28 pmb:591 smb:7541 d:s ref:0 ;
in:335 out:337 type:b dur:2 cpbdur:2 q:37.76 aq:39.75 tex:497 mv:1603 misc:1196 imb:11 pmb:290 smb:7859 d:s ref:0 ;
in:337 out:338 type:b dur:2 cpbdur:2 q:37.76 aq:39.65 tex:810 mv:1496 misc:1342 imb:5 pmb:358 smb:7797 d:- ref:0 ;
in:340 out:339 type:P dur:2 cpbdur:2 q:36.57 aq:30.03 tex:124744 mv:12441 misc:6223 imb:356 pmb:2648 smb:5156 d:s ref:0 ;
in:339 out:340 type:b dur:2 cpbdur:2 q:37.38 aq:38.57 tex:486 mv:1288 misc:914 imb:6 pmb:212 smb:7942 d:t ref:0 ;
in:342 out:341 type:P dur:2 cpbdur:2 q:36.81 aq:30.83 tex:107090 mv:14657 misc:6341 imb:472 pmb:2597 smb:5091 d:s ref:0 ;
in:341 out:342 type:b dur:2 cpbdur:2 q:36.97 aq:38.73 tex:1059 mv:1913 misc:1452 imb:18 pmb:352 smb:7790 d:s ref:0 ;
in:344 out:343 type:P dur:2 cpbdur:2 q:36.92 aq:30.57 tex:87084 mv:10204 misc:5992 imb:242 pmb:2258 smb:5660 d:s ref:0 ;
in:343 out:344 type:b dur:2 cpbdur:2 q:37.23 aq:39.44 tex:715 mv:1194 misc:1123 imb:2 pmb:251 smb:7907 d:t ref:0 ;
in:348 out:345 type:P dur:2 cpbdur:2 q:37.34 aq:31.61 tex:129229 mv:18318 misc:5845 imb:620 pmb:2596 smb:4944 d:s ref:0 ;
in:346 out:346 type:B dur:2 cpbdur:2 q:37.56 aq:37.43 tex:3853 mv:3818 misc:2185 imb:40 pmb:611 smb:7509 d:s ref:0 ;
in:345 out:347 type:b dur:2 cpbdur:2 q:37.70 aq:39.73 tex:959 mv:1467 misc:1134 imb:13 pmb:254 smb:7893 d:s ref:0 ;
in:347 out:348 type:b dur:2 cpbdur:2 q:37.70 aq:38.82 tex:846 mv:1637 misc:1445 imb:15 pmb:378 smb:7767 d:- ref:0 ;
in:352 out:349 type:P dur:2 cpbdur:2 q:36.97 aq:31.07 tex:120837 mv:18460 misc:5967 imb:616 pmb:2865 smb:4679 d:s ref:0 ;
in:350 out:350 type:B dur:2 cpbdur:2 q:37.52 aq:37.17 tex:3203 mv:3601 misc:2316 imb:32 pmb:638 smb:7490 d:s ref:0 ;
in:349 out:351 type:b dur:2 cpbdur:2 q:37.70 aq:39.62 tex:1380 mv:1629 misc:1183 imb:18 pmb:277 smb:7865 d:s ref:0 ;
in:351 out:352 type:b dur:2 cpbdur:2 q:37.70 aq:38.93 tex:819 mv:1605 misc:1376 imb:8 pmb:328 smb:7824 d:- ref:0 ;
in:356 out:353 type:P dur:2 cpbdur:2 q:36.86 aq:31.32 tex:117541 mv:16616 misc:6091 imb:465 pmb:2705 smb:4990 d:s ref:0 ;
in:354 out:354 type:B dur:2 cpbdur:2 q:37.15 aq:37.12 tex:3085 mv:2863 misc:1940 imb:32 pmb:463 smb:7665 d:s ref:0 ;
in:353 out:355 type:b dur:2 cpbdur:2 q:37.22 aq:38.88 tex:625 mv:1215 misc:912 imb:6 pmb:200 smb:7954 d:s ref:0 ;
in:355 out:356 type:b dur:2 cpbdur:2 q:37.22 aq:38.11 tex:896 mv:1846 misc:1378 imb:16 pmb:329 smb:7815 d:- ref:0 ;
in:357 out:357 type:I dur:2 cpbdur:2 q:32.82 aq:26.34 tex:2060420 mv:152091 misc:289 imb:8160 pmb:0 smb:0 d:s ref:;
in:359 out:358 type:P dur:2 cpbdur:2 q:36.34 aq:30.91 tex:72039 mv:9259 misc:4158 imb:217 pmb:1501 smb:6442 d:s ref:0 ;
in:358 out:359 type:b dur:2 cpbdur:2 q:36.34 aq:38.54 tex:1272 mv:1968 misc:1832 imb:8 pmb:477 smb:7675 d:s ref:0 ;
in:363 out:360 type:P dur:2 cpbdur:2 q:36.70 aq:31.56 tex:84740 mv:13020 misc:5048 imb:301 pmb:2122 smb:5737 d:s ref:0 ;
in:361 out:361 type:B dur:2 cpbdur:2 q:36.71 aq:36.40 tex:5174 mv:3338 misc:2184 imb:35 pmb:603 smb:7522 d:t ref:0 ;
in:360 out:362 type:b dur:2 cpbdur:2 q:36.71 aq:38.46 tex:1196 mv:1661 misc:1479 imb:5 pmb:389 smb:7766 d:s ref:0 ;
in:362 out:363 type:b dur:2 cpbdur:2 q:36.71 aq:38.77 tex:550 mv:1432 misc:1154 imb:5 pmb:263 smb:7892 d:- ref:0 ;
in:367 out:364 type:P dur:2 cpbdur:2 q:36.93 aq:31.84 tex:97329 mv:13775 misc:5224 imb:261 pmb:2447 smb:5452 d:s ref:0 ;
in:365 out:365 type:B dur:2 cpbdur:2 q:37.01 aq:37.52 tex:1913 mv:2471 misc:2064 imb:15 pmb:533 smb:7612 d:s ref:0 ;
in:364 out:366 type:b dur:2 cpbdur:2 q:37.01 aq:39.11 tex:1510 mv:1823 misc:1483 imb:15 pmb:364 smb:7781 d:s ref:0 ;
in:366 out:367 type:b dur:2 cpbdur:2 q:37.01 aq:39.43 tex:369 mv:1122 misc:941 imb:2 pmb:198 smb:7960 d:- ref:0 ;
in:370 out:368 type:P dur:2 cpbdur:2 q:37.24 aq:31.61 tex:110505 mv:14920 misc:5503 imb:367 pmb:2460 smb:5333 d:s ref:0 ;
in:368 out:369 type:B dur:2 cpbdur:2 q:37.35 aq:37.87 tex:1911 mv:2342 misc:1667 imb:23 pmb:407 smb:7730 d:t ref:0 ;
in:369 out:370 type:b dur:2 cpbdur:2 q:37.42 aq:38.68 tex:818 mv:2016 misc:1630 imb:8 pmb:437 smb:7715 d:- ref:0 ;
in:372 out:371 type:P dur:2 cpbdur:2 q:36.96 aq:31.13 tex:80382 mv:9971 misc:5583 imb:223 pmb:2117 smb:5820 d:s ref:0 ;
in:371 out:372 type:b dur:2 cpbdur:2 q:37.34 aq:37.02 tex:235 mv:1213 misc:1032 imb:6 pmb:243 smb:7911 d:t ref:0 ;
in:374 out:373 type:P dur:2 cpbdur:2 q:37.27 aq:31.82 tex:61961 mv:9319 misc:5304 imb:154 pmb:1918 smb:6088 d:s ref:0 ;
in:373 out:374 type:b dur:2 cpbdur:2 q:37.38 aq:39.60 tex:775 mv:1174 misc:987 imb:9 pmb:207 smb:7944 d:t ref:0 ;
in:376 out:375 type:P dur:2 cpbdur:2 q:37.59 aq:31.71 tex:91536 mv:13932 misc:5548 imb:468 pmb:2116 smb:5576 d:s ref:0 ;
in:375 out:376 type:b dur:2 cpbdur:2 q:37.66 aq:39.45 tex:1313 mv:2300 misc:1643 imb:13 pmb:426 smb:7721 d:s ref:0 ;
in:381 out:377 type:P dur:2 cpbdur:2 q:37.80 aq:31.80 tex:148364 mv:19445 misc:5911 imb:672 pmb:2630 smb:4858 d:s ref:0 ;
in:378 out:378 type:B dur:2 cpbdur:2 q:38.14 aq:37.48 tex:4634 mv:4221 misc:2633 imb:31 pmb:759 smb:7370 d:s ref:0 ;
in:377 out:379 type:b dur:2 cpbdur:2 q:38.19 aq:39.52 tex:1141 mv:2290 misc:1529 imb:27 pmb:427 smb:7706 d:s ref:0 ;
in:379 out:380 type:b dur:2 cpbdur:2 q:38.19 aq:40.68 tex:670 mv:1451 misc:1119 imb:9 pmb:273 smb:7878 d:- ref:0 ;
in:380 out:381 type:b dur:2 cpbdur:2 q:38.19 aq:39.85 tex:731 mv:1761 misc:1380 imb:5 pmb:319 smb:7836 d:- ref:0 ;
in:383 out:382 type:P dur:2 cpbdur:2 q:37.21 aq:30.82 tex:89401 mv:10346 misc:6005 imb:216 pmb:2329 smb:5615 d:s ref:0 ;
in:382 out:383 type:b dur:2 cpbdur:2 q:38.01 aq:39.29 tex:506 mv:1246 misc:952 imb:10 pmb:216 smb:7934 d:t ref:0 ;
in:388 out:384 type:P dur:2 cpbdur:2 q:37.62 aq:31.58 tex:121200 mv:19159 misc:5953 imb:593 pmb:2803 smb:4764 d:s ref:0 ;
in:385 out:385 type:B dur:2 cpbdur:2 q:37.65 aq:36.75 tex:5679 mv:3917 misc:2580 imb:53 pmb:688 smb:7419 d:s ref:0 ;
in:384 out:386 type:b dur:2 cpbdur:2 q:37.77 aq:39.68 tex:1053 mv:2574 misc:1765 imb:21 pmb:481 smb:7658 d:s ref:0 ;
in:386 out:387 type:b dur:2 cpbdur:2 q:37.77 aq:39.08 tex:479 mv:1364 misc:933 imb:13 pmb:201 smb:7946 d:- ref:0 ;
in:387 out:388 type:b dur:2 cpbdur:2 q:37.77 aq:40.24 tex:1240 mv:1502 misc:1042 imb:13 pmb:219 smb:7928 d:- ref:0 ;
in:392 out:389 type:P dur:2 cpbdur:2 q:37.86 aq:31.93 tex:117157 mv:16550 misc:5557 imb:516 pmb:2608 smb:5036 d:s ref:0 ;
in:390 out:390 type:B dur:2 cpbdur:2 q:38.01 aq:38.26 tex:2652 mv:3472 misc:2596 imb:37 pmb:709 smb:7414 d:t ref:0 ;
in:389 out:391 type:b dur:2 cpbdur:2 q:38.03 aq:39.91 tex:849 mv:2150 misc:1785 imb:19 pmb:436 smb:7705 d:s ref:0 ;
in:391 out:392 type:b dur:2 cpbdur:2 q:38.03 aq:40.36 tex:477 mv:1182 misc:957 imb:9 pmb:208 smb:7943 d:- ref:0 ;
in:394 out:393 type:P dur:2 cpbdur:2 q:37.34 aq:30.89 tex:103085 mv:13959 misc:6244 imb:406 pmb:2522 smb:5232 d:s ref:0 ;
in:393 out:394 type:b dur:2 cpbdur:2 q:37.97 aq:38.00 tex:846 mv:1669 misc:1237 imb:10 pmb:315 smb:7835 d:s ref:0 ;
in:396 out:395 type:P dur:2 cpbdur:2 q:37.16 aq:30.52 tex:113009 mv:13606 misc:6305 imb:380 pmb:2711 smb:5069 d:s ref:0 ;
in:395 out:396 type:b dur:2 cpbdur:2 q:37.56 aq:38.96 tex:1014 mv:1502 misc:1204 imb:8 pmb:297 smb:7855 d:t ref:0 ;
in:398 out:397 type:P dur:2 cpbdur:2 q:36.81 aq:30.14 tex:109227 mv:11710 misc:6207 imb:259 pmb:2659 smb:5242 d:s ref:0 ;
in:397 out:398 type:b dur:2 cpbdur:2 q:37.29 aq:39.29 tex:775 mv:1427 misc:1110 imb:5 pmb:259 smb:7896 d:t ref:0 ;
in:400 out:399 type:P dur:2 cpbdur:2 q:37.15 aq:30.56 tex:88236 mv:11253 misc:5839 imb:252 pmb:2159 smb:5749 d:s ref:0 ;
in:399 out:400 type:b dur:2 cpbdur:2 q:37.29 aq:39.61 tex:1127 mv:1646 misc:1299 imb:15 pmb:329 smb:7816 d:t ref:0 ;
in:404 out:401 type:P dur:2 cpbdur:2 q:37.44 aq:31.36 tex:97354 mv:15907 misc:6131 imb:447 pmb:2680 smb:5033 d:s ref:0 ;
in:402 out:402 type:B dur:2 cpbdur:2 q:37.63 aq:38.72 tex:2525 mv:2692 misc:1951 imb:24 pmb:481 smb:7655 d:t ref:0 ;
in:401 out:403 type:b dur:2 cpbdur:2 q:37.76 aq:40.16 tex:359 mv:1323 misc:1030 imb:3 pmb:235 smb:7922 d:s ref:0 ;
in:403 out:404 type:b dur:2 cpbdur:2 q:37.76 aq:39.85 tex:1778 mv:1510 misc:1120 imb:18 pmb:258 smb:7884 d:- ref:0 ;
in:408 out:405 type:P dur:2 cpbdur:2 q:37.40 aq:31.10 tex:119510 mv:17871 misc:6107 imb:582 pmb:2942 smb:4636 d:s ref:0 ;
in:406 out:406 type:B dur:2 cpbdur:2 q:37.63 aq:38.22 tex:2659 mv:2903 misc:1894 imb:12 pmb:495 smb:7653 d:t ref:0 ;
in:405 out:407 type:b dur:2 cpbdur:2 q:37.74 aq:39.52 tex:481 mv:1626 misc:1261 imb:7 pmb:288 smb:7865 d:s ref:0 ;
in:407 out:408 type:b dur:2 cpbdur:2 q:37.74 aq:39.82 tex:777 mv:1248 misc:1095 imb:5 pmb:257 smb:7898 d:- ref:0 ;
in:412 out:409 type:P dur:2 cpbdur:2 q:37.70 aq:31.51 tex:103874 mv:15208 misc:6118 imb:394 pmb:2573 smb:5193 d:s ref:0 ;
in:410 out:410 type:B dur:2 cpbdur:2 q:37.91 aq:39.24 tex:2015 mv:2885 misc:1972 imb:24 pmb:522 smb:7614 d:t ref:0 ;
in:409 out:411 type:b dur:2 cpbdur:2 q:38.00 aq:41.00 tex:612 mv:1646 misc:1230 imb:21 pmb:299 smb:7840 d:s ref:0 ;
in:411 out:412 type:b dur:2 cpbdur:2 q:38.00 aq:39.81 tex:594 mv:1315 misc:1067 imb:5 pmb:237 smb:7918 d:- ref:0 ;
in:417 out:413 type:P dur:2 cpbdur:2 q:37.37 aq:31.59 tex:131369 mv:18613 misc:5666 imb:591 pmb:2951 smb:4618 d:s ref:0 ;
in:414 out:414 type:B dur:2 cpbdur:2 q:37.83 aq:37.58 tex:2931 mv:2937 misc:1836 imb:34 pmb:452 smb:7674 d:t ref:0 ;
in:413 out:415 type:b dur:2 cpbdur:2 q:37.92 aq:40.14 tex:358 mv:1054 misc:828 imb:3 pmb:185 smb:7972 d:t ref:0 ;
in:415 out:416 type:b dur:2 cpbdur:2 q:37.92 aq:41.23 tex:863 mv:1441 misc:1016 imb:3 pmb:243 smb:7914 d:- ref:0 ;
in:416 out:417 type:b dur:2 cpbdur:2 q:37.92 aq:39.36 tex:994 mv:1594 misc:1076 imb:11 pmb:261 smb:7888 d:- ref:0 ;
in:420 out:418 type:P dur:2 cpbdur:2 q:37.21 aq:31.22 tex:119523 mv:15598 misc:6239 imb:432 pmb:2916 smb:4812 d:s ref:0 ;
in:418 out:419 type:B dur:2 cpbdur:2 q:37.63 aq:36.24 tex:4272 mv:4258 misc:1886 imb:106 pmb:499 smb:7555 d:t ref:0 ;
in:419 out:420 type:b dur:2 cpbdur:2 q:37.90 aq:39.19 tex:940 mv:1678 misc:1398 imb:8 pmb:352 smb:7800 d:- ref:0 ;
in:424 out:421 type:P dur:2 cpbdur:2 q:37.17 aq:31.23 tex:118659 mv:15926 misc:5887 imb:494 pmb:2739 smb:4927 d:s ref:0 ;
in:422 out:422 type:B dur:2 cpbdur:2 q:37.33 aq:37.99 tex:2050 mv:2678 misc:1824 imb:23 pmb:487 smb:7650 d:t ref:0 ;
in:421 out:423 type:b dur:2 cpbdur:2 q:37.41 aq:39.87 tex:832 mv:1526 misc:1250 imb:8 pmb:317 smb:7835 d:s ref:0 ;
in:423 out:424 type:b dur:2 cpbdur:2 q:37.41 aq:39.34 tex:884 mv:1235 misc:937 imb:11 pmb:207 smb:7942 d:- ref:0 ;
in:427 out:425 type:P dur:2 cpbdur:2 q:36.79 aq:31.07 tex:124200 mv:16948 misc:6084 imb:560 pmb:2765 smb:4835 d:s ref:0 ;
in:425 out:426 type:B dur:2 cpbdur:2 q:37.29 aq:38.59 tex:1268 mv:2240 misc:1580 imb:9 pmb:386 smb:7765 d:s ref:0 ;
in:426 out:427 type:b dur:2 cpbdur:2 q:37.37 aq:38.86 tex:600 mv:1563 misc:1485 imb:5 pmb:346 smb:7809 d:- ref:0 ;
in:431 out:428 type:P dur:2 cpbdur:2 q:37.13 aq:31.52 tex:108886 mv:18326 misc:6116 imb:619 pmb:2725 smb:4816 d:s ref:0 ;
in:429 out:429 type:B dur:2 cpbdur:2 q:37.27 aq:37.99 tex:5222 mv:3603 misc:2375 imb:37 pmb:695 smb:7428 d:s ref:0 ;
in:428 out:430 type:b dur:2 cpbdur:2 q:37.33 aq:39.11 tex:671 mv:1378 misc:1127 imb:9 pmb:247 smb:7904 d:s ref:0 ;
in:430 out:431 type:b dur:2 cpbdur:2 q:37.33 aq:40.36 tex:1523 mv:2064 misc:1653 imb:19 pmb:449 smb:7692 d:- ref:0 ;
in:434 out:432 type:P dur:2 cpbdur:2 q:37.10 aq:31.61 tex:87344 mv:12140 misc:5876 imb:315 pmb:2245 smb:5600 d:s ref:0 ;
in:432 out:433 type:B dur:2 cpbdur:2 q:37.53 aq:36.18 tex:729 mv:1646 misc:1265 imb:16 pmb:287 smb:7857 d:t ref:0 ;
in:433 out:434 type:b dur:2 cpbdur:2 q:37.66 aq:37.37 tex:388 mv:1267 misc:929 imb:8 pmb:207 smb:7945 d:- ref:0 ;
in:436 out:435 type:P dur:2 cpbdur:2 q:36.55 aq:30.87 tex:109322 mv:15066 misc:6268 imb:448 pmb:2674 smb:5038 d:s ref:0 ;
in:435 out:436 type:b dur:2 cpbdur:2 q:37.29 aq:38.71 tex:1484 mv:2099 misc:1657 imb:11 pmb:412 smb:7737 d:s ref:0 ;
in:438 out:437 type:P dur:2 cpbdur:2 q:35.95 aq:30.07 tex:95197 mv:11146 misc:6201 imb:280 pmb:2450 smb:5430 d:s ref:0 ;
in:437 out:438 type:b dur:2 cpbdur:2 q:36.69 aq:39.07 tex:711 mv:1334 misc:1075 imb:11 pmb:242 smb:7907 d:t ref:0 ;
in:440 out:439 type:P dur:2 cpbdur:2 q:36.13 aq:30.47 tex:96946 mv:13250 misc:6052 imb:429 pmb:2379 smb:5352 d:s ref:0 ;
in:439 out:440 type:b dur:2 cpbdur:2 q:36.27 aq:38.44 tex:1132 mv:1349 misc:1263 imb:3 pmb:285 smb:7872 d:t ref:0 ;
in:445 out:441 type:P dur:2 cpbdur:2 q:36.29 aq:31.84 tex:103650 mv:16841 misc:5349 imb:503 pmb:2374 smb:5283 d:s ref:0 ;
in:442 out:442 type:B dur:2 cpbdur:2 q:36.53 aq:35.43 tex:5763 mv:4640 misc:2869 imb:48 pmb:833 smb:7279 d:s ref:0 ;
in:441 out:443 type:b dur:2 cpbdur:2 q:36.61 aq:37.91 tex:753 mv:1625 misc:1566 imb:14 pmb:417 smb:7729 d:s ref:0 ;
in:443 out:444 type:b dur:2 cpbdur:2 q:36.61 aq:38.44 tex:2316 mv:2399 misc:1557 imb:23 pmb:378 smb:7759 d:- ref:0 ;
in:444 out:445 type:b dur:2 cpbdur:2 q:36.61 aq:38.91 tex:1996 mv:2086 misc:1430 imb:23 pmb:335 smb:7802 d:- ref:0 ;
in:449 out:446 type:P dur:2 cpbdur:2 q:36.52 aq:31.06 tex:275593 mv:38912 misc:4903 imb:1870 pmb:3196 smb:3094 d:s ref:0 ;
in:447 out:447 type:B dur:2 cpbdur:2 q:36.61 aq:37.07 tex:9339 mv:11160 misc:4885 imb:117 pmb:1713 smb:6330 d:s ref:0 ;
in:446 out:448 type:b dur:2 cpbdur:2 q:36.61 aq:37.17 tex:761 mv:1823 misc:1520 imb:16 pmb:361 smb:7783 d:s ref:0 ;
in:448 out:449 type:b dur:2 cpbdur:2 q:36.61 aq:38.49 tex:8657 mv:8267 misc:4252 imb:113 pmb:1442 smb:6605 d:- ref:0 ;
in:453 out:450 type:P dur:2 cpbdur:2 q:36.62 aq:31.59 tex:136209 mv:22044 misc:5827 imb:773 pmb:2759 smb:4628 d:s ref:0 ;
in:451 out:451 type:B dur:2 cpbdur:2 q:36.67 aq:36.88 tex:11390 mv:9850 misc:3792 imb:86 pmb:1283 smb:6791 d:t ref:0 ;
in:450 out:452 type:b dur:2 cpbdur:2 q:36.66 aq:38.32 tex:4125 mv:7104 misc:2739 imb:114 pmb:902 smb:7144 d:s ref:0 ;
in:452 out:453 type:b dur:2 cpbdur:2 q:36.67 aq:38.95 tex:1908 mv:2848 misc:2116 imb:13 pmb:587 smb:7560 d:- ref:0 ;
in:457 out:454 type:P dur:2 cpbdur:2 q:37.09 aq:32.22 tex:167410 mv:25840 misc:5462 imb:1113 pmb:2542 smb:4505 d:s ref:0 ;
in:455 out:455 type:B dur:2 cpbdur:2 q:37.10 aq:37.44 tex:7971 mv:7974 misc:3327 imb:82 pmb:1097 smb:6981 d:s ref:0 ;
in:454 out:456 type:b dur:2 cpbdur:2 q:37.10 aq:39.04 tex:3187 mv:3682 misc:2091 imb:37 pmb:600 smb:7523 d:s ref:0 ;
in:456 out:457 type:b dur:2 cpbdur:2 q:37.10 aq:39.03 tex:2703 mv:3338 misc:2375 imb:18 pmb:679 smb:7463 d:- ref:0 ;
in:462 out:458 type:P dur:2 cpbdur:2 q:37.47 aq:32.93 tex:145867 mv:24725 misc:5552 imb:1088 pmb:2572 smb:4500 d:s ref:0 ;
in:459 out:459 type:B dur:2 cpbdur:2 q:37.53 aq:37.17 tex:15691 mv:10693 misc:3640 imb:100 pmb:1263 smb:6797 d:t ref:0 ;
in:458 out:460 type:b dur:2 cpbdur:2 q:37.53 aq:39.64 tex:1602 mv:2881 misc:1941 imb:19 pmb:516 smb:7625 d:s ref:0 ;
in:460 out:461 type:b dur:2 cpbdur:2 q:37.53 aq:39.83 tex:1679 mv:3627 misc:2070 imb:44 pmb:515 smb:7601 d:- ref:0 ;
in:461 out:462 type:b dur:2 cpbdur:2 q:37.53 aq:39.78 tex:2495 mv:3526 misc:2043 imb:20 pmb:546 smb:7594 d:- ref:0 ;
in:466 out:463 type:P dur:2 cpbdur:2 q:37.29 aq:32.84 tex:137360 mv:22887 misc:5553 imb:951 pmb:2530 smb:4679 d:s ref:0 ;
in:464 out:464 type:B dur:2 cpbdur:2 q:37.55 aq:37.73 tex:11881 mv:8899 misc:3172 imb:135 pmb:966 smb:7059 d:t ref:0 ;
in:463 out:465 type:b dur:2 cpbdur:2 q:37.57 aq:39.65 tex:2594 mv:3641 misc:2133 imb:32 pmb:603 smb:7525 d:s ref:0 ;
in:465 out:466 type:b dur:2 cpbdur:2 q:37.57 aq:39.95 tex:2297 mv:3389 misc:2170 imb:28 pmb:572 smb:7560 d:- ref:0 ;
in:468 out:467 type:P dur:2 cpbdur:2 q:36.87 aq:32.30 tex:113067 mv:18247 misc:5830 imb:677 pmb:2576 smb:4907 d:s ref:0 ;
in:467 out:468 type:b dur:2 cpbdur:2 q:37.38 aq:39.34 tex:1124 mv:2397 misc:1671 imb:11 pmb:423 smb:7726 d:t ref:0 ;
in:473 out:469 type:P dur:2 cpbdur:2 q:37.31 aq:32.76 tex:139631 mv:25937 misc:5600 imb:1114 pmb:2607 smb:4439 d:s ref:0 ;
in:470 out:470 type:B dur:2 cpbdur:2 q:37.39 aq:37.00 tex:18426 mv:12630 misc:4120 imb:154 pmb:1391 smb:6615 d:t ref:0 ;
in:469 out:471 type:b dur:2 cpbdur:2 q:37.48 aq:39.61 tex:1699 mv:3444 misc:2353 imb:28 pmb:631 smb:7501 d:s ref:0 ;
in:471 out:472 type:b dur:2 cpbdur:2 q:37.48 aq:39.56 tex:2318 mv:3466 misc:1976 imb:24 pmb:486 smb:7650 d:- ref:0 ;
in:472 out:473 type:b dur:2 cpbdur:2 q:37.48 aq:39.66 tex:3223 mv:4085 misc:2196 imb:24 pmb:583 smb:7553 d:- ref:0 ;
in:477 out:474 type:P dur:2 cpbdur:2 q:36.91 aq:32.73 tex:121263 mv:21407 misc:5194 imb:841 pmb:2587 smb:4732 d:s ref:0 ;
in:475 out:475 type:B dur:2 cpbdur:2 q:37.39 aq:38.30 tex:12596 mv:7497 misc:3043 imb:83 pmb:921 smb:7156 d:t ref:0 ;
in:474 out:476 type:b dur:2 cpbdur:2 q:37.47 aq:39.81 tex:2977 mv:3131 misc:1924 imb:29 pmb:517 smb:7614 d:s ref:0 ;
in:476 out:477 type:b dur:2 cpbdur:2 q:37.47 aq:39.92 tex:2205 mv:2910 misc:1941 imb:23 pmb:525 smb:7612 d:- ref:0 ;
in:481 out:478 type:P dur:2 cpbdur:2 q:37.51 aq:34.32 tex:258213 mv:31710 misc:4829 imb:3413 pmb:1883 smb:2864 d:s ref:0 ;
in:479 out:479 type:B dur:2 cpbdur:2 q:37.58 aq:38.86 tex:20890 mv:14246 misc:4568 imb:537 pmb:1355 smb:6268 d:s ref:0 ;
in:478 out:480 type:b dur:2 cpbdur:2 q:37.58 aq:39.32 tex:3906 mv:4039 misc:2343 imb:48 pmb:613 smb:7499 d:s ref:0 ;
in:480 out:481 type:b dur:2 cpbdur:2 q:37.58 aq:39.72 tex:4671 mv:4934 misc:2883 imb:76 pmb:773 smb:7311 d:- ref:0 ;
in:486 out:482 type:P dur:2 cpbdur:2 q:37.61 aq:34.69 tex:173489 mv:29578 misc:4989 imb:2224 pmb:2710 smb:3226 d:s ref:0 ;
in:483 out:483 type:B dur:2 cpbdur:2 q:37.63 aq:37.37 tex:19770 mv:14043 misc:4707 imb:480 pmb:1354 smb:6326 d:t ref:0 ;
in:482 out:484 type:b dur:2 cpbdur:2 q:37.63 aq:39.97 tex:3108 mv:3822 misc:2398 imb:59 pmb:623 smb:7478 d:s ref:0 ;
in:484 out:485 type:b dur:2 cpbdur:2 q:37.63 aq:40.05 tex:2051 mv:3378 misc:2043 imb:21 pmb:492 smb:7647 d:- ref:0 ;
in:485 out:486 type:b dur:2 cpbdur:2 q:37.63 aq:40.46 tex:4261 mv:4550 misc:2621 imb:83 pmb:627 smb:7450 d:- ref:0 ;
in:490 out:487 type:P dur:2 cpbdur:2 q:37.88 aq:35.49 tex:141952 mv:25520 misc:5296 imb:2020 pmb:2555 smb:3585 d:s ref:0 ;
in:488 out:488 type:B dur:2 cpbdur:2 q:38.12 aq:38.55 tex:8710 mv:7708 misc:3654 imb:151 pmb:949 smb:7060 d:t ref:0 ;
in:487 out:489 type:b dur:2 cpbdur:2 q:38.12 aq:40.04 tex:2382 mv:2414 misc:1812 imb:33 pmb:408 smb:7719 d:s ref:0 ;
in:489 out:490 type:b dur:2 cpbdur:2 q:38.12 aq:40.24 tex:1918 mv:2463 misc:1931 imb:23 pmb:415 smb:7722 d:- ref:0 ;
in:493 out:491 type:P dur:2 cpbdur:2 q:37.76 aq:35.38 tex:155908 mv:27299 misc:5137 imb:1958 pmb:2579 smb:3623 d:s ref:0 ;
in:491 out:492 type:B dur:2 cpbdur:2 q:37.95 aq:39.02 tex:6251 mv:6109 misc:2752 imb:105 pmb:756 smb:7299 d:s ref:0 ;
in:492 out:493 type:b dur:2 cpbdur:2 q:38.01 aq:40.22 tex:2408 mv:3535 misc:2161 imb:47 pmb:506 smb:7607 d:- ref:0 ;
in:494 out:494 type:P dur:2 cpbdur:2 q:35.79 aq:33.66 tex:74306 mv:8776 misc:6038 imb:356 pmb:2099 smb:5705 d:s ref:0 ;
in:498 out:495 type:P dur:2 cpbdur:2 q:35.68 aq:36.02 tex:166561 mv:34957 misc:5050 imb:2690 pmb:2696 smb:2774 d:s ref:0 ;
in:496 out:496 type:B dur:2 cpbdur:2 q:36.21 aq:37.09 tex:42794 mv:27849 misc:6317 imb:958 pmb:2383 smb:4819 d:s ref:0 ;
in:495 out:497 type:b dur:2 cpbdur:2 q:36.21 aq:38.41 tex:7813 mv:8478 misc:3941 imb:110 pmb:1172 smb:6878 d:s ref:0 ;
in:497 out:498 type:b dur:2 cpbdur:2 q:36.21 aq:38.23 tex:74874 mv:34914 misc:5188 imb:1642 pmb:2447 smb:4071 d:- ref:0 ;
in:499 out:499 type:P dur:2 cpbdur:2 q:35.69 aq:36.30 tex:171443 mv:35711 misc:5142 imb:2656 pmb:2711 smb:2793 d:s ref:0 ;
in:500 out:500 type:P dur:2 cpbdur:2 q:35.44 aq:35.98 tex:180696 mv:38546 misc:4998 imb:3201 pmb:2529 smb:2430 d:s ref:0 ;
in:501 out:501 type:P dur:2 cpbdur:2 q:35.58 aq:36.48 tex:185484 mv:39836 misc:4512 imb:3672 pmb:2359 smb:2129 d:s ref:0 ;
in:502 out:502 type:P dur:2 cpbdur:2 q:35.64 aq:36.76 tex:192425 mv:42186 misc:4525 imb:3996 pmb:2231 smb:1933 d:s ref:0 ;
in:503 out:503 type:P dur:2 cpbdur:2 q:35.70 aq:36.98 tex:215621 mv:45900 misc:3711 imb:4475 pmb:2108 smb:1577 d:s ref:0 ;
in:504 out:504 type:P dur:2 cpbdur:2 q:35.80 aq:37.09 tex:210376 mv:46490 misc:3662 imb:4793 pmb:1995 smb:1372 d:s ref:0 ;
in:505 out:505 type:P dur:2 cpbdur:2 q:35.85 aq:37.63 tex:220622 mv:44814 misc:2580 imb:5737 pmb:1429 smb:994 d:s ref:0 ;
in:506 out:506 type:P dur:2 cpbdur:2 q:35.98 aq:35.31 tex:176921 mv:30027 misc:604 imb:7948 pmb:210 smb:2 d:s ref:0 w:5,15,127,6,10,105,21,88 ;
in:507 out:507 type:I dur:2 cpbdur:2 q:32.51 aq:31.59 tex:539532 mv:37656 misc:316 imb:8160 pmb:0 smb:0 d:s ref:w:5,15,127,6,10,105,21,88 ;
in:508 out:508 type:P dur:2 cpbdur:2 q:36.49 aq:33.34 tex:113002 mv:16145 misc:3573 imb:1944 pmb:1366 smb:4850 d:s ref:0 w:4,19,-50,6,79,-29,81,-35 ;
in:509 out:509 type:P dur:2 cpbdur:2 q:36.52 aq:33.43 tex:333003 mv:33289 misc:4004 imb:4947 pmb:1840 smb:1373 d:s ref:0 w:3,9,-32,6,77,-26,75,-23 ;
in:511 out:510 type:P dur:2 cpbdur:2 q:37.54 aq:32.54 tex:401290 mv:33339 misc:4411 imb:4138 pmb:2084 smb:1938 d:s ref:0 w:5,37,-38,6,78,-28,75,-23 ;
in:510 out:511 type:b dur:2 cpbdur:2 q:37.58 aq:38.89 tex:13221 mv:13538 misc:2625 imb:560 pmb:648 smb:6952 d:s ref:0 ;
in:515 out:512 type:P dur:2 cpbdur:2 q:40.51 aq:32.78 tex:349968 mv:31847 misc:4089 imb:3348 pmb:2405 smb:2407 d:s ref:0 w:6,67,-15,6,68,-8,67,-6 ;
in:513 out:513 type:B dur:2 cpbdur:2 q:40.51 aq:40.00 tex:10354 mv:11608 misc:2806 imb:558 pmb:796 smb:6806 d:s ref:0 ;
in:512 out:514 type:b dur:2 cpbdur:2 q:40.51 aq:41.91 tex:6519 mv:8831 misc:2434 imb:281 pmb:655 smb:7224 d:s ref:0 ;
in:514 out:515 type:b dur:2 cpbdur:2 q:40.51 aq:41.86 tex:1897 mv:4495 misc:1704 imb:72 pmb:444 smb:7644 d:- ref:0 ;
in:517 out:516 type:P dur:2 cpbdur:2 q:40.66 aq:31.90 tex:177223 mv:12534 misc:4371 imb:629 pmb:2303 smb:5228 d:s ref:0 ;
in:516 out:517 type:b dur:2 cpbdur:2 q:40.71 aq:41.70 tex:1118 mv:1672 misc:882 imb:13 pmb:209 smb:7938 d:t ref:0 ;
in:519 out:518 type:P dur:2 cpbdur:2 q:40.64 aq:31.59 tex:181866 mv:9704 misc:3678 imb:621 pmb:2482 smb:5057 d:s ref:0 ;
in:518 out:519 type:b dur:2 cpbdur:2 q:40.74 aq:36.17 tex:104 mv:1098 misc:742 imb:3 pmb:184 smb:7973 d:t ref:0 ;
in:523 out:520 type:P dur:2 cpbdur:2 q:40.34 aq:32.11 tex:88621 mv:9425 misc:4098 imb:809 pmb:1275 smb:6076 d:s ref:0 ;
in:521 out:521 type:B dur:2 cpbdur:2 q:40.72 aq:39.26 tex:342 mv:1889 misc:1153 imb:28 pmb:282 smb:7850 d:s ref:0 ;
in:520 out:522 type:b dur:2 cpbdur:2 q:40.72 aq:36.27 tex:156 mv:842 misc:610 imb:3 pmb:130 smb:8027 d:s ref:0 ;
in:522 out:523 type:b dur:2 cpbdur:2 q:40.72 aq:36.13 tex:142 mv:958 misc:948 imb:4 pmb:230 smb:7926 d:- ref:0 ;
in:528 out:524 type:P dur:2 cpbdur:2 q:40.53 aq:32.07 tex:58400 mv:7893 misc:3491 imb:790 pmb:891 smb:6479 d:s ref:0 ;
in:525 out:525 type:B dur:2 cpbdur:2 q:40.64 aq:34.17 tex:282 mv:1301 misc:969 imb:12 pmb:252 smb:7896 d:s ref:0 ;
in:524 out:526 type:b dur:2 cpbdur:2 q:40.70 aq:36.29 tex:243 mv:1943 misc:934 imb:31 pmb:300 smb:7829 d:s ref:0 ;
in:526 out:527 type:b dur:2 cpbdur:2 q:40.66 aq:36.21 tex:190 mv:840 misc:530 imb:6 pmb:117 smb:8037 d:- ref:0 ;
in:527 out:528 type:b dur:2 cpbdur:2 q:40.66 aq:36.21 tex:293 mv:909 misc:534 imb:3 pmb:119 smb:8038 d:- ref:0 ;
in:533 out:529 type:P dur:2 cpbdur:2 q:40.34 aq:31.49 tex:74307 mv:7247 misc:4206 imb:699 pmb:1225 smb:6236 d:s ref:0 ;
in:530 out:530 type:B dur:2 cpbdur:2 q:40.68 aq:34.90 tex:419 mv:1332 misc:705 imb:14 pmb:171 smb:7975 d:s ref:0 ;
in:529 out:531 type:b dur:2 cpbdur:2 q:40.68 aq:36.00 tex:24 mv:798 misc:538 imb:2 pmb:122 smb:8036 d:t ref:0 ;
in:531 out:532 type:b dur:2 cpbdur:2 q:40.69 aq:36.09 tex:56 mv:897 misc:783 imb:7 pmb:181 smb:7972 d:- ref:0 ;
in:532 out:533 type:b dur:2 cpbdur:2 q:40.69 aq:36.00 tex:26 mv:963 misc:747 imb:1 pmb:185 smb:7974 d:- ref:0 ;
in:536 out:534 type:P dur:2 cpbdur:2 q:39.96 aq:31.32 tex:88266 mv:8249 misc:4341 imb:906 pmb:1180 smb:6074 d:s ref:0 ;
in:534 out:535 type:B dur:2 cpbdur:2 q:40.34 aq:35.23 tex:210 mv:1076 misc:1002 imb:6 pmb:264 smb:7890 d:s ref:0 ;
in:535 out:536 type:b dur:2 cpbdur:2 q:40.34 aq:36.14 tex:62 mv:878 misc:612 imb:3 pmb:128 smb:8029 d:- ref:0 ;
in:539 out:537 type:P dur:2 cpbdur:2 q:39.62 aq:30.13 tex:92680 mv:4640 misc:3760 imb:310 pmb:1348 smb:6502 d:s ref:0 ;
in:537 out:538 type:B dur:2 cpbdur:2 q:40.03 aq:35.56 tex:369 mv:1008 misc:583 imb:7 pmb:128 smb:8025 d:t ref:0 ;
in:538 out:539 type:b dur:2 cpbdur:2 q:40.09 aq:36.18 tex:108 mv:887 misc:565 imb:3 pmb:129 smb:8028 d:- ref:0 ;
in:541 out:540 type:P dur:2 cpbdur:2 q:39.73 aq:29.60 tex:182372 mv:13371 misc:6617 imb:978 pmb:2802 smb:4380 d:s ref:0 ;
in:540 out:541 type:b dur:2 cpbdur:2 q:40.15 aq:36.62 tex:222 mv:948 misc:926 imb:4 pmb:235 smb:7921 d:s ref:0 ;
in:544 out:542 type:P dur:2 cpbdur:2 q:39.41 aq:29.51 tex:128337 mv:8574 misc:5897 imb:567 pmb:2273 smb:5320 d:s ref:0 ;
in:542 out:543 type:B dur:2 cpbdur:2 q:40.07 aq:35.20 tex:305 mv:966 misc:689 imb:5 pmb:153 smb:8002 d:t ref:0 ;
in:543 out:544 type:b dur:2 cpbdur:2 q:40.28 aq:36.34 tex:138 mv:987 misc:699 imb:9 pmb:167 smb:7984 d:- ref:0 ;
in:548 out:545 type:P dur:2 cpbdur:2 q:38.93 aq:28.81 tex:130705 mv:7117 misc:5858 imb:380 pmb:2355 smb:5425 d:s ref:0 ;
in:546 out:546 type:B dur:2 cpbdur:2 q:39.67 aq:34.84 tex:1130 mv:1409 misc:717 imb:19 pmb:176 smb:7965 d:t ref:0 ;
in:545 out:547 type:b dur:2 cpbdur:2 q:39.84 aq:36.12 tex:189 mv:852 misc:575 imb:2 pmb:135 smb:8023 d:t ref:0 ;
in:547 out:548 type:b dur:2 cpbdur:2 q:39.83 aq:36.00 tex:28 mv:860 misc:720 imb:0 pmb:180 smb:7980 d:- ref:0 ;
in:552 out:549 type:P dur:2 cpbdur:2 q:38.26 aq:28.22 tex:123191 mv:5517 misc:6388 imb:155 pmb:2737 smb:5268 d:s ref:0 ;
in:550 out:550 type:B dur:2 cpbdur:2 q:39.18 aq:34.76 tex:549 mv:1130 misc:593 imb:7 pmb:134 smb:8019 d:t ref:0 ;
in:549 out:551 type:b dur:2 cpbdur:2 q:39.33 aq:36.09 tex:70 mv:836 misc:606 imb:4 pmb:132 smb:8024 d:t ref:0 ;
in:551 out:552 type:b dur:2 cpbdur:2 q:39.33 aq:36.17 tex:90 mv:808 misc:550 imb:3 pmb:117 smb:8040 d:- ref:0 ;
in:556 out:553 type:P dur:2 cpbdur:2 q:38.20 aq:28.09 tex:130961 mv:4868 misc:5611 imb:188 pmb:2306 smb:5666 d:s ref:0 ;
in:554 out:554 type:B dur:2 cpbdur:2 q:38.65 aq:35.74 tex:597 mv:1212 misc:711 imb:5 pmb:194 smb:7961 d:t ref:0 ;
in:553 out:555 type:b dur:2 cpbdur:2 q:38.99 aq:36.11 tex:180 mv:843 misc:681 imb:2 pmb:156 smb:8002 d:s ref:0 ;
in:555 out:556 type:b dur:2 cpbdur:2 q:38.99 aq:36.10 tex:200 mv:906 misc:598 imb:5 pmb:139 smb:8016 d:- ref:0 ;
in:560 out:557 type:P dur:2 cpbdur:2 q:37.82 aq:27.76 tex:95690 mv:3650 misc:5132 imb:94 pmb:1859 smb:6207 d:s ref:0 ;
in:558 out:558 type:B dur:2 cpbdur:2 q:38.53 aq:34.53 tex:342 mv:1114 misc:608 imb:5 pmb:136 smb:8019 d:t ref:0 ;
in:557 out:559 type:b dur:2 cpbdur:2 q:38.76 aq:36.00 tex:18 mv:838 misc:592 imb:3 pmb:128 smb:8029 d:t ref:0 ;
in:559 out:560 type:b dur:2 cpbdur:2 q:38.76 aq:36.09 tex:48 mv:817 misc:551 imb:3 pmb:118 smb:8039 d:- ref:0 ;
in:564 out:561 type:P dur:2 cpbdur:2 q:37.77 aq:27.10 tex:80612 mv:3022 misc:4494 imb:82 pmb:1513 smb:6565 d:s ref:0 ;
in:562 out:562 type:B dur:2 cpbdur:2 q:38.18 aq:34.01 tex:314 mv:1079 misc:567 imb:6 pmb:135 smb:8019 d:t ref:0 ;
in:561 out:563 type:b dur:2 cpbdur:2 q:38.40 aq:36.17 tex:166 mv:853 misc:565 imb:2 pmb:136 smb:8022 d:t ref:0 ;
in:563 out:564 type:b dur:2 cpbdur:2 q:38.40 aq:36.05 tex:87 mv:845 misc:532 imb:3 pmb:120 smb:8037 d:- ref:0 ;
in:566 out:565 type:P dur:2 cpbdur:2 q:37.43 aq:27.00 tex:131642 mv:3144 misc:5614 imb:50 pmb:2427 smb:5683 d:s ref:0 ;
in:565 out:566 type:b dur:2 cpbdur:2 q:38.07 aq:36.16 tex:111 mv:832 misc:545 imb:3 pmb:116 smb:8041 d:t ref:0 ;
in:570 out:567 type:P dur:2 cpbdur:2 q:37.37 aq:26.65 tex:67441 mv:2267 misc:4140 imb:19 pmb:1365 smb:6776 d:s ref:0 ;
in:568 out:568 type:B dur:2 cpbdur:2 q:37.69 aq:33.99 tex:252 mv:1079 misc:525 imb:4 pmb:120 smb:8036 d:t ref:0 ;
in:567 out:569 type:b dur:2 cpbdur:2 q:37.94 aq:36.17 tex:211 mv:860 misc:545 imb:4 pmb:118 smb:8038 d:t ref:0 ;
in:569 out:570 type:b dur:2 cpbdur:2 q:37.94 aq:36.16 tex:191 mv:840 misc:537 imb:3 pmb:118 smb:8039 d:- ref:0 ;
in:572 out:571 type:P dur:2 cpbdur:2 q:37.06 aq:26.72 tex:85832 mv:2057 misc:4647 imb:21 pmb:1616 smb:6523 d:s ref:0 ;
in:571 out:572 type:b dur:2 cpbdur:2 q:37.64 aq:36.09 tex:288 mv:848 misc:536 imb:4 pmb:115 smb:8041 d:t ref:0 ;
in:577 out:573 type:P dur:2 cpbdur:2 q:36.93 aq:26.65 tex:84663 mv:2846 misc:3643 imb:30 pmb:1448 smb:6682 d:s ref:0 ;
in:574 out:574 type:B dur:2 cpbdur:2 q:37.34 aq:33.59 tex:761 mv:1160 misc:551 imb:8 pmb:128 smb:8024 d:t ref:0 ;
in:573 out:575 type:b dur:2 cpbdur:2 q:37.34 aq:36.05 tex:171 mv:875 misc:554 imb:5 pmb:118 smb:8037 d:t ref:0 ;
in:575 out:576 type:b dur:2 cpbdur:2 q:37.34 aq:36.09 tex:216 mv:961 misc:551 imb:3 pmb:141 smb:8016 d:- ref:0 ;
in:576 out:577 type:b dur:2 cpbdur:2 q:37.34 aq:36.17 tex:156 mv:1028 misc:568 imb:2 pmb:132 smb:8026 d:- ref:0 ;
in:579 out:578 type:P dur:2 cpbdur:2 q:36.99 aq:26.34 tex:41229 mv:1433 misc:2730 imb:9 pmb:834 smb:7317 d:s ref:0 ;
in:578 out:579 type:b dur:2 cpbdur:2 q:37.21 aq:36.13 tex:237 mv:853 misc:526 imb:5 pmb:117 smb:8038 d:t ref:0 ;
in:582 out:580 type:P dur:2 cpbdur:2 q:36.36 aq:26.47 tex:88380 mv:2696 misc:4652 imb:31 pmb:1666 smb:6463 d:s ref:0 ;
in:580 out:581 type:B dur:2 cpbdur:2 q:37.16 aq:34.13 tex:279 mv:929 misc:528 imb:4 pmb:116 smb:8040 d:t ref:0 ;
in:581 out:582 type:b dur:2 cpbdur:2 q:37.16 aq:36.00 tex:29 mv:822 misc:525 imb:2 pmb:118 smb:8040 d:- ref:0 ;
in:584 out:583 type:P dur:2 cpbdur:2 q:36.69 aq:25.78 tex:33006 mv:1328 misc:2754 imb:12 pmb:709 smb:7439 d:s ref:0 ;
in:583 out:584 type:b dur:2 cpbdur:2 q:36.70 aq:35.09 tex:55 mv:848 misc:537 imb:3 pmb:115 smb:8042 d:t ref:0 ;
in:588 out:585 type:P dur:2 cpbdur:2 q:36.30 aq:26.60 tex:38139 mv:1799 misc:2798 imb:16 pmb:843 smb:7301 d:s ref:0 ;
in:586 out:586 type:B dur:2 cpbdur:2 q:36.69 aq:33.07 tex:184 mv:1061 misc:507 imb:5 pmb:116 smb:8039 d:t ref:0 ;
in:585 out:587 type:b dur:2 cpbdur:2 q:36.69 aq:35.08 tex:53 mv:809 misc:530 imb:4 pmb:112 smb:8044 d:t ref:0 ;
in:587 out:588 type:b dur:2 cpbdur:2 q:36.69 aq:35.15 tex:238 mv:833 misc:521 imb:5 pmb:115 smb:8040 d:- ref:0 ;
in:589 out:589 type:P dur:2 cpbdur:2 q:36.68 aq:26.02 tex:26312 mv:1204 misc:1908 imb:11 pmb:636 smb:7513 d:s ref:0 ;
in:593 out:590 type:P dur:2 cpbdur:2 q:36.63 aq:29.02 tex:84011 mv:9273 misc:3012 imb:1185 pmb:1009 smb:5966 d:t ref:0 ;
in:591 out:591 type:B dur:2 cpbdur:2 q:36.70 aq:33.53 tex:590 mv:1254 misc:1388 imb:7 pmb:408 smb:7745 d:s ref:0 ;
in:590 out:592 type:b dur:2 cpbdur:2 q:36.70 aq:35.12 tex:132 mv:864 misc:604 imb:4 pmb:135 smb:8021 d:t ref:0 ;
in:592 out:593 type:b dur:2 cpbdur:2 q:36.70 aq:35.14 tex:175 mv:1088 misc:1393 imb:9 pmb:394 smb:7757 d:- ref:0 ;
in:596 out:594 type:P dur:2 cpbdur:2 q:36.19 aq:25.97 tex:101932 mv:3066 misc:4890 imb:31 pmb:1852 smb:6277 d:s ref:0 ;
in:594 out:595 type:B dur:2 cpbdur:2 q:36.63 aq:33.96 tex:983 mv:1146 misc:903 imb:16 pmb:177 smb:7967 d:t ref:0 ;
in:595 out:596 type:b dur:2 cpbdur:2 q:36.63 aq:35.10 tex:141 mv:896 misc:587 imb:4 pmb:132 smb:8024 d:- ref:0 ;
in:598 out:597 type:P dur:2 cpbdur:2 q:36.56 aq:26.00 tex:293490 mv:11993 misc:2797 imb:885 pmb:1123 smb:6152 d:t ref:0 ;
in:597 out:598 type:b dur:2 cpbdur:2 q:36.57 aq:35.14 tex:210 mv:831 misc:1303 imb:1 pmb:1022 smb:7137 d:s ref:0 ;
in:601 out:599 type:P dur:2 cpbdur:2 q:36.20 aq:25.42 tex:69825 mv:2358 misc:4625 imb:20 pmb:1512 smb:6628 d:t ref:0 ;
in:599 out:600 type:B dur:2 cpbdur:2 q:36.57 aq:34.80 tex:500 mv:233 misc:555 imb:0 pmb:52 smb:8108 d:t ref:0 ;
in:600 out:601 type:b dur:2 cpbdur:2 q:36.57 aq:35.45 tex:233 mv:829 misc:546 imb:2 pmb:120 smb:8038 d:- ref:0 ;
in:603 out:602 type:P dur:2 cpbdur:2 q:36.54 aq:25.63 tex:38908 mv:1313 misc:2907 imb:8 pmb:901 smb:7251 d:t ref:0 ;
in:602 out:603 type:b dur:2 cpbdur:2 q:36.55 aq:35.14 tex:65 mv:55 misc:440 imb:0 pmb:8 smb:8152 d:t ref:0 ;
in:607 out:604 type:P dur:2 cpbdur:2 q:36.71 aq:25.44 tex:18524 mv:1382 misc:1838 imb:13 pmb:398 smb:7749 d:t ref:0 ;
in:605 out:605 type:B dur:2 cpbdur:2 q:36.91 aq:33.76 tex:1303 mv:314 misc:527 imb:1 pmb:46 smb:8113 d:t ref:0 ;
in:604 out:606 type:b dur:2 cpbdur:2 q:36.91 aq:35.00 tex:8 mv:135 misc:481 imb:2 pmb:37 smb:8121 d:t ref:0 ;
in:606 out:607 type:b dur:2 cpbdur:2 q:36.91 aq:35.00 tex:30 mv:847 misc:563 imb:3 pmb:126 smb:8031 d:- ref:0 ;
in:609 out:608 type:P dur:2 cpbdur:2 q:36.38 aq:25.46 tex:28166 mv:1335 misc:2203 imb:11 pmb:578 smb:7571 d:t ref:0 ;
in:608 out:609 type:b dur:2 cpbdur:2 q:36.86 aq:35.21 tex:175 mv:86 misc:459 imb:0 pmb:11 smb:8149 d:t ref:0 ;
in:611 out:610 type:P dur:2 cpbdur:2 q:35.75 aq:25.45 tex:73107 mv:1989 misc:5176 imb:17 pmb:1605 smb:6538 d:t ref:0 ;
in:610 out:611 type:b dur:2 cpbdur:2 q:36.69 aq:35.18 tex:230 mv:129 misc:489 imb:1 pmb:40 smb:8119 d:t ref:0 ;
in:613 out:612 type:P dur:2 cpbdur:2 q:35.71 aq:25.18 tex:37676 mv:1569 misc:3251 imb:21 pmb:818 smb:7321 d:t ref:0 ;
in:612 out:613 type:b dur:2 cpbdur:2 q:35.75 aq:35.14 tex:203 mv:155 misc:490 imb:0 pmb:21 smb:8139 d:t ref:0 ;
in:616 out:614 type:P dur:2 cpbdur:2 q:35.93 aq:25.32 tex:51622 mv:1510 misc:2220 imb:10 pmb:729 smb:7421 d:t ref:0 ;
in:614 out:615 type:B dur:2 cpbdur:2 q:35.96 aq:34.14 tex:407 mv:993 misc:552 imb:3 pmb:128 smb:8029 d:t ref:0 ;
in:615 out:616 type:b dur:2 cpbdur:2 q:35.96 aq:35.11 tex:371 mv:862 misc:551 imb:5 pmb:117 smb:8038 d:- ref:0 ;
in:619 out:617 type:P dur:2 cpbdur:2 q:35.72 aq:25.86 tex:29107 mv:1643 misc:1762 imb:22 pmb:466 smb:7672 d:s ref:0 ;
in:617 out:618 type:B dur:2 cpbdur:2 q:35.93 aq:33.50 tex:670 mv:1073 misc:593 imb:4 pmb:136 smb:8020 d:t ref:0 ;
in:618 out:619 type:b dur:2 cpbdur:2 q:35.93 aq:35.02 tex:237 mv:865 misc:546 imb:4 pmb:119 smb:8037 d:- ref:0 ;
in:622 out:620 type:P dur:2 cpbdur:2 q:36.15 aq:26.08 tex:29835 mv:1563 misc:1058 imb:15 pmb:375 smb:7770 d:s ref:0 ;
in:620 out:621 type:B dur:2 cpbdur:2 q:36.22 aq:33.19 tex:308 mv:1037 misc:591 imb:2 pmb:136 smb:8022 d:t ref:0 ;
in:621 out:622 type:b dur:2 cpbdur:2 q:36.22 aq:34.10 tex:303 mv:877 misc:588 imb:3 pmb:129 smb:8028 d:- ref:0 ;
in:624 out:623 type:P dur:2 cpbdur:2 q:35.73 aq:24.92 tex:37304 mv:1302 misc:2066 imb:14 pmb:563 smb:7583 d:s ref:0 ;
in:623 out:624 type:b dur:2 cpbdur:2 q:36.22 aq:34.07 tex:277 mv:908 misc:567 imb:4 pmb:123 smb:8033 d:t ref:0 ;
in:627 out:625 type:P dur:2 cpbdur:2 q:35.65 aq:25.39 tex:38266 mv:2186 misc:1668 imb:22 pmb:547 smb:7591 d:s ref:0 ;
in:625 out:626 type:B dur:2 cpbdur:2 q:36.04 aq:33.63 tex:987 mv:1117 misc:576 imb:3 pmb:136 smb:8021 d:t ref:0 ;
in:626 out:627 type:b dur:2 cpbdur:2 q:36.04 aq:34.11 tex:264 mv:876 misc:604 imb:2 pmb:136 smb:8022 d:- ref:0 ;
in:631 out:628 type:P dur:2 cpbdur:2 q:35.69 aq:25.11 tex:35635 mv:1704 misc:1797 imb:14 pmb:590 smb:7556 d:s ref:0 ;
in:629 out:629 type:B dur:2 cpbdur:2 q:36.09 aq:32.03 tex:389 mv:1052 misc:519 imb:5 pmb:112 smb:8043 d:t ref:0 ;
in:628 out:630 type:b dur:2 cpbdur:2 q:36.09 aq:34.16 tex:248 mv:818 misc:542 imb:4 pmb:116 smb:8040 d:t ref:0 ;
in:630 out:631 type:b dur:2 cpbdur:2 q:36.09 aq:34.11 tex:270 mv:852 misc:534 imb:3 pmb:119 smb:8038 d:- ref:0 ;
in:635 out:632 type:P dur:2 cpbdur:2 q:35.95 aq:26.64 tex:83644 mv:5519 misc:2165 imb:553 pmb:957 smb:6650 d:s ref:0 ;
in:633 out:633 type:B dur:2 cpbdur:2 q:36.28 aq:32.86 tex:423 mv:1192 misc:705 imb:10 pmb:202 smb:7948 d:s ref:0 ;
in:632 out:634 type:b dur:2 cpbdur:2 q:36.35 aq:34.06 tex:192 mv:868 misc:564 imb:4 pmb:128 smb:8028 d:t ref:0 ;
in:634 out:635 type:b dur:2 cpbdur:2 q:36.35 aq:35.29 tex:1737 mv:1407 misc:880 imb:9 pmb:248 smb:7903 d:- ref:0 ;
in:638 out:636 type:P dur:2 cpbdur:2 q:36.09 aq:26.11 tex:121806 mv:5411 misc:2159 imb:627 pmb:1077 smb:6456 d:t ref:0 ;
in:636 out:637 type:B dur:2 cpbdur:2 q:36.44 aq:35.30 tex:3067 mv:3196 misc:905 imb:163 pmb:215 smb:7782 d:t ref:0 ;
in:637 out:638 type:b dur:2 cpbdur:2 q:36.66 aq:36.26 tex:1531 mv:2297 misc:932 imb:63 pmb:231 smb:7866 d:- ref:0 ;
in:641 out:639 type:P dur:2 cpbdur:2 q:36.15 aq:25.89 tex:145057 mv:5853 misc:1714 imb:499 pmb:881 smb:6780 d:t ref:0 ;
in:639 out:640 type:B dur:2 cpbdur:2 q:36.51 aq:37.43 tex:1383 mv:801 misc:696 imb:0 pmb:104 smb:8056 d:t ref:0 ;
in:640 out:641 type:b dur:2 cpbdur:2 q:36.63 aq:34.06 tex:57 mv:920 misc:655 imb:5 pmb:164 smb:7991 d:- ref:0 ;
in:644 out:642 type:P dur:2 cpbdur:2 q:36.07 aq:25.23 tex:118868 mv:3510 misc:3166 imb:96 pmb:1537 smb:6527 d:t ref:0 ;
in:642 out:643 type:B dur:2 cpbdur:2 q:36.64 aq:33.00 tex:13 mv:154 misc:609 imb:0 pmb:95 smb:8065 d:t ref:0 ;
in:643 out:644 type:b dur:2 cpbdur:2 q:36.87 aq:34.21 tex:163 mv:811 misc:514 imb:2 pmb:114 smb:8044 d:- ref:0 ;
in:648 out:645 type:P dur:2 cpbdur:2 q:36.18 aq:25.47 tex:112332 mv:2422 misc:3894 imb:15 pmb:1734 smb:6411 d:t ref:0 ;
in:646 out:646 type:B dur:2 cpbdur:2 q:36.68 aq:34.17 tex:309 mv:236 misc:551 imb:1 pmb:51 smb:8108 d:t ref:0 ;
in:645 out:647 type:b dur:2 cpbdur:2 q:36.78 aq:34.21 tex:172 mv:128 misc:508 imb:0 pmb:46 smb:8114 d:t ref:0 ;
in:647 out:648 type:b dur:2 cpbdur:2 q:36.78 aq:34.18 tex:111 mv:841 misc:520 imb:5 pmb:111 smb:8044 d:- ref:0 ;
in:653 out:649 type:P dur:2 cpbdur:2 q:35.81 aq:25.30 tex:83647 mv:2169 misc:3272 imb:10 pmb:1254 smb:6896 d:t ref:0 ;
in:650 out:650 type:B dur:2 cpbdur:2 q:36.51 aq:31.76 tex:2123 mv:410 misc:531 imb:6 pmb:45 smb:8109 d:t ref:0 ;
in:649 out:651 type:b dur:2 cpbdur:2 q:36.69 aq:34.21 tex:152 mv:83 misc:469 imb:0 pmb:37 smb:8123 d:t ref:0 ;
in:651 out:652 type:b dur:2 cpbdur:2 q:36.69 aq:34.07 tex:206 mv:1028 misc:550 imb:9 pmb:122 smb:8029 d:- ref:0 ;
in:652 out:653 type:b dur:2 cpbdur:2 q:36.69 aq:34.17 tex:237 mv:1007 misc:548 imb:4 pmb:127 smb:8029 d:- ref:0 ;
in:658 out:654 type:P dur:2 cpbdur:2 q:35.57 aq:24.32 tex:90041 mv:2105 misc:3686 imb:15 pmb:1414 smb:6731 d:t ref:0 ;
in:655 out:655 type:B dur:2 cpbdur:2 q:36.22 aq:31.18 tex:400 mv:196 misc:500 imb:3 pmb:18 smb:8139 d:t ref:0 ;
in:654 out:656 type:b dur:2 cpbdur:2 q:36.46 aq:34.21 tex:210 mv:86 misc:456 imb:0 pmb:11 smb:8149 d:t ref:0 ;
in:656 out:657 type:b dur:2 cpbdur:2 q:36.46 aq:33.21 tex:210 mv:948 misc:490 imb:7 pmb:106 smb:8047 d:- ref:0 ;
in:657 out:658 type:b dur:2 cpbdur:2 q:36.46 aq:33.14 tex:249 mv:989 misc:506 imb:5 pmb:110 smb:8045 d:- ref:0 ;
in:661 out:659 type:P dur:2 cpbdur:2 q:35.34 aq:24.29 tex:138527 mv:2616 misc:3865 imb:16 pmb:1780 smb:6364 d:t ref:0 ;
in:659 out:660 type:B dur:2 cpbdur:2 q:36.22 aq:32.01 tex:270 mv:155 misc:503 imb:3 pmb:16 smb:8141 d:t ref:0 ;
in:660 out:661 type:b dur:2 cpbdur:2 q:36.57 aq:33.23 tex:304 mv:875 misc:541 imb:3 pmb:120 smb:8037 d:- ref:0 ;
in:663 out:662 type:P dur:2 cpbdur:2 q:35.13 aq:24.52 tex:94100 mv:1756 misc:3152 imb:15 pmb:1259 smb:6886 d:t ref:0 ;
in:662 out:663 type:b dur:2 cpbdur:2 q:35.74 aq:33.21 tex:111 mv:136 misc:481 imb:2 pmb:16 smb:8142 d:t ref:0 ;
in:667 out:664 type:P dur:2 cpbdur:2 q:34.96 aq:25.07 tex:57645 mv:1666 misc:2441 imb:11 pmb:842 smb:7307 d:t ref:0 ;
in:665 out:665 type:B dur:2 cpbdur:2 q:35.62 aq:31.81 tex:2137 mv:413 misc:530 imb:6 pmb:43 smb:8111 d:t ref:0 ;
in:664 out:666 type:b dur:2 cpbdur:2 q:36.08 aq:33.17 tex:222 mv:133 misc:485 imb:1 pmb:38 smb:8121 d:t ref:0 ;
in:666 out:667 type:b dur:2 cpbdur:2 q:36.08 aq:33.93 tex:351 mv:882 misc:575 imb:5 pmb:127 smb:8028 d:- ref:0 ;
in:670 out:668 type:P dur:2 cpbdur:2 q:34.96 aq:24.08 tex:53170 mv:1709 misc:2601 imb:16 pmb:855 smb:7289 d:t ref:0 ;
in:668 out:669 type:B dur:2 cpbdur:2 q:35.42 aq:31.95 tex:218 mv:202 misc:524 imb:4 pmb:23 smb:8133 d:t ref:0 ;
in:669 out:670 type:b dur:2 cpbdur:2 q:35.66 aq:33.13 tex:354 mv:895 misc:567 imb:6 pmb:123 smb:8031 d:- ref:0 ;
in:672 out:671 type:P dur:2 cpbdur:2 q:34.92 aq:24.15 tex:119956 mv:1799 misc:3045 imb:17 pmb:1400 smb:6743 d:t ref:0 ;
in:671 out:672 type:b dur:2 cpbdur:2 q:35.37 aq:33.92 tex:295 mv:182 misc:515 imb:0 pmb:45 smb:8115 d:t ref:0 ;
in:677 out:673 type:P dur:2 cpbdur:2 q:34.57 aq:24.92 tex:84665 mv:2146 misc:2701 imb:20 pmb:999 smb:7141 d:t ref:0 ;
in:674 out:674 type:B dur:2 cpbdur:2 q:35.26 aq:30.70 tex:2342 mv:464 misc:594 imb:10 pmb:54 smb:8096 d:t ref:0 ;
in:673 out:675 type:b dur:2 cpbdur:2 q:35.64 aq:33.17 tex:122 mv:164 misc:514 imb:0 pmb:47 smb:8113 d:t ref:0 ;
in:675 out:676 type:b dur:2 cpbdur:2 q:35.64 aq:33.70 tex:530 mv:976 misc:558 imb:5 pmb:121 smb:8034 d:- ref:0 ;
in:676 out:677 type:b dur:2 cpbdur:2 q:35.64 aq:33.67 tex:522 mv:1009 misc:541 imb:3 pmb:126 smb:8031 d:- ref:0 ;
in:680 out:678 type:P dur:2 cpbdur:2 q:34.60 aq:25.03 tex:139300 mv:1850 misc:2954 imb:16 pmb:1549 smb:6595 d:t ref:0 ;
in:678 out:679 type:B dur:2 cpbdur:2 q:34.87 aq:32.14 tex:310 mv:162 misc:528 imb:2 pmb:21 smb:8137 d:t ref:0 ;
in:679 out:680 type:b dur:2 cpbdur:2 q:35.17 aq:33.00 tex:30 mv:829 misc:541 imb:5 pmb:113 smb:8042 d:- ref:0 ;
in:682 out:681 type:P dur:2 cpbdur:2 q:34.51 aq:23.88 tex:89816 mv:1462 misc:3882 imb:11 pmb:1401 smb:6748 d:t ref:0 ;
in:681 out:682 type:b dur:2 cpbdur:2 q:35.08 aq:33.00 tex:8 mv:113 misc:471 imb:0 pmb:15 smb:8145 d:t ref:0 ;
in:686 out:683 type:P dur:2 cpbdur:2 q:34.13 aq:23.80 tex:158461 mv:2578 misc:4153 imb:21 pmb:1944 smb:6195 d:t ref:0 ;
in:684 out:684 type:B dur:2 cpbdur:2 q:34.85 aq:31.18 tex:320 mv:229 misc:539 imb:0 pmb:29 smb:8131 d:t ref:0 ;
in:683 out:685 type:b dur:2 cpbdur:2 q:35.08 aq:33.20 tex:253 mv:79 misc:460 imb:1 pmb:10 smb:8149 d:t ref:0 ;
in:685 out:686 type:b dur:2 cpbdur:2 q:35.08 aq:33.09 tex:232 mv:904 misc:544 imb:4 pmb:119 smb:8037 d:- ref:0 ;
in:688 out:687 type:P dur:2 cpbdur:2 q:34.20 aq:24.16 tex:64819 mv:1284 misc:2953 imb:13 pmb:942 smb:7205 d:t ref:0 ;
in:687 out:688 type:b dur:2 cpbdur:2 q:34.49 aq:33.19 tex:251 mv:89 misc:476 imb:1 pmb:12 smb:8147 d:t ref:0 ;
in:692 out:689 type:P dur:2 cpbdur:2 q:34.13 aq:23.45 tex:59979 mv:1878 misc:2327 imb:16 pmb:805 smb:7339 d:t ref:0 ;
in:690 out:690 type:B dur:2 cpbdur:2 q:34.35 aq:31.87 tex:2492 mv:434 misc:546 imb:6 pmb:46 smb:8108 d:t ref:0 ;
in:689 out:691 type:b dur:2 cpbdur:2 q:34.35 aq:33.21 tex:143 mv:124 misc:501 imb:0 pmb:43 smb:8117 d:t ref:0 ;
in:691 out:692 type:b dur:2 cpbdur:2 q:34.35 aq:33.15 tex:237 mv:932 misc:591 imb:4 pmb:135 smb:8021 d:- ref:0 ;
in:696 out:693 type:P dur:2 cpbdur:2 q:33.97 aq:24.14 tex:43459 mv:1592 misc:2325 imb:10 pmb:644 smb:7506 d:t ref:0 ;
in:694 out:694 type:B dur:2 cpbdur:2 q:34.34 aq:31.63 tex:872 mv:173 misc:507 imb:1 pmb:21 smb:8138 d:t ref:0 ;
in:693 out:695 type:b dur:2 cpbdur:2 q:34.34 aq:33.21 tex:156 mv:76 misc:456 imb:0 pmb:12 smb:8148 d:t ref:0 ;
in:695 out:696 type:b dur:2 cpbdur:2 q:34.34 aq:33.07 tex:424 mv:909 misc:531 imb:6 pmb:123 smb:8031 d:- ref:0 ;
in:698 out:697 type:P dur:2 cpbdur:2 q:34.12 aq:23.92 tex:47045 mv:1574 misc:2005 imb:17 pmb:659 smb:7484 d:t ref:0 ;
in:697 out:698 type:b dur:2 cpbdur:2 q:34.45 aq:32.26 tex:200 mv:166 misc:522 imb:1 pmb:45 smb:8114 d:t ref:0 ;
in:703 out:699 type:P dur:2 cpbdur:2 q:33.76 aq:24.65 tex:54674 mv:1799 misc:2223 imb:17 pmb:703 smb:7440 d:t ref:0 ;
in:700 out:700 type:B dur:2 cpbdur:2 q:34.41 aq:29.89 tex:627 mv:388 misc:577 imb:9 pmb:50 smb:8101 d:t ref:0 ;
in:699 out:701 type:b dur:2 cpbdur:2 q:34.66 aq:32.21 tex:250 mv:96 misc:486 imb:0 pmb:16 smb:8144 d:t ref:0 ;
in:701 out:702 type:b dur:2 cpbdur:2 q:34.66 aq:32.11 tex:322 mv:998 misc:568 imb:7 pmb:129 smb:8024 d:- ref:0 ;
in:702 out:703 type:b dur:2 cpbdur:2 q:34.66 aq:32.20 tex:295 mv:1037 misc:548 imb:4 pmb:131 smb:8025 d:- ref:0 ;
in:705 out:704 type:P dur:2 cpbdur:2 q:33.81 aq:23.88 tex:63131 mv:1495 misc:2686 imb:11 pmb:965 smb:7184 d:t ref:0 ;
in:704 out:705 type:b dur:2 cpbdur:2 q:34.20 aq:32.19 tex:310 mv:119 misc:475 imb:0 pmb:16 smb:8144 d:t ref:0 ;
in:709 out:706 type:P dur:2 cpbdur:2 q:33.50 aq:24.46 tex:98874 mv:2687 misc:3023 imb:106 pmb:961 smb:7093 d:t ref:0 ;
in:707 out:707 type:B dur:2 cpbdur:2 q:34.20 aq:33.52 tex:1178 mv:501 misc:681 imb:6 pmb:148 smb:8006 d:t ref:0 ;
in:706 out:708 type:b dur:2 cpbdur:2 q:34.45 aq:32.26 tex:269 mv:202 misc:545 imb:1 pmb:58 smb:8101 d:t ref:0 ;
in:708 out:709 type:b dur:2 cpbdur:2 q:34.45 aq:32.13 tex:263 mv:881 misc:664 imb:3 pmb:163 smb:7994 d:- ref:0 ;
in:713 out:710 type:P dur:2 cpbdur:2 q:33.48 aq:24.53 tex:64569 mv:2362 misc:2517 imb:48 pmb:755 smb:7357 d:t ref:0 ;
in:711 out:711 type:B dur:2 cpbdur:2 q:33.91 aq:30.16 tex:531 mv:320 misc:605 imb:2 pmb:80 smb:8078 d:t ref:0 ;
in:710 out:712 type:b dur:2 cpbdur:2 q:33.91 aq:32.21 tex:282 mv:61 misc:457 imb:1 pmb:9 smb:8150 d:t ref:0 ;
in:712 out:713 type:b dur:2 cpbdur:2 q:33.91 aq:32.15 tex:399 mv:887 misc:594 imb:5 pmb:137 smb:8018 d:- ref:0 ;
in:716 out:714 type:P dur:2 cpbdur:2 q:33.68 aq:24.43 tex:136612 mv:2792 misc:2428 imb:136 pmb:1073 smb:6951 d:t ref:0 ;
in:714 out:715 type:B dur:2 cpbdur:2 q:33.86 aq:31.13 tex:413 mv:219 misc:680 imb:0 pmb:128 smb:8032 d:t ref:0 ;
in:715 out:716 type:b dur:2 cpbdur:2 q:33.86 aq:32.07 tex:77 mv:999 misc:716 imb:9 pmb:174 smb:7977 d:- ref:0 ;
in:718 out:717 type:P dur:2 cpbdur:2 q:33.93 aq:23.89 tex:43429 mv:1682 misc:1905 imb:14 pmb:590 smb:7556 d:t ref:0 ;
in:717 out:718 type:b dur:2 cpbdur:2 q:34.10 aq:32.10 tex:77 mv:182 misc:517 imb:0 pmb:46 smb:8114 d:t ref:0 ;
in:721 out:719 type:P dur:2 cpbdur:2 q:33.36 aq:23.07 tex:76597 mv:1709 misc:2950 imb:14 pmb:1038 smb:7108 d:t ref:0 ;
in:719 out:720 type:B dur:2 cpbdur:2 q:34.04 aq:31.24 tex:223 mv:122 misc:503 imb:0 pmb:20 smb:8140 d:t ref:0 ;
in:720 out:721 type:b dur:2 cpbdur:2 q:34.14 aq:32.14 tex:233 mv:857 misc:510 imb:6 pmb:112 smb:8042 d:- ref:0 ;
in:725 out:722 type:P dur:2 cpbdur:2 q:33.79 aq:25.41 tex:151359 mv:5266 misc:1703 imb:344 pmb:685 smb:7131 d:t ref:0 ;
in:723 out:723 type:B dur:2 cpbdur:2 q:33.97 aq:30.63 tex:1070 mv:395 misc:799 imb:5 pmb:448 smb:7707 d:s ref:0 ;
in:722 out:724 type:b dur:2 cpbdur:2 q:33.97 aq:32.20 tex:260 mv:80 misc:468 imb:0 pmb:14 smb:8146 d:t ref:0 ;
in:724 out:725 type:b dur:2 cpbdur:2 q:33.97 aq:32.07 tex:489 mv:1018 misc:909 imb:8 pmb:243 smb:7909 d:- ref:0 ;
in:727 out:726 type:P dur:2 cpbdur:2 q:33.34 aq:22.92 tex:89040 mv:1506 misc:3510 imb:12 pmb:1210 smb:6938 d:t ref:0 ;
in:726 out:727 type:b dur:2 cpbdur:2 q:33.97 aq:32.21 tex:183 mv:123 misc:486 imb:0 pmb:18 smb:8142 d:t ref:0 ;
in:729 out:728 type:P dur:2 cpbdur:2 q:33.53 aq:23.33 tex:125947 mv:3611 misc:2290 imb:187 pmb:777 smb:7196 d:t ref:0 ;
in:728 out:729 type:b dur:2 cpbdur:2 q:33.87 aq:32.10 tex:349 mv:439 misc:724 imb:1 pmb:209 smb:7950 d:s ref:0 ;
in:733 out:730 type:P dur:2 cpbdur:2 q:33.01 aq:23.18 tex:76161 mv:1948 misc:2907 imb:74 pmb:844 smb:7242 d:t ref:0 ;
in:731 out:731 type:B dur:2 cpbdur:2 q:33.82 aq:33.74 tex:1061 mv:389 misc:590 imb:5 pmb:82 smb:8073 d:t ref:0 ;
in:730 out:732 type:b dur:2 cpbdur:2 q:34.10 aq:34.81 tex:658 mv:186 misc:500 imb:4 pmb:38 smb:8118 d:t ref:0 ;
in:732 out:733 type:b dur:2 cpbdur:2 q:34.10 aq:35.32 tex:570 mv:994 misc:588 imb:6 pmb:133 smb:8021 d:- ref:0 ;
in:735 out:734 type:P dur:2 cpbdur:2 q:33.28 aq:23.66 tex:56524 mv:1688 misc:2036 imb:40 pmb:636 smb:7484 d:t ref:0 ;
in:734 out:735 type:b dur:2 cpbdur:2 q:33.54 aq:34.32 tex:222 mv:284 misc:550 imb:2 pmb:53 smb:8105 d:t ref:0 ;
in:737 out:736 type:P dur:2 cpbdur:2 q:33.30 aq:24.09 tex:151549 mv:4366 misc:2317 imb:220 pmb:808 smb:7132 d:t ref:0 ;
in:736 out:737 type:b dur:2 cpbdur:2 q:33.71 aq:33.10 tex:361 mv:356 misc:795 imb:0 pmb:307 smb:7853 d:s ref:0 ;
in:739 out:738 type:P dur:2 cpbdur:2 q:33.10 aq:23.20 tex:97417 mv:1645 misc:2994 imb:19 pmb:1160 smb:6981 d:t ref:0 ;
in:738 out:739 type:b dur:2 cpbdur:2 q:33.52 aq:31.15 tex:113 mv:196 misc:523 imb:1 pmb:32 smb:8127 d:t ref:0 ;
in:741 out:740 type:P dur:2 cpbdur:2 q:33.18 aq:23.46 tex:228111 mv:5520 misc:2441 imb:435 pmb:990 smb:6735 d:t ref:0 ;
in:740 out:741 type:b dur:2 cpbdur:2 q:33.51 aq:31.35 tex:262 mv:638 misc:884 imb:0 pmb:514 smb:7646 d:s ref:0 ;
in:743 out:742 type:P dur:2 cpbdur:2 q:33.13 aq:23.27 tex:87176 mv:2284 misc:2732 imb:64 pmb:894 smb:7202 d:t ref:0 ;
in:742 out:743 type:b dur:2 cpbdur:2 q:33.69 aq:31.19 tex:101 mv:214 misc:605 imb:0 pmb:69 smb:8091 d:t ref:0 ;
in:745 out:744 type:P dur:2 cpbdur:2 q:33.07 aq:22.57 tex:65425 mv:1435 misc:2428 imb:11 pmb:825 smb:7324 d:t ref:0 ;
in:744 out:745 type:b dur:2 cpbdur:2 q:33.51 aq:31.20 tex:420 mv:147 misc:505 imb:0 pmb:19 smb:8141 d:t ref:0 ;
in:750 out:746 type:P dur:2 cpbdur:2 q:32.97 aq:23.46 tex:203622 mv:6276 misc:3006 imb:276 pmb:1260 smb:6624 d:t ref:0 ;
in:747 out:747 type:B dur:2 cpbdur:2 q:33.38 aq:29.06 tex:1207 mv:818 misc:935 imb:8 pmb:480 smb:7672 d:s ref:0 ;
in:746 out:748 type:b dur:2 cpbdur:2 q:33.54 aq:31.81 tex:430 mv:383 misc:675 imb:0 pmb:248 smb:7912 d:s ref:0 ;
in:748 out:749 type:b dur:2 cpbdur:2 q:33.54 aq:34.76 tex:510 mv:1117 misc:749 imb:5 pmb:186 smb:7969 d:- ref:0 ;
in:749 out:750 type:b dur:2 cpbdur:2 q:33.54 aq:31.62 tex:360 mv:1106 misc:806 imb:4 pmb:201 smb:7955 d:- ref:0 ;
in:753 out:751 type:P dur:2 cpbdur:2 q:32.75 aq:23.22 tex:106509 mv:2349 misc:3366 imb:81 pmb:1158 smb:6921 d:t ref:0 ;
in:751 out:752 type:B dur:2 cpbdur:2 q:33.11 aq:30.14 tex:474 mv:230 misc:640 imb:2 pmb:87 smb:8071 d:t ref:0 ;
in:752 out:753 type:b dur:2 cpbdur:2 q:33.45 aq:31.20 tex:379 mv:936 misc:669 imb:7 pmb:153 smb:8000 d:- ref:0 ;
in:755 out:754 type:P dur:2 cpbdur:2 q:32.50 aq:22.33 tex:142995 mv:2283 misc:3962 imb:11 pmb:1769 smb:6380 d:t ref:0 ;
in:754 out:755 type:b dur:2 cpbdur:2 q:33.15 aq:31.20 tex:246 mv:139 misc:495 imb:0 pmb:42 smb:8118 d:t ref:0 ;
in:756 out:756 type:P dur:2 cpbdur:2 q:32.04 aq:32.79 tex:8492 mv:1847 misc:861 imb:119 pmb:249 smb:7792 d:t ref:0 ;
in:757 out:757 type:I dur:2 cpbdur:2 q:33.64 aq:24.12 tex:3066792 mv:156472 misc:328 imb:8160 pmb:0 smb:0 d:t ref:;
in:759 out:758 type:P dur:2 cpbdur:2 q:34.07 aq:24.83 tex:23344 mv:1350 misc:3050 imb:6 pmb:726 smb:7428 d:t ref:0 ;
in:758 out:759 type:b dur:2 cpbdur:2 q:34.07 aq:33.17 tex:264 mv:54 misc:466 imb:0 pmb:12 smb:8148 d:t ref:0 ;
in:761 out:760 type:P dur:2 cpbdur:2 q:34.04 aq:24.56 tex:20240 mv:1443 misc:1685 imb:17 pmb:398 smb:7745 d:t ref:0 ;
in:760 out:761 type:b dur:2 cpbdur:2 q:34.07 aq:33.07 tex:414 mv:206 misc:532 imb:1 pmb:49 smb:8110 d:t ref:0 ;
in:763 out:762 type:P dur:2 cpbdur:2 q:33.99 aq:24.03 tex:33214 mv:1731 misc:1871 imb:41 pmb:489 smb:7630 d:t ref:0 ;
in:762 out:763 type:b dur:2 cpbdur:2 q:34.04 aq:33.17 tex:186 mv:161 misc:525 imb:1 pmb:51 smb:8108 d:t ref:0 ;
in:766 out:764 type:P dur:2 cpbdur:2 q:33.99 aq:26.77 tex:16858 mv:1363 misc:1011 imb:15 pmb:268 smb:7877 d:t ref:0 ;
in:764 out:765 type:B dur:2 cpbdur:2 q:33.99 aq:32.21 tex:261 mv:175 misc:532 imb:0 pmb:27 smb:8133 d:t ref:0 ;
in:765 out:766 type:b dur:2 cpbdur:2 q:33.99 aq:33.07 tex:407 mv:906 misc:559 imb:4 pmb:125 smb:8031 d:- ref:0 ;
in:768 out:767 type:P dur:2 cpbdur:2 q:33.90 aq:24.76 tex:19060 mv:1422 misc:1126 imb:17 pmb:284 smb:7859 d:t ref:0 ;
in:767 out:768 type:b dur:2 cpbdur:2 q:33.99 aq:33.70 tex:321 mv:183 misc:512 imb:2 pmb:44 smb:8114 d:t ref:0 ;
in:771 out:769 type:P dur:2 cpbdur:2 q:33.85 aq:23.59 tex:17160 mv:1410 misc:1030 imb:14 pmb:268 smb:7878 d:t ref:0 ;
in:769 out:770 type:B dur:2 cpbdur:2 q:33.90 aq:32.32 tex:401 mv:205 misc:522 imb:0 pmb:24 smb:8136 d:t ref:0 ;
in:770 out:771 type:b dur:2 cpbdur:2 q:33.90 aq:33.12 tex:284 mv:900 misc:528 imb:8 pmb:112 smb:8040 d:- ref:0 ;
in:773 out:772 type:P dur:2 cpbdur:2 q:33.77 aq:28.10 tex:12257 mv:1119 misc:792 imb:12 pmb:203 smb:7945 d:s ref:0 ;
in:772 out:773 type:b dur:2 cpbdur:2 q:33.85 aq:33.43 tex:471 mv:919 misc:570 imb:3 pmb:127 smb:8030 d:t ref:0 ;
in:774 out:774 type:P dur:2 cpbdur:2 q:33.69 aq:26.64 tex:18376 mv:871 misc:777 imb:5 pmb:239 smb:7916 d:s ref:0 ;
in:776 out:775 type:P dur:2 cpbdur:2 q:33.68 aq:24.27 tex:77506 mv:3482 misc:1180 imb:147 pmb:497 smb:7516 d:t ref:0 ;
in:775 out:776 type:b dur:2 cpbdur:2 q:33.69 aq:33.14 tex:189 mv:496 misc:723 imb:0 pmb:205 smb:7955 d:s ref:0 ;
in:778 out:777 type:P dur:2 cpbdur:2 q:33.65 aq:25.41 tex:24504 mv:1456 misc:1208 imb:11 pmb:350 smb:7799 d:t ref:0 ;
in:777 out:778 type:b dur:2 cpbdur:2 q:33.68 aq:33.14 tex:414 mv:178 misc:512 imb:1 pmb:45 smb:8114 d:t ref:0 ;
in:780 out:779 type:P dur:2 cpbdur:2 q:33.62 aq:25.94 tex:14583 mv:1170 misc:831 imb:9 pmb:225 smb:7926 d:t ref:0 ;
in:779 out:780 type:b dur:2 cpbdur:2 q:33.65 aq:33.12 tex:357 mv:108 misc:471 imb:0 pmb:15 smb:8145 d:t ref:0 ;
in:783 out:781 type:P dur:2 cpbdur:2 q:33.80 aq:26.24 tex:70090 mv:3227 misc:843 imb:101 pmb:433 smb:7626 d:t ref:0 ;
in:781 out:782 type:B dur:2 cpbdur:2 q:33.80 aq:32.19 tex:292 mv:408 misc:684 imb:2 pmb:219 smb:7939 d:s ref:0 ;
in:782 out:783 type:b dur:2 cpbdur:2 q:33.80 aq:33.05 tex:480 mv:884 misc:532 imb:7 pmb:115 smb:8038 d:- ref:0 ;
in:785 out:784 type:P dur:2 cpbdur:2 q:34.07 aq:24.63 tex:51234 mv:2691 misc:1099 imb:119 pmb:398 smb:7643 d:t ref:0 ;
in:784 out:785 type:b dur:2 cpbdur:2 q:34.09 aq:33.17 tex:369 mv:288 misc:615 imb:0 pmb:148 smb:8012 d:t ref:0 ;
in:789 out:786 type:P dur:2 cpbdur:2 q:33.60 aq:27.03 tex:68325 mv:2438 misc:1341 imb:61 pmb:578 smb:7521 d:t ref:0 ;
in:787 out:787 type:B dur:2 cpbdur:2 q:34.07 aq:31.16 tex:588 mv:307 misc:665 imb:3 pmb:107 smb:8050 d:t ref:0 ;
in:786 out:788 type:b dur:2 cpbdur:2 q:34.07 aq:33.19 tex:225 mv:223 misc:600 imb:2 pmb:99 smb:8059 d:t ref:0 ;
in:788 out:789 type:b dur:2 cpbdur:2 q:34.07 aq:33.02 tex:265 mv:859 misc:564 imb:5 pmb:124 smb:8031 d:- ref:0 ;
in:794 out:790 type:P dur:2 cpbdur:2 q:33.43 aq:26.40 tex:157310 mv:5547 misc:2631 imb:218 pmb:1479 smb:6463 d:t ref:0 ;
in:791 out:791 type:B dur:2 cpbdur:2 q:33.60 aq:30.75 tex:2583 mv:1787 misc:1150 imb:10 pmb:719 smb:7431 d:s ref:0 ;
in:790 out:792 type:b dur:2 cpbdur:2 q:33.60 aq:33.17 tex:430 mv:506 misc:736 imb:1 pmb:227 smb:7932 d:s ref:0 ;
in:792 out:793 type:b dur:2 cpbdur:2 q:33.60 aq:33.48 tex:376 mv:1141 misc:923 imb:7 pmb:205 smb:7948 d:- ref:0 ;
in:793 out:794 type:b dur:2 cpbdur:2 q:33.60 aq:33.70 tex:1691 mv:1482 misc:1059 imb:14 pmb:310 smb:7836 d:- ref:0 ;
in:799 out:795 type:P dur:2 cpbdur:2 q:33.45 aq:26.94 tex:127503 mv:4118 misc:1411 imb:162 pmb:724 smb:7274 d:t ref:0 ;
in:796 out:796 type:B dur:2 cpbdur:2 q:33.51 aq:32.10 tex:26837 mv:3220 misc:759 imb:127 pmb:292 smb:7741 d:s ref:0 ;
in:795 out:797 type:b dur:2 cpbdur:2 q:33.51 aq:33.67 tex:19105 mv:4855 misc:664 imb:83 pmb:331 smb:7746 d:t ref:0 ;
in:797 out:798 type:b dur:2 cpbdur:2 q:33.51 aq:33.49 tex:1002 mv:1116 misc:706 imb:7 pmb:169 smb:7984 d:- ref:0 ;
in:798 out:799 type:b dur:2 cpbdur:2 q:33.51 aq:33.47 tex:942 mv:1043 misc:663 imb:5 pmb:164 smb:7991 d:- ref:0 ;
in:802 out:800 type:P dur:2 cpbdur:2 q:33.20 aq:26.94 tex:18981 mv:1457 misc:1066 imb:18 pmb:299 smb:7843 d:t ref:0 ;
in:800 out:801 type:B dur:2 cpbdur:2 q:33.45 aq:31.21 tex:476 mv:240 misc:532 imb:1 pmb:30 smb:8129 d:t ref:0 ;
in:801 out:802 type:b dur:2 cpbdur:2 q:33.44 aq:32.18 tex:365 mv:861 misc:574 imb:3 pmb:122 smb:8035 d:- ref:0 ;
in:807 out:803 type:P dur:2 cpbdur:2 q:33.01 aq:28.96 tex:18417 mv:1723 misc:652 imb:21 pmb:231 smb:7908 d:t ref:0 ;
in:804 out:804 type:B dur:2 cpbdur:2 q:33.20 aq:29.93 tex:1170 mv:365 misc:601 imb:7 pmb:58 smb:8095 d:t ref:0 ;
in:803 out:805 type:b dur:2 cpbdur:2 q:33.20 aq:32.76 tex:207 mv:124 misc:517 imb:0 pmb:46 smb:8114 d:t ref:0 ;
in:805 out:806 type:b dur:2 cpbdur:2 q:33.20 aq:32.12 tex:468 mv:997 misc:503 imb:7 pmb:112 smb:8041 d:- ref:0 ;
in:806 out:807 type:b dur:2 cpbdur:2 q:33.20 aq:32.12 tex:276 mv:984 misc:492 imb:3 pmb:122 smb:8035 d:- ref:0 ;
in:810 out:808 type:P dur:2 cpbdur:2 q:32.80 aq:32.34 tex:28887 mv:1740 misc:1085 imb:31 pmb:371 smb:7758 d:t ref:0 ;
in:808 out:809 type:B dur:2 cpbdur:2 q:33.01 aq:30.10 tex:333 mv:266 misc:569 imb:3 pmb:41 smb:8116 d:t ref:0 ;
in:809 out:810 type:b dur:2 cpbdur:2 q:33.01 aq:32.16 tex:1505 mv:1066 misc:589 imb:8 pmb:143 smb:8009 d:- ref:0 ;
in:812 out:811 type:P dur:2 cpbdur:2 q:33.19 aq:33.64 tex:38853 mv:2354 misc:745 imb:229 pmb:201 smb:7730 d:t ref:0 ;
in:811 out:812 type:b dur:2 cpbdur:2 q:33.19 aq:35.04 tex:3574 mv:956 misc:726 imb:7 pmb:283 smb:7870 d:s ref:0 ;
in:814 out:813 type:P dur:2 cpbdur:2 q:33.52 aq:34.61 tex:72942 mv:7238 misc:1228 imb:1047 pmb:293 smb:6820 d:t ref:0 ;
in:813 out:814 type:b dur:2 cpbdur:2 q:33.61 aq:35.63 tex:6686 mv:4013 misc:1005 imb:73 pmb:1204 smb:6883 d:s ref:0 ;
in:817 out:815 type:P dur:2 cpbdur:2 q:32.59 aq:31.06 tex:127522 mv:18222 misc:2400 imb:4184 pmb:318 smb:3658 d:t ref:0 ;
in:815 out:816 type:B dur:2 cpbdur:2 q:33.61 aq:35.03 tex:12413 mv:10180 misc:1087 imb:380 pmb:4391 smb:3389 d:s ref:0 ;
in:816 out:817 type:b dur:2 cpbdur:2 q:33.61 aq:35.26 tex:15153 mv:4413 misc:1546 imb:175 pmb:450 smb:7535 d:- ref:0 ;
in:819 out:818 type:P dur:2 cpbdur:2 q:32.58 aq:32.80 tex:9829 mv:6591 misc:1036 imb:2135 pmb:42 smb:5983 d:t ref:0 ;
in:818 out:819 type:b dur:2 cpbdur:2 q:32.59 aq:33.26 tex:11651 mv:10810 misc:627 imb:1074 pmb:1045 smb:6041 d:s ref:0 ;
in:820 out:820 type:P dur:2 cpbdur:2 q:32.56 aq:32.06 tex:46032 mv:24026 misc:702 imb:8026 pmb:122 smb:12 d:t ref:0 w:7,125,60,7,29,92,23,115 ;
in:821 out:821 type:P dur:2 cpbdur:2 q:33.17 aq:33.79 tex:49774 mv:27598 misc:540 imb:6864 pmb:1295 smb:1 d:t ref:0 w:5,35,-35,4,34,-128,31,-128 ;
in:822 out:822 type:P dur:2 cpbdur:2 q:33.08 aq:33.69 tex:136238 mv:31336 misc:1074 imb:7563 pmb:401 smb:196 d:t ref:0 w:5,41,-67,5,62,-101,59,-127 ;
in:823 out:823 type:I dur:2 cpbdur:2 q:30.07 aq:30.12 tex:572320 mv:26981 misc:371 imb:8160 pmb:0 smb:0 d:t ref:w:5,41,-67,5,62,-101,59,-127 ;
in:826 out:824 type:P dur:2 cpbdur:2 q:36.84 aq:32.04 tex:704619 mv:38804 misc:617 imb:7686 pmb:464 smb:10 d:t ref:0 ;
in:824 out:825 type:B dur:2 cpbdur:2 q:37.03 aq:36.88 tex:46516 mv:36060 misc:1536 imb:3562 pmb:1179 smb:3419 d:s ref:0 ;
in:825 out:826 type:b dur:2 cpbdur:2 q:37.10 aq:38.43 tex:21284 mv:13655 misc:2701 imb:793 pmb:794 smb:6573 d:- ref:0 ;
in:827 out:827 type:P dur:2 cpbdur:2 q:38.59 aq:31.56 tex:262704 mv:23709 misc:4067 imb:2558 pmb:2033 smb:3569 d:t ref:0 w:4,17,-8 ;
in:832 out:828 type:P dur:2 cpbdur:2 q:38.88 aq:30.40 tex:424284 mv:27620 misc:3976 imb:3260 pmb:2485 smb:2415 d:t ref:0 ;
in:829 out:829 type:B dur:2 cpbdur:2 q:39.29 aq:37.73 tex:15915 mv:23865 misc:2292 imb:1089 pmb:2510 smb:4561 d:s ref:0 ;
in:828 out:830 type:b dur:2 cpbdur:2 q:39.60 aq:40.27 tex:7521 mv:17401 misc:2950 imb:434 pmb:2363 smb:5363 d:s ref:0 ;
in:830 out:831 type:b dur:2 cpbdur:2 q:39.60 aq:39.05 tex:2283 mv:2534 misc:1127 imb:30 pmb:300 smb:7830 d:- ref:0 ;
in:831 out:832 type:b dur:2 cpbdur:2 q:39.60 aq:38.20 tex:1592 mv:2836 misc:980 imb:33 pmb:266 smb:7861 d:- ref:0 ;
in:834 out:833 type:P dur:2 cpbdur:2 q:39.32 aq:30.23 tex:91467 mv:8130 misc:4115 imb:907 pmb:1426 smb:5827 d:t ref:0 ;
in:833 out:834 type:b dur:2 cpbdur:2 q:39.83 aq:33.43 tex:130 mv:703 misc:807 imb:6 pmb:115 smb:8039 d:t ref:0 ;
in:836 out:835 type:P dur:2 cpbdur:2 q:39.33 aq:29.60 tex:75182 mv:5949 misc:3573 imb:575 pmb:1106 smb:6479 d:t ref:0 ;
in:835 out:836 type:b dur:2 cpbdur:2 q:39.87 aq:33.28 tex:64 mv:178 misc:526 imb:2 pmb:23 smb:8135 d:t ref:0 ;
in:840 out:837 type:P dur:2 cpbdur:2 q:39.37 aq:29.68 tex:69976 mv:4587 misc:2773 imb:417 pmb:784 smb:6959 d:s ref:0 ;
in:838 out:838 type:B dur:2 cpbdur:2 q:39.76 aq:31.17 tex:220 mv:1010 misc:506 imb:4 pmb:115 smb:8041 d:t ref:0 ;
in:837 out:839 type:b dur:2 cpbdur:2 q:40.19 aq:33.27 tex:177 mv:834 misc:541 imb:6 pmb:115 smb:8039 d:t ref:0 ;
in:839 out:840 type:b dur:2 cpbdur:2 q:40.19 aq:33.34 tex:142 mv:820 misc:542 imb:1 pmb:118 smb:8041 d:- ref:0 ;
in:844 out:841 type:P dur:2 cpbdur:2 q:39.48 aq:29.72 tex:39960 mv:2853 misc:2659 imb:87 pmb:852 smb:7221 d:s ref:0 ;
in:842 out:842 type:B dur:2 cpbdur:2 q:40.23 aq:31.41 tex:203 mv:1030 misc:511 imb:5 pmb:114 smb:8041 d:t ref:0 ;
in:841 out:843 type:b dur:2 cpbdur:2 q:40.55 aq:33.31 tex:171 mv:804 misc:529 imb:4 pmb:113 smb:8043 d:t ref:0 ;
in:843 out:844 type:b dur:2 cpbdur:2 q:40.55 aq:33.33 tex:140 mv:846 misc:542 imb:3 pmb:120 smb:8037 d:- ref:0 ;
in:846 out:845 type:P dur:2 cpbdur:2 q:39.98 aq:29.20 tex:15676 mv:1296 misc:1292 imb:28 pmb:342 smb:7790 d:s ref:0 ;
in:845 out:846 type:b dur:2 cpbdur:2 q:40.08 aq:33.00 tex:21 mv:834 misc:537 imb:1 pmb:117 smb:8042 d:t ref:0 ;
in:850 out:847 type:P dur:2 cpbdur:2 q:38.70 aq:28.22 tex:140384 mv:4163 misc:3085 imb:104 pmb:1689 smb:6367 d:s ref:0 ;
in:848 out:848 type:B dur:2 cpbdur:2 q:40.26 aq:32.23 tex:304 mv:1116 misc:580 imb:7 pmb:125 smb:8028 d:t ref:0 ;
in:847 out:849 type:b dur:2 cpbdur:2 q:40.26 aq:34.40 tex:262 mv:835 misc:575 imb:3 pmb:123 smb:8034 d:t ref:0 ;
in:849 out:850 type:b dur:2 cpbdur:2 q:40.26 aq:33.35 tex:126 mv:856 misc:602 imb:2 pmb:130 smb:8028 d:- ref:0 ;
in:854 out:851 type:P dur:2 cpbdur:2 q:37.35 aq:27.41 tex:168497 mv:6204 misc:5747 imb:213 pmb:2814 smb:5133 d:s ref:0 ;
in:852 out:852 type:B dur:2 cpbdur:2 q:39.15 aq:31.90 tex:301 mv:1076 misc:583 imb:6 pmb:135 smb:8019 d:t ref:0 ;
in:851 out:853 type:b dur:2 cpbdur:2 q:39.29 aq:33.00 tex:36 mv:848 misc:620 imb:4 pmb:137 smb:8019 d:t ref:0 ;
in:853 out:854 type:b dur:2 cpbdur:2 q:39.29 aq:33.00 tex:27 mv:812 misc:553 imb:2 pmb:118 smb:8040 d:- ref:0 ;
in:857 out:855 type:P dur:2 cpbdur:2 q:36.80 aq:26.83 tex:183787 mv:4076 misc:6057 imb:151 pmb:3059 smb:4950 d:s ref:0 ;
in:855 out:856 type:B dur:2 cpbdur:2 q:37.86 aq:32.02 tex:108 mv:881 misc:531 imb:3 pmb:113 smb:8044 d:t ref:0 ;
in:856 out:857 type:b dur:2 cpbdur:2 q:38.28 aq:33.26 tex:201 mv:818 misc:557 imb:2 pmb:118 smb:8040 d:- ref:0 ;
in:859 out:858 type:P dur:2 cpbdur:2 q:36.61 aq:26.19 tex:141101 mv:3668 misc:5103 imb:64 pmb:2442 smb:5654 d:s ref:0 ;
in:858 out:859 type:b dur:2 cpbdur:2 q:37.16 aq:33.10 tex:173 mv:856 misc:523 imb:2 pmb:120 smb:8038 d:t ref:0 ;
in:863 out:860 type:P dur:2 cpbdur:2 q:36.16 aq:25.63 tex:175881 mv:2905 misc:4126 imb:61 pmb:2111 smb:5988 d:s ref:0 ;
in:861 out:861 type:B dur:2 cpbdur:2 q:36.84 aq:31.12 tex:575 mv:1109 misc:516 imb:9 pmb:116 smb:8035 d:t ref:0 ;
in:860 out:862 type:b dur:2 cpbdur:2 q:36.95 aq:33.22 tex:266 mv:857 misc:549 imb:5 pmb:120 smb:8035 d:t ref:0 ;
in:862 out:863 type:b dur:2 cpbdur:2 q:36.95 aq:33.10 tex:278 mv:876 misc:550 imb:4 pmb:119 smb:8037 d:- ref:0 ;
in:864 out:864 type:P dur:2 cpbdur:2 q:36.19 aq:25.15 tex:142298 mv:1819 misc:3595 imb:33 pmb:1830 smb:6297 d:s ref:0 ;
in:865 out:865 type:P dur:2 cpbdur:2 q:35.89 aq:24.73 tex:158163 mv:1980 misc:3601 imb:31 pmb:1917 smb:6212 d:s ref:0 ;
in:869 out:866 type:P dur:2 cpbdur:2 q:35.73 aq:25.08 tex:131195 mv:2521 misc:3812 imb:33 pmb:1769 smb:6358 d:s ref:0 ;
in:867 out:867 type:B dur:2 cpbdur:2 q:36.42 aq:31.51 tex:337 mv:1057 misc:526 imb:5 pmb:117 smb:8038 d:t ref:0 ;
in:866 out:868 type:b dur:2 cpbdur:2 q:36.69 aq:33.16 tex:250 mv:853 misc:529 imb:3 pmb:123 smb:8034 d:t ref:0 ;
in:868 out:869 type:b dur:2 cpbdur:2 q:36.69 aq:33.11 tex:270 mv:839 misc:531 imb:2 pmb:119 smb:8039 d:- ref:0 ;
in:874 out:870 type:P dur:2 cpbdur:2 q:35.02 aq:25.30 tex:148316 mv:2770 misc:5170 imb:48 pmb:2076 smb:6036 d:s ref:0 ;
in:871 out:871 type:B dur:2 cpbdur:2 q:36.03 aq:30.00 tex:562 mv:1132 misc:586 imb:8 pmb:124 smb:8028 d:t ref:0 ;
in:870 out:872 type:b dur:2 cpbdur:2 q:36.28 aq:33.14 tex:218 mv:871 misc:551 imb:5 pmb:122 smb:8033 d:t ref:0 ;
in:872 out:873 type:b dur:2 cpbdur:2 q:36.28 aq:33.06 tex:314 mv:976 misc:558 imb:5 pmb:126 smb:8029 d:- ref:0 ;
in:873 out:874 type:b dur:2 cpbdur:2 q:36.28 aq:33.08 tex:250 mv:995 misc:571 imb:2 pmb:132 smb:8026 d:- ref:0 ;
in:878 out:875 type:P dur:2 cpbdur:2 q:34.90 aq:25.17 tex:192755 mv:2272 misc:4389 imb:25 pmb:2676 smb:5459 d:s ref:0 ;
in:876 out:876 type:B dur:2 cpbdur:2 q:35.44 aq:31.23 tex:787 mv:1106 misc:515 imb:7 pmb:114 smb:8039 d:t ref:0 ;
in:875 out:877 type:b dur:2 cpbdur:2 q:35.83 aq:33.06 tex:266 mv:906 misc:532 imb:5 pmb:123 smb:8032 d:t ref:0 ;
in:877 out:878 type:b dur:2 cpbdur:2 q:35.83 aq:32.17 tex:295 mv:826 misc:535 imb:3 pmb:116 smb:8041 d:- ref:0 ;
in:882 out:879 type:P dur:2 cpbdur:2 q:34.48 aq:24.61 tex:176078 mv:2908 misc:4942 imb:37 pmb:2305 smb:5818 d:s ref:0 ;
in:880 out:880 type:B dur:2 cpbdur:2 q:35.12 aq:30.01 tex:599 mv:1152 misc:617 imb:7 pmb:133 smb:8020 d:t ref:0 ;
in:879 out:881 type:b dur:2 cpbdur:2 q:35.50 aq:32.11 tex:380 mv:902 misc:638 imb:3 pmb:140 smb:8017 d:t ref:0 ;
in:881 out:882 type:b dur:2 cpbdur:2 q:35.50 aq:32.21 tex:256 mv:846 misc:538 imb:4 pmb:117 smb:8039 d:- ref:0 ;
in:886 out:883 type:P dur:2 cpbdur:2 q:34.23 aq:24.79 tex:173938 mv:2379 misc:4675 imb:35 pmb:2292 smb:5833 d:s ref:0 ;
in:884 out:884 type:B dur:2 cpbdur:2 q:34.74 aq:29.96 tex:447 mv:1060 misc:525 imb:6 pmb:118 smb:8036 d:t ref:0 ;
in:883 out:885 type:b dur:2 cpbdur:2 q:35.12 aq:32.10 tex:225 mv:846 misc:529 imb:4 pmb:117 smb:8039 d:t ref:0 ;
in:885 out:886 type:b dur:2 cpbdur:2 q:35.12 aq:32.10 tex:74 mv:811 misc:555 imb:1 pmb:122 smb:8037 d:- ref:0 ;
in:889 out:887 type:P dur:2 cpbdur:2 q:33.95 aq:24.23 tex:168644 mv:2299 misc:4297 imb:17 pmb:1987 smb:6156 d:s ref:0 ;
in:887 out:888 type:B dur:2 cpbdur:2 q:34.61 aq:31.34 tex:460 mv:1045 misc:607 imb:8 pmb:134 smb:8018 d:t ref:0 ;
in:888 out:889 type:b dur:2 cpbdur:2 q:34.98 aq:32.12 tex:124 mv:859 misc:569 imb:3 pmb:119 smb:8038 d:- ref:0 ;
in:891 out:890 type:P dur:2 cpbdur:2 q:33.99 aq:23.95 tex:149605 mv:1676 misc:3575 imb:14 pmb:1789 smb:6357 d:s ref:0 ;
in:890 out:891 type:b dur:2 cpbdur:2 q:34.35 aq:33.12 tex:148 mv:824 misc:524 imb:1 pmb:120 smb:8039 d:t ref:0 ;
in:895 out:892 type:P dur:2 cpbdur:2 q:33.78 aq:24.35 tex:109671 mv:2144 misc:3913 imb:15 pmb:1562 smb:6583 d:s ref:0 ;
in:893 out:893 type:B dur:2 cpbdur:2 q:34.19 aq:30.93 tex:211 mv:1105 misc:588 imb:5 pmb:130 smb:8025 d:t ref:0 ;
in:892 out:894 type:b dur:2 cpbdur:2 q:34.49 aq:33.12 tex:319 mv:922 misc:615 imb:4 pmb:137 smb:8019 d:t ref:0 ;
in:894 out:895 type:b dur:2 cpbdur:2 q:34.49 aq:33.13 tex:172 mv:831 misc:541 imb:3 pmb:115 smb:8042 d:- ref:0 ;
in:896 out:896 type:P dur:2 cpbdur:2 q:33.67 aq:24.08 tex:83948 mv:1218 misc:3458 imb:6 pmb:1217 smb:6937 d:s ref:0 ;
in:899 out:897 type:P dur:2 cpbdur:2 q:33.63 aq:23.79 tex:64089 mv:1866 misc:2549 imb:15 pmb:841 smb:7304 d:s ref:0 ;
in:897 out:898 type:B dur:2 cpbdur:2 q:33.97 aq:31.16 tex:315 mv:999 misc:598 imb:4 pmb:134 smb:8022 d:t ref:0 ;
in:898 out:899 type:b dur:2 cpbdur:2 q:33.97 aq:33.11 tex:342 mv:830 misc:524 imb:3 pmb:117 smb:8040 d:- ref:0 ;
in:902 out:900 type:P dur:2 cpbdur:2 q:33.73 aq:23.37 tex:51985 mv:1626 misc:1813 imb:9 pmb:614 smb:7537 d:s ref:0 ;
in:900 out:901 type:B dur:2 cpbdur:2 q:33.94 aq:31.07 tex:258 mv:1097 misc:613 imb:1 pmb:138 smb:8021 d:t ref:0 ;
in:901 out:902 type:b dur:2 cpbdur:2 q:33.94 aq:33.31 tex:316 mv:936 misc:612 imb:6 pmb:137 smb:8017 d:- ref:0 ;
in:905 out:903 type:P dur:2 cpbdur:2 q:33.26 aq:23.57 tex:128710 mv:2130 misc:3608 imb:10 pmb:1731 smb:6419 d:t ref:0 ;
in:903 out:904 type:B dur:2 cpbdur:2 q:33.91 aq:31.54 tex:670 mv:167 misc:499 imb:2 pmb:17 smb:8141 d:t ref:0 ;
in:904 out:905 type:b dur:2 cpbdur:2 q:33.91 aq:33.02 tex:363 mv:861 misc:544 imb:5 pmb:118 smb:8037 d:- ref:0 ;
in:907 out:906 type:P dur:2 cpbdur:2 q:33.25 aq:23.08 tex:59950 mv:1769 misc:3065 imb:15 pmb:935 smb:7210 d:t ref:0 ;
in:906 out:907 type:b dur:2 cpbdur:2 q:33.26 aq:33.04 tex:237 mv:144 misc:507 imb:2 pmb:19 smb:8139 d:t ref:0 ;
in:909 out:908 type:P dur:2 cpbdur:2 q:33.27 aq:23.12 tex:51011 mv:1374 misc:2215 imb:8 pmb:777 smb:7375 d:t ref:0 ;
in:908 out:909 type:b dur:2 cpbdur:2 q:33.27 aq:33.10 tex:90 mv:87 misc:471 imb:0 pmb:14 smb:8146 d:t ref:0 ;
in:913 out:910 type:P dur:2 cpbdur:2 q:33.30 aq:23.69 tex:40042 mv:1824 misc:1838 imb:15 pmb:555 smb:7590 d:t ref:0 ;
in:911 out:911 type:B dur:2 cpbdur:2 q:33.30 aq:31.05 tex:779 mv:235 misc:586 imb:4 pmb:46 smb:8110 d:t ref:0 ;
in:910 out:912 type:b dur:2 cpbdur:2 q:33.30 aq:33.08 tex:83 mv:151 misc:550 imb:1 pmb:41 smb:8118 d:t ref:0 ;
in:912 out:913 type:b dur:2 cpbdur:2 q:33.30 aq:33.08 tex:405 mv:875 misc:528 imb:5 pmb:115 smb:8040 d:- ref:0 ;
in:918 out:914 type:P dur:2 cpbdur:2 q:33.22 aq:24.68 tex:38198 mv:1948 misc:1262 imb:11 pmb:408 smb:7741 d:t ref:0 ;
in:915 out:915 type:B dur:2 cpbdur:2 q:33.30 aq:30.66 tex:1433 mv:428 misc:603 imb:10 pmb:48 smb:8102 d:t ref:0 ;
in:914 out:916 type:b dur:2 cpbdur:2 q:33.30 aq:33.11 tex:76 mv:169 misc:547 imb:0 pmb:44 smb:8116 d:t ref:0 ;
in:916 out:917 type:b dur:2 cpbdur:2 q:33.30 aq:33.08 tex:386 mv:941 misc:513 imb:4 pmb:114 smb:8042 d:- ref:0 ;
in:917 out:918 type:b dur:2 cpbdur:2 q:33.30 aq:33.10 tex:297 mv:942 misc:513 imb:2 pmb:116 smb:8042 d:- ref:0 ;
in:922 out:919 type:P dur:2 cpbdur:2 q:33.08 aq:24.55 tex:45024 mv:1786 misc:1974 imb:15 pmb:544 smb:7601 d:t ref:0 ;
in:920 out:920 type:B dur:2 cpbdur:2 q:33.22 aq:30.06 tex:746 mv:265 misc:589 imb:6 pmb:46 smb:8108 d:t ref:0 ;
in:919 out:921 type:b dur:2 cpbdur:2 q:33.22 aq:32.17 tex:262 mv:185 misc:545 imb:3 pmb:42 smb:8115 d:t ref:0 ;
in:921 out:922 type:b dur:2 cpbdur:2 q:33.22 aq:32.13 tex:424 mv:876 misc:532 imb:5 pmb:121 smb:8034 d:- ref:0 ;
in:925 out:923 type:P dur:2 cpbdur:2 q:32.90 aq:23.95 tex:58159 mv:1528 misc:2329 imb:15 pmb:695 smb:7450 d:t ref:0 ;
in:923 out:924 type:B dur:2 cpbdur:2 q:33.08 aq:31.16 tex:341 mv:148 misc:495 imb:0 pmb:17 smb:8143 d:t ref:0 ;
in:924 out:925 type:b dur:2 cpbdur:2 q:33.08 aq:32.07 tex:300 mv:840 misc:524 imb:5 pmb:113 smb:8042 d:- ref:0 ;
in:929 out:926 type:P dur:2 cpbdur:2 q:32.74 aq:23.65 tex:37559 mv:1804 misc:1789 imb:17 pmb:482 smb:7661 d:t ref:0 ;
in:927 out:927 type:B dur:2 cpbdur:2 q:32.89 aq:30.04 tex:568 mv:194 misc:518 imb:2 pmb:23 smb:8135 d:t ref:0 ;
in:926 out:928 type:b dur:2 cpbdur:2 q:32.89 aq:32.08 tex:274 mv:110 misc:464 imb:1 pmb:12 smb:8147 d:t ref:0 ;
in:928 out:929 type:b dur:2 cpbdur:2 q:32.89 aq:32.10 tex:482 mv:966 misc:544 imb:4 pmb:127 smb:8029 d:- ref:0 ;
in:934 out:930 type:P dur:2 cpbdur:2 q:37.70 aq:28.25 tex:329166 mv:14112 misc:2514 imb:1676 pmb:1493 smb:4991 d:t ref:0 ;
in:931 out:931 type:B dur:2 cpbdur:2 q:38.06 aq:29.47 tex:461 mv:610 misc:1769 imb:0 pmb:1789 smb:6371 d:s ref:0 ;
in:930 out:932 type:b dur:2 cpbdur:2 q:38.47 aq:32.38 tex:191 mv:121 misc:496 imb:1 pmb:16 smb:8143 d:t ref:0 ;
in:932 out:933 type:b dur:2 cpbdur:2 q:38.47 aq:32.26 tex:264 mv:986 misc:1742 imb:8 pmb:590 smb:7562 d:- ref:0 ;
in:933 out:934 type:b dur:2 cpbdur:2 q:38.47 aq:32.27 tex:319 mv:957 misc:1684 imb:8 pmb:588 smb:7564 d:- ref:0 ;
in:936 out:935 type:P dur:2 cpbdur:2 q:35.53 aq:25.78 tex:156619 mv:4005 misc:4128 imb:76 pmb:2393 smb:5691 d:t ref:0 ;
in:935 out:936 type:b dur:2 cpbdur:2 q:38.06 aq:32.38 tex:124 mv:170 misc:538 imb:0 pmb:40 smb:8120 d:t ref:0 ;
in:940 out:937 type:P dur:2 cpbdur:2 q:34.81 aq:25.05 tex:158325 mv:2753 misc:4346 imb:21 pmb:2249 smb:5890 d:t ref:0 ;
in:938 out:938 type:B dur:2 cpbdur:2 q:35.91 aq:30.57 tex:234 mv:227 misc:563 imb:5 pmb:40 smb:8115 d:t ref:0 ;
in:937 out:939 type:b dur:2 cpbdur:2 q:36.16 aq:32.17 tex:70 mv:103 misc:483 imb:0 pmb:15 smb:8145 d:t ref:0 ;
in:939 out:940 type:b dur:2 cpbdur:2 q:36.16 aq:32.12 tex:51 mv:870 misc:583 imb:8 pmb:123 smb:8029 d:- ref:0 ;
in:945 out:941 type:P dur:2 cpbdur:2 q:34.21 aq:24.47 tex:137557 mv:3153 misc:5266 imb:21 pmb:2312 smb:5827 d:t ref:0 ;
in:942 out:942 type:B dur:2 cpbdur:2 q:35.13 aq:28.97 tex:992 mv:299 misc:597 imb:6 pmb:48 smb:8106 d:t ref:0 ;
in:941 out:943 type:b dur:2 cpbdur:2 q:35.43 aq:32.00 tex:5 mv:86 misc:477 imb:1 pmb:11 smb:8148 d:t ref:0 ;
in:943 out:944 type:b dur:2 cpbdur:2 q:35.43 aq:32.68 tex:683 mv:1045 misc:576 imb:9 pmb:132 smb:8019 d:- ref:0 ;
in:944 out:945 type:b dur:2 cpbdur:2 q:35.43 aq:32.68 tex:672 mv:1082 misc:598 imb:6 pmb:139 smb:8015 d:- ref:0 ;
in:948 out:946 type:P dur:2 cpbdur:2 q:34.05 aq:23.93 tex:141098 mv:2179 misc:4859 imb:18 pmb:2222 smb:5920 d:t ref:0 ;
in:946 out:947 type:B dur:2 cpbdur:2 q:34.77 aq:30.24 tex:351 mv:185 misc:528 imb:0 pmb:26 smb:8134 d:t ref:0 ;
in:947 out:948 type:b dur:2 cpbdur:2 q:35.06 aq:32.15 tex:319 mv:891 misc:534 imb:8 pmb:115 smb:8037 d:- ref:0 ;
in:949 out:949 type:P dur:2 cpbdur:2 q:33.68 aq:23.44 tex:141070 mv:1848 misc:4658 imb:12 pmb:2019 smb:6129 d:t ref:0 ;
in:951 out:950 type:P dur:2 cpbdur:2 q:33.54 aq:23.44 tex:120945 mv:1633 misc:3958 imb:20 pmb:1582 smb:6558 d:t ref:0 ;
in:950 out:951 type:b dur:2 cpbdur:2 q:34.14 aq:31.18 tex:369 mv:148 misc:499 imb:1 pmb:19 smb:8140 d:t ref:0 ;
in:954 out:952 type:P dur:2 cpbdur:2 q:33.24 aq:23.12 tex:114179 mv:1731 misc:3994 imb:12 pmb:1618 smb:6530 d:t ref:0 ;
in:952 out:953 type:B dur:2 cpbdur:2 q:33.89 aq:30.14 tex:446 mv:172 misc:510 imb:4 pmb:16 smb:8140 d:t ref:0 ;
in:953 out:954 type:b dur:2 cpbdur:2 q:34.31 aq:31.20 tex:504 mv:898 misc:534 imb:9 pmb:113 smb:8038 d:- ref:0 ;
in:957 out:955 type:P dur:2 cpbdur:2 q:33.09 aq:22.99 tex:129047 mv:1772 misc:3485 imb:14 pmb:1527 smb:6619 d:s ref:0 ;
in:955 out:956 type:B dur:2 cpbdur:2 q:33.65 aq:30.10 tex:331 mv:1045 misc:536 imb:3 pmb:124 smb:8033 d:t ref:0 ;
in:956 out:957 type:b dur:2 cpbdur:2 q:34.06 aq:31.21 tex:424 mv:925 misc:523 imb:5 pmb:118 smb:8037 d:- ref:0 ;
in:958 out:958 type:P dur:2 cpbdur:2 q:32.96 aq:22.37 tex:121327 mv:1466 misc:4231 imb:9 pmb:1777 smb:6374 d:s ref:0 ;
in:960 out:959 type:P dur:2 cpbdur:2 q:32.60 aq:22.57 tex:131069 mv:1464 misc:3875 imb:10 pmb:1619 smb:6531 d:s ref:0 ;
in:959 out:960 type:b dur:2 cpbdur:2 q:33.37 aq:31.05 tex:283 mv:914 misc:539 imb:4 pmb:122 smb:8034 d:t ref:0 ;
in:963 out:961 type:P dur:2 cpbdur:2 q:32.53 aq:22.30 tex:117658 mv:1675 misc:2899 imb:11 pmb:1473 smb:6676 d:s ref:0 ;
in:961 out:962 type:B dur:2 cpbdur:2 q:33.00 aq:30.03 tex:622 mv:1076 misc:542 imb:6 pmb:125 smb:8029 d:t ref:0 ;
in:962 out:963 type:b dur:2 cpbdur:2 q:33.36 aq:31.17 tex:303 mv:883 misc:526 imb:5 pmb:122 smb:8033 d:- ref:0 ;
in:966 out:964 type:P dur:2 cpbdur:2 q:32.77 aq:23.41 tex:82534 mv:2062 misc:2260 imb:19 pmb:828 smb:7313 d:t ref:0 ;
in:964 out:965 type:B dur:2 cpbdur:2 q:32.98 aq:30.11 tex:377 mv:259 misc:588 imb:1 pmb:66 smb:8093 d:t ref:0 ;
in:965 out:966 type:b dur:2 cpbdur:2 q:32.98 aq:31.43 tex:204 mv:1013 misc:647 imb:6 pmb:156 smb:7998 d:- ref:0 ;
in:970 out:967 type:P dur:2 cpbdur:2 q:32.47 aq:23.15 tex:82262 mv:2046 misc:2580 imb:74 pmb:775 smb:7311 d:t ref:0 ;
in:968 out:968 type:B dur:2 cpbdur:2 q:32.96 aq:32.52 tex:11519 mv:1334 misc:619 imb:22 pmb:118 smb:8020 d:t ref:0 ;
in:967 out:969 type:b dur:2 cpbdur:2 q:32.96 aq:32.90 tex:6424 mv:1098 misc:542 imb:11 pmb:90 smb:8059 d:t ref:0 ;
in:969 out:970 type:b dur:2 cpbdur:2 q:32.96 aq:33.25 tex:4075 mv:1980 misc:633 imb:4 pmb:215 smb:7941 d:- ref:0 ;
in:974 out:971 type:P dur:2 cpbdur:2 q:32.66 aq:23.32 tex:67737 mv:2259 misc:2020 imb:23 pmb:707 smb:7430 d:t ref:0 ;
in:972 out:972 type:B dur:2 cpbdur:2 q:32.86 aq:30.89 tex:4544 mv:1427 misc:661 imb:6 pmb:141 smb:8013 d:t ref:0 ;
in:971 out:973 type:b dur:2 cpbdur:2 q:32.86 aq:33.44 tex:296 mv:468 misc:572 imb:0 pmb:128 smb:8032 d:t ref:0 ;
in:973 out:974 type:b dur:2 cpbdur:2 q:32.86 aq:33.37 tex:1223 mv:1540 misc:629 imb:5 pmb:185 smb:7970 d:- ref:0 ;
in:976 out:975 type:P dur:2 cpbdur:2 q:32.80 aq:22.63 tex:75576 mv:2155 misc:1997 imb:19 pmb:772 smb:7369 d:t ref:0 ;
in:975 out:976 type:b dur:2 cpbdur:2 q:33.17 aq:34.06 tex:640 mv:887 misc:593 imb:1 pmb:122 smb:8037 d:t ref:0 ;
in:977 out:977 type:P dur:2 cpbdur:2 q:32.44 aq:22.47 tex:110302 mv:1407 misc:3395 imb:8 pmb:1323 smb:6829 d:t ref:0 ;
in:979 out:978 type:P dur:2 cpbdur:2 q:32.50 aq:22.92 tex:43096 mv:1326 misc:2242 imb:16 pmb:630 smb:7514 d:t ref:0 ;
in:978 out:979 type:b dur:2 cpbdur:2 q:32.49 aq:31.14 tex:506 mv:207 misc:511 imb:1 pmb:22 smb:8137 d:t ref:0 ;
in:981 out:980 type:P dur:2 cpbdur:2 q:32.47 aq:22.74 tex:53779 mv:1258 misc:1699 imb:7 pmb:642 smb:7511 d:t ref:0 ;
in:980 out:981 type:b dur:2 cpbdur:2 q:32.50 aq:31.15 tex:583 mv:103 misc:474 imb:1 pmb:13 smb:8146 d:t ref:0 ;
in:984 out:982 type:P dur:2 cpbdur:2 q:32.07 aq:22.36 tex:156657 mv:1893 misc:3858 imb:14 pmb:1805 smb:6341 d:t ref:0 ;
in:982 out:983 type:B dur:2 cpbdur:2 q:32.47 aq:30.03 tex:632 mv:298 misc:542 imb:4 pmb:29 smb:8127 d:t ref:0 ;
in:983 out:984 type:b dur:2 cpbdur:2 q:32.47 aq:31.06 tex:577 mv:897 misc:526 imb:4 pmb:127 smb:8029 d:- ref:0 ;
in:986 out:985 type:P dur:2 cpbdur:2 q:32.41 aq:21.44 tex:67641 mv:1243 misc:2252 imb:9 pmb:858 smb:7293 d:t ref:0 ;
in:985 out:986 type:b dur:2 cpbdur:2 q:32.42 aq:31.19 tex:370 mv:118 misc:480 imb:1 pmb:16 smb:8143 d:t ref:0 ;
in:988 out:987 type:P dur:2 cpbdur:2 q:32.56 aq:22.10 tex:34949 mv:1428 misc:1103 imb:19 pmb:340 smb:7801 d:t ref:0 ;
in:987 out:988 type:b dur:2 cpbdur:2 q:32.78 aq:31.13 tex:304 mv:254 misc:562 imb:2 pmb:49 smb:8109 d:t ref:0 ;
in:990 out:989 type:P dur:2 cpbdur:2 q:32.41 aq:22.31 tex:32356 mv:1220 misc:1456 imb:11 pmb:425 smb:7724 d:t ref:0 ;
in:989 out:990 type:b dur:2 cpbdur:2 q:32.76 aq:31.16 tex:338 mv:130 misc:508 imb:1 pmb:19 smb:8140 d:t ref:0 ;
in:994 out:991 type:P dur:2 cpbdur:2 q:31.80 aq:22.95 tex:69014 mv:2221 misc:2797 imb:14 pmb:834 smb:7312 d:t ref:0 ;
in:992 out:992 type:B dur:2 cpbdur:2 q:32.69 aq:29.14 tex:782 mv:280 misc:602 imb:5 pmb:51 smb:8104 d:t ref:0 ;
in:991 out:993 type:b dur:2 cpbdur:2 q:32.69 aq:31.14 tex:128 mv:162 misc:550 imb:0 pmb:43 smb:8117 d:t ref:0 ;
in:993 out:994 type:b dur:2 cpbdur:2 q:32.69 aq:31.16 tex:303 mv:861 misc:540 imb:3 pmb:119 smb:8038 d:- ref:0 ;
in:995 out:995 type:P dur:2 cpbdur:2 q:32.00 aq:21.84 tex:74716 mv:939 misc:2209 imb:4 pmb:768 smb:7388 d:t ref:0 ;
in:998 out:996 type:P dur:2 cpbdur:2 q:31.63 aq:22.54 tex:72183 mv:1626 misc:2207 imb:10 pmb:708 smb:7442 d:t ref:0 ;
in:996 out:997 type:B dur:2 cpbdur:2 q:32.01 aq:29.99 tex:353 mv:199 misc:520 imb:3 pmb:21 smb:8136 d:t ref:0 ;
in:997 out:998 type:b dur:2 cpbdur:2 q:32.01 aq:31.12 tex:298 mv:897 misc:525 imb:5 pmb:120 smb:8035 d:- ref:0 ;
in:1001 out:999 type:P dur:2 cpbdur:2 q:31.83 aq:21.47 tex:100857 mv:1552 misc:1783 imb:8 pmb:889 smb:7263 d:t ref:0 ;
in:999 out:1000 type:B dur:2 cpbdur:2 q:31.88 aq:29.94 tex:617 mv:182 misc:521 imb:5 pmb:21 smb:8134 d:t ref:0 ;
in:1000 out:1001 type:b dur:2 cpbdur:2 q:31.88 aq:31.06 tex:290 mv:931 misc:539 imb:3 pmb:121 smb:8036 d:- ref:0 ;
in:1003 out:1002 type:P dur:2 cpbdur:2 q:32.18 aq:22.40 tex:59290 mv:1291 misc:1187 imb:12 pmb:524 smb:7624 d:t ref:0 ;
in:1002 out:1003 type:b dur:2 cpbdur:2 q:32.26 aq:31.11 tex:299 mv:193 misc:492 imb:4 pmb:14 smb:8142 d:t ref:0 ;
in:1007 out:1004 type:P dur:2 cpbdur:2 q:32.39 aq:20.58 tex:42280 mv:1636 misc:1052 imb:18 pmb:389 smb:7753 d:t ref:0 ;
in:1005 out:1005 type:B dur:2 cpbdur:2 q:32.58 aq:29.39 tex:1513 mv:369 misc:582 imb:6 pmb:49 smb:8105 d:t ref:0 ;
in:1004 out:1006 type:b dur:2 cpbdur:2 q:32.61 aq:31.21 tex:267 mv:100 misc:481 imb:0 pmb:17 smb:8143 d:t ref:0 ;
in:1006 out:1007 type:b dur:2 cpbdur:2 q:32.61 aq:31.06 tex:431 mv:981 misc:604 imb:5 pmb:139 smb:8016 d:- ref:0 ;
in:1010 out:1008 type:P dur:2 cpbdur:2 q:32.24 aq:24.10 tex:49840 mv:1666 misc:1038 imb:9 pmb:411 smb:7740 d:t ref:0 ;
in:1008 out:1009 type:B dur:2 cpbdur:2 q:32.72 aq:29.00 tex:347 mv:182 misc:543 imb:2 pmb:41 smb:8117 d:t ref:0 ;
in:1009 out:1010 type:b dur:2 cpbdur:2 q:32.81 aq:31.13 tex:239 mv:888 misc:601 imb:3 pmb:131 smb:8026 d:- ref:0 ;
in:1012 out:1011 type:P dur:2 cpbdur:2 q:32.53 aq:22.01 tex:130911 mv:1876 misc:1925 imb:14 pmb:1230 smb:6916 d:t ref:0 ;
in:1011 out:1012 type:b dur:2 cpbdur:2 q:32.88 aq:30.16 tex:388 mv:184 misc:524 imb:1 pmb:40 smb:8119 d:t ref:0 ;
in:1015 out:1013 type:P dur:2 cpbdur:2 q:32.55 aq:20.59 tex:70267 mv:1844 misc:1649 imb:11 pmb:634 smb:7515 d:t ref:0 ;
in:1013 out:1014 type:B dur:2 cpbdur:2 q:33.00 aq:29.09 tex:281 mv:258 misc:573 imb:1 pmb:48 smb:8111 d:t ref:0 ;
in:1014 out:1015 type:b dur:2 cpbdur:2 q:33.26 aq:30.09 tex:115 mv:922 misc:603 imb:2 pmb:134 smb:8024 d:- ref:0 ;
in:1017 out:1016 type:P dur:2 cpbdur:2 q:32.49 aq:20.39 tex:83949 mv:1371 misc:1840 imb:9 pmb:779 smb:7372 d:t ref:0 ;
in:1016 out:1017 type:b dur:2 cpbdur:2 q:32.99 aq:30.45 tex:309 mv:159 misc:524 imb:1 pmb:38 smb:8121 d:t ref:0 ;
in:1019 out:1018 type:P dur:2 cpbdur:2 q:32.32 aq:20.85 tex:68933 mv:1497 misc:1970 imb:9 pmb:685 smb:7466 d:t ref:0 ;
in:1018 out:1019 type:b dur:2 cpbdur:2 q:32.91 aq:30.21 tex:100 mv:140 misc:536 imb:0 pmb:43 smb:8117 d:t ref:0 ;
in:1023 out:1020 type:P dur:2 cpbdur:2 q:31.69 aq:22.02 tex:46766 mv:1606 misc:1884 imb:7 pmb:567 smb:7586 d:t ref:0 ;
in:1021 out:1021 type:B dur:2 cpbdur:2 q:32.67 aq:28.02 tex:1354 mv:253 misc:545 imb:7 pmb:22 smb:8131 d:t ref:0 ;
in:1020 out:1022 type:b dur:2 cpbdur:2 q:33.01 aq:30.15 tex:387 mv:137 misc:508 imb:1 pmb:21 smb:8138 d:t ref:0 ;
in:1022 out:1023 type:b dur:2 cpbdur:2 q:33.00 aq:30.09 tex:100 mv:863 misc:517 imb:3 pmb:116 smb:8041 d:- ref:0 ;
in:1026 out:1024 type:P dur:2 cpbdur:2 q:31.33 aq:22.38 tex:78888 mv:1727 misc:1889 imb:12 pmb:712 smb:7436 d:t ref:0 ;
in:1024 out:1025 type:B dur:2 cpbdur:2 q:31.97 aq:29.05 tex:474 mv:253 misc:577 imb:4 pmb:48 smb:8108 d:t ref:0 ;
in:1025 out:1026 type:b dur:2 cpbdur:2 q:32.12 aq:30.11 tex:597 mv:964 misc:607 imb:6 pmb:134 smb:8020 d:- ref:0 ;
in:1027 out:1027 type:P dur:2 cpbdur:2 q:31.29 aq:22.30 tex:84594 mv:1170 misc:2092 imb:5 pmb:755 smb:7400 d:t ref:0 ;
in:1030 out:1028 type:P dur:2 cpbdur:2 q:31.30 aq:22.27 tex:51276 mv:1495 misc:1245 imb:13 pmb:403 smb:7744 d:t ref:0 ;
in:1028 out:1029 type:B dur:2 cpbdur:2 q:31.46 aq:29.20 tex:497 mv:219 misc:516 imb:1 pmb:20 smb:8139 d:t ref:0 ;
in:1029 out:1030 type:b dur:2 cpbdur:2 q:31.46 aq:30.14 tex:573 mv:924 misc:519 imb:4 pmb:120 smb:8036 d:- ref:0 ;
in:1032 out:1031 type:P dur:2 cpbdur:2 q:31.42 aq:22.84 tex:44746 mv:1479 misc:1463 imb:11 pmb:436 smb:7713 d:t ref:0 ;
in:1031 out:1032 type:b dur:2 cpbdur:2 q:31.67 aq:30.52 tex:439 mv:166 misc:555 imb:0 pmb:45 smb:8115 d:t ref:0 ;
in:1034 out:1033 type:P dur:2 cpbdur:2 q:31.30 aq:23.12 tex:40434 mv:1283 misc:1363 imb:19 pmb:372 smb:7769 d:t ref:0 ;
in:1033 out:1034 type:b dur:2 cpbdur:2 q:31.64 aq:30.15 tex:473 mv:228 misc:539 imb:0 pmb:32 smb:8128 d:t ref:0 ;
in:1036 out:1035 type:P dur:2 cpbdur:2 q:30.94 aq:23.28 tex:44576 mv:1187 misc:1613 imb:5 pmb:452 smb:7703 d:t ref:0 ;
in:1035 out:1036 type:b dur:2 cpbdur:2 q:31.52 aq:30.17 tex:561 mv:137 misc:534 imb:0 pmb:30 smb:8130 d:t ref:0 ;
in:1038 out:1037 type:P dur:2 cpbdur:2 q:30.89 aq:24.14 tex:41326 mv:1498 misc:984 imb:10 pmb:375 smb:7775 d:t ref:0 ;
in:1037 out:1038 type:b dur:2 cpbdur:2 q:31.18 aq:30.16 tex:787 mv:186 misc:539 imb:2 pmb:26 smb:8132 d:t ref:0 ;
in:1039 out:1039 type:P dur:2 cpbdur:2 q:31.27 aq:21.74 tex:57999 mv:1253 misc:796 imb:12 pmb:350 smb:7798 d:t ref:0 ;
in:1041 out:1040 type:P dur:2 cpbdur:2 q:30.73 aq:23.83 tex:45037 mv:1255 misc:1388 imb:6 pmb:436 smb:7718 d:t ref:0 ;
in:1040 out:1041 type:b dur:2 cpbdur:2 q:31.57 aq:30.18 tex:298 mv:102 misc:464 imb:1 pmb:12 smb:8147 d:t ref:0 ;
in:1043 out:1042 type:P dur:2 cpbdur:2 q:30.35 aq:22.96 tex:73391 mv:1601 misc:2072 imb:15 pmb:636 smb:7509 d:t ref:0 ;
in:1042 out:1043 type:b dur:2 cpbdur:2 q:30.73 aq:30.15 tex:1064 mv:268 misc:612 imb:0 pmb:63 smb:8097 d:t ref:0 ;
in:1045 out:1044 type:P dur:2 cpbdur:2 q:30.66 aq:23.22 tex:51920 mv:1603 misc:1173 imb:8 pmb:407 smb:7745 d:t ref:0 ;
in:1044 out:1045 type:b dur:2 cpbdur:2 q:30.67 aq:30.14 tex:1134 mv:167 misc:603 imb:0 pmb:63 smb:8097 d:t ref:0 ;
in:1047 out:1046 type:P dur:2 cpbdur:2 q:30.27 aq:22.72 tex:73696 mv:1544 misc:1568 imb:8 pmb:520 smb:7632 d:t ref:0 ;
in:1046 out:1047 type:b dur:2 cpbdur:2 q:30.66 aq:30.17 tex:883 mv:225 misc:604 imb:0 pmb:48 smb:8112 d:t ref:0 ;
in:1049 out:1048 type:P dur:2 cpbdur:2 q:30.23 aq:22.79 tex:50014 mv:1493 misc:1429 imb:7 pmb:446 smb:7707 d:t ref:0 ;
in:1048 out:1049 type:b dur:2 cpbdur:2 q:30.27 aq:30.14 tex:1337 mv:163 misc:556 imb:3 pmb:35 smb:8122 d:t ref:0 ;
in:1052 out:1050 type:P dur:2 cpbdur:2 q:30.42 aq:23.02 tex:76522 mv:3085 misc:865 imb:234 pmb:405 smb:7521 d:t ref:0 ;
in:1050 out:1051 type:B dur:2 cpbdur:2 q:30.44 aq:28.73 tex:5018 mv:643 misc:987 imb:1 pmb:319 smb:7840 d:t ref:0 ;
in:1051 out:1052 type:b dur:2 cpbdur:2 q:30.44 aq:30.44 tex:9555 mv:1621 misc:920 imb:5 pmb:454 smb:7701 d:- ref:0 ;
in:1054 out:1053 type:P dur:2 cpbdur:2 q:30.62 aq:24.19 tex:127261 mv:3527 misc:1044 imb:294 pmb:344 smb:7522 d:t ref:0 ;
in:1053 out:1054 type:b dur:2 cpbdur:2 q:30.69 aq:30.35 tex:28796 mv:4106 misc:642 imb:172 pmb:204 smb:7784 d:t ref:0 ;
in:1057 out:1055 type:P dur:2 cpbdur:2 q:30.70 aq:24.19 tex:123775 mv:3059 misc:1006 imb:168 pmb:426 smb:7566 d:t ref:0 ;
in:1055 out:1056 type:B dur:2 cpbdur:2 q:30.87 aq:30.01 tex:3397 mv:660 misc:815 imb:3 pmb:276 smb:7881 d:s ref:0 ;
in:1056 out:1057 type:b dur:2 cpbdur:2 q:30.92 aq:29.07 tex:653 mv:951 misc:588 imb:4 pmb:138 smb:8018 d:- ref:0 ;
in:1061 out:1058 type:P dur:2 cpbdur:2 q:30.09 aq:23.97 tex:44149 mv:1522 misc:1049 imb:21 pmb:334 smb:7805 d:t ref:0 ;
in:1059 out:1059 type:B dur:2 cpbdur:2 q:30.80 aq:27.01 tex:1238 mv:394 misc:528 imb:6 pmb:29 smb:8125 d:t ref:0 ;
in:1058 out:1060 type:b dur:2 cpbdur:2 q:30.89 aq:29.25 tex:344 mv:121 misc:479 imb:1 pmb:15 smb:8144 d:t ref:0 ;
in:1060 out:1061 type:b dur:2 cpbdur:2 q:30.89 aq:29.20 tex:592 mv:914 misc:526 imb:3 pmb:132 smb:8025 d:- ref:0 ;
in:1064 out:1062 type:P dur:2 cpbdur:2 q:29.87 aq:23.16 tex:43854 mv:1622 misc:740 imb:7 pmb:275 smb:7878 d:t ref:0 ;
in:1062 out:1063 type:B dur:2 cpbdur:2 q:30.09 aq:28.10 tex:1351 mv:297 misc:528 imb:2 pmb:28 smb:8130 d:t ref:0 ;
in:1063 out:1064 type:b dur:2 cpbdur:2 q:30.09 aq:29.12 tex:630 mv:858 misc:520 imb:2 pmb:122 smb:8036 d:- ref:0 ;
in:1066 out:1065 type:P dur:2 cpbdur:2 q:29.71 aq:23.65 tex:44972 mv:1228 misc:712 imb:19 pmb:224 smb:7917 d:t ref:0 ;
in:1065 out:1066 type:b dur:2 cpbdur:2 q:29.87 aq:29.13 tex:1255 mv:377 misc:584 imb:2 pmb:49 smb:8109 d:t ref:0 ;
in:1069 out:1067 type:P dur:2 cpbdur:2 q:29.64 aq:23.56 tex:84951 mv:3355 misc:710 imb:331 pmb:308 smb:7521 d:t ref:0 ;
in:1067 out:1068 type:B dur:2 cpbdur:2 q:29.71 aq:28.50 tex:1145 mv:297 misc:606 imb:1 pmb:44 smb:8115 d:t ref:0 ;
in:1068 out:1069 type:b dur:2 cpbdur:2 q:29.71 aq:29.17 tex:11991 mv:1322 misc:735 imb:21 pmb:407 smb:7732 d:- ref:0 ;
in:1072 out:1070 type:P dur:2 cpbdur:2 q:29.56 aq:22.15 tex:90122 mv:3498 misc:748 imb:250 pmb:381 smb:7529 d:t ref:0 ;
in:1070 out:1071 type:B dur:2 cpbdur:2 q:29.64 aq:28.05 tex:6045 mv:956 misc:879 imb:7 pmb:301 smb:7852 d:t ref:0 ;
in:1071 out:1072 type:b dur:2 cpbdur:2 q:29.64 aq:29.13 tex:1030 mv:956 misc:574 imb:6 pmb:125 smb:8029 d:- ref:0 ;
in:1073 out:1073 type:I dur:2 cpbdur:2 q:29.11 aq:25.88 tex:2057885 mv:105579 misc:280 imb:8160 pmb:0 smb:0 d:t ref:;
in:1076 out:1074 type:P dur:2 cpbdur:2 q:30.92 aq:32.62 tex:39125 mv:1583 misc:780 imb:11 pmb:308 smb:7841 d:t ref:0 ;
in:1074 out:1075 type:B dur:2 cpbdur:2 q:30.92 aq:31.84 tex:1492 mv:316 misc:608 imb:6 pmb:47 smb:8107 d:t ref:0 ;
in:1075 out:1076 type:b dur:2 cpbdur:2 q:30.92 aq:30.12 tex:572 mv:905 misc:563 imb:6 pmb:133 smb:8021 d:- ref:0 ;
in:1077 out:1077 type:P dur:2 cpbdur:2 q:31.60 aq:32.30 tex:395998 mv:40202 misc:808 imb:7596 pmb:401 smb:163 d:t ref:0 ;
in:1078 out:1078 type:P dur:2 cpbdur:2 q:31.80 aq:32.58 tex:363453 mv:46179 misc:1616 imb:6689 pmb:920 smb:551 d:t ref:0 ;
in:1079 out:1079 type:P dur:2 cpbdur:2 q:31.97 aq:32.57 tex:388449 mv:48121 misc:1758 imb:6418 pmb:1133 smb:609 d:t ref:0 ;
in:1080 out:1080 type:P dur:2 cpbdur:2 q:32.21 aq:32.50 tex:412896 mv:49876 misc:2292 imb:5971 pmb:1575 smb:614 d:t ref:0 ;
in:1081 out:1081 type:P dur:2 cpbdur:2 q:32.81 aq:32.94 tex:383511 mv:47587 misc:3006 imb:5407 pmb:1451 smb:1302 d:t ref:0 ;
in:1082 out:1082 type:P dur:2 cpbdur:2 q:33.82 aq:33.82 tex:339739 mv:47122 misc:3147 imb:5189 pmb:1668 smb:1303 d:t ref:0 ;
in:1083 out:1083 type:P dur:2 cpbdur:2 q:34.11 aq:33.37 tex:241241 mv:39257 misc:4526 imb:3663 pmb:2088 smb:2409 d:t ref:0 ;
in:1084 out:1084 type:P dur:2 cpbdur:2 q:34.45 aq:32.42 tex:229293 mv:38915 misc:4992 imb:3532 pmb:2517 smb:2111 d:t ref:0 ;
in:1087 out:1085 type:P dur:2 cpbdur:2 q:36.17 aq:32.63 tex:485820 mv:52516 misc:2728 imb:5390 pmb:1837 smb:933 d:t ref:0 ;
in:1085 out:1086 type:B dur:2 cpbdur:2 q:36.18 aq:36.28 tex:39508 mv:43832 misc:3708 imb:1310 pmb:4310 smb:2540 d:s ref:0 ;
in:1086 out:1087 type:b dur:2 cpbdur:2 q:36.18 aq:37.52 tex:28502 mv:22291 misc:5727 imb:664 pmb:1941 smb:5555 d:- ref:0 ;
in:1090 out:1088 type:P dur:2 cpbdur:2 q:36.66 aq:32.47 tex:264519 mv:41370 misc:5279 imb:2518 pmb:3162 smb:2480 d:t ref:0 ;
in:1088 out:1089 type:B dur:2 cpbdur:2 q:36.81 aq:37.53 tex:16469 mv:37134 misc:4373 imb:1033 pmb:4427 smb:2700 d:s ref:0 ;
in:1089 out:1090 type:b dur:2 cpbdur:2 q:36.81 aq:38.66 tex:30334 mv:28668 misc:5566 imb:1294 pmb:1952 smb:4914 d:- ref:0 ;
in:1092 out:1091 type:P dur:2 cpbdur:2 q:36.73 aq:31.66 tex:161794 mv:30681 misc:5965 imb:2184 pmb:3309 smb:2667 d:t ref:0 ;
in:1091 out:1092 type:b dur:2 cpbdur:2 q:36.89 aq:38.56 tex:2688 mv:3752 misc:2040 imb:64 pmb:507 smb:7589 d:t ref:0 ;
in:1097 out:1093 type:P dur:2 cpbdur:2 q:36.68 aq:32.09 tex:159679 mv:31316 misc:5557 imb:2046 pmb:3060 smb:3054 d:t ref:0 ;
in:1094 out:1094 type:B dur:2 cpbdur:2 q:36.94 aq:36.32 tex:7571 mv:10197 misc:4248 imb:168 pmb:1730 smb:6262 d:s ref:0 ;
in:1093 out:1095 type:b dur:2 cpbdur:2 q:36.94 aq:36.67 tex:1145 mv:3483 misc:1892 imb:66 pmb:772 smb:7322 d:s ref:0 ;
in:1095 out:1096 type:b dur:2 cpbdur:2 q:36.94 aq:39.15 tex:3963 mv:5948 misc:2617 imb:194 pmb:676 smb:7290 d:- ref:0 ;
in:1096 out:1097 type:b dur:2 cpbdur:2 q:36.94 aq:38.55 tex:2824 mv:4889 misc:2455 imb:56 pmb:622 smb:7482 d:- ref:0 ;
in:1103 out:1098 type:P dur:2 cpbdur:2 q:36.71 aq:32.48 tex:193232 mv:35553 misc:5055 imb:2524 pmb:3071 smb:2565 d:t ref:0 ;
in:1100 out:1099 type:B dur:2 cpbdur:2 q:36.87 aq:36.09 tex:25781 mv:15216 misc:4659 imb:600 pmb:1296 smb:6264 d:t ref:0 ;
in:1098 out:1100 type:b dur:2 cpbdur:2 q:37.04 aq:38.92 tex:10361 mv:12647 misc:3808 imb:378 pmb:1426 smb:6356 d:s ref:0 ;
in:1099 out:1101 type:b dur:2 cpbdur:2 q:37.04 aq:38.68 tex:9133 mv:11444 misc:3703 imb:270 pmb:1170 smb:6720 d:s ref:0 ;
in:1101 out:1102 type:b dur:2 cpbdur:2 q:36.90 aq:38.65 tex:1877 mv:4911 misc:2484 imb:69 pmb:632 smb:7459 d:- ref:0 ;
in:1102 out:1103 type:b dur:2 cpbdur:2 q:36.90 aq:38.32 tex:3918 mv:5878 misc:2572 imb:195 pmb:629 smb:7336 d:- ref:0 ;
in:1108 out:1104 type:P dur:2 cpbdur:2 q:35.78 aq:31.38 tex:249887 mv:35117 misc:4924 imb:2396 pmb:3529 smb:2235 d:t ref:0 ;
in:1105 out:1105 type:B dur:2 cpbdur:2 q:37.02 aq:36.77 tex:14884 mv:12620 misc:3944 imb:528 pmb:1105 smb:6527 d:s ref:0 ;
in:1104 out:1106 type:b dur:2 cpbdur:2 q:37.08 aq:38.53 tex:2341 mv:5625 misc:3162 imb:86 pmb:863 smb:7211 d:s ref:0 ;
in:1106 out:1107 type:b dur:2 cpbdur:2 q:37.08 aq:38.89 tex:3490 mv:5078 misc:2464 imb:126 pmb:644 smb:7390 d:- ref:0 ;
in:1107 out:1108 type:b dur:2 cpbdur:2 q:37.08 aq:39.27 tex:3266 mv:4737 misc:2325 imb:118 pmb:575 smb:7467 d:- ref:0 ;
in:1114 out:1109 type:P dur:2 cpbdur:2 q:34.69 aq:30.83 tex:300057 mv:39972 misc:4467 imb:2807 pmb:3657 smb:1696 d:s ref:0 ;
in:1111 out:1110 type:B dur:2 cpbdur:2 q:36.11 aq:35.01 tex:30741 mv:23020 misc:5119 imb:681 pmb:1840 smb:5639 d:t ref:0 ;
in:1109 out:1111 type:b dur:2 cpbdur:2 q:36.41 aq:37.59 tex:4408 mv:7073 misc:3215 imb:156 pmb:936 smb:7068 d:s ref:0 ;
in:1110 out:1112 type:b dur:2 cpbdur:2 q:36.41 aq:38.12 tex:5497 mv:8128 misc:3479 imb:205 pmb:1007 smb:6948 d:s ref:0 ;
in:1112 out:1113 type:b dur:2 cpbdur:2 q:36.42 aq:38.46 tex:5692 mv:7495 misc:3301 imb:165 pmb:938 smb:7057 d:- ref:0 ;
in:1113 out:1114 type:b dur:2 cpbdur:2 q:36.42 aq:38.36 tex:3810 mv:7028 misc:3178 imb:114 pmb:964 smb:7082 d:- ref:0 ;
in:1120 out:1115 type:P dur:2 cpbdur:2 q:35.04 aq:31.41 tex:274547 mv:39469 misc:4624 imb:2865 pmb:2894 smb:2401 d:s ref:0 ;
in:1117 out:1116 type:B dur:2 cpbdur:2 q:35.43 aq:34.38 tex:30482 mv:21162 misc:5660 imb:569 pmb:2073 smb:5518 d:s ref:0 ;
in:1115 out:1117 type:b dur:2 cpbdur:2 q:35.66 aq:37.87 tex:7377 mv:8762 misc:3949 imb:181 pmb:1236 smb:6743 d:s ref:0 ;
in:1116 out:1118 type:b dur:2 cpbdur:2 q:35.66 aq:37.77 tex:6526 mv:8401 misc:3769 imb:158 pmb:1117 smb:6885 d:s ref:0 ;
in:1118 out:1119 type:b dur:2 cpbdur:2 q:35.66 aq:37.78 tex:4703 mv:6562 misc:2903 imb:199 pmb:770 smb:7191 d:- ref:0 ;
in:1119 out:1120 type:b dur:2 cpbdur:2 q:35.66 aq:37.51 tex:5322 mv:6960 misc:3222 imb:143 pmb:842 smb:7175 d:- ref:0 ;
in:1124 out:1121 type:P dur:2 cpbdur:2 q:35.21 aq:32.02 tex:161464 mv:30336 misc:5472 imb:2098 pmb:2877 smb:3185 d:s ref:0 ;
in:1122 out:1122 type:B dur:2 cpbdur:2 q:35.55 aq:35.98 tex:13478 mv:12364 misc:4494 imb:374 pmb:1455 smb:6331 d:t ref:0 ;
in:1121 out:1123 type:b dur:2 cpbdur:2 q:35.77 aq:37.51 tex:3798 mv:6586 misc:3240 imb:101 pmb:933 smb:7126 d:s ref:0 ;
in:1123 out:1124 type:b dur:2 cpbdur:2 q:35.77 aq:37.24 tex:4867 mv:5404 misc:2993 imb:161 pmb:732 smb:7267 d:- ref:0 ;
in:1129 out:1125 type:P dur:2 cpbdur:2 q:34.62 aq:31.96 tex:209183 mv:34715 misc:4742 imb:2501 pmb:2946 smb:2713 d:s ref:0 ;
in:1126 out:1126 type:B dur:2 cpbdur:2 q:35.53 aq:35.09 tex:18840 mv:16211 misc:5085 imb:435 pmb:1755 smb:5970 d:t ref:0 ;
in:1125 out:1127 type:b dur:2 cpbdur:2 q:35.76 aq:38.04 tex:5397 mv:7101 misc:3310 imb:196 pmb:869 smb:7095 d:s ref:0 ;
in:1127 out:1128 type:b dur:2 cpbdur:2 q:35.76 aq:37.79 tex:5141 mv:6247 misc:3244 imb:134 pmb:830 smb:7196 d:- ref:0 ;
in:1128 out:1129 type:b dur:2 cpbdur:2 q:35.76 aq:37.29 tex:5113 mv:6935 misc:3336 imb:126 pmb:920 smb:7114 d:- ref:0 ;
in:1133 out:1130 type:P dur:2 cpbdur:2 q:34.16 aq:33.03 tex:115409 mv:27638 misc:5265 imb:2319 pmb:2328 smb:3513 d:s ref:0 ;
in:1131 out:1131 type:B dur:2 cpbdur:2 q:34.93 aq:35.53 tex:12877 mv:10474 misc:4585 imb:295 pmb:1343 smb:6522 d:t ref:0 ;
in:1130 out:1132 type:b dur:2 cpbdur:2 q:35.16 aq:37.39 tex:5619 mv:6640 misc:3525 imb:157 pmb:971 smb:7032 d:s ref:0 ;
in:1132 out:1133 type:b dur:2 cpbdur:2 q:35.16 aq:36.07 tex:891 mv:2729 misc:2308 imb:7 pmb:567 smb:7586 d:- ref:0 ;
in:1136 out:1134 type:P dur:2 cpbdur:2 q:33.83 aq:33.39 tex:135241 mv:33436 misc:5803 imb:2386 pmb:2296 smb:3478 d:s ref:0 ;
in:1134 out:1135 type:B dur:2 cpbdur:2 q:34.42 aq:34.89 tex:18359 mv:14090 misc:5295 imb:309 pmb:1699 smb:6152 d:s ref:0 ;
in:1135 out:1136 type:b dur:2 cpbdur:2 q:34.42 aq:36.25 tex:48540 mv:38383 misc:5581 imb:2101 pmb:2219 smb:3840 d:- ref:0 ;
in:1137 out:1137 type:P dur:2 cpbdur:2 q:33.92 aq:33.84 tex:155701 mv:38725 misc:4286 imb:3483 pmb:2255 smb:2422 d:s ref:0 ;
in:1138 out:1138 type:P dur:2 cpbdur:2 q:33.95 aq:34.19 tex:156052 mv:39388 misc:4648 imb:3604 pmb:2201 smb:2355 d:s ref:0 ;
in:1139 out:1139 type:P dur:2 cpbdur:2 q:33.64 aq:34.09 tex:121538 mv:33806 misc:5680 imb:3122 pmb:2149 smb:2889 d:s ref:0 ;
in:1140 out:1140 type:P dur:2 cpbdur:2 q:33.72 aq:34.35 tex:164310 mv:39964 misc:4462 imb:3930 pmb:1988 smb:2242 d:s ref:0 ;
in:1141 out:1141 type:P dur:2 cpbdur:2 q:33.81 aq:34.52 tex:169497 mv:39141 misc:4442 imb:3958 pmb:1804 smb:2398 d:s ref:0 ;
in:1142 out:1142 type:P dur:2 cpbdur:2 q:33.92 aq:34.78 tex:187579 mv:42326 misc:4047 imb:4695 pmb:1516 smb:1949 d:s ref:0 ;
in:1143 out:1143 type:P dur:2 cpbdur:2 q:33.99 aq:35.01 tex:163781 mv:39175 misc:3804 imb:4807 pmb:1356 smb:1997 d:s ref:0 ;
in:1144 out:1144 type:P dur:2 cpbdur:2 q:34.04 aq:35.36 tex:155539 mv:38525 misc:2912 imb:5624 pmb:873 smb:1663 d:s ref:0 ;
in:1145 out:1145 type:I dur:2 cpbdur:2 q:30.94 aq:30.23 tex:541134 mv:22967 misc:379 imb:8160 pmb:0 smb:0 d:s ref:;
in:1147 out:1146 type:P dur:2 cpbdur:2 q:34.73 aq:33.46 tex:276726 mv:31113 misc:2113 imb:6541 pmb:722 smb:897 d:s ref:0 w:4,21,-91,5,63,-122,64,-128 ;
in:1146 out:1147 type:b dur:2 cpbdur:2 q:34.90 aq:36.00 tex:14492 mv:6333 misc:2535 imb:261 pmb:634 smb:7265 d:s ref:0 ;
in:1149 out:1148 type:P dur:2 cpbdur:2 q:34.99 aq:32.77 tex:292878 mv:32490 misc:1568 imb:6534 pmb:1044 smb:582 d:s ref:0 w:5,39,-54,6,87,-45,88,-51 ;
in:1148 out:1149 type:b dur:2 cpbdur:2 q:35.15 aq:35.98 tex:21064 mv:20173 misc:4283 imb:1565 pmb:868 smb:5727 d:s ref:0 ;
in:1151 out:1150 type:P dur:2 cpbdur:2 q:35.66 aq:32.05 tex:310027 mv:28583 misc:2454 imb:5702 pmb:1375 smb:1083 d:s ref:0 w:3,9,-27,6,79,-29,76,-27 ;
in:1150 out:1151 type:b dur:2 cpbdur:2 q:35.74 aq:36.20 tex:13434 mv:28331 misc:3867 imb:2844 pmb:922 smb:4394 d:s ref:0 ;
in:1156 out:1152 type:P dur:2 cpbdur:2 q:37.53 aq:29.52 tex:506261 mv:29851 misc:2472 imb:5582 pmb:1894 smb:684 d:s ref:0 w:5,35,-15,6,67,-7,71,-17 ;
in:1153 out:1153 type:B dur:2 cpbdur:2 q:37.61 aq:36.32 tex:11304 mv:17017 misc:3247 imb:1625 pmb:893 smb:5642 d:s ref:0 ;
in:1152 out:1154 type:b dur:2 cpbdur:2 q:37.71 aq:38.76 tex:3261 mv:7061 misc:3030 imb:240 pmb:860 smb:7060 d:s ref:0 ;
in:1154 out:1155 type:b dur:2 cpbdur:2 q:37.71 aq:39.68 tex:1035 mv:1542 misc:1015 imb:6 pmb:246 smb:7908 d:- ref:0 ;
in:1155 out:1156 type:b dur:2 cpbdur:2 q:37.71 aq:35.63 tex:446 mv:1013 misc:637 imb:3 pmb:141 smb:8016 d:- ref:0 ;
in:1158 out:1157 type:P dur:2 cpbdur:2 q:38.10 aq:29.27 tex:179658 mv:13384 misc:6094 imb:993 pmb:3006 smb:4161 d:s ref:0 w:6,65,-2,6,63,3,64,0 ;
in:1157 out:1158 type:b dur:2 cpbdur:2 q:38.29 aq:36.09 tex:195 mv:890 misc:515 imb:5 pmb:119 smb:8036 d:t ref:0 ;
in:1161 out:1159 type:P dur:2 cpbdur:2 q:37.91 aq:28.75 tex:77507 mv:5421 misc:5600 imb:261 pmb:2000 smb:5899 d:s ref:0 ;
in:1159 out:1160 type:B dur:2 cpbdur:2 q:38.38 aq:35.20 tex:240 mv:931 misc:509 imb:3 pmb:113 smb:8044 d:t ref:0 ;
in:1160 out:1161 type:b dur:2 cpbdur:2 q:38.74 aq:36.22 tex:133 mv:829 misc:542 imb:2 pmb:116 smb:8042 d:- ref:0 ;
in:1166 out:1162 type:P dur:2 cpbdur:2 q:38.25 aq:28.86 tex:40576 mv:3409 misc:1895 imb:56 pmb:690 smb:7414 d:s ref:0 ;
in:1163 out:1163 type:B dur:2 cpbdur:2 q:38.54 aq:34.15 tex:1810 mv:1338 misc:548 imb:11 pmb:129 smb:8020 d:t ref:0 ;
in:1162 out:1164 type:b dur:2 cpbdur:2 q:38.71 aq:36.12 tex:166 mv:917 misc:597 imb:9 pmb:123 smb:8028 d:t ref:0 ;
in:1164 out:1165 type:b dur:2 cpbdur:2 q:38.71 aq:36.81 tex:345 mv:1005 misc:586 imb:3 pmb:141 smb:8016 d:- ref:0 ;
in:1165 out:1166 type:b dur:2 cpbdur:2 q:38.71 aq:36.65 tex:293 mv:1020 misc:559 imb:5 pmb:131 smb:8024 d:- ref:0 ;
in:1169 out:1167 type:P dur:2 cpbdur:2 q:38.62 aq:28.29 tex:26819 mv:1976 misc:1093 imb:27 pmb:393 smb:7740 d:s ref:0 ;
in:1167 out:1168 type:B dur:2 cpbdur:2 q:38.75 aq:35.06 tex:185 mv:921 misc:534 imb:6 pmb:112 smb:8042 d:t ref:0 ;
in:1168 out:1169 type:b dur:2 cpbdur:2 q:38.79 aq:36.73 tex:213 mv:843 misc:552 imb:1 pmb:124 smb:8035 d:- ref:0 ;
in:1173 out:1170 type:P dur:2 cpbdur:2 q:37.90 aq:25.81 tex:141934 mv:4731 misc:2279 imb:123 pmb:1728 smb:6309 d:s ref:0 ;
in:1171 out:1171 type:B dur:2 cpbdur:2 q:38.99 aq:34.12 tex:233 mv:1041 misc:502 imb:13 pmb:104 smb:8043 d:t ref:0 ;
in:1170 out:1172 type:b dur:2 cpbdur:2 q:39.04 aq:36.08 tex:161 mv:762 misc:501 imb:4 pmb:115 smb:8041 d:t ref:0 ;
in:1172 out:1173 type:b dur:2 cpbdur:2 q:39.04 aq:36.22 tex:169 mv:804 misc:499 imb:1 pmb:116 smb:8043 d:- ref:0 ;
in:1177 out:1174 type:P dur:2 cpbdur:2 q:37.34 aq:26.21 tex:135484 mv:4200 misc:3636 imb:109 pmb:1931 smb:6120 d:s ref:0 ;
in:1175 out:1175 type:B dur:2 cpbdur:2 q:38.31 aq:34.03 tex:518 mv:1115 misc:535 imb:8 pmb:118 smb:8034 d:t ref:0 ;
in:1174 out:1176 type:b dur:2 cpbdur:2 q:38.42 aq:36.13 tex:222 mv:810 misc:512 imb:3 pmb:117 smb:8040 d:t ref:0 ;
in:1176 out:1177 type:b dur:2 cpbdur:2 q:38.42 aq:36.12 tex:202 mv:866 misc:540 imb:6 pmb:113 smb:8041 d:- ref:0 ;
in:1179 out:1178 type:P dur:2 cpbdur:2 q:36.49 aq:26.44 tex:130383 mv:3610 misc:4287 imb:74 pmb:1974 smb:6112 d:s ref:0 ;
in:1178 out:1179 type:b dur:2 cpbdur:2 q:37.61 aq:36.03 tex:264 mv:813 misc:523 imb:1 pmb:116 smb:8043 d:t ref:0 ;
in:1182 out:1180 type:P dur:2 cpbdur:2 q:36.03 aq:26.63 tex:136663 mv:3090 misc:3191 imb:40 pmb:1590 smb:6530 d:s ref:0 ;
in:1180 out:1181 type:B dur:2 cpbdur:2 q:36.97 aq:34.24 tex:726 mv:1078 misc:572 imb:9 pmb:129 smb:8022 d:t ref:0 ;
in:1181 out:1182 type:b dur:2 cpbdur:2 q:37.15 aq:36.09 tex:197 mv:863 misc:580 imb:2 pmb:131 smb:8027 d:- ref:0 ;
in:1184 out:1183 type:P dur:2 cpbdur:2 q:35.81 aq:26.11 tex:123917 mv:2487 misc:3780 imb:30 pmb:1868 smb:6262 d:s ref:0 ;
in:1183 out:1184 type:b dur:2 cpbdur:2 q:36.40 aq:35.08 tex:314 mv:849 misc:533 imb:2 pmb:119 smb:8039 d:t ref:0 ;
in:1187 out:1185 type:P dur:2 cpbdur:2 q:35.42 aq:26.10 tex:120872 mv:3355 misc:3733 imb:35 pmb:1720 smb:6405 d:s ref:0 ;
in:1185 out:1186 type:B dur:2 cpbdur:2 q:36.10 aq:33.97 tex:282 mv:987 misc:507 imb:5 pmb:115 smb:8040 d:t ref:0 ;
in:1186 out:1187 type:b dur:2 cpbdur:2 q:36.42 aq:35.13 tex:141 mv:878 misc:525 imb:3 pmb:119 smb:8038 d:- ref:0 ;
in:1190 out:1188 type:P dur:2 cpbdur:2 q:34.98 aq:25.76 tex:84066 mv:2511 misc:2679 imb:13 pmb:1172 smb:6975 d:s ref:0 ;
in:1188 out:1189 type:B dur:2 cpbdur:2 q:35.74 aq:33.91 tex:464 mv:1024 misc:576 imb:4 pmb:133 smb:8023 d:t ref:0 ;
in:1189 out:1190 type:b dur:2 cpbdur:2 q:36.04 aq:35.01 tex:241 mv:1017 misc:590 imb:5 pmb:137 smb:8018 d:- ref:0 ;
in:1193 out:1191 type:P dur:2 cpbdur:2 q:35.15 aq:26.49 tex:156971 mv:2278 misc:3543 imb:14 pmb:2146 smb:6000 d:s ref:0 ;
in:1191 out:1192 type:B dur:2 cpbdur:2 q:35.65 aq:34.15 tex:190 mv:939 misc:519 imb:3 pmb:113 smb:8044 d:t ref:0 ;
in:1192 out:1193 type:b dur:2 cpbdur:2 q:35.96 aq:35.12 tex:227 mv:871 misc:534 imb:3 pmb:116 smb:8041 d:- ref:0 ;
in:1197 out:1194 type:P dur:2 cpbdur:2 q:34.76 aq:25.62 tex:81966 mv:2056 misc:3234 imb:15 pmb:1245 smb:6900 d:s ref:0 ;
in:1195 out:1195 type:B dur:2 cpbdur:2 q:35.29 aq:33.32 tex:2527 mv:1274 misc:559 imb:7 pmb:135 smb:8018 d:t ref:0 ;
in:1194 out:1196 type:b dur:2 cpbdur:2 q:35.62 aq:35.26 tex:260 mv:888 misc:580 imb:9 pmb:125 smb:8026 d:t ref:0 ;
in:1196 out:1197 type:b dur:2 cpbdur:2 q:35.62 aq:35.10 tex:252 mv:868 misc:592 imb:2 pmb:131 smb:8027 d:- ref:0 ;
in:1202 out:1198 type:P dur:2 cpbdur:2 q:34.62 aq:25.59 tex:92227 mv:2266 misc:2435 imb:18 pmb:1220 smb:6922 d:s ref:0 ;
in:1199 out:1199 type:B dur:2 cpbdur:2 q:35.10 aq:33.02 tex:797 mv:1186 misc:593 imb:9 pmb:131 smb:8020 d:t ref:0 ;
in:1198 out:1200 type:b dur:2 cpbdur:2 q:35.46 aq:35.02 tex:90 mv:832 misc:526 imb:3 pmb:119 smb:8038 d:t ref:0 ;
in:1200 out:1201 type:b dur:2 cpbdur:2 q:35.46 aq:35.00 tex:76 mv:946 misc:562 imb:3 pmb:130 smb:8027 d:- ref:0 ;
in:1201 out:1202 type:b dur:2 cpbdur:2 q:35.46 aq:35.00 tex:56 mv:988 misc:580 imb:2 pmb:133 smb:8025 d:- ref:0 ;
in:1204 out:1203 type:P dur:2 cpbdur:2 q:34.49 aq:25.48 tex:107389 mv:1849 misc:3706 imb:9 pmb:2068 smb:6083 d:s ref:0 ;
in:1203 out:1204 type:b dur:2 cpbdur:2 q:35.05 aq:35.02 tex:191 mv:882 misc:527 imb:7 pmb:115 smb:8038 d:t ref:0 ;
in:1206 out:1205 type:P dur:2 cpbdur:2 q:34.45 aq:25.49 tex:32055 mv:1427 misc:1918 imb:8 pmb:578 smb:7574 d:s ref:0 ;
in:1205 out:1206 type:b dur:2 cpbdur:2 q:34.88 aq:35.02 tex:285 mv:911 misc:596 imb:3 pmb:134 smb:8023 d:t ref:0 ;
in:1210 out:1207 type:P dur:2 cpbdur:2 q:34.06 aq:25.02 tex:33331 mv:1677 misc:2248 imb:13 pmb:610 smb:7537 d:s ref:0 ;
in:1208 out:1208 type:B dur:2 cpbdur:2 q:34.45 aq:33.02 tex:541 mv:1103 misc:508 imb:12 pmb:107 smb:8041 d:t ref:0 ;
in:1207 out:1209 type:b dur:2 cpbdur:2 q:34.45 aq:35.03 tex:238 mv:905 misc:505 imb:6 pmb:117 smb:8037 d:t ref:0 ;
in:1209 out:1210 type:b dur:2 cpbdur:2 q:34.45 aq:35.10 tex:261 mv:835 misc:496 imb:1 pmb:119 smb:8040 d:- ref:0 ;
in:1211 out:1211 type:P dur:2 cpbdur:2 q:34.01 aq:24.59 tex:73623 mv:1357 misc:3716 imb:9 pmb:1345 smb:6806 d:s ref:0 ;
in:1214 out:1212 type:P dur:2 cpbdur:2 q:34.06 aq:25.01 tex:19315 mv:1582 misc:1231 imb:12 pmb:330 smb:7818 d:s ref:0 ;
in:1212 out:1213 type:B dur:2 cpbdur:2 q:34.06 aq:33.96 tex:448 mv:1052 misc:532 imb:11 pmb:113 smb:8036 d:t ref:0 ;
in:1213 out:1214 type:b dur:2 cpbdur:2 q:34.06 aq:34.99 tex:357 mv:840 misc:515 imb:3 pmb:119 smb:8038 d:- ref:0 ;
in:1219 out:1215 type:P dur:2 cpbdur:2 q:34.03 aq:25.24 tex:24295 mv:2034 misc:1087 imb:14 pmb:319 smb:7827 d:s ref:0 ;
in:1216 out:1216 type:B dur:2 cpbdur:2 q:34.06 aq:33.00 tex:1467 mv:1259 misc:610 imb:6 pmb:143 smb:8011 d:t ref:0 ;
in:1215 out:1217 type:b dur:2 cpbdur:2 q:34.06 aq:35.04 tex:435 mv:873 misc:604 imb:3 pmb:132 smb:8025 d:t ref:0 ;
in:1217 out:1218 type:b dur:2 cpbdur:2 q:34.06 aq:35.04 tex:341 mv:983 misc:500 imb:8 pmb:111 smb:8041 d:- ref:0 ;
in:1218 out:1219 type:b dur:2 cpbdur:2 q:34.06 aq:35.04 tex:378 mv:954 misc:500 imb:3 pmb:115 smb:8042 d:- ref:0 ;
in:1221 out:1220 type:P dur:2 cpbdur:2 q:33.92 aq:24.69 tex:32119 mv:1559 misc:2186 imb:18 pmb:567 smb:7575 d:s ref:0 ;
in:1220 out:1221 type:b dur:2 cpbdur:2 q:34.03 aq:35.03 tex:141 mv:827 misc:504 imb:4 pmb:115 smb:8041 d:t ref:0 ;
in:1222 out:1222 type:P dur:2 cpbdur:2 q:33.88 aq:24.82 tex:42641 mv:949 misc:1530 imb:4 pmb:577 smb:7579 d:s ref:0 ;
in:1224 out:1223 type:P dur:2 cpbdur:2 q:33.89 aq:24.60 tex:7748 mv:1166 misc:1046 imb:6 pmb:222 smb:7932 d:s ref:0 ;
in:1223 out:1224 type:b dur:2 cpbdur:2 q:33.89 aq:35.02 tex:216 mv:865 misc:511 imb:3 pmb:118 smb:8039 d:t ref:0 ;
in:1228 out:1225 type:P dur:2 cpbdur:2 q:34.34 aq:25.96 tex:66406 mv:2341 misc:1445 imb:67 pmb:594 smb:7499 d:s ref:0 ;
in:1226 out:1226 type:B dur:2 cpbdur:2 q:34.34 aq:33.94 tex:959 mv:1205 misc:580 imb:17 pmb:135 smb:8008 d:t ref:0 ;
in:1225 out:1227 type:b dur:2 cpbdur:2 q:34.34 aq:35.07 tex:354 mv:848 misc:518 imb:2 pmb:123 smb:8035 d:t ref:0 ;
in:1227 out:1228 type:b dur:2 cpbdur:2 q:34.34 aq:35.16 tex:1539 mv:1390 misc:631 imb:2 pmb:195 smb:7963 d:- ref:0 ;
in:1233 out:1229 type:P dur:2 cpbdur:2 q:34.06 aq:25.79 tex:126214 mv:2766 misc:1212 imb:121 pmb:374 smb:7665 d:t ref:0 ;
in:1230 out:1230 type:B dur:2 cpbdur:2 q:34.48 aq:31.85 tex:2030 mv:1642 misc:616 imb:11 pmb:310 smb:7839 d:s ref:0 ;
in:1229 out:1231 type:b dur:2 cpbdur:2 q:34.48 aq:35.81 tex:1076 mv:996 misc:712 imb:3 pmb:151 smb:8006 d:t ref:0 ;
in:1231 out:1232 type:b dur:2 cpbdur:2 q:34.48 aq:35.42 tex:549 mv:1171 misc:568 imb:6 pmb:143 smb:8011 d:- ref:0 ;
in:1232 out:1233 type:b dur:2 cpbdur:2 q:34.48 aq:35.80 tex:756 mv:907 misc:601 imb:3 pmb:153 smb:8004 d:- ref:0 ;
in:1235 out:1234 type:P dur:2 cpbdur:2 q:34.24 aq:25.03 tex:92437 mv:1532 misc:3479 imb:6 pmb:1789 smb:6365 d:t ref:0 ;
in:1234 out:1235 type:b dur:2 cpbdur:2 q:34.77 aq:35.12 tex:282 mv:55 misc:455 imb:0 pmb:10 smb:8150 d:t ref:0 ;
in:1238 out:1236 type:P dur:2 cpbdur:2 q:34.29 aq:25.22 tex:51368 mv:1933 misc:1787 imb:11 pmb:705 smb:7444 d:t ref:0 ;
in:1236 out:1237 type:B dur:2 cpbdur:2 q:34.69 aq:34.32 tex:946 mv:343 misc:623 imb:2 pmb:48 smb:8110 d:t ref:0 ;
in:1237 out:1238 type:b dur:2 cpbdur:2 q:34.94 aq:35.35 tex:277 mv:853 misc:502 imb:6 pmb:113 smb:8041 d:- ref:0 ;
in:1242 out:1239 type:P dur:2 cpbdur:2 q:33.84 aq:25.11 tex:53073 mv:1793 misc:2958 imb:20 pmb:994 smb:7146 d:t ref:0 ;
in:1240 out:1240 type:B dur:2 cpbdur:2 q:34.50 aq:32.94 tex:285 mv:240 misc:539 imb:1 pmb:29 smb:8130 d:t ref:0 ;
in:1239 out:1241 type:b dur:2 cpbdur:2 q:34.50 aq:35.13 tex:278 mv:101 misc:453 imb:1 pmb:9 smb:8150 d:t ref:0 ;
in:1241 out:1242 type:b dur:2 cpbdur:2 q:34.50 aq:35.01 tex:347 mv:908 misc:513 imb:6 pmb:117 smb:8037 d:- ref:0 ;
in:1244 out:1243 type:P dur:2 cpbdur:2 q:33.66 aq:24.32 tex:30748 mv:1151 misc:1765 imb:4 pmb:488 smb:7668 d:t ref:0 ;
in:1243 out:1244 type:b dur:2 cpbdur:2 q:34.11 aq:35.36 tex:294 mv:60 misc:446 imb:0 pmb:9 smb:8151 d:t ref:0 ;
in:1246 out:1245 type:P dur:2 cpbdur:2 q:33.20 aq:23.80 tex:39229 mv:1514 misc:1633 imb:15 pmb:503 smb:7642 d:t ref:0 ;
in:1245 out:1246 type:b dur:2 cpbdur:2 q:33.82 aq:34.14 tex:220 mv:139 misc:489 imb:0 pmb:19 smb:8141 d:t ref:0 ;
in:1250 out:1247 type:P dur:2 cpbdur:2 q:33.08 aq:24.63 tex:30262 mv:1802 misc:1448 imb:10 pmb:442 smb:7708 d:t ref:0 ;
in:1248 out:1248 type:B dur:2 cpbdur:2 q:33.20 aq:32.00 tex:597 mv:159 misc:516 imb:1 pmb:22 smb:8137 d:t ref:0 ;
in:1247 out:1249 type:b dur:2 cpbdur:2 q:33.20 aq:34.08 tex:342 mv:94 misc:468 imb:3 pmb:9 smb:8148 d:t ref:0 ;
in:1249 out:1250 type:b dur:2 cpbdur:2 q:33.20 aq:34.01 tex:401 mv:856 misc:543 imb:2 pmb:121 smb:8037 d:- ref:0 ;
in:1255 out:1251 type:P dur:2 cpbdur:2 q:33.24 aq:24.73 tex:127332 mv:1931 misc:1969 imb:16 pmb:1364 smb:6780 d:t ref:0 ;
in:1252 out:1252 type:B dur:2 cpbdur:2 q:33.46 aq:32.45 tex:3452 mv:483 misc:577 imb:8 pmb:44 smb:8108 d:t ref:0 ;
in:1251 out:1253 type:b dur:2 cpbdur:2 q:33.46 aq:34.13 tex:265 mv:162 misc:533 imb:0 pmb:42 smb:8118 d:t ref:0 ;
in:1253 out:1254 type:b dur:2 cpbdur:2 q:33.46 aq:34.15 tex:49 mv:927 misc:584 imb:1 pmb:128 smb:8031 d:- ref:0 ;
in:1254 out:1255 type:b dur:2 cpbdur:2 q:33.46 aq:34.05 tex:44 mv:1002 misc:586 imb:2 pmb:128 smb:8030 d:- ref:0 ;
in:1258 out:1256 type:P dur:2 cpbdur:2 q:33.20 aq:24.04 tex:27715 mv:1372 misc:1081 imb:8 pmb:347 smb:7805 d:t ref:0 ;
in:1256 out:1257 type:B dur:2 cpbdur:2 q:33.47 aq:33.24 tex:465 mv:170 misc:509 imb:2 pmb:18 smb:8140 d:t ref:0 ;
in:1257 out:1258 type:b dur:2 cpbdur:2 q:33.47 aq:34.07 tex:491 mv:874 misc:515 imb:6 pmb:114 smb:8040 d:- ref:0 ;
in:1260 out:1259 type:P dur:2 cpbdur:2 q:32.94 aq:24.28 tex:55738 mv:1867 misc:1891 imb:19 pmb:635 smb:7506 d:t ref:0 ;
in:1259 out:1260 type:b dur:2 cpbdur:2 q:33.35 aq:34.10 tex:369 mv:221 misc:562 imb:1 pmb:48 smb:8111 d:t ref:0 ;
in:1262 out:1261 type:P dur:2 cpbdur:2 q:32.70 aq:23.96 tex:60118 mv:1437 misc:2237 imb:8 pmb:799 smb:7353 d:t ref:0 ;
in:1261 out:1262 type:b dur:2 cpbdur:2 q:33.09 aq:34.11 tex:345 mv:80 misc:463 imb:0 pmb:12 smb:8148 d:t ref:0 ;
in:1264 out:1263 type:P dur:2 cpbdur:2 q:33.72 aq:23.74 tex:130731 mv:1457 misc:1852 imb:8 pmb:1461 smb:6691 d:t ref:0 ;
in:1263 out:1264 type:b dur:2 cpbdur:2 q:34.06 aq:34.13 tex:174 mv:97 misc:473 imb:0 pmb:14 smb:8146 d:t ref:0 ;
in:1266 out:1265 type:P dur:2 cpbdur:2 q:32.93 aq:23.87 tex:26360 mv:1103 misc:945 imb:7 pmb:350 smb:7803 d:t ref:0 ;
in:1265 out:1266 type:b dur:2 cpbdur:2 q:34.06 aq:34.13 tex:294 mv:80 misc:450 imb:0 pmb:10 smb:8150 d:t ref:0 ;
in:1271 out:1267 type:P dur:2 cpbdur:2 q:33.04 aq:23.76 tex:29963 mv:1780 misc:1001 imb:10 pmb:362 smb:7788 d:t ref:0 ;
in:1268 out:1268 type:B dur:2 cpbdur:2 q:33.15 aq:30.87 tex:1210 mv:295 misc:535 imb:7 pmb:21 smb:8132 d:t ref:0 ;
in:1267 out:1269 type:b dur:2 cpbdur:2 q:33.15 aq:34.13 tex:244 mv:96 misc:468 imb:1 pmb:11 smb:8148 d:t ref:0 ;
in:1269 out:1270 type:b dur:2 cpbdur:2 q:33.15 aq:34.08 tex:350 mv:977 misc:465 imb:7 pmb:106 smb:8047 d:- ref:0 ;
in:1270 out:1271 type:b dur:2 cpbdur:2 q:33.15 aq:34.07 tex:356 mv:966 misc:494 imb:2 pmb:119 smb:8039 d:- ref:0 ;
in:1274 out:1272 type:P dur:2 cpbdur:2 q:32.75 aq:23.75 tex:120652 mv:1682 misc:2266 imb:19 pmb:1322 smb:6819 d:t ref:0 ;
in:1272 out:1273 type:B dur:2 cpbdur:2 q:33.16 aq:33.08 tex:384 mv:246 misc:538 imb:2 pmb:28 smb:8130 d:t ref:0 ;
in:1273 out:1274 type:b dur:2 cpbdur:2 q:33.22 aq:34.09 tex:513 mv:970 misc:517 imb:5 pmb:118 smb:8037 d:- ref:0 ;
in:1276 out:1275 type:P dur:2 cpbdur:2 q:32.63 aq:24.26 tex:77302 mv:1512 misc:2130 imb:6 pmb:939 smb:7215 d:t ref:0 ;
in:1275 out:1276 type:b dur:2 cpbdur:2 q:32.88 aq:34.09 tex:211 mv:114 misc:507 imb:0 pmb:35 smb:8125 d:t ref:0 ;
in:1278 out:1277 type:P dur:2 cpbdur:2 q:33.87 aq:25.88 tex:74386 mv:2862 misc:1240 imb:156 pmb:604 smb:7400 d:t ref:0 ;
in:1277 out:1278 type:b dur:2 cpbdur:2 q:34.34 aq:34.02 tex:326 mv:497 misc:649 imb:3 pmb:209 smb:7948 d:s ref:0 ;
in:1280 out:1279 type:P dur:2 cpbdur:2 q:33.04 aq:24.48 tex:130122 mv:4065 misc:2717 imb:203 pmb:997 smb:6960 d:t ref:0 ;
in:1279 out:1280 type:b dur:2 cpbdur:2 q:34.34 aq:34.87 tex:8291 mv:2396 misc:865 imb:86 pmb:153 smb:7921 d:t ref:0 ;
in:1282 out:1281 type:P dur:2 cpbdur:2 q:33.41 aq:24.34 tex:185996 mv:3946 misc:3018 imb:136 pmb:1431 smb:6593 d:t ref:0 ;
in:1281 out:1282 type:b dur:2 cpbdur:2 q:33.88 aq:34.65 tex:6429 mv:1677 misc:822 imb:31 pmb:118 smb:8011 d:t ref:0 ;
in:1285 out:1283 type:P dur:2 cpbdur:2 q:33.21 aq:24.74 tex:98326 mv:2581 misc:1525 imb:38 pmb:820 smb:7302 d:t ref:0 ;
in:1283 out:1284 type:B dur:2 cpbdur:2 q:33.89 aq:32.07 tex:405 mv:332 misc:831 imb:4 pmb:139 smb:8017 d:t ref:0 ;
in:1284 out:1285 type:b dur:2 cpbdur:2 q:34.28 aq:34.06 tex:141 mv:846 misc:525 imb:3 pmb:122 smb:8035 d:- ref:0 ;
in:1287 out:1286 type:P dur:2 cpbdur:2 q:33.45 aq:24.07 tex:117980 mv:2228 misc:3080 imb:10 pmb:1386 smb:6764 d:t ref:0 ;
in:1286 out:1287 type:b dur:2 cpbdur:2 q:33.84 aq:34.08 tex:700 mv:399 misc:677 imb:0 pmb:86 smb:8074 d:t ref:0 ;
in:1289 out:1288 type:P dur:2 cpbdur:2 q:33.16 aq:23.67 tex:50545 mv:1286 misc:2689 imb:5 pmb:795 smb:7360 d:t ref:0 ;
in:1288 out:1289 type:b dur:2 cpbdur:2 q:33.84 aq:34.05 tex:449 mv:103 misc:464 imb:1 pmb:10 smb:8149 d:t ref:0 ;
in:1291 out:1290 type:P dur:2 cpbdur:2 q:32.55 aq:23.29 tex:51625 mv:1303 misc:2136 imb:11 pmb:661 smb:7488 d:t ref:0 ;
in:1290 out:1291 type:b dur:2 cpbdur:2 q:33.28 aq:34.01 tex:311 mv:128 misc:473 imb:0 pmb:14 smb:8146 d:t ref:0 ;
in:1293 out:1292 type:P dur:2 cpbdur:2 q:32.63 aq:23.77 tex:45814 mv:1239 misc:1435 imb:8 pmb:525 smb:7627 d:t ref:0 ;
in:1292 out:1293 type:b dur:2 cpbdur:2 q:32.75 aq:34.05 tex:412 mv:104 misc:460 imb:1 pmb:14 smb:8145 d:t ref:0 ;
in:1295 out:1294 type:P dur:2 cpbdur:2 q:32.25 aq:22.95 tex:65025 mv:1789 misc:1794 imb:8 pmb:741 smb:7411 d:t ref:0 ;
in:1294 out:1295 type:b dur:2 cpbdur:2 q:32.71 aq:33.17 tex:267 mv:79 misc:454 imb:0 pmb:12 smb:8148 d:t ref:0 ;
in:1297 out:1296 type:P dur:2 cpbdur:2 q:33.77 aq:22.16 tex:179637 mv:1411 misc:2208 imb:14 pmb:1730 smb:6416 d:t ref:0 ;
in:1296 out:1297 type:b dur:2 cpbdur:2 q:33.97 aq:33.12 tex:249 mv:146 misc:477 imb:0 pmb:16 smb:8144 d:t ref:0 ;
in:1300 out:1298 type:P dur:2 cpbdur:2 q:32.25 aq:23.50 tex:48183 mv:1631 misc:1322 imb:19 pmb:414 smb:7727 d:t ref:0 ;
in:1298 out:1299 type:B dur:2 cpbdur:2 q:34.39 aq:32.45 tex:530 mv:211 misc:555 imb:0 pmb:46 smb:8114 d:t ref:0 ;
in:1299 out:1300 type:b dur:2 cpbdur:2 q:34.79 aq:33.16 tex:344 mv:852 misc:588 imb:3 pmb:130 smb:8027 d:- ref:0 ;
in:1304 out:1301 type:P dur:2 cpbdur:2 q:32.17 aq:24.77 tex:54875 mv:1630 misc:1775 imb:12 pmb:590 smb:7558 d:t ref:0 ;
in:1302 out:1302 type:B dur:2 cpbdur:2 q:32.25 aq:31.14 tex:1306 mv:327 misc:599 imb:2 pmb:54 smb:8104 d:t ref:0 ;
in:1301 out:1303 type:b dur:2 cpbdur:2 q:32.25 aq:33.01 tex:313 mv:184 misc:535 imb:2 pmb:38 smb:8120 d:t ref:0 ;
in:1303 out:1304 type:b dur:2 cpbdur:2 q:32.25 aq:33.05 tex:401 mv:801 misc:526 imb:2 pmb:122 smb:8036 d:- ref:0 ;
in:1305 out:1305 type:P dur:2 cpbdur:2 q:33.81 aq:22.41 tex:166932 mv:1181 misc:1999 imb:9 pmb:1580 smb:6571 d:t ref:0 ;
in:1308 out:1306 type:P dur:2 cpbdur:2 q:33.80 aq:22.77 tex:60790 mv:1451 misc:1527 imb:8 pmb:674 smb:7478 d:t ref:0 ;
in:1306 out:1307 type:B dur:2 cpbdur:2 q:34.47 aq:32.11 tex:743 mv:185 misc:504 imb:4 pmb:17 smb:8139 d:t ref:0 ;
in:1307 out:1308 type:b dur:2 cpbdur:2 q:34.60 aq:32.97 tex:117 mv:862 misc:501 imb:4 pmb:115 smb:8041 d:- ref:0 ;
in:1312 out:1309 type:P dur:2 cpbdur:2 q:33.38 aq:23.16 tex:43123 mv:1826 misc:1587 imb:11 pmb:561 smb:7588 d:t ref:0 ;
in:1310 out:1310 type:B dur:2 cpbdur:2 q:34.21 aq:31.01 tex:510 mv:231 misc:555 imb:6 pmb:40 smb:8114 d:t ref:0 ;
in:1309 out:1311 type:b dur:2 cpbdur:2 q:34.44 aq:33.00 tex:7 mv:112 misc:465 imb:2 pmb:11 smb:8147 d:t ref:0 ;
in:1311 out:1312 type:b dur:2 cpbdur:2 q:34.44 aq:33.32 tex:409 mv:936 misc:591 imb:7 pmb:133 smb:8020 d:- ref:0 ;
in:1313 out:1313 type:P dur:2 cpbdur:2 q:33.04 aq:22.76 tex:80733 mv:1202 misc:2105 imb:6 pmb:867 smb:7287 d:t ref:0 ;
in:1317 out:1314 type:P dur:2 cpbdur:2 q:32.54 aq:23.41 tex:50199 mv:2055 misc:1586 imb:18 pmb:581 smb:7561 d:t ref:0 ;
in:1315 out:1315 type:B dur:2 cpbdur:2 q:33.40 aq:30.89 tex:1770 mv:361 misc:645 imb:10 pmb:64 smb:8086 d:t ref:0 ;
in:1314 out:1316 type:b dur:2 cpbdur:2 q:33.76 aq:33.14 tex:200 mv:135 misc:489 imb:0 pmb:18 smb:8142 d:t ref:0 ;
in:1316 out:1317 type:b dur:2 cpbdur:2 q:33.76 aq:33.11 tex:132 mv:896 misc:556 imb:5 pmb:132 smb:8023 d:- ref:0 ;
in:1319 out:1318 type:P dur:2 cpbdur:2 q:32.49 aq:23.52 tex:60600 mv:2052 misc:1652 imb:45 pmb:635 smb:7480 d:t ref:0 ;
in:1318 out:1319 type:b dur:2 cpbdur:2 q:32.85 aq:33.64 tex:373 mv:251 misc:624 imb:1 pmb:95 smb:8064 d:t ref:0 ;
in:1320 out:1320 type:P dur:2 cpbdur:2 q:32.32 aq:23.63 tex:68850 mv:1426 misc:1916 imb:12 pmb:729 smb:7419 d:t ref:0 ;
in:1324 out:1321 type:P dur:2 cpbdur:2 q:31.94 aq:23.22 tex:106713 mv:2656 misc:2375 imb:41 pmb:954 smb:7165 d:t ref:0 ;
in:1322 out:1322 type:B dur:2 cpbdur:2 q:32.66 aq:31.76 tex:4200 mv:1180 misc:724 imb:20 pmb:126 smb:8014 d:t ref:0 ;
in:1321 out:1323 type:b dur:2 cpbdur:2 q:32.97 aq:34.03 tex:1179 mv:887 misc:598 imb:11 pmb:98 smb:8051 d:t ref:0 ;
in:1323 out:1324 type:b dur:2 cpbdur:2 q:32.97 aq:33.81 tex:2808 mv:1683 misc:757 imb:24 pmb:204 smb:7932 d:- ref:0 ;
in:1327 out:1325 type:P dur:2 cpbdur:2 q:31.86 aq:22.47 tex:122665 mv:3428 misc:2011 imb:97 pmb:965 smb:7098 d:t ref:0 ;
in:1325 out:1326 type:B dur:2 cpbdur:2 q:31.94 aq:32.06 tex:862 mv:448 misc:674 imb:1 pmb:227 smb:7932 d:s ref:0 ;
in:1326 out:1327 type:b dur:2 cpbdur:2 q:31.94 aq:32.98 tex:271 mv:832 misc:505 imb:3 pmb:115 smb:8042 d:- ref:0 ;
in:1331 out:1328 type:P dur:2 cpbdur:2 q:31.80 aq:23.22 tex:67687 mv:2509 misc:1996 imb:23 pmb:716 smb:7421 d:t ref:0 ;
in:1329 out:1329 type:B dur:2 cpbdur:2 q:31.86 aq:31.01 tex:6079 mv:1173 misc:724 imb:14 pmb:123 smb:8023 d:t ref:0 ;
in:1328 out:1330 type:b dur:2 cpbdur:2 q:31.86 aq:33.05 tex:220 mv:274 misc:682 imb:0 pmb:125 smb:8035 d:t ref:0 ;
in:1330 out:1331 type:b dur:2 cpbdur:2 q:31.86 aq:33.01 tex:361 mv:901 misc:650 imb:2 pmb:157 smb:8001 d:- ref:0 ;
in:1335 out:1332 type:P dur:2 cpbdur:2 q:31.71 aq:22.99 tex:59754 mv:2551 misc:1559 imb:45 pmb:509 smb:7606 d:t ref:0 ;
in:1333 out:1333 type:B dur:2 cpbdur:2 q:31.80 aq:31.24 tex:2413 mv:610 misc:721 imb:14 pmb:138 smb:8008 d:t ref:0 ;
in:1332 out:1334 type:b dur:2 cpbdur:2 q:31.80 aq:33.04 tex:258 mv:156 misc:522 imb:0 pmb:26 smb:8134 d:t ref:0 ;
in:1334 out:1335 type:b dur:2 cpbdur:2 q:31.80 aq:33.05 tex:1080 mv:1022 misc:754 imb:3 pmb:190 smb:7967 d:- ref:0 ;
in:1337 out:1336 type:P dur:2 cpbdur:2 q:31.74 aq:22.56 tex:84125 mv:2234 misc:1793 imb:31 pmb:834 smb:7295 d:t ref:0 ;
in:1336 out:1337 type:b dur:2 cpbdur:2 q:31.85 aq:33.09 tex:219 mv:281 misc:660 imb:0 pmb:122 smb:8038 d:t ref:0 ;
in:1341 out:1338 type:P dur:2 cpbdur:2 q:31.58 aq:23.61 tex:76318 mv:3022 misc:1828 imb:26 pmb:766 smb:7368 d:t ref:0 ;
in:1339 out:1339 type:B dur:2 cpbdur:2 q:31.78 aq:31.42 tex:8676 mv:1495 misc:693 imb:16 pmb:142 smb:8002 d:t ref:0 ;
in:1338 out:1340 type:b dur:2 cpbdur:2 q:31.78 aq:33.08 tex:3093 mv:926 misc:661 imb:15 pmb:125 smb:8020 d:t ref:0 ;
in:1340 out:1341 type:b dur:2 cpbdur:2 q:31.78 aq:33.03 tex:351 mv:992 misc:753 imb:2 pmb:179 smb:7979 d:- ref:0 ;
in:1345 out:1342 type:P dur:2 cpbdur:2 q:31.62 aq:23.25 tex:118656 mv:3074 misc:1414 imb:85 pmb:599 smb:7476 d:t ref:0 ;
in:1343 out:1343 type:B dur:2 cpbdur:2 q:31.69 aq:31.01 tex:1426 mv:325 misc:713 imb:9 pmb:200 smb:7951 d:s ref:0 ;
in:1342 out:1344 type:b dur:2 cpbdur:2 q:31.69 aq:33.27 tex:2202 mv:1307 misc:683 imb:7 pmb:205 smb:7948 d:t ref:0 ;
in:1344 out:1345 type:b dur:2 cpbdur:2 q:31.69 aq:33.05 tex:547 mv:828 misc:497 imb:2 pmb:117 smb:8041 d:- ref:0 ;
in:1349 out:1346 type:P dur:2 cpbdur:2 q:31.36 aq:22.92 tex:57512 mv:1616 misc:1632 imb:10 pmb:549 smb:7601 d:t ref:0 ;
in:1347 out:1347 type:B dur:2 cpbdur:2 q:31.62 aq:30.82 tex:2341 mv:500 misc:607 imb:17 pmb:41 smb:8102 d:t ref:0 ;
in:1346 out:1348 type:b dur:2 cpbdur:2 q:31.62 aq:33.07 tex:370 mv:170 misc:524 imb:0 pmb:26 smb:8134 d:t ref:0 ;
in:1348 out:1349 type:b dur:2 cpbdur:2 q:31.62 aq:33.05 tex:611 mv:923 misc:610 imb:3 pmb:141 smb:8016 d:- ref:0 ;
in:1353 out:1350 type:P dur:2 cpbdur:2 q:31.26 aq:22.53 tex:49065 mv:1628 misc:1395 imb:13 pmb:403 smb:7744 d:t ref:0 ;
in:1351 out:1351 type:B dur:2 cpbdur:2 q:31.36 aq:31.10 tex:2412 mv:415 misc:589 imb:9 pmb:48 smb:8103 d:t ref:0 ;
in:1350 out:1352 type:b dur:2 cpbdur:2 q:31.36 aq:33.05 tex:465 mv:196 misc:531 imb:0 pmb:30 smb:8130 d:t ref:0 ;
in:1352 out:1353 type:b dur:2 cpbdur:2 q:31.36 aq:31.96 tex:824 mv:1014 misc:626 imb:11 pmb:134 smb:8015 d:- ref:0 ;
in:1355 out:1354 type:P dur:2 cpbdur:2 q:31.17 aq:23.60 tex:87756 mv:1334 misc:1966 imb:9 pmb:971 smb:7180 d:t ref:0 ;
in:1354 out:1355 type:b dur:2 cpbdur:2 q:31.26 aq:32.09 tex:547 mv:164 misc:513 imb:0 pmb:25 smb:8135 d:t ref:0 ;
in:1358 out:1356 type:P dur:2 cpbdur:2 q:31.14 aq:22.54 tex:50275 mv:1786 misc:1091 imb:11 pmb:412 smb:7737 d:t ref:0 ;
in:1356 out:1357 type:B dur:2 cpbdur:2 q:31.17 aq:30.82 tex:1874 mv:348 misc:538 imb:10 pmb:20 smb:8130 d:t ref:0 ;
in:1357 out:1358 type:b dur:2 cpbdur:2 q:31.17 aq:32.05 tex:435 mv:889 misc:524 imb:3 pmb:123 smb:8034 d:- ref:0 ;
in:1362 out:1359 type:P dur:2 cpbdur:2 q:31.51 aq:22.60 tex:107732 mv:1866 misc:1858 imb:9 pmb:799 smb:7352 d:t ref:0 ;
in:1360 out:1360 type:B dur:2 cpbdur:2 q:31.52 aq:30.50 tex:7648 mv:899 misc:965 imb:18 pmb:206 smb:7936 d:t ref:0 ;
in:1359 out:1361 type:b dur:2 cpbdur:2 q:31.52 aq:32.43 tex:6656 mv:1388 misc:868 imb:34 pmb:222 smb:7904 d:t ref:0 ;
in:1361 out:1362 type:b dur:2 cpbdur:2 q:31.52 aq:32.38 tex:2966 mv:1239 misc:699 imb:8 pmb:200 smb:7952 d:- ref:0 ;
in:1364 out:1363 type:P dur:2 cpbdur:2 q:30.96 aq:22.17 tex:100076 mv:1316 misc:1832 imb:10 pmb:690 smb:7460 d:t ref:0 ;
in:1363 out:1364 type:b dur:2 cpbdur:2 q:31.51 aq:32.10 tex:2034 mv:315 misc:659 imb:2 pmb:80 smb:8078 d:t ref:0 ;
in:1368 out:1365 type:P dur:2 cpbdur:2 q:30.99 aq:22.05 tex:117583 mv:2412 misc:2293 imb:10 pmb:1109 smb:7041 d:t ref:0 ;
in:1366 out:1366 type:B dur:2 cpbdur:2 q:30.99 aq:30.99 tex:1747 mv:420 misc:649 imb:6 pmb:64 smb:8090 d:t ref:0 ;
in:1365 out:1367 type:b dur:2 cpbdur:2 q:30.99 aq:32.10 tex:1994 mv:698 misc:780 imb:1 pmb:156 smb:8003 d:t ref:0 ;
in:1367 out:1368 type:b dur:2 cpbdur:2 q:30.99 aq:32.04 tex:1032 mv:882 misc:526 imb:3 pmb:124 smb:8033 d:- ref:0 ;
in:1372 out:1369 type:P dur:2 cpbdur:2 q:31.32 aq:22.13 tex:159607 mv:1849 misc:4208 imb:11 pmb:1867 smb:6282 d:t ref:0 ;
in:1370 out:1370 type:B dur:2 cpbdur:2 q:31.33 aq:30.08 tex:3860 mv:494 misc:614 imb:13 pmb:48 smb:8099 d:t ref:0 ;
in:1369 out:1371 type:b dur:2 cpbdur:2 q:31.33 aq:32.08 tex:601 mv:212 misc:531 imb:0 pmb:30 smb:8130 d:t ref:0 ;
in:1371 out:1372 type:b dur:2 cpbdur:2 q:31.33 aq:32.08 tex:704 mv:930 misc:590 imb:3 pmb:139 smb:8018 d:- ref:0 ;
in:1375 out:1373 type:P dur:2 cpbdur:2 q:30.80 aq:22.33 tex:47419 mv:1629 misc:1312 imb:14 pmb:362 smb:7784 d:t ref:0 ;
in:1373 out:1374 type:B dur:2 cpbdur:2 q:31.32 aq:31.00 tex:921 mv:273 misc:534 imb:5 pmb:26 smb:8129 d:t ref:0 ;
in:1374 out:1375 type:b dur:2 cpbdur:2 q:31.32 aq:32.06 tex:718 mv:896 misc:522 imb:3 pmb:126 smb:8031 d:- ref:0 ;
in:1377 out:1376 type:P dur:2 cpbdur:2 q:31.17 aq:22.01 tex:124974 mv:1518 misc:4452 imb:8 pmb:1558 smb:6594 d:t ref:0 ;
in:1376 out:1377 type:b dur:2 cpbdur:2 q:31.17 aq:32.07 tex:504 mv:117 misc:547 imb:0 pmb:44 smb:8116 d:t ref:0 ;
in:1381 out:1378 type:P dur:2 cpbdur:2 q:30.70 aq:22.66 tex:41801 mv:1391 misc:1056 imb:11 pmb:360 smb:7789 d:t ref:0 ;
in:1379 out:1379 type:B dur:2 cpbdur:2 q:31.17 aq:29.85 tex:2418 mv:407 misc:543 imb:16 pmb:14 smb:8130 d:t ref:0 ;
in:1378 out:1380 type:b dur:2 cpbdur:2 q:31.17 aq:32.09 tex:483 mv:196 misc:529 imb:0 pmb:28 smb:8132 d:t ref:0 ;
in:1380 out:1381 type:b dur:2 cpbdur:2 q:31.17 aq:32.04 tex:490 mv:907 misc:523 imb:1 pmb:129 smb:8030 d:- ref:0 ;
in:1383 out:1382 type:P dur:2 cpbdur:2 q:30.59 aq:22.97 tex:40736 mv:1362 misc:974 imb:8 pmb:290 smb:7862 d:t ref:0 ;
in:1382 out:1383 type:b dur:2 cpbdur:2 q:30.70 aq:32.07 tex:505 mv:173 misc:546 imb:0 pmb:31 smb:8129 d:t ref:0 ;
in:1386 out:1384 type:P dur:2 cpbdur:2 q:30.55 aq:22.86 tex:48732 mv:1351 misc:893 imb:6 pmb:284 smb:7870 d:t ref:0 ;
in:1384 out:1385 type:B dur:2 cpbdur:2 q:30.59 aq:30.92 tex:5794 mv:547 misc:595 imb:10 pmb:51 smb:8099 d:t ref:0 ;
in:1385 out:1386 type:b dur:2 cpbdur:2 q:30.59 aq:32.03 tex:660 mv:915 misc:601 imb:1 pmb:144 smb:8015 d:- ref:0 ;
in:1390 out:1387 type:P dur:2 cpbdur:2 q:30.50 aq:22.21 tex:38985 mv:1502 misc:1081 imb:9 pmb:303 smb:7848 d:t ref:0 ;
in:1388 out:1388 type:B dur:2 cpbdur:2 q:30.55 aq:29.80 tex:5431 mv:515 misc:582 imb:19 pmb:28 smb:8113 d:t ref:0 ;
in:1387 out:1389 type:b dur:2 cpbdur:2 q:30.55 aq:32.06 tex:747 mv:309 misc:592 imb:2 pmb:44 smb:8114 d:t ref:0 ;
in:1389 out:1390 type:b dur:2 cpbdur:2 q:30.55 aq:32.05 tex:1309 mv:913 misc:562 imb:2 pmb:142 smb:8016 d:- ref:0 ;
in:1392 out:1391 type:P dur:2 cpbdur:2 q:30.40 aq:23.62 tex:43069 mv:1356 misc:767 imb:12 pmb:252 smb:7896 d:t ref:0 ;
in:1391 out:1392 type:b dur:2 cpbdur:2 q:30.50 aq:32.04 tex:1375 mv:246 misc:635 imb:1 pmb:72 smb:8087 d:t ref:0 ;
in:1394 out:1393 type:P dur:2 cpbdur:2 q:30.39 aq:23.36 tex:29510 mv:1176 misc:698 imb:3 pmb:239 smb:7918 d:t ref:0 ;
in:1393 out:1394 type:b dur:2 cpbdur:2 q:30.40 aq:32.06 tex:962 mv:130 misc:548 imb:1 pmb:36 smb:8123 d:t ref:0 ;
in:1395 out:1395 type:I dur:2 cpbdur:2 q:31.70 aq:23.67 tex:2717712 mv:67805 misc:267 imb:8160 pmb:0 smb:0 d:t ref:;
in:1397 out:1396 type:P dur:2 cpbdur:2 q:31.74 aq:23.72 tex:37397 mv:1383 misc:3548 imb:14 pmb:859 smb:7287 d:t ref:0 ;
in:1396 out:1397 type:b dur:2 cpbdur:2 q:31.87 aq:33.06 tex:434 mv:172 misc:506 imb:0 pmb:25 smb:8135 d:t ref:0 ;
in:1400 out:1398 type:P dur:2 cpbdur:2 q:31.72 aq:24.08 tex:29267 mv:1553 misc:1052 imb:9 pmb:310 smb:7841 d:t ref:0 ;
in:1398 out:1399 type:B dur:2 cpbdur:2 q:31.74 aq:32.07 tex:386 mv:204 misc:554 imb:1 pmb:43 smb:8116 d:t ref:0 ;
in:1399 out:1400 type:b dur:2 cpbdur:2 q:31.74 aq:33.04 tex:299 mv:816 misc:477 imb:3 pmb:113 smb:8044 d:- ref:0 ;
in:1402 out:1401 type:P dur:2 cpbdur:2 q:31.66 aq:24.42 tex:38486 mv:1506 misc:760 imb:23 pmb:247 smb:7890 d:t ref:0 ;
in:1401 out:1402 type:b dur:2 cpbdur:2 q:31.71 aq:33.05 tex:431 mv:315 misc:582 imb:0 pmb:54 smb:8106 d:t ref:0 ;
in:1404 out:1403 type:P dur:2 cpbdur:2 q:31.63 aq:24.32 tex:19398 mv:1048 misc:714 imb:5 pmb:233 smb:7922 d:t ref:0 ;
in:1403 out:1404 type:b dur:2 cpbdur:2 q:31.66 aq:33.05 tex:225 mv:77 misc:474 imb:0 pmb:13 smb:8147 d:t ref:0 ;
in:1406 out:1405 type:P dur:2 cpbdur:2 q:31.59 aq:24.11 tex:25040 mv:1240 misc:592 imb:13 pmb:207 smb:7940 d:t ref:0 ;
in:1405 out:1406 type:b dur:2 cpbdur:2 q:31.63 aq:33.04 tex:350 mv:183 misc:507 imb:0 pmb:23 smb:8137 d:t ref:0 ;
in:1408 out:1407 type:P dur:2 cpbdur:2 q:31.55 aq:24.08 tex:15205 mv:1257 misc:618 imb:7 pmb:220 smb:7933 d:t ref:0 ;
in:1407 out:1408 type:b dur:2 cpbdur:2 q:31.59 aq:33.03 tex:1105 mv:220 misc:531 imb:3 pmb:27 smb:8130 d:t ref:0 ;
in:1410 out:1409 type:P dur:2 cpbdur:2 q:31.49 aq:24.07 tex:21074 mv:1164 misc:586 imb:8 pmb:212 smb:7940 d:t ref:0 ;
in:1409 out:1410 type:b dur:2 cpbdur:2 q:31.55 aq:33.08 tex:412 mv:139 misc:481 imb:0 pmb:17 smb:8143 d:t ref:0 ;
in:1411 out:1411 type:P dur:2 cpbdur:2 q:31.42 aq:24.07 tex:26788 mv:993 misc:555 imb:15 pmb:200 smb:7945 d:t ref:0 ;
in:1413 out:1412 type:P dur:2 cpbdur:2 q:31.41 aq:25.01 tex:21630 mv:1108 misc:574 imb:6 pmb:218 smb:7936 d:t ref:0 ;
in:1412 out:1413 type:b dur:2 cpbdur:2 q:31.42 aq:33.02 tex:655 mv:123 misc:502 imb:0 pmb:20 smb:8140 d:t ref:0 ;
in:1415 out:1414 type:P dur:2 cpbdur:2 q:31.35 aq:25.27 tex:27988 mv:1372 misc:608 imb:12 pmb:226 smb:7922 d:t ref:0 ;
in:1414 out:1415 type:b dur:2 cpbdur:2 q:31.40 aq:33.06 tex:414 mv:178 misc:512 imb:0 pmb:26 smb:8134 d:t ref:0 ;
in:1418 out:1416 type:P dur:2 cpbdur:2 q:31.28 aq:25.72 tex:25220 mv:1572 misc:600 imb:4 pmb:247 smb:7909 d:t ref:0 ;
in:1416 out:1417 type:B dur:2 cpbdur:2 q:31.35 aq:30.98 tex:1259 mv:238 misc:551 imb:7 pmb:23 smb:8130 d:t ref:0 ;
in:1417 out:1418 type:b dur:2 cpbdur:2 q:31.35 aq:32.95 tex:507 mv:859 misc:522 imb:2 pmb:124 smb:8034 d:- ref:0 ;
in:1422 out:1419 type:P dur:2 cpbdur:2 q:31.33 aq:27.65 tex:77935 mv:3373 misc:692 imb:396 pmb:233 smb:7531 d:t ref:0 ;
in:1420 out:1420 type:B dur:2 cpbdur:2 q:31.33 aq:30.94 tex:10388 mv:946 misc:650 imb:26 pmb:425 smb:7709 d:t ref:0 ;
in:1419 out:1421 type:b dur:2 cpbdur:2 q:31.33 aq:32.15 tex:1026 mv:445 misc:793 imb:6 pmb:144 smb:8010 d:t ref:0 ;
in:1421 out:1422 type:b dur:2 cpbdur:2 q:31.33 aq:32.99 tex:17384 mv:2418 misc:662 imb:145 pmb:381 smb:7634 d:- ref:0 ;
in:1425 out:1423 type:P dur:2 cpbdur:2 q:31.19 aq:27.92 tex:82946 mv:3521 misc:685 imb:292 pmb:363 smb:7505 d:t ref:0 ;
in:1423 out:1424 type:B dur:2 cpbdur:2 q:31.33 aq:31.21 tex:7157 mv:1921 misc:698 imb:132 pmb:294 smb:7734 d:t ref:0 ;
in:1424 out:1425 type:b dur:2 cpbdur:2 q:31.33 aq:32.05 tex:1052 mv:1057 misc:531 imb:5 pmb:134 smb:8021 d:- ref:0 ;
in:1427 out:1426 type:P dur:2 cpbdur:2 q:31.11 aq:29.11 tex:14544 mv:1172 misc:700 imb:5 pmb:225 smb:7930 d:t ref:0 ;
in:1426 out:1427 type:b dur:2 cpbdur:2 q:31.19 aq:32.05 tex:268 mv:56 misc:484 imb:0 pmb:15 smb:8145 d:t ref:0 ;
in:1429 out:1428 type:P dur:2 cpbdur:2 q:31.03 aq:31.70 tex:13206 mv:1177 misc:609 imb:18 pmb:169 smb:7973 d:t ref:0 ;
in:1428 out:1429 type:b dur:2 cpbdur:2 q:31.11 aq:32.10 tex:447 mv:282 misc:559 imb:1 pmb:37 smb:8122 d:t ref:0 ;
in:1430 out:1430 type:P dur:2 cpbdur:2 q:32.27 aq:32.87 tex:342068 mv:39700 misc:704 imb:7542 pmb:497 smb:121 d:t ref:0 ;
in:1431 out:1431 type:P dur:2 cpbdur:2 q:32.51 aq:32.95 tex:325519 mv:44554 misc:1975 imb:6396 pmb:1115 smb:649 d:t ref:0 ;
in:1432 out:1432 type:P dur:2 cpbdur:2 q:32.96 aq:33.42 tex:346711 mv:45200 misc:2305 imb:5965 pmb:1273 smb:922 d:t ref:0 ;
in:1433 out:1433 type:P dur:2 cpbdur:2 q:33.66 aq:33.97 tex:328901 mv:47260 misc:2359 imb:5869 pmb:1449 smb:842 d:t ref:0 ;
in:1434 out:1434 type:P dur:2 cpbdur:2 q:33.90 aq:34.33 tex:295046 mv:45604 misc:2686 imb:5500 pmb:1736 smb:924 d:t ref:0 ;
in:1435 out:1435 type:P dur:2 cpbdur:2 q:33.97 aq:33.80 tex:309825 mv:46985 misc:2798 imb:5206 pmb:2003 smb:951 d:t ref:0 ;
in:1436 out:1436 type:P dur:2 cpbdur:2 q:34.10 aq:33.55 tex:304379 mv:44714 misc:3363 imb:4576 pmb:2382 smb:1202 d:t ref:0 ;
in:1438 out:1437 type:P dur:2 cpbdur:2 q:35.56 aq:33.56 tex:407206 mv:49380 misc:2214 imb:5562 pmb:1851 smb:747 d:t ref:0 ;
in:1437 out:1438 type:b dur:2 cpbdur:2 q:35.56 aq:36.85 tex:49857 mv:57673 misc:2910 imb:2668 pmb:4070 smb:1422 d:s ref:0 ;
in:1442 out:1439 type:P dur:2 cpbdur:2 q:36.14 aq:32.60 tex:471000 mv:49532 misc:2308 imb:4935 pmb:2343 smb:882 d:t ref:0 ;
in:1440 out:1440 type:B dur:2 cpbdur:2 q:36.18 aq:36.45 tex:61306 mv:58575 misc:2823 imb:2535 pmb:4218 smb:1407 d:s ref:0 ;
in:1439 out:1441 type:b dur:2 cpbdur:2 q:36.18 aq:37.47 tex:43707 mv:50790 misc:3735 imb:2437 pmb:3781 smb:1942 d:s ref:0 ;
in:1441 out:1442 type:b dur:2 cpbdur:2 q:36.18 aq:37.97 tex:40174 mv:33234 misc:5288 imb:1903 pmb:1960 smb:4297 d:- ref:0 ;
in:1446 out:1443 type:P dur:2 cpbdur:2 q:36.45 aq:31.42 tex:392682 mv:45266 misc:3116 imb:3643 pmb:3408 smb:1109 d:t ref:0 ;
in:1444 out:1444 type:B dur:2 cpbdur:2 q:36.70 aq:37.43 tex:17199 mv:21034 misc:5703 imb:392 pmb:3374 smb:4394 d:s ref:0 ;
in:1443 out:1445 type:b dur:2 cpbdur:2 q:36.70 aq:38.96 tex:15683 mv:32211 misc:5938 imb:809 pmb:3070 smb:4281 d:s ref:0 ;
in:1445 out:1446 type:b dur:2 cpbdur:2 q:36.70 aq:38.74 tex:1560 mv:1412 misc:1388 imb:8 pmb:345 smb:7807 d:- ref:0 ;
in:1448 out:1447 type:P dur:2 cpbdur:2 q:35.61 aq:29.80 tex:151811 mv:11145 misc:6364 imb:495 pmb:3056 smb:4609 d:t ref:0 ;
in:1447 out:1448 type:b dur:2 cpbdur:2 q:36.47 aq:36.60 tex:525 mv:378 misc:729 imb:4 pmb:82 smb:8074 d:t ref:0 ;
in:1453 out:1449 type:P dur:2 cpbdur:2 q:35.38 aq:30.48 tex:259310 mv:30488 misc:4786 imb:2373 pmb:3827 smb:1960 d:t ref:0 ;
in:1450 out:1450 type:B dur:2 cpbdur:2 q:35.75 aq:35.37 tex:21965 mv:9247 misc:4196 imb:327 pmb:1101 smb:6732 d:s ref:0 ;
in:1449 out:1451 type:b dur:2 cpbdur:2 q:35.75 aq:37.22 tex:1402 mv:1524 misc:1898 imb:6 pmb:376 smb:7778 d:s ref:0 ;
in:1451 out:1452 type:b dur:2 cpbdur:2 q:35.75 aq:38.37 tex:3406 mv:2597 misc:1653 imb:21 pmb:405 smb:7734 d:- ref:0 ;
in:1452 out:1453 type:b dur:2 cpbdur:2 q:35.75 aq:38.22 tex:3806 mv:3298 misc:1952 imb:42 pmb:504 smb:7614 d:- ref:0 ;
in:1459 out:1454 type:P dur:2 cpbdur:2 q:35.56 aq:30.86 tex:227475 mv:30988 misc:4913 imb:2323 pmb:3611 smb:2226 d:s ref:0 ;
in:1456 out:1455 type:B dur:2 cpbdur:2 q:35.66 aq:34.69 tex:27510 mv:12217 misc:4705 imb:520 pmb:1304 smb:6336 d:t ref:0 ;
in:1454 out:1456 type:b dur:2 cpbdur:2 q:35.73 aq:38.34 tex:2508 mv:3421 misc:2751 imb:25 pmb:662 smb:7473 d:s ref:0 ;
in:1455 out:1457 type:b dur:2 cpbdur:2 q:35.73 aq:38.01 tex:2053 mv:2787 misc:2568 imb:23 pmb:594 smb:7543 d:s ref:0 ;
in:1457 out:1458 type:b dur:2 cpbdur:2 q:35.73 aq:38.13 tex:2530 mv:2169 misc:1429 imb:19 pmb:334 smb:7807 d:- ref:0 ;
in:1458 out:1459 type:b dur:2 cpbdur:2 q:35.73 aq:37.21 tex:3647 mv:3118 misc:2027 imb:66 pmb:463 smb:7631 d:- ref:0 ;
in:1463 out:1460 type:P dur:2 cpbdur:2 q:35.16 aq:30.31 tex:218882 mv:30119 misc:4767 imb:2595 pmb:3660 smb:1905 d:t ref:0 ;
in:1461 out:1461 type:B dur:2 cpbdur:2 q:35.67 aq:36.04 tex:10735 mv:4616 misc:3041 imb:42 pmb:843 smb:7275 d:t ref:0 ;
in:1460 out:1462 type:b dur:2 cpbdur:2 q:35.75 aq:38.12 tex:3377 mv:2751 misc:1848 imb:70 pmb:454 smb:7636 d:s ref:0 ;
in:1462 out:1463 type:b dur:2 cpbdur:2 q:35.75 aq:38.34 tex:1751 mv:1959 misc:1482 imb:21 pmb:361 smb:7778 d:- ref:0 ;
in:1468 out:1464 type:P dur:2 cpbdur:2 q:35.14 aq:30.52 tex:264632 mv:32031 misc:4681 imb:2454 pmb:3794 smb:1912 d:s ref:0 ;
in:1465 out:1465 type:B dur:2 cpbdur:2 q:35.34 aq:35.11 tex:20466 mv:10289 misc:4421 imb:395 pmb:1191 smb:6574 d:t ref:0 ;
in:1464 out:1466 type:b dur:2 cpbdur:2 q:35.40 aq:36.71 tex:1439 mv:2186 misc:1767 imb:6 pmb:444 smb:7710 d:s ref:0 ;
in:1466 out:1467 type:b dur:2 cpbdur:2 q:35.40 aq:37.33 tex:2622 mv:2285 misc:1693 imb:28 pmb:376 smb:7756 d:- ref:0 ;
in:1467 out:1468 type:b dur:2 cpbdur:2 q:35.40 aq:37.31 tex:3412 mv:3143 misc:2133 imb:44 pmb:521 smb:7595 d:- ref:0 ;
in:1473 out:1469 type:P dur:2 cpbdur:2 q:35.15 aq:30.59 tex:269440 mv:32744 misc:4800 imb:2561 pmb:3614 smb:1985 d:s ref:0 ;
in:1470 out:1470 type:B dur:2 cpbdur:2 q:35.33 aq:35.01 tex:18144 mv:9596 misc:3956 imb:284 pmb:1188 smb:6688 d:s ref:0 ;
in:1469 out:1471 type:b dur:2 cpbdur:2 q:35.43 aq:37.11 tex:1860 mv:2862 misc:1950 imb:31 pmb:512 smb:7617 d:s ref:0 ;
in:1471 out:1472 type:b dur:2 cpbdur:2 q:35.43 aq:37.36 tex:3534 mv:2816 misc:1850 imb:42 pmb:437 smb:7681 d:- ref:0 ;
in:1472 out:1473 type:b dur:2 cpbdur:2 q:35.43 aq:37.38 tex:2187 mv:2315 misc:1690 imb:11 pmb:426 smb:7723 d:- ref:0 ;
in:1478 out:1474 type:P dur:2 cpbdur:2 q:34.64 aq:29.89 tex:304079 mv:33391 misc:4402 imb:2432 pmb:3902 smb:1826 d:s ref:0 ;
in:1475 out:1475 type:B dur:2 cpbdur:2 q:35.28 aq:34.66 tex:17864 mv:9600 misc:4296 imb:256 pmb:1174 smb:6730 d:s ref:0 ;
in:1474 out:1476 type:b dur:2 cpbdur:2 q:35.39 aq:37.36 tex:1669 mv:1949 misc:1550 imb:10 pmb:353 smb:7797 d:s ref:0 ;
in:1476 out:1477 type:b dur:2 cpbdur:2 q:35.39 aq:37.43 tex:3734 mv:3155 misc:2111 imb:17 pmb:532 smb:7611 d:- ref:0 ;
in:1477 out:1478 type:b dur:2 cpbdur:2 q:35.39 aq:37.14 tex:1983 mv:2485 misc:1892 imb:21 pmb:490 smb:7649 d:- ref:0 ;
in:1482 out:1479 type:P dur:2 cpbdur:2 q:34.85 aq:30.52 tex:279977 mv:32260 misc:4531 imb:2583 pmb:3568 smb:2009 d:s ref:0 ;
in:1480 out:1480 type:B dur:2 cpbdur:2 q:34.86 aq:34.87 tex:11106 mv:6978 misc:3628 imb:112 pmb:1077 smb:6971 d:s ref:0 ;
in:1479 out:1481 type:b dur:2 cpbdur:2 q:34.86 aq:37.25 tex:2672 mv:3510 misc:2170 imb:15 pmb:612 smb:7533 d:s ref:0 ;
in:1481 out:1482 type:b dur:2 cpbdur:2 q:34.86 aq:37.17 tex:2412 mv:1858 misc:1626 imb:11 pmb:401 smb:7748 d:- ref:0 ;
in:1486 out:1483 type:P dur:2 cpbdur:2 q:35.13 aq:30.50 tex:217579 mv:29529 misc:4932 imb:2533 pmb:3336 smb:2291 d:s ref:0 ;
in:1484 out:1484 type:B dur:2 cpbdur:2 q:35.29 aq:35.32 tex:10775 mv:6344 misc:3385 imb:210 pmb:924 smb:7026 d:s ref:0 ;
in:1483 out:1485 type:b dur:2 cpbdur:2 q:35.29 aq:37.22 tex:3307 mv:2413 misc:1896 imb:41 pmb:461 smb:7658 d:s ref:0 ;
in:1485 out:1486 type:b dur:2 cpbdur:2 q:35.29 aq:37.50 tex:2354 mv:2261 misc:1857 imb:9 pmb:471 smb:7680 d:- ref:0 ;
in:1492 out:1487 type:P dur:2 cpbdur:2 q:35.15 aq:30.52 tex:275401 mv:35787 misc:4556 imb:2600 pmb:3603 smb:1957 d:s ref:0 ;
in:1489 out:1488 type:B dur:2 cpbdur:2 q:35.30 aq:34.44 tex:33670 mv:15778 misc:5416 imb:574 pmb:1734 smb:5852 d:s ref:0 ;
in:1487 out:1489 type:b dur:2 cpbdur:2 q:35.35 aq:37.61 tex:6403 mv:4951 misc:2606 imb:141 pmb:704 smb:7315 d:s ref:0 ;
in:1488 out:1490 type:b dur:2 cpbdur:2 q:35.35 aq:37.69 tex:2562 mv:2917 misc:1993 imb:10 pmb:542 smb:7608 d:s ref:0 ;
in:1490 out:1491 type:b dur:2 cpbdur:2 q:35.35 aq:37.71 tex:2709 mv:3488 misc:2339 imb:31 pmb:633 smb:7496 d:- ref:0 ;
in:1491 out:1492 type:b dur:2 cpbdur:2 q:35.35 aq:37.53 tex:1934 mv:2725 misc:1949 imb:17 pmb:520 smb:7623 d:- ref:0 ;
in:1497 out:1493 type:P dur:2 cpbdur:2 q:34.95 aq:30.48 tex:281866 mv:31682 misc:4428 imb:2520 pmb:3760 smb:1880 d:s ref:0 ;
in:1494 out:1494 type:B dur:2 cpbdur:2 q:35.25 aq:34.75 tex:15148 mv:8970 misc:3738 imb:190 pmb:1096 smb:6874 d:t ref:0 ;
in:1493 out:1495 type:b dur:2 cpbdur:2 q:35.32 aq:36.88 tex:2464 mv:2643 misc:1949 imb:36 pmb:484 smb:7640 d:s ref:0 ;
in:1495 out:1496 type:b dur:2 cpbdur:2 q:35.32 aq:37.82 tex:3437 mv:3482 misc:2097 imb:24 pmb:562 smb:7574 d:- ref:0 ;
in:1496 out:1497 type:b dur:2 cpbdur:2 q:35.32 aq:36.90 tex:3602 mv:2953 misc:2221 imb:57 pmb:524 smb:7579 d:- ref:0 ;
in:1501 out:1498 type:P dur:2 cpbdur:2 q:34.89 aq:30.46 tex:220259 mv:30282 misc:4731 imb:2489 pmb:3670 smb:2001 d:s ref:0 ;
in:1499 out:1499 type:B dur:2 cpbdur:2 q:35.08 aq:35.48 tex:16901 mv:9923 misc:4016 imb:254 pmb:1213 smb:6693 d:s ref:0 ;
in:1498 out:1500 type:b dur:2 cpbdur:2 q:35.17 aq:37.13 tex:3371 mv:3318 misc:2375 imb:49 pmb:613 smb:7498 d:s ref:0 ;
in:1500 out:1501 type:b dur:2 cpbdur:2 q:35.17 aq:36.77 tex:2734 mv:3538 misc:2264 imb:40 pmb:592 smb:7528 d:- ref:0 ;
in:1505 out:1502 type:P dur:2 cpbdur:2 q:34.73 aq:30.40 tex:211786 mv:28740 misc:4826 imb:2415 pmb:3497 smb:2248 d:s ref:0 ;
in:1503 out:1503 type:B dur:2 cpbdur:2 q:35.02 aq:35.59 tex:9453 mv:6622 misc:3605 imb:140 pmb:932 smb:7088 d:t ref:0 ;
in:1502 out:1504 type:b dur:2 cpbdur:2 q:35.11 aq:37.11 tex:2416 mv:2578 misc:1910 imb:22 pmb:460 smb:7678 d:s ref:0 ;
in:1504 out:1505 type:b dur:2 cpbdur:2 q:35.11 aq:37.20 tex:2025 mv:2205 misc:1802 imb:11 pmb:434 smb:7715 d:- ref:0 ;
in:1510 out:1506 type:P dur:2 cpbdur:2 q:34.64 aq:30.26 tex:265634 mv:31620 misc:4770 imb:2248 pmb:3654 smb:2258 d:s ref:0 ;
in:1507 out:1507 type:B dur:2 cpbdur:2 q:34.80 aq:34.32 tex:24030 mv:12707 misc:4639 imb:477 pmb:1292 smb:6391 d:s ref:0 ;
in:1506 out:1508 type:b dur:2 cpbdur:2 q:34.90 aq:36.89 tex:2737 mv:2536 misc:1831 imb:30 pmb:453 smb:7677 d:s ref:0 ;
in:1508 out:1509 type:b dur:2 cpbdur:2 q:34.90 aq:36.79 tex:4128 mv:2905 misc:2263 imb:36 pmb:601 smb:7523 d:- ref:0 ;
in:1509 out:1510 type:b dur:2 cpbdur:2 q:34.90 aq:36.59 tex:3523 mv:4062 misc:2575 imb:57 pmb:669 smb:7434 d:- ref:0 ;
in:1514 out:1511 type:P dur:2 cpbdur:2 q:34.92 aq:30.84 tex:205074 mv:30914 misc:4628 imb:2645 pmb:3228 smb:2287 d:s ref:0 ;
in:1512 out:1512 type:B dur:2 cpbdur:2 q:34.97 aq:35.21 tex:11328 mv:6457 misc:3535 imb:127 pmb:978 smb:7055 d:s ref:0 ;
in:1511 out:1513 type:b dur:2 cpbdur:2 q:34.99 aq:36.81 tex:3845 mv:3956 misc:2303 imb:98 pmb:619 smb:7443 d:s ref:0 ;
in:1513 out:1514 type:b dur:2 cpbdur:2 q:34.99 aq:37.01 tex:1375 mv:1969 misc:1784 imb:8 pmb:444 smb:7708 d:- ref:0 ;
in:1520 out:1515 type:P dur:2 cpbdur:2 q:35.08 aq:31.05 tex:218083 mv:32449 misc:4716 imb:2492 pmb:3328 smb:2340 d:s ref:0 ;
in:1517 out:1516 type:B dur:2 cpbdur:2 q:35.31 aq:34.42 tex:26574 mv:12982 misc:5060 imb:442 pmb:1526 smb:6192 d:s ref:0 ;
in:1515 out:1517 type:b dur:2 cpbdur:2 q:35.33 aq:37.00 tex:4975 mv:3892 misc:2365 imb:38 pmb:654 smb:7468 d:s ref:0 ;
in:1516 out:1518 type:b dur:2 cpbdur:2 q:35.33 aq:37.51 tex:3518 mv:3155 misc:2103 imb:28 pmb:562 smb:7570 d:s ref:0 ;
in:1518 out:1519 type:b dur:2 cpbdur:2 q:35.33 aq:37.26 tex:3504 mv:2830 misc:2026 imb:33 pmb:467 smb:7660 d:- ref:0 ;
in:1519 out:1520 type:b dur:2 cpbdur:2 q:35.33 aq:37.42 tex:3624 mv:2407 misc:2001 imb:39 pmb:441 smb:7680 d:- ref:0 ;
in:1525 out:1521 type:P dur:2 cpbdur:2 q:34.74 aq:30.86 tex:222901 mv:33134 misc:4765 imb:2553 pmb:3425 smb:2182 d:s ref:0 ;
in:1522 out:1522 type:B dur:2 cpbdur:2 q:35.22 aq:35.15 tex:18083 mv:9967 misc:4382 imb:366 pmb:1214 smb:6580 d:s ref:0 ;
in:1521 out:1523 type:b dur:2 cpbdur:2 q:35.30 aq:36.84 tex:1823 mv:1726 misc:1531 imb:12 pmb:359 smb:7789 d:s ref:0 ;
in:1523 out:1524 type:b dur:2 cpbdur:2 q:35.30 aq:37.01 tex:3952 mv:3531 misc:2493 imb:49 pmb:624 smb:7487 d:- ref:0 ;
in:1524 out:1525 type:b dur:2 cpbdur:2 q:35.30 aq:36.71 tex:5191 mv:3914 misc:2735 imb:80 pmb:652 smb:7428 d:- ref:0 ;
in:1530 out:1526 type:P dur:2 cpbdur:2 q:34.24 aq:30.90 tex:212958 mv:31291 misc:4671 imb:2597 pmb:3330 smb:2233 d:s ref:0 ;
in:1527 out:1527 type:B dur:2 cpbdur:2 q:34.96 aq:34.30 tex:16152 mv:7904 misc:4040 imb:184 pmb:1179 smb:6797 d:s ref:0 ;
in:1526 out:1528 type:b dur:2 cpbdur:2 q:35.16 aq:37.70 tex:3975 mv:2407 misc:1850 imb:38 pmb:452 smb:7670 d:s ref:0 ;
in:1528 out:1529 type:b dur:2 cpbdur:2 q:35.16 aq:36.94 tex:3196 mv:3032 misc:2068 imb:34 pmb:483 smb:7643 d:- ref:0 ;
in:1529 out:1530 type:b dur:2 cpbdur:2 q:35.16 aq:37.21 tex:7906 mv:4733 misc:2841 imb:183 pmb:663 smb:7314 d:- ref:0 ;
in:1534 out:1531 type:P dur:2 cpbdur:2 q:34.14 aq:31.75 tex:142799 mv:27458 misc:5151 imb:2552 pmb:2782 smb:2826 d:s ref:0 ;
in:1532 out:1532 type:B dur:2 cpbdur:2 q:34.26 aq:34.16 tex:16854 mv:8368 misc:4402 imb:357 pmb:1111 smb:6692 d:s ref:0 ;
in:1531 out:1533 type:b dur:2 cpbdur:2 q:34.26 aq:36.35 tex:2378 mv:2449 misc:1901 imb:20 pmb:480 smb:7660 d:s ref:0 ;
in:1533 out:1534 type:b dur:2 cpbdur:2 q:34.26 aq:36.84 tex:3550 mv:2357 misc:2069 imb:42 pmb:449 smb:7669 d:- ref:0 ;
in:1538 out:1535 type:P dur:2 cpbdur:2 q:33.44 aq:32.56 tex:135900 mv:26876 misc:5440 imb:2481 pmb:2297 smb:3382 d:s ref:0 ;
in:1536 out:1536 type:B dur:2 cpbdur:2 q:34.21 aq:34.14 tex:26343 mv:10274 misc:4975 imb:194 pmb:1588 smb:6378 d:s ref:0 ;
in:1535 out:1537 type:b dur:2 cpbdur:2 q:34.21 aq:35.85 tex:3576 mv:3365 misc:2459 imb:45 pmb:618 smb:7497 d:s ref:0 ;
in:1537 out:1538 type:b dur:2 cpbdur:2 q:34.21 aq:36.34 tex:4275 mv:4469 misc:2872 imb:41 pmb:831 smb:7288 d:- ref:0 ;
in:1539 out:1539 type:I dur:2 cpbdur:2 q:31.03 aq:25.90 tex:2488058 mv:168537 misc:333 imb:8160 pmb:0 smb:0 d:s ref:;
in:1541 out:1540 type:P dur:2 cpbdur:2 q:34.48 aq:30.12 tex:106378 mv:9382 misc:4472 imb:653 pmb:1651 smb:5856 d:s ref:0 ;
in:1540 out:1541 type:b dur:2 cpbdur:2 q:34.48 aq:37.00 tex:1258 mv:1364 misc:1714 imb:3 pmb:429 smb:7728 d:t ref:0 ;
in:1546 out:1542 type:P dur:2 cpbdur:2 q:34.59 aq:30.15 tex:345353 mv:28982 misc:4505 imb:2239 pmb:3051 smb:2870 d:s ref:0 ;
in:1543 out:1543 type:B dur:2 cpbdur:2 q:34.64 aq:34.12 tex:30029 mv:10196 misc:4183 imb:322 pmb:1371 smb:6467 d:s ref:0 ;
in:1542 out:1544 type:b dur:2 cpbdur:2 q:34.65 aq:36.29 tex:2624 mv:2532 misc:2220 imb:21 pmb:604 smb:7535 d:s ref:0 ;
in:1544 out:1545 type:b dur:2 cpbdur:2 q:34.64 aq:36.52 tex:5896 mv:3037 misc:2635 imb:32 pmb:736 smb:7392 d:- ref:0 ;
in:1545 out:1546 type:b dur:2 cpbdur:2 q:34.64 aq:36.66 tex:5111 mv:3867 misc:2686 imb:82 pmb:763 smb:7315 d:- ref:0 ;
in:1548 out:1547 type:P dur:2 cpbdur:2 q:35.16 aq:30.04 tex:135863 mv:12546 misc:5927 imb:824 pmb:2203 smb:5133 d:s ref:0 ;
in:1547 out:1548 type:b dur:2 cpbdur:2 q:35.41 aq:36.52 tex:1510 mv:1821 misc:1453 imb:5 pmb:377 smb:7778 d:t ref:0 ;
in:1550 out:1549 type:P dur:2 cpbdur:2 q:35.54 aq:30.76 tex:134908 mv:13746 misc:5874 imb:774 pmb:2328 smb:5058 d:s ref:0 ;
in:1549 out:1550 type:b dur:2 cpbdur:2 q:35.66 aq:37.46 tex:866 mv:1654 misc:1648 imb:4 pmb:415 smb:7741 d:s ref:0 ;
in:1552 out:1551 type:P dur:2 cpbdur:2 q:35.92 aq:30.98 tex:88196 mv:10696 misc:5676 imb:678 pmb:1879 smb:5603 d:s ref:0 ;
in:1551 out:1552 type:b dur:2 cpbdur:2 q:36.05 aq:37.04 tex:874 mv:1282 misc:1316 imb:8 pmb:300 smb:7852 d:t ref:0 ;
in:1554 out:1553 type:P dur:2 cpbdur:2 q:35.76 aq:30.97 tex:95228 mv:11085 misc:5943 imb:762 pmb:2205 smb:5193 d:s ref:0 ;
in:1553 out:1554 type:b dur:2 cpbdur:2 q:35.96 aq:37.68 tex:1750 mv:1658 misc:1376 imb:17 pmb:314 smb:7829 d:t ref:0 ;
in:1556 out:1555 type:P dur:2 cpbdur:2 q:35.99 aq:30.95 tex:159461 mv:17636 misc:6031 imb:1115 pmb:2732 smb:4313 d:s ref:0 ;
in:1555 out:1556 type:b dur:2 cpbdur:2 q:36.11 aq:37.25 tex:2926 mv:2718 misc:1908 imb:20 pmb:527 smb:7613 d:s ref:0 ;
in:1558 out:1557 type:P dur:2 cpbdur:2 q:36.22 aq:31.25 tex:142386 mv:14085 misc:6009 imb:777 pmb:2355 smb:5028 d:s ref:0 ;
in:1557 out:1558 type:b dur:2 cpbdur:2 q:36.57 aq:37.54 tex:1588 mv:1711 misc:1461 imb:14 pmb:377 smb:7769 d:s ref:0 ;
in:1561 out:1559 type:P dur:2 cpbdur:2 q:36.62 aq:31.68 tex:158349 mv:18739 misc:5880 imb:1303 pmb:2761 smb:4096 d:s ref:0 ;
in:1559 out:1560 type:B dur:2 cpbdur:2 q:36.71 aq:37.09 tex:2615 mv:2571 misc:1886 imb:32 pmb:493 smb:7635 d:t ref:0 ;
in:1560 out:1561 type:b dur:2 cpbdur:2 q:37.05 aq:37.88 tex:2344 mv:2071 misc:1465 imb:13 pmb:374 smb:7773 d:- ref:0 ;
in:1563 out:1562 type:P dur:2 cpbdur:2 q:36.59 aq:31.23 tex:94946 mv:10959 misc:5943 imb:582 pmb:2090 smb:5488 d:s ref:0 ;
in:1562 out:1563 type:b dur:2 cpbdur:2 q:36.63 aq:38.19 tex:2363 mv:1729 misc:1268 imb:21 pmb:285 smb:7854 d:t ref:0 ;
in:1566 out:1564 type:P dur:2 cpbdur:2 q:36.59 aq:31.48 tex:152840 mv:18638 misc:6090 imb:1290 pmb:2667 smb:4203 d:s ref:0 ;
in:1564 out:1565 type:B dur:2 cpbdur:2 q:36.64 aq:35.87 tex:1656 mv:1753 misc:1391 imb:16 pmb:342 smb:7802 d:s ref:0 ;
in:1565 out:1566 type:b dur:2 cpbdur:2 q:36.64 aq:38.53 tex:2314 mv:1723 misc:1195 imb:16 pmb:269 smb:7875 d:- ref:0 ;
in:1570 out:1567 type:P dur:2 cpbdur:2 q:36.55 aq:31.50 tex:196797 mv:23309 misc:5654 imb:1711 pmb:3032 smb:3417 d:s ref:0 ;
in:1568 out:1568 type:B dur:2 cpbdur:2 q:36.61 aq:36.94 tex:6261 mv:3783 misc:2628 imb:74 pmb:727 smb:7359 d:s ref:0 ;
in:1567 out:1569 type:b dur:2 cpbdur:2 q:36.61 aq:38.26 tex:1597 mv:2599 misc:1940 imb:39 pmb:489 smb:7632 d:s ref:0 ;
in:1569 out:1570 type:b dur:2 cpbdur:2 q:36.61 aq:36.45 tex:2427 mv:1694 misc:1287 imb:13 pmb:293 smb:7854 d:- ref:0 ;
in:1572 out:1571 type:P dur:2 cpbdur:2 q:36.32 aq:31.15 tex:109488 mv:11842 misc:6110 imb:621 pmb:2447 smb:5092 d:s ref:0 ;
in:1571 out:1572 type:b dur:2 cpbdur:2 q:36.55 aq:36.63 tex:715 mv:1738 misc:1299 imb:19 pmb:302 smb:7839 d:t ref:0 ;
in:1574 out:1573 type:P dur:2 cpbdur:2 q:36.56 aq:31.67 tex:132217 mv:12325 misc:5938 imb:627 pmb:2238 smb:5295 d:s ref:0 ;
in:1573 out:1574 type:b dur:2 cpbdur:2 q:36.56 aq:38.53 tex:1034 mv:1687 misc:1615 imb:16 pmb:403 smb:7741 d:t ref:0 ;
in:1576 out:1575 type:P dur:2 cpbdur:2 q:36.83 aq:31.69 tex:154151 mv:19819 misc:6118 imb:1188 pmb:2595 smb:4377 d:s ref:0 ;
in:1575 out:1576 type:b dur:2 cpbdur:2 q:36.84 aq:39.31 tex:1827 mv:2739 misc:2090 imb:27 pmb:569 smb:7564 d:s ref:0 ;
in:1578 out:1577 type:P dur:2 cpbdur:2 q:36.23 aq:30.62 tex:136532 mv:13834 misc:6482 imb:823 pmb:2631 smb:4706 d:s ref:0 ;
in:1577 out:1578 type:b dur:2 cpbdur:2 q:36.84 aq:37.61 tex:317 mv:1120 misc:1091 imb:0 pmb:271 smb:7889 d:t ref:0 ;
in:1580 out:1579 type:P dur:2 cpbdur:2 q:36.29 aq:30.83 tex:128998 mv:15083 misc:6463 imb:993 pmb:2526 smb:4641 d:s ref:0 ;
in:1579 out:1580 type:b dur:2 cpbdur:2 q:36.40 aq:37.61 tex:741 mv:1502 misc:1293 imb:13 pmb:304 smb:7843 d:t ref:0 ;
in:1582 out:1581 type:P dur:2 cpbdur:2 q:36.14 aq:30.66 tex:111755 mv:12044 misc:6433 imb:566 pmb:2569 smb:5025 d:s ref:0 ;
in:1581 out:1582 type:b dur:2 cpbdur:2 q:36.38 aq:39.20 tex:649 mv:1219 misc:924 imb:3 pmb:213 smb:7944 d:t ref:0 ;
in:1584 out:1583 type:P dur:2 cpbdur:2 q:36.01 aq:30.67 tex:120980 mv:12451 misc:6329 imb:725 pmb:2396 smb:5039 d:s ref:0 ;
in:1583 out:1584 type:b dur:2 cpbdur:2 q:36.25 aq:38.76 tex:784 mv:1355 misc:1117 imb:3 pmb:257 smb:7900 d:t ref:0 ;
in:1586 out:1585 type:P dur:2 cpbdur:2 q:35.76 aq:30.58 tex:168544 mv:16702 misc:6186 imb:1094 pmb:2900 smb:4166 d:s ref:0 ;
in:1585 out:1586 type:b dur:2 cpbdur:2 q:36.30 aq:37.30 tex:886 mv:1763 misc:1431 imb:9 pmb:339 smb:7812 d:t ref:0 ;
in:1588 out:1587 type:P dur:2 cpbdur:2 q:35.76 aq:30.41 tex:147326 mv:13579 misc:6071 imb:787 pmb:2604 smb:4769 d:s ref:0 ;
in:1587 out:1588 type:b dur:2 cpbdur:2 q:35.83 aq:36.70 tex:4144 mv:1901 misc:1467 imb:8 pmb:385 smb:7767 d:t ref:0 ;
in:1590 out:1589 type:P dur:2 cpbdur:2 q:36.19 aq:31.08 tex:142996 mv:14475 misc:5993 imb:1018 pmb:2338 smb:4804 d:s ref:0 ;
in:1589 out:1590 type:b dur:2 cpbdur:2 q:36.19 aq:37.85 tex:1024 mv:1573 misc:1683 imb:8 pmb:440 smb:7712 d:t ref:0 ;
in:1593 out:1591 type:P dur:2 cpbdur:2 q:36.26 aq:31.51 tex:153298 mv:18031 misc:6103 imb:1239 pmb:2653 smb:4268 d:s ref:0 ;
in:1591 out:1592 type:B dur:2 cpbdur:2 q:36.26 aq:37.27 tex:2201 mv:2417 misc:1862 imb:65 pmb:427 smb:7668 d:s ref:0 ;
in:1592 out:1593 type:b dur:2 cpbdur:2 q:36.26 aq:38.22 tex:563 mv:1543 misc:1470 imb:16 pmb:334 smb:7810 d:- ref:0 ;
in:1596 out:1594 type:P dur:2 cpbdur:2 q:36.38 aq:31.43 tex:184431 mv:24544 misc:5849 imb:1459 pmb:3273 smb:3428 d:s ref:0 ;
in:1594 out:1595 type:B dur:2 cpbdur:2 q:36.55 aq:36.83 tex:4461 mv:3953 misc:2498 imb:112 pmb:603 smb:7445 d:s ref:0 ;
in:1595 out:1596 type:b dur:2 cpbdur:2 q:36.55 aq:39.03 tex:1130 mv:2224 misc:1758 imb:14 pmb:441 smb:7705 d:- ref:0 ;
in:1598 out:1597 type:P dur:2 cpbdur:2 q:36.18 aq:30.77 tex:143797 mv:15568 misc:6275 imb:987 pmb:2675 smb:4498 d:s ref:0 ;
in:1597 out:1598 type:b dur:2 cpbdur:2 q:36.47 aq:38.99 tex:902 mv:1366 misc:1396 imb:8 pmb:317 smb:7835 d:s ref:0 ;
in:1600 out:1599 type:P dur:2 cpbdur:2 q:36.38 aq:31.21 tex:135702 mv:14799 misc:6195 imb:874 pmb:2517 smb:4769 d:s ref:0 ;
in:1599 out:1600 type:b dur:2 cpbdur:2 q:36.38 aq:38.51 tex:745 mv:1625 misc:1446 imb:13 pmb:355 smb:7792 d:s ref:0 ;
in:1602 out:1601 type:P dur:2 cpbdur:2 q:35.89 aq:30.29 tex:139602 mv:12826 misc:6428 imb:714 pmb:2762 smb:4684 d:s ref:0 ;
in:1601 out:1602 type:b dur:2 cpbdur:2 q:36.38 aq:38.33 tex:461 mv:1245 misc:1094 imb:4 pmb:243 smb:7913 d:t ref:0 ;
in:1607 out:1603 type:P dur:2 cpbdur:2 q:35.95 aq:31.26 tex:224998 mv:25456 misc:5314 imb:1784 pmb:3408 smb:2968 d:s ref:0 ;
in:1604 out:1604 type:B dur:2 cpbdur:2 q:35.95 aq:35.23 tex:20282 mv:8488 misc:3270 imb:286 pmb:914 smb:6960 d:t ref:0 ;
in:1603 out:1605 type:b dur:2 cpbdur:2 q:35.95 aq:36.60 tex:723 mv:1649 misc:1612 imb:10 pmb:385 smb:7765 d:s ref:0 ;
in:1605 out:1606 type:b dur:2 cpbdur:2 q:35.95 aq:37.35 tex:2231 mv:2594 misc:1839 imb:24 pmb:463 smb:7673 d:- ref:0 ;
in:1606 out:1607 type:b dur:2 cpbdur:2 q:35.95 aq:37.00 tex:2570 mv:3057 misc:1981 imb:26 pmb:519 smb:7615 d:- ref:0 ;
in:1610 out:1608 type:P dur:2 cpbdur:2 q:36.22 aq:31.10 tex:153745 mv:17180 misc:6131 imb:872 pmb:2800 smb:4488 d:s ref:0 ;
in:1608 out:1609 type:B dur:2 cpbdur:2 q:36.35 aq:37.55 tex:2614 mv:2627 misc:1791 imb:53 pmb:440 smb:7667 d:s ref:0 ;
in:1609 out:1610 type:b dur:2 cpbdur:2 q:36.35 aq:37.77 tex:988 mv:1766 misc:1414 imb:11 pmb:346 smb:7803 d:- ref:0 ;
in:1612 out:1611 type:P dur:2 cpbdur:2 q:36.28 aq:31.35 tex:124838 mv:10502 misc:5724 imb:332 pmb:2312 smb:5516 d:t ref:0 ;
in:1611 out:1612 type:b dur:2 cpbdur:2 q:36.37 aq:38.70 tex:763 mv:919 misc:1406 imb:5 pmb:295 smb:7860 d:t ref:0 ;
in:1615 out:1613 type:P dur:2 cpbdur:2 q:36.23 aq:31.52 tex:185486 mv:22915 misc:5359 imb:1913 pmb:2848 smb:3399 d:t ref:0 ;
in:1613 out:1614 type:B dur:2 cpbdur:2 q:36.34 aq:37.66 tex:3064 mv:2471 misc:2185 imb:89 pmb:536 smb:7535 d:t ref:0 ;
in:1614 out:1615 type:b dur:2 cpbdur:2 q:36.40 aq:37.71 tex:605 mv:1653 misc:1374 imb:6 pmb:332 smb:7822 d:- ref:0 ;
in:1618 out:1616 type:P dur:2 cpbdur:2 q:35.61 aq:30.83 tex:167036 mv:16122 misc:5842 imb:720 pmb:3015 smb:4425 d:t ref:0 ;
in:1616 out:1617 type:B dur:2 cpbdur:2 q:36.38 aq:37.68 tex:2095 mv:1320 misc:1457 imb:15 pmb:351 smb:7794 d:t ref:0 ;
in:1617 out:1618 type:b dur:2 cpbdur:2 q:36.46 aq:38.28 tex:1715 mv:1977 misc:1404 imb:19 pmb:339 smb:7802 d:- ref:0 ;
in:1620 out:1619 type:P dur:2 cpbdur:2 q:35.60 aq:29.81 tex:243955 mv:19974 misc:6071 imb:1250 pmb:3741 smb:3169 d:s ref:0 ;
in:1619 out:1620 type:b dur:2 cpbdur:2 q:35.61 aq:37.47 tex:2313 mv:1897 misc:1822 imb:15 pmb:449 smb:7696 d:t ref:0 ;
in:1622 out:1621 type:P dur:2 cpbdur:2 q:35.63 aq:30.00 tex:190503 mv:16685 misc:6260 imb:1008 pmb:2913 smb:4239 d:s ref:0 ;
in:1621 out:1622 type:b dur:2 cpbdur:2 q:35.64 aq:37.21 tex:1175 mv:1806 misc:1579 imb:10 pmb:400 smb:7750 d:s ref:0 ;
in:1625 out:1623 type:P dur:2 cpbdur:2 q:35.71 aq:30.28 tex:206457 mv:18462 misc:6017 imb:1322 pmb:3128 smb:3710 d:s ref:0 ;
in:1623 out:1624 type:B dur:2 cpbdur:2 q:35.71 aq:36.76 tex:3645 mv:2450 misc:2097 imb:26 pmb:510 smb:7624 d:t ref:0 ;
in:1624 out:1625 type:b dur:2 cpbdur:2 q:35.71 aq:37.35 tex:1060 mv:1732 misc:1312 imb:43 pmb:285 smb:7832 d:- ref:0 ;
in:1627 out:1626 type:P dur:2 cpbdur:2 q:35.69 aq:30.05 tex:141338 mv:12741 misc:6089 imb:700 pmb:2711 smb:4749 d:s ref:0 ;
in:1626 out:1627 type:b dur:2 cpbdur:2 q:35.72 aq:35.10 tex:833 mv:1294 misc:1201 imb:9 pmb:270 smb:7881 d:t ref:0 ;
in:1629 out:1628 type:P dur:2 cpbdur:2 q:35.70 aq:30.14 tex:219128 mv:18645 misc:6043 imb:1002 pmb:2800 smb:4358 d:s ref:0 ;
in:1628 out:1629 type:b dur:2 cpbdur:2 q:35.71 aq:37.58 tex:1842 mv:2917 misc:1865 imb:16 pmb:537 smb:7607 d:s ref:0 ;
in:1633 out:1630 type:P dur:2 cpbdur:2 q:35.76 aq:30.68 tex:210824 mv:22382 misc:5746 imb:1666 pmb:3319 smb:3175 d:s ref:0 ;
in:1631 out:1631 type:B dur:2 cpbdur:2 q:35.75 aq:36.03 tex:5009 mv:3180 misc:2379 imb:40 pmb:630 smb:7490 d:t ref:0 ;
in:1630 out:1632 type:b dur:2 cpbdur:2 q:35.75 aq:37.29 tex:499 mv:1528 misc:1381 imb:5 pmb:349 smb:7806 d:s ref:0 ;
in:1632 out:1633 type:b dur:2 cpbdur:2 q:35.75 aq:38.12 tex:836 mv:1771 misc:1641 imb:7 pmb:397 smb:7756 d:- ref:0 ;
in:1635 out:1634 type:P dur:2 cpbdur:2 q:36.06 aq:30.86 tex:113729 mv:11751 misc:5944 imb:774 pmb:2228 smb:5158 d:s ref:0 ;
in:1634 out:1635 type:b dur:2 cpbdur:2 q:36.14 aq:38.76 tex:1076 mv:1424 misc:1196 imb:12 pmb:272 smb:7876 d:t ref:0 ;
in:1639 out:1636 type:P dur:2 cpbdur:2 q:36.12 aq:31.16 tex:194463 mv:21929 misc:5824 imb:1632 pmb:3138 smb:3390 d:s ref:0 ;
in:1637 out:1637 type:B dur:2 cpbdur:2 q:36.14 aq:36.58 tex:6376 mv:3275 misc:2453 imb:93 pmb:608 smb:7459 d:t ref:0 ;
in:1636 out:1638 type:b dur:2 cpbdur:2 q:36.14 aq:38.60 tex:954 mv:1739 misc:1619 imb:12 pmb:399 smb:7749 d:s ref:0 ;
in:1638 out:1639 type:b dur:2 cpbdur:2 q:36.14 aq:38.42 tex:700 mv:1274 misc:1242 imb:5 pmb:289 smb:7866 d:- ref:0 ;
in:1643 out:1640 type:P dur:2 cpbdur:2 q:36.49 aq:31.34 tex:175526 mv:21058 misc:5840 imb:1328 pmb:2984 smb:3848 d:s ref:0 ;
in:1641 out:1641 type:B dur:2 cpbdur:2 q:36.54 aq:37.04 tex:3590 mv:2680 misc:2250 imb:32 pmb:590 smb:7538 d:s ref:0 ;
in:1640 out:1642 type:b dur:2 cpbdur:2 q:36.54 aq:38.42 tex:830 mv:1412 misc:1422 imb:7 pmb:323 smb:7830 d:s ref:0 ;
in:1642 out:1643 type:b dur:2 cpbdur:2 q:36.54 aq:37.52 tex:924 mv:1715 misc:1505 imb:9 pmb:356 smb:7795 d:- ref:0 ;
in:1647 out:1644 type:P dur:2 cpbdur:2 q:36.68 aq:31.66 tex:161195 mv:23415 misc:5926 imb:1713 pmb:3009 smb:3438 d:s ref:0 ;
in:1645 out:1645 type:B dur:2 cpbdur:2 q:36.87 aq:37.17 tex:4985 mv:3389 misc:2106 imb:54 pmb:540 smb:7566 d:s ref:0 ;
in:1644 out:1646 type:b dur:2 cpbdur:2 q:36.88 aq:38.04 tex:332 mv:1551 misc:1349 imb:14 pmb:318 smb:7828 d:s ref:0 ;
in:1646 out:1647 type:b dur:2 cpbdur:2 q:36.88 aq:37.36 tex:546 mv:1332 misc:1338 imb:3 pmb:338 smb:7819 d:- ref:0 ;
in:1649 out:1648 type:P dur:2 cpbdur:2 q:36.58 aq:31.03 tex:133415 mv:15480 misc:6297 imb:870 pmb:2568 smb:4722 d:s ref:0 ;
in:1648 out:1649 type:b dur:2 cpbdur:2 q:36.79 aq:38.40 tex:849 mv:1336 misc:1399 imb:5 pmb:352 smb:7803 d:s ref:0 ;
in:1651 out:1650 type:P dur:2 cpbdur:2 q:36.58 aq:30.99 tex:150502 mv:16376 misc:6402 imb:742 pmb:2641 smb:4777 d:t ref:0 ;
in:1650 out:1651 type:b dur:2 cpbdur:2 q:36.76 aq:39.00 tex:1286 mv:1546 misc:1872 imb:15 pmb:610 smb:7535 d:s ref:0 ;
in:1655 out:1652 type:P dur:2 cpbdur:2 q:36.22 aq:31.20 tex:185215 mv:22017 misc:5784 imb:1406 pmb:3327 smb:3427 d:s ref:0 ;
in:1653 out:1653 type:B dur:2 cpbdur:2 q:36.92 aq:36.95 tex:11056 mv:5183 misc:2249 imb:140 pmb:649 smb:7371 d:t ref:0 ;
in:1652 out:1654 type:b dur:2 cpbdur:2 q:37.03 aq:38.65 tex:813 mv:1723 misc:1536 imb:16 pmb:367 smb:7777 d:s ref:0 ;
in:1654 out:1655 type:b dur:2 cpbdur:2 q:37.03 aq:38.90 tex:808 mv:1602 misc:1382 imb:12 pmb:332 smb:7816 d:- ref:0 ;
in:1660 out:1656 type:P dur:2 cpbdur:2 q:36.24 aq:31.35 tex:226410 mv:26260 misc:5442 imb:1933 pmb:3500 smb:2727 d:s ref:0 ;
in:1657 out:1657 type:B dur:2 cpbdur:2 q:36.25 aq:35.59 tex:19712 mv:7303 misc:3385 imb:161 pmb:998 smb:7001 d:s ref:0 ;
in:1656 out:1658 type:b dur:2 cpbdur:2 q:36.25 aq:36.15 tex:758 mv:1632 misc:1538 imb:7 pmb:397 smb:7756 d:s ref:0 ;
in:1658 out:1659 type:b dur:2 cpbdur:2 q:36.25 aq:38.30 tex:1490 mv:2147 misc:1651 imb:22 pmb:403 smb:7735 d:- ref:0 ;
in:1659 out:1660 type:b dur:2 cpbdur:2 q:36.25 aq:37.78 tex:2247 mv:2415 misc:1994 imb:30 pmb:510 smb:7620 d:- ref:0 ;
in:1664 out:1661 type:P dur:2 cpbdur:2 q:36.24 aq:31.16 tex:193899 mv:21714 misc:6115 imb:1236 pmb:3280 smb:3644 d:s ref:0 ;
in:1662 out:1662 type:B dur:2 cpbdur:2 q:36.26 aq:35.73 tex:5163 mv:3716 misc:2729 imb:86 pmb:716 smb:7358 d:s ref:0 ;
in:1661 out:1663 type:b dur:2 cpbdur:2 q:36.26 aq:37.89 tex:3002 mv:1941 misc:1641 imb:11 pmb:423 smb:7726 d:s ref:0 ;
in:1663 out:1664 type:b dur:2 cpbdur:2 q:36.26 aq:36.97 tex:1017 mv:1716 misc:1547 imb:13 pmb:378 smb:7769 d:- ref:0 ;
in:1666 out:1665 type:P dur:2 cpbdur:2 q:36.41 aq:31.18 tex:141377 mv:15268 misc:6427 imb:993 pmb:2558 smb:4609 d:s ref:0 ;
in:1665 out:1666 type:b dur:2 cpbdur:2 q:36.50 aq:37.86 tex:1355 mv:2070 misc:1759 imb:19 pmb:443 smb:7698 d:s ref:0 ;
in:1668 out:1667 type:P dur:2 cpbdur:2 q:36.14 aq:30.79 tex:136296 mv:15450 misc:6622 imb:934 pmb:2723 smb:4503 d:s ref:0 ;
in:1667 out:1668 type:b dur:2 cpbdur:2 q:36.44 aq:38.54 tex:642 mv:1841 misc:1477 imb:16 pmb:355 smb:7789 d:t ref:0 ;
in:1670 out:1669 type:P dur:2 cpbdur:2 q:36.54 aq:31.15 tex:150521 mv:18605 misc:6162 imb:1075 pmb:2587 smb:4498 d:s ref:0 ;
in:1669 out:1670 type:b dur:2 cpbdur:2 q:36.54 aq:37.78 tex:884 mv:1676 misc:1736 imb:12 pmb:471 smb:7677 d:s ref:0 ;
in:1672 out:1671 type:P dur:2 cpbdur:2 q:36.63 aq:30.96 tex:92905 mv:10381 misc:6298 imb:483 pmb:2108 smb:5569 d:s ref:0 ;
in:1671 out:1672 type:b dur:2 cpbdur:2 q:36.71 aq:37.01 tex:625 mv:1244 misc:1059 imb:4 pmb:251 smb:7905 d:t ref:0 ;
in:1675 out:1673 type:P dur:2 cpbdur:2 q:36.87 aq:31.76 tex:142656 mv:18172 misc:6532 imb:1101 pmb:2872 smb:4187 d:s ref:0 ;
in:1673 out:1674 type:B dur:2 cpbdur:2 q:37.06 aq:37.78 tex:1821 mv:1707 misc:1720 imb:10 pmb:433 smb:7717 d:t ref:0 ;
in:1674 out:1675 type:b dur:2 cpbdur:2 q:37.09 aq:38.13 tex:796 mv:1623 misc:1173 imb:15 pmb:259 smb:7886 d:- ref:0 ;
in:1680 out:1676 type:P dur:2 cpbdur:2 q:36.46 aq:31.55 tex:183082 mv:23155 misc:5787 imb:1620 pmb:3252 smb:3288 d:s ref:0 ;
in:1677 out:1677 type:B dur:2 cpbdur:2 q:36.95 aq:36.48 tex:6617 mv:3908 misc:2587 imb:90 pmb:673 smb:7397 d:s ref:0 ;
in:1676 out:1678 type:b dur:2 cpbdur:2 q:37.00 aq:38.17 tex:235 mv:1264 misc:1021 imb:10 pmb:216 smb:7934 d:s ref:0 ;
in:1678 out:1679 type:b dur:2 cpbdur:2 q:37.00 aq:38.47 tex:1234 mv:1752 misc:1254 imb:5 pmb:321 smb:7834 d:- ref:0 ;
in:1679 out:1680 type:b dur:2 cpbdur:2 q:37.00 aq:37.63 tex:1582 mv:2225 misc:1649 imb:15 pmb:461 smb:7684 d:- ref:0 ;
in:1682 out:1681 type:P dur:2 cpbdur:2 q:36.26 aq:31.17 tex:151024 mv:16525 misc:6363 imb:1067 pmb:2777 smb:4316 d:s ref:0 ;
in:1681 out:1682 type:b dur:2 cpbdur:2 q:36.57 aq:38.16 tex:663 mv:1899 misc:1462 imb:19 pmb:343 smb:7798 d:s ref:0 ;
in:1684 out:1683 type:P dur:2 cpbdur:2 q:36.45 aq:31.22 tex:100268 mv:11789 misc:6087 imb:690 pmb:2180 smb:5290 d:s ref:0 ;
in:1683 out:1684 type:b dur:2 cpbdur:2 q:36.66 aq:38.75 tex:490 mv:1327 misc:1135 imb:14 pmb:252 smb:7894 d:t ref:0 ;
in:1686 out:1685 type:P dur:2 cpbdur:2 q:36.04 aq:31.07 tex:117968 mv:13476 misc:6412 imb:760 pmb:2577 smb:4823 d:s ref:0 ;
in:1685 out:1686 type:b dur:2 cpbdur:2 q:36.55 aq:39.28 tex:527 mv:1229 misc:1252 imb:6 pmb:286 smb:7868 d:t ref:0 ;
in:1691 out:1687 type:P dur:2 cpbdur:2 q:36.15 aq:31.45 tex:200197 mv:26956 misc:5423 imb:1902 pmb:3404 smb:2854 d:s ref:0 ;
in:1688 out:1688 type:B dur:2 cpbdur:2 q:36.21 aq:35.89 tex:10851 mv:5444 misc:3937 imb:115 pmb:1087 smb:6958 d:s ref:0 ;
in:1687 out:1689 type:b dur:2 cpbdur:2 q:36.29 aq:36.52 tex:817 mv:1629 misc:1586 imb:6 pmb:397 smb:7757 d:s ref:0 ;
in:1689 out:1690 type:b dur:2 cpbdur:2 q:36.29 aq:39.18 tex:815 mv:1463 misc:1170 imb:6 pmb:304 smb:7850 d:- ref:0 ;
in:1690 out:1691 type:b dur:2 cpbdur:2 q:36.29 aq:37.98 tex:989 mv:1668 misc:1367 imb:7 pmb:354 smb:7799 d:- ref:0 ;
in:1695 out:1692 type:P dur:2 cpbdur:2 q:35.42 aq:31.24 tex:194835 mv:22288 misc:5965 imb:1205 pmb:3313 smb:3642 d:s ref:0 ;
in:1693 out:1693 type:B dur:2 cpbdur:2 q:36.24 aq:36.21 tex:5099 mv:3892 misc:2825 imb:94 pmb:737 smb:7329 d:s ref:0 ;
in:1692 out:1694 type:b dur:2 cpbdur:2 q:36.27 aq:37.60 tex:668 mv:1566 misc:1670 imb:11 pmb:457 smb:7692 d:s ref:0 ;
in:1694 out:1695 type:b dur:2 cpbdur:2 q:36.27 aq:38.09 tex:879 mv:1419 misc:1390 imb:5 pmb:343 smb:7812 d:- ref:0 ;
in:1697 out:1696 type:P dur:2 cpbdur:2 q:35.40 aq:31.16 tex:131911 mv:13175 misc:5978 imb:729 pmb:2561 smb:4870 d:s ref:0 ;
in:1696 out:1697 type:b dur:2 cpbdur:2 q:35.61 aq:37.42 tex:1192 mv:1502 misc:1482 imb:3 pmb:352 smb:7805 d:t ref:0 ;
in:1701 out:1698 type:P dur:2 cpbdur:2 q:36.47 aq:31.43 tex:313301 mv:24843 misc:4648 imb:2724 pmb:1821 smb:3615 d:s ref:0 ;
in:1699 out:1699 type:B dur:2 cpbdur:2 q:36.86 aq:36.93 tex:2701 mv:2613 misc:1950 imb:24 pmb:590 smb:7546 d:s ref:0 ;
in:1698 out:1700 type:b dur:2 cpbdur:2 q:36.86 aq:38.05 tex:2490 mv:2372 misc:1578 imb:61 pmb:445 smb:7654 d:s ref:0 ;
in:1700 out:1701 type:b dur:2 cpbdur:2 q:36.86 aq:37.11 tex:372 mv:1170 misc:1066 imb:2 pmb:252 smb:7906 d:- ref:0 ;
in:1703 out:1702 type:P dur:2 cpbdur:2 q:35.39 aq:30.05 tex:128195 mv:12772 misc:6601 imb:382 pmb:2809 smb:4969 d:s ref:0 ;
in:1702 out:1703 type:b dur:2 cpbdur:2 q:36.86 aq:36.28 tex:723 mv:1298 misc:1123 imb:12 pmb:253 smb:7895 d:t ref:0 ;
in:1705 out:1704 type:P dur:2 cpbdur:2 q:35.41 aq:30.33 tex:128082 mv:13057 misc:6309 imb:346 pmb:2598 smb:5216 d:s ref:0 ;
in:1704 out:1705 type:b dur:2 cpbdur:2 q:35.44 aq:37.06 tex:1149 mv:1629 misc:1582 imb:8 pmb:419 smb:7733 d:s ref:0 ;
in:1707 out:1706 type:P dur:2 cpbdur:2 q:35.07 aq:30.30 tex:85548 mv:9958 misc:6198 imb:245 pmb:2228 smb:5687 d:s ref:0 ;
in:1706 out:1707 type:b dur:2 cpbdur:2 q:35.42 aq:37.54 tex:806 mv:1199 misc:1283 imb:6 pmb:303 smb:7851 d:t ref:0 ;
in:1711 out:1708 type:P dur:2 cpbdur:2 q:35.02 aq:31.49 tex:91015 mv:13466 misc:5759 imb:345 pmb:2279 smb:5536 d:s ref:0 ;
in:1709 out:1709 type:B dur:2 cpbdur:2 q:35.07 aq:35.08 tex:5785 mv:3145 misc:2398 imb:24 pmb:730 smb:7406 d:t ref:0 ;
in:1708 out:1710 type:b dur:2 cpbdur:2 q:35.07 aq:35.20 tex:810 mv:1372 misc:1274 imb:8 pmb:299 smb:7853 d:s ref:0 ;
in:1710 out:1711 type:b dur:2 cpbdur:2 q:35.07 aq:36.42 tex:1788 mv:2091 misc:1937 imb:21 pmb:504 smb:7635 d:- ref:0 ;
in:1713 out:1712 type:P dur:2 cpbdur:2 q:34.98 aq:32.36 tex:37404 mv:6966 misc:4534 imb:154 pmb:1326 smb:6680 d:s ref:0 ;
in:1712 out:1713 type:b dur:2 cpbdur:2 q:35.02 aq:37.44 tex:1033 mv:1307 misc:1348 imb:1 pmb:324 smb:7835 d:t ref:0 ;
in:1719 out:1714 type:P dur:2 cpbdur:2 q:35.40 aq:35.07 tex:156558 mv:38610 misc:5320 imb:2143 pmb:2621 smb:3396 d:s ref:0 ;
in:1716 out:1715 type:B dur:2 cpbdur:2 q:35.40 aq:35.17 tex:76875 mv:33086 misc:6063 imb:612 pmb:2816 smb:4732 d:s ref:0 ;
in:1714 out:1716 type:b dur:2 cpbdur:2 q:35.40 aq:37.40 tex:5767 mv:4944 misc:3361 imb:33 pmb:1132 smb:6995 d:s ref:0 ;
in:1715 out:1717 type:b dur:2 cpbdur:2 q:35.40 aq:37.60 tex:14945 mv:11858 misc:4197 imb:137 pmb:1536 smb:6487 d:s ref:0 ;
in:1717 out:1718 type:b dur:2 cpbdur:2 q:35.40 aq:36.90 tex:43890 mv:27804 misc:5826 imb:494 pmb:2282 smb:5384 d:- ref:0 ;
in:1718 out:1719 type:b dur:2 cpbdur:2 q:35.40 aq:36.75 tex:42903 mv:31903 misc:6138 imb:656 pmb:2488 smb:5016 d:- ref:0 ;
in:1722 out:1720 type:P dur:2 cpbdur:2 q:35.28 aq:35.32 tex:213289 mv:45865 misc:3878 imb:4416 pmb:1764 smb:1980 d:s ref:0 ;
in:1720 out:1721 type:B dur:2 cpbdur:2 q:35.43 aq:36.17 tex:90095 mv:40769 misc:6520 imb:1009 pmb:2957 smb:4194 d:s ref:0 ;
in:1721 out:1722 type:b dur:2 cpbdur:2 q:35.43 aq:36.68 tex:77844 mv:41132 misc:6200 imb:1006 pmb:2898 smb:4256 d:- ref:0 ;
in:1723 out:1723 type:P dur:2 cpbdur:2 q:35.11 aq:35.51 tex:165471 mv:41338 misc:5239 imb:3156 pmb:2203 smb:2801 d:s ref:0 ;
in:1724 out:1724 type:P dur:2 cpbdur:2 q:35.22 aq:35.82 tex:149743 mv:39788 misc:4981 imb:3563 pmb:1879 smb:2718 d:s ref:0 ;
in:1725 out:1725 type:P dur:2 cpbdur:2 q:35.23 aq:35.87 tex:39126 mv:20137 misc:449 imb:7776 pmb:26 smb:358 d:s ref:0 ;
in:1726 out:1726 type:P dur:2 cpbdur:2 q:35.26 aq:34.76 tex:183445 mv:23924 misc:1751 imb:6505 pmb:499 smb:1156 d:s ref:0 w:7,49,77,6,29,68,26,78 ;
in:1727 out:1727 type:I dur:2 cpbdur:2 q:32.13 aq:31.27 tex:610212 mv:49498 misc:362 imb:8160 pmb:0 smb:0 d:s ref:w:7,49,77,6,29,68,26,78 ;
in:1728 out:1728 type:P dur:2 cpbdur:2 q:35.61 aq:34.04 tex:111217 mv:19037 misc:3898 imb:1140 pmb:1783 smb:5237 d:s ref:0 w:6,75,-47,6,89,-49,86,-45 ;
in:1729 out:1729 type:P dur:2 cpbdur:2 q:35.67 aq:32.73 tex:285865 mv:39545 misc:2630 imb:5678 pmb:1888 smb:594 d:s ref:0 w:3,9,-31,6,77,-25,76,-25 ;
in:1730 out:1730 type:P dur:2 cpbdur:2 q:36.43 aq:31.94 tex:236053 mv:28000 misc:5547 imb:1970 pmb:2398 smb:3792 d:s ref:0 w:5,35,-21,6,73,-17,72,-17 ;
in:1735 out:1731 type:P dur:2 cpbdur:2 q:37.34 aq:30.81 tex:408186 mv:45122 misc:2900 imb:4477 pmb:3053 smb:630 d:s ref:0 w:6,73,-28,6,77,-25,76,-24 ;
in:1732 out:1732 type:B dur:2 cpbdur:2 q:37.78 aq:36.37 tex:25163 mv:20317 misc:5224 imb:875 pmb:1427 smb:5858 d:s ref:0 ;
in:1731 out:1733 type:b dur:2 cpbdur:2 q:38.20 aq:38.77 tex:8253 mv:13403 misc:2864 imb:244 pmb:749 smb:7167 d:s ref:0 ;
in:1733 out:1734 type:b dur:2 cpbdur:2 q:38.20 aq:39.92 tex:8428 mv:9228 misc:2712 imb:182 pmb:810 smb:7168 d:- ref:0 ;
in:1734 out:1735 type:b dur:2 cpbdur:2 q:38.20 aq:39.98 tex:4424 mv:5770 misc:2350 imb:47 pmb:712 smb:7401 d:- ref:0 ;
in:1737 out:1736 type:P dur:2 cpbdur:2 q:37.85 aq:30.77 tex:165053 mv:20317 misc:6446 imb:1287 pmb:2907 smb:3966 d:s ref:0 ;
in:1736 out:1737 type:b dur:2 cpbdur:2 q:38.26 aq:37.16 tex:508 mv:997 misc:647 imb:5 pmb:141 smb:8014 d:t ref:0 ;
in:1739 out:1738 type:P dur:2 cpbdur:2 q:39.24 aq:31.93 tex:76697 mv:11321 misc:5758 imb:705 pmb:1919 smb:5536 d:s ref:0 ;
in:1738 out:1739 type:b dur:2 cpbdur:2 q:39.67 aq:37.84 tex:669 mv:881 misc:594 imb:5 pmb:129 smb:8026 d:t ref:0 ;
in:1745 out:1740 type:P dur:2 cpbdur:2 q:38.82 aq:31.07 tex:97797 mv:16089 misc:6226 imb:2311 pmb:1576 smb:4273 d:s ref:0 ;
in:1742 out:1741 type:B dur:2 cpbdur:2 q:39.65 aq:37.13 tex:1398 mv:1691 misc:783 imb:12 pmb:168 smb:7980 d:t ref:0 ;
in:1740 out:1742 type:b dur:2 cpbdur:2 q:40.04 aq:38.13 tex:408 mv:1041 misc:543 imb:7 pmb:118 smb:8035 d:t ref:0 ;
in:1741 out:1743 type:b dur:2 cpbdur:2 q:40.04 aq:38.03 tex:381 mv:945 misc:530 imb:6 pmb:120 smb:8034 d:t ref:0 ;
in:1743 out:1744 type:b dur:2 cpbdur:2 q:40.04 aq:37.95 tex:1024 mv:1314 misc:590 imb:13 pmb:154 smb:7993 d:- ref:0 ;
in:1744 out:1745 type:b dur:2 cpbdur:2 q:40.04 aq:38.09 tex:892 mv:1154 misc:618 imb:9 pmb:149 smb:8002 d:- ref:0 ;
in:1747 out:1746 type:P dur:2 cpbdur:2 q:38.77 aq:30.62 tex:47214 mv:6663 misc:4931 imb:661 pmb:1177 smb:6322 d:s ref:0 ;
in:1746 out:1747 type:b dur:2 cpbdur:2 q:39.20 aq:37.57 tex:95 mv:832 misc:545 imb:3 pmb:118 smb:8039 d:t ref:0 ;
in:1751 out:1748 type:P dur:2 cpbdur:2 q:39.05 aq:30.71 tex:38031 mv:4603 misc:3638 imb:169 pmb:999 smb:6992 d:s ref:0 ;
in:1749 out:1749 type:B dur:2 cpbdur:2 q:39.19 aq:35.52 tex:356 mv:1186 misc:586 imb:9 pmb:125 smb:8026 d:t ref:0 ;
in:1748 out:1750 type:b dur:2 cpbdur:2 q:39.19 aq:36.07 tex:36 mv:778 misc:554 imb:2 pmb:119 smb:8039 d:t ref:0 ;
in:1750 out:1751 type:b dur:2 cpbdur:2 q:39.19 aq:36.12 tex:188 mv:858 misc:538 imb:3 pmb:116 smb:8041 d:- ref:0 ;
in:1755 out:1752 type:P dur:2 cpbdur:2 q:38.29 aq:30.32 tex:79058 mv:6692 misc:3346 imb:170 pmb:1555 smb:6435 d:s ref:0 ;
in:1753 out:1753 type:B dur:2 cpbdur:2 q:39.37 aq:36.21 tex:1197 mv:1343 misc:588 imb:12 pmb:144 smb:8004 d:t ref:0 ;
in:1752 out:1754 type:b dur:2 cpbdur:2 q:39.39 aq:36.18 tex:233 mv:821 misc:578 imb:3 pmb:134 smb:8023 d:t ref:0 ;
in:1754 out:1755 type:b dur:2 cpbdur:2 q:39.39 aq:36.71 tex:276 mv:905 misc:595 imb:7 pmb:130 smb:8023 d:- ref:0 ;
in:1757 out:1756 type:P dur:2 cpbdur:2 q:36.61 aq:28.67 tex:103286 mv:6217 misc:5153 imb:287 pmb:1996 smb:5877 d:s ref:0 ;
in:1756 out:1757 type:b dur:2 cpbdur:2 q:38.46 aq:36.00 tex:200 mv:897 misc:559 imb:4 pmb:120 smb:8036 d:t ref:0 ;
in:1760 out:1758 type:P dur:2 cpbdur:2 q:36.47 aq:31.12 tex:87209 mv:14406 misc:4849 imb:2746 pmb:1712 smb:3702 d:s ref:0 ;
in:1758 out:1759 type:B dur:2 cpbdur:2 q:37.06 aq:35.49 tex:1130 mv:4124 misc:2274 imb:336 pmb:304 smb:7520 d:t ref:0 ;
in:1759 out:1760 type:b dur:2 cpbdur:2 q:37.50 aq:37.00 tex:948 mv:3411 misc:1865 imb:269 pmb:255 smb:7636 d:- ref:0 ;
in:1764 out:1761 type:P dur:2 cpbdur:2 q:36.69 aq:31.50 tex:143482 mv:18207 misc:5191 imb:3112 pmb:2023 smb:3025 d:s ref:0 ;
in:1762 out:1762 type:B dur:2 cpbdur:2 q:36.85 aq:35.87 tex:4269 mv:3209 misc:1154 imb:178 pmb:221 smb:7761 d:t ref:0 ;
in:1761 out:1763 type:b dur:2 cpbdur:2 q:36.96 aq:38.01 tex:1199 mv:1830 misc:891 imb:94 pmb:181 smb:7885 d:t ref:0 ;
in:1763 out:1764 type:b dur:2 cpbdur:2 q:36.96 aq:38.12 tex:4221 mv:6249 misc:2370 imb:774 pmb:226 smb:7160 d:- ref:0 ;
in:1765 out:1765 type:P dur:2 cpbdur:2 q:36.99 aq:29.79 tex:102562 mv:15402 misc:4908 imb:2757 pmb:1576 smb:3827 d:s ref:0 ;
in:1766 out:1766 type:P dur:2 cpbdur:2 q:36.58 aq:28.84 tex:147174 mv:11153 misc:6401 imb:646 pmb:2996 smb:4518 d:s ref:0 w:5,33,-1 ;
in:1767 out:1767 type:P dur:2 cpbdur:2 q:37.03 aq:29.13 tex:171830 mv:14029 misc:6469 imb:1148 pmb:3794 smb:3218 d:s ref:0 w:5,33,-1 ;
in:1769 out:1768 type:P dur:2 cpbdur:2 q:37.06 aq:29.03 tex:183091 mv:13785 misc:6852 imb:971 pmb:3917 smb:3272 d:s ref:0 w:6,65,0 ;
in:1768 out:1769 type:b dur:2 cpbdur:2 q:37.06 aq:36.14 tex:237 mv:922 misc:569 imb:7 pmb:120 smb:8033 d:t ref:0 ;
in:1771 out:1770 type:P dur:2 cpbdur:2 q:36.94 aq:28.62 tex:217187 mv:15988 misc:6209 imb:1676 pmb:2980 smb:3504 d:s ref:0 ;
in:1770 out:1771 type:b dur:2 cpbdur:2 q:37.07 aq:36.65 tex:192 mv:829 misc:539 imb:3 pmb:116 smb:8041 d:t ref:0 ;
in:1774 out:1772 type:P dur:2 cpbdur:2 q:36.81 aq:28.18 tex:100688 mv:6539 misc:6365 imb:171 pmb:2409 smb:5580 d:s ref:0 ;
in:1772 out:1773 type:B dur:2 cpbdur:2 q:36.97 aq:35.47 tex:490 mv:1163 misc:571 imb:10 pmb:122 smb:8028 d:t ref:0 ;
in:1773 out:1774 type:b dur:2 cpbdur:2 q:36.97 aq:36.52 tex:141 mv:881 misc:554 imb:1 pmb:128 smb:8031 d:- ref:0 ;
in:1778 out:1775 type:P dur:2 cpbdur:2 q:36.16 aq:27.67 tex:122911 mv:7541 misc:6524 imb:115 pmb:2760 smb:5285 d:s ref:0 ;
in:1776 out:1776 type:B dur:2 cpbdur:2 q:36.87 aq:34.23 tex:517 mv:1126 misc:613 imb:9 pmb:135 smb:8016 d:t ref:0 ;
in:1775 out:1777 type:b dur:2 cpbdur:2 q:36.93 aq:36.19 tex:286 mv:873 misc:593 imb:6 pmb:134 smb:8020 d:t ref:0 ;
in:1777 out:1778 type:b dur:2 cpbdur:2 q:36.93 aq:36.26 tex:173 mv:860 misc:559 imb:4 pmb:117 smb:8039 d:- ref:0 ;
in:1783 out:1779 type:P dur:2 cpbdur:2 q:36.32 aq:27.55 tex:109194 mv:7148 misc:6090 imb:117 pmb:2546 smb:5497 d:s ref:0 ;
in:1780 out:1780 type:B dur:2 cpbdur:2 q:36.53 aq:33.49 tex:1910 mv:1475 misc:695 imb:11 pmb:162 smb:7987 d:t ref:0 ;
in:1779 out:1781 type:b dur:2 cpbdur:2 q:36.86 aq:36.46 tex:48 mv:864 misc:608 imb:3 pmb:132 smb:8025 d:t ref:0 ;
in:1781 out:1782 type:b dur:2 cpbdur:2 q:36.86 aq:36.25 tex:196 mv:980 misc:576 imb:8 pmb:125 smb:8027 d:- ref:0 ;
in:1782 out:1783 type:b dur:2 cpbdur:2 q:36.86 aq:36.56 tex:99 mv:1024 misc:557 imb:5 pmb:128 smb:8027 d:- ref:0 ;
in:1787 out:1784 type:P dur:2 cpbdur:2 q:36.46 aq:27.65 tex:71148 mv:5592 misc:4868 imb:98 pmb:1659 smb:6403 d:s ref:0 ;
in:1785 out:1785 type:B dur:2 cpbdur:2 q:36.68 aq:35.04 tex:810 mv:1230 misc:680 imb:7 pmb:145 smb:8008 d:t ref:0 ;
in:1784 out:1786 type:b dur:2 cpbdur:2 q:36.74 aq:36.04 tex:266 mv:867 misc:531 imb:4 pmb:120 smb:8036 d:t ref:0 ;
in:1786 out:1787 type:b dur:2 cpbdur:2 q:36.74 aq:36.67 tex:246 mv:890 misc:592 imb:6 pmb:130 smb:8024 d:- ref:0 ;
in:1789 out:1788 type:P dur:2 cpbdur:2 q:35.93 aq:27.00 tex:110728 mv:4903 misc:5913 imb:80 pmb:2203 smb:5877 d:s ref:0 ;
in:1788 out:1789 type:b dur:2 cpbdur:2 q:36.60 aq:36.26 tex:170 mv:954 misc:612 imb:6 pmb:129 smb:8025 d:t ref:0 ;
in:1792 out:1790 type:P dur:2 cpbdur:2 q:35.81 aq:27.04 tex:109444 mv:5345 misc:6051 imb:80 pmb:2353 smb:5727 d:s ref:0 ;
in:1790 out:1791 type:B dur:2 cpbdur:2 q:36.21 aq:35.19 tex:177 mv:1081 misc:550 imb:8 pmb:121 smb:8031 d:t ref:0 ;
in:1791 out:1792 type:b dur:2 cpbdur:2 q:36.21 aq:36.23 tex:77 mv:921 misc:546 imb:4 pmb:120 smb:8036 d:- ref:0 ;
in:1796 out:1793 type:P dur:2 cpbdur:2 q:35.42 aq:26.80 tex:106383 mv:5224 misc:5761 imb:65 pmb:2185 smb:5910 d:s ref:0 ;
in:1794 out:1794 type:B dur:2 cpbdur:2 q:35.81 aq:34.97 tex:2582 mv:1470 misc:636 imb:15 pmb:155 smb:7990 d:t ref:0 ;
in:1793 out:1795 type:b dur:2 cpbdur:2 q:35.81 aq:36.10 tex:405 mv:887 misc:604 imb:4 pmb:135 smb:8021 d:s ref:0 ;
in:1795 out:1796 type:b dur:2 cpbdur:2 q:35.81 aq:36.08 tex:168 mv:900 misc:588 imb:4 pmb:134 smb:8022 d:- ref:0 ;
in:1798 out:1797 type:P dur:2 cpbdur:2 q:35.41 aq:26.53 tex:87032 mv:4027 misc:6077 imb:47 pmb:1991 smb:6122 d:s ref:0 ;
in:1797 out:1798 type:b dur:2 cpbdur:2 q:35.42 aq:36.01 tex:435 mv:850 misc:531 imb:3 pmb:118 smb:8039 d:t ref:0 ;
in:1802 out:1799 type:P dur:2 cpbdur:2 q:35.41 aq:26.92 tex:49663 mv:4038 misc:4483 imb:41 pmb:1320 smb:6799 d:s ref:0 ;
in:1800 out:1800 type:B dur:2 cpbdur:2 q:35.41 aq:34.09 tex:646 mv:1133 misc:597 imb:8 pmb:121 smb:8031 d:t ref:0 ;
in:1799 out:1801 type:b dur:2 cpbdur:2 q:35.41 aq:36.00 tex:260 mv:823 misc:533 imb:4 pmb:114 smb:8042 d:t ref:0 ;
in:1801 out:1802 type:b dur:2 cpbdur:2 q:35.41 aq:35.97 tex:307 mv:852 misc:537 imb:3 pmb:120 smb:8037 d:- ref:0 ;
in:1806 out:1803 type:P dur:2 cpbdur:2 q:35.36 aq:27.13 tex:60597 mv:4505 misc:4522 imb:56 pmb:1383 smb:6721 d:s ref:0 ;
in:1804 out:1804 type:B dur:2 cpbdur:2 q:35.41 aq:35.60 tex:1119 mv:1275 misc:654 imb:8 pmb:145 smb:8007 d:t ref:0 ;
in:1803 out:1805 type:b dur:2 cpbdur:2 q:35.41 aq:36.03 tex:317 mv:867 misc:616 imb:2 pmb:139 smb:8019 d:t ref:0 ;
in:1805 out:1806 type:b dur:2 cpbdur:2 q:35.41 aq:36.19 tex:339 mv:899 misc:570 imb:2 pmb:126 smb:8032 d:- ref:0 ;
in:1808 out:1807 type:P dur:2 cpbdur:2 q:35.29 aq:26.67 tex:72066 mv:3280 misc:5190 imb:34 pmb:1559 smb:6567 d:s ref:0 ;
in:1807 out:1808 type:b dur:2 cpbdur:2 q:35.36 aq:36.05 tex:398 mv:920 misc:538 imb:4 pmb:122 smb:8034 d:t ref:0 ;
in:1811 out:1809 type:P dur:2 cpbdur:2 q:35.28 aq:26.93 tex:67394 mv:4170 misc:4516 imb:33 pmb:1439 smb:6688 d:s ref:0 ;
in:1809 out:1810 type:B dur:2 cpbdur:2 q:35.29 aq:34.41 tex:431 mv:1020 misc:621 imb:5 pmb:132 smb:8023 d:t ref:0 ;
in:1810 out:1811 type:b dur:2 cpbdur:2 q:35.29 aq:36.06 tex:385 mv:894 misc:593 imb:2 pmb:138 smb:8020 d:- ref:0 ;
in:1813 out:1812 type:P dur:2 cpbdur:2 q:35.59 aq:27.36 tex:33548 mv:2368 misc:3052 imb:28 pmb:802 smb:7330 d:s ref:0 ;
in:1812 out:1813 type:b dur:2 cpbdur:2 q:35.60 aq:35.97 tex:101 mv:892 misc:567 imb:3 pmb:125 smb:8032 d:t ref:0 ;
in:1817 out:1814 type:P dur:2 cpbdur:2 q:35.25 aq:26.48 tex:137946 mv:5780 misc:6530 imb:60 pmb:2961 smb:5139 d:t ref:0 ;
in:1815 out:1815 type:B dur:2 cpbdur:2 q:35.59 aq:34.77 tex:2148 mv:1375 misc:645 imb:11 pmb:154 smb:7995 d:t ref:0 ;
in:1814 out:1816 type:b dur:2 cpbdur:2 q:35.59 aq:36.05 tex:43 mv:860 misc:585 imb:4 pmb:131 smb:8025 d:t ref:0 ;
in:1816 out:1817 type:b dur:2 cpbdur:2 q:35.59 aq:36.08 tex:102 mv:845 misc:581 imb:2 pmb:132 smb:8026 d:- ref:0 ;
in:1819 out:1818 type:P dur:2 cpbdur:2 q:35.54 aq:26.51 tex:61931 mv:2632 misc:4685 imb:15 pmb:1446 smb:6699 d:s ref:0 ;
in:1818 out:1819 type:b dur:2 cpbdur:2 q:35.55 aq:36.08 tex:241 mv:859 misc:540 imb:4 pmb:120 smb:8036 d:t ref:0 ;
in:1824 out:1820 type:P dur:2 cpbdur:2 q:35.19 aq:26.55 tex:89111 mv:4781 misc:5260 imb:59 pmb:1828 smb:6273 d:s ref:0 ;
in:1821 out:1821 type:B dur:2 cpbdur:2 q:35.54 aq:33.29 tex:899 mv:1234 misc:635 imb:7 pmb:134 smb:8019 d:t ref:0 ;
in:1820 out:1822 type:b dur:2 cpbdur:2 q:35.54 aq:36.01 tex:97 mv:871 misc:544 imb:4 pmb:116 smb:8040 d:t ref:0 ;
in:1822 out:1823 type:b dur:2 cpbdur:2 q:35.54 aq:36.04 tex:239 mv:972 misc:557 imb:6 pmb:119 smb:8035 d:- ref:0 ;
in:1823 out:1824 type:b dur:2 cpbdur:2 q:35.54 aq:36.08 tex:257 mv:1028 misc:539 imb:4 pmb:119 smb:8037 d:- ref:0 ;
in:1828 out:1825 type:P dur:2 cpbdur:2 q:35.11 aq:26.43 tex:68776 mv:3768 misc:4800 imb:31 pmb:1545 smb:6584 d:t ref:0 ;
in:1826 out:1826 type:B dur:2 cpbdur:2 q:35.19 aq:33.02 tex:256 mv:174 misc:562 imb:1 pmb:29 smb:8130 d:t ref:0 ;
in:1825 out:1827 type:b dur:2 cpbdur:2 q:35.19 aq:35.19 tex:221 mv:149 misc:510 imb:0 pmb:21 smb:8139 d:t ref:0 ;
in:1827 out:1828 type:b dur:2 cpbdur:2 q:35.19 aq:35.11 tex:77 mv:858 misc:521 imb:6 pmb:109 smb:8045 d:- ref:0 ;
in:1830 out:1829 type:P dur:2 cpbdur:2 q:35.40 aq:26.64 tex:51748 mv:2524 misc:4168 imb:18 pmb:1161 smb:6981 d:t ref:0 ;
in:1829 out:1830 type:b dur:2 cpbdur:2 q:35.42 aq:35.11 tex:126 mv:152 misc:514 imb:0 pmb:46 smb:8114 d:t ref:0 ;
in:1832 out:1831 type:P dur:2 cpbdur:2 q:35.40 aq:27.00 tex:37096 mv:2235 misc:3613 imb:15 pmb:952 smb:7193 d:t ref:0 ;
in:1831 out:1832 type:b dur:2 cpbdur:2 q:35.43 aq:35.15 tex:257 mv:97 misc:478 imb:0 pmb:17 smb:8143 d:t ref:0 ;
in:1834 out:1833 type:P dur:2 cpbdur:2 q:34.98 aq:25.94 tex:88611 mv:3336 misc:5141 imb:18 pmb:1750 smb:6392 d:t ref:0 ;
in:1833 out:1834 type:b dur:2 cpbdur:2 q:35.40 aq:35.11 tex:99 mv:93 misc:488 imb:0 pmb:39 smb:8121 d:t ref:0 ;
in:1836 out:1835 type:P dur:2 cpbdur:2 q:34.96 aq:26.01 tex:78800 mv:3564 misc:4964 imb:26 pmb:1605 smb:6529 d:t ref:0 ;
in:1835 out:1836 type:b dur:2 cpbdur:2 q:34.98 aq:35.00 tex:22 mv:90 misc:472 imb:0 pmb:13 smb:8147 d:t ref:0 ;
in:1838 out:1837 type:P dur:2 cpbdur:2 q:34.92 aq:26.10 tex:61400 mv:2945 misc:4423 imb:34 pmb:1353 smb:6773 d:t ref:0 ;
in:1837 out:1838 type:b dur:2 cpbdur:2 q:34.96 aq:35.08 tex:54 mv:57 misc:457 imb:0 pmb:10 smb:8150 d:t ref:0 ;
in:1842 out:1839 type:P dur:2 cpbdur:2 q:35.37 aq:26.61 tex:52540 mv:3804 misc:4304 imb:41 pmb:1427 smb:6692 d:t ref:0 ;
in:1840 out:1840 type:B dur:2 cpbdur:2 q:35.37 aq:34.16 tex:783 mv:199 misc:554 imb:3 pmb:28 smb:8129 d:t ref:0 ;
in:1839 out:1841 type:b dur:2 cpbdur:2 q:35.37 aq:35.17 tex:183 mv:134 misc:491 imb:0 pmb:20 smb:8140 d:t ref:0 ;
in:1841 out:1842 type:b dur:2 cpbdur:2 q:35.37 aq:35.09 tex:257 mv:833 misc:534 imb:4 pmb:115 smb:8041 d:- ref:0 ;
in:1847 out:1843 type:P dur:2 cpbdur:2 q:34.83 aq:26.16 tex:84287 mv:4979 misc:5078 imb:45 pmb:1820 smb:6295 d:t ref:0 ;
in:1844 out:1844 type:B dur:2 cpbdur:2 q:35.37 aq:32.47 tex:2857 mv:667 misc:708 imb:9 pmb:76 smb:8075 d:t ref:0 ;
in:1843 out:1845 type:b dur:2 cpbdur:2 q:35.37 aq:35.17 tex:226 mv:202 misc:564 imb:1 pmb:50 smb:8109 d:t ref:0 ;
in:1845 out:1846 type:b dur:2 cpbdur:2 q:35.37 aq:35.02 tex:329 mv:1072 misc:599 imb:11 pmb:128 smb:8021 d:- ref:0 ;
in:1846 out:1847 type:b dur:2 cpbdur:2 q:35.37 aq:35.14 tex:404 mv:1038 misc:590 imb:3 pmb:135 smb:8022 d:- ref:0 ;
in:1851 out:1848 type:P dur:2 cpbdur:2 q:34.74 aq:26.11 tex:86862 mv:4408 misc:4994 imb:39 pmb:1794 smb:6327 d:t ref:0 ;
in:1849 out:1849 type:B dur:2 cpbdur:2 q:34.83 aq:33.82 tex:1090 mv:335 misc:631 imb:5 pmb:46 smb:8109 d:t ref:0 ;
in:1848 out:1850 type:b dur:2 cpbdur:2 q:34.83 aq:35.13 tex:311 mv:212 misc:557 imb:1 pmb:34 smb:8125 d:t ref:0 ;
in:1850 out:1851 type:b dur:2 cpbdur:2 q:34.82 aq:35.07 tex:373 mv:892 misc:551 imb:6 pmb:117 smb:8037 d:- ref:0 ;
in:1856 out:1852 type:P dur:2 cpbdur:2 q:34.68 aq:26.10 tex:83919 mv:4552 misc:4729 imb:35 pmb:1664 smb:6461 d:t ref:0 ;
in:1853 out:1853 type:B dur:2 cpbdur:2 q:34.74 aq:33.14 tex:850 mv:396 misc:650 imb:4 pmb:43 smb:8113 d:t ref:0 ;
in:1852 out:1854 type:b dur:2 cpbdur:2 q:34.74 aq:35.13 tex:263 mv:138 misc:495 imb:0 pmb:16 smb:8144 d:t ref:0 ;
in:1854 out:1855 type:b dur:2 cpbdur:2 q:34.74 aq:34.99 tex:271 mv:1044 misc:573 imb:9 pmb:118 smb:8033 d:- ref:0 ;
in:1855 out:1856 type:b dur:2 cpbdur:2 q:34.73 aq:35.09 tex:300 mv:998 misc:550 imb:3 pmb:121 smb:8036 d:- ref:0 ;
in:1860 out:1857 type:P dur:2 cpbdur:2 q:34.60 aq:25.63 tex:77513 mv:4008 misc:4815 imb:29 pmb:1510 smb:6621 d:t ref:0 ;
in:1858 out:1858 type:B dur:2 cpbdur:2 q:34.68 aq:33.21 tex:777 mv:340 misc:603 imb:6 pmb:35 smb:8119 d:t ref:0 ;
in:1857 out:1859 type:b dur:2 cpbdur:2 q:34.68 aq:35.16 tex:432 mv:137 misc:519 imb:0 pmb:21 smb:8139 d:t ref:0 ;
in:1859 out:1860 type:b dur:2 cpbdur:2 q:34.68 aq:35.21 tex:325 mv:877 misc:558 imb:7 pmb:117 smb:8036 d:- ref:0 ;
in:1862 out:1861 type:P dur:2 cpbdur:2 q:34.94 aq:26.30 tex:58390 mv:2809 misc:4345 imb:19 pmb:1410 smb:6731 d:t ref:0 ;
in:1861 out:1862 type:b dur:2 cpbdur:2 q:34.95 aq:35.38 tex:470 mv:170 misc:496 imb:0 pmb:21 smb:8139 d:t ref:0 ;
in:1867 out:1863 type:P dur:2 cpbdur:2 q:34.52 aq:25.88 tex:81535 mv:4475 misc:4550 imb:41 pmb:1558 smb:6561 d:t ref:0 ;
in:1864 out:1864 type:B dur:2 cpbdur:2 q:34.94 aq:33.32 tex:2699 mv:565 misc:648 imb:7 pmb:70 smb:8083 d:t ref:0 ;
in:1863 out:1865 type:b dur:2 cpbdur:2 q:34.94 aq:35.23 tex:404 mv:328 misc:540 imb:3 pmb:51 smb:8106 d:t ref:0 ;
in:1865 out:1866 type:b dur:2 cpbdur:2 q:34.94 aq:35.33 tex:1052 mv:1052 misc:568 imb:7 pmb:132 smb:8021 d:- ref:0 ;
in:1866 out:1867 type:b dur:2 cpbdur:2 q:34.94 aq:35.30 tex:1139 mv:1105 misc:588 imb:6 pmb:136 smb:8018 d:- ref:0 ;
in:1872 out:1868 type:P dur:2 cpbdur:2 q:34.43 aq:25.81 tex:97336 mv:4999 misc:4745 imb:66 pmb:1709 smb:6385 d:t ref:0 ;
in:1869 out:1869 type:B dur:2 cpbdur:2 q:34.52 aq:32.70 tex:1676 mv:522 misc:706 imb:3 pmb:88 smb:8069 d:t ref:0 ;
in:1868 out:1870 type:b dur:2 cpbdur:2 q:34.52 aq:35.53 tex:348 mv:202 misc:530 imb:0 pmb:28 smb:8132 d:t ref:0 ;
in:1870 out:1871 type:b dur:2 cpbdur:2 q:34.52 aq:35.46 tex:244 mv:1020 misc:560 imb:4 pmb:130 smb:8026 d:- ref:0 ;
in:1871 out:1872 type:b dur:2 cpbdur:2 q:34.52 aq:35.42 tex:371 mv:1111 misc:598 imb:8 pmb:132 smb:8020 d:- ref:0 ;
in:1875 out:1873 type:P dur:2 cpbdur:2 q:34.73 aq:26.43 tex:64102 mv:3442 misc:3888 imb:20 pmb:1278 smb:6862 d:t ref:0 ;
in:1873 out:1874 type:B dur:2 cpbdur:2 q:34.75 aq:33.80 tex:393 mv:252 misc:563 imb:0 pmb:57 smb:8103 d:t ref:0 ;
in:1874 out:1875 type:b dur:2 cpbdur:2 q:34.75 aq:35.10 tex:470 mv:913 misc:569 imb:5 pmb:121 smb:8034 d:- ref:0 ;
in:1878 out:1876 type:P dur:2 cpbdur:2 q:35.03 aq:27.10 tex:50605 mv:3228 misc:3119 imb:30 pmb:1003 smb:7127 d:t ref:0 ;
in:1876 out:1877 type:B dur:2 cpbdur:2 q:35.11 aq:33.88 tex:354 mv:219 misc:539 imb:0 pmb:52 smb:8108 d:t ref:0 ;
in:1877 out:1878 type:b dur:2 cpbdur:2 q:35.11 aq:35.00 tex:228 mv:908 misc:560 imb:9 pmb:125 smb:8026 d:- ref:0 ;
in:1881 out:1879 type:P dur:2 cpbdur:2 q:34.72 aq:26.12 tex:68906 mv:3668 misc:4202 imb:44 pmb:1387 smb:6729 d:t ref:0 ;
in:1879 out:1880 type:B dur:2 cpbdur:2 q:35.14 aq:33.77 tex:684 mv:234 misc:538 imb:0 pmb:28 smb:8132 d:t ref:0 ;
in:1880 out:1881 type:b dur:2 cpbdur:2 q:35.14 aq:35.03 tex:305 mv:907 misc:540 imb:6 pmb:118 smb:8036 d:- ref:0 ;
in:1883 out:1882 type:P dur:2 cpbdur:2 q:34.83 aq:26.23 tex:57469 mv:2850 misc:3337 imb:25 pmb:1037 smb:7098 d:t ref:0 ;
in:1882 out:1883 type:b dur:2 cpbdur:2 q:35.09 aq:34.21 tex:131 mv:178 misc:515 imb:1 pmb:44 smb:8115 d:t ref:0 ;
in:1888 out:1884 type:P dur:2 cpbdur:2 q:34.56 aq:26.25 tex:67694 mv:4238 misc:3956 imb:43 pmb:1298 smb:6819 d:t ref:0 ;
in:1885 out:1885 type:B dur:2 cpbdur:2 q:35.06 aq:32.25 tex:816 mv:395 misc:669 imb:3 pmb:71 smb:8086 d:t ref:0 ;
in:1884 out:1886 type:b dur:2 cpbdur:2 q:35.06 aq:34.82 tex:237 mv:185 misc:562 imb:0 pmb:28 smb:8132 d:t ref:0 ;
in:1886 out:1887 type:b dur:2 cpbdur:2 q:35.06 aq:34.61 tex:410 mv:1044 misc:554 imb:9 pmb:123 smb:8028 d:- ref:0 ;
in:1887 out:1888 type:b dur:2 cpbdur:2 q:35.06 aq:34.81 tex:279 mv:1019 misc:558 imb:4 pmb:128 smb:8028 d:- ref:0 ;
in:1892 out:1889 type:P dur:2 cpbdur:2 q:34.81 aq:26.78 tex:52827 mv:3133 misc:3784 imb:27 pmb:1174 smb:6959 d:t ref:0 ;
in:1890 out:1890 type:B dur:2 cpbdur:2 q:34.90 aq:32.11 tex:364 mv:198 misc:550 imb:2 pmb:25 smb:8133 d:t ref:0 ;
in:1889 out:1891 type:b dur:2 cpbdur:2 q:34.90 aq:34.17 tex:216 mv:62 misc:474 imb:0 pmb:13 smb:8147 d:t ref:0 ;
in:1891 out:1892 type:b dur:2 cpbdur:2 q:34.90 aq:34.15 tex:415 mv:863 misc:530 imb:5 pmb:113 smb:8042 d:- ref:0 ;
in:1896 out:1893 type:P dur:2 cpbdur:2 q:34.50 aq:26.02 tex:63255 mv:3777 misc:4128 imb:40 pmb:1311 smb:6809 d:t ref:0 ;
in:1894 out:1894 type:B dur:2 cpbdur:2 q:34.93 aq:32.47 tex:927 mv:332 misc:629 imb:1 pmb:49 smb:8110 d:t ref:0 ;
in:1893 out:1895 type:b dur:2 cpbdur:2 q:34.93 aq:34.21 tex:356 mv:234 misc:522 imb:1 pmb:22 smb:8137 d:t ref:0 ;
in:1895 out:1896 type:b dur:2 cpbdur:2 q:34.93 aq:34.44 tex:384 mv:967 misc:601 imb:5 pmb:123 smb:8032 d:- ref:0 ;
in:1900 out:1897 type:P dur:2 cpbdur:2 q:34.62 aq:26.44 tex:63187 mv:3748 misc:3649 imb:57 pmb:1199 smb:6904 d:t ref:0 ;
in:1898 out:1898 type:B dur:2 cpbdur:2 q:34.86 aq:32.55 tex:2294 mv:648 misc:650 imb:2 pmb:80 smb:8078 d:t ref:0 ;
in:1897 out:1899 type:b dur:2 cpbdur:2 q:34.86 aq:34.51 tex:812 mv:330 misc:538 imb:1 pmb:51 smb:8108 d:t ref:0 ;
in:1899 out:1900 type:b dur:2 cpbdur:2 q:34.86 aq:34.33 tex:612 mv:946 misc:650 imb:6 pmb:141 smb:8013 d:- ref:0 ;
in:1902 out:1901 type:P dur:2 cpbdur:2 q:34.69 aq:26.28 tex:81810 mv:3084 misc:4234 imb:21 pmb:1571 smb:6568 d:t ref:0 ;
in:1901 out:1902 type:b dur:2 cpbdur:2 q:34.99 aq:34.71 tex:384 mv:146 misc:486 imb:0 pmb:18 smb:8142 d:t ref:0 ;
in:1904 out:1903 type:P dur:2 cpbdur:2 q:34.29 aq:25.27 tex:88221 mv:3272 misc:4739 imb:28 pmb:1576 smb:6556 d:t ref:0 ;
in:1903 out:1904 type:b dur:2 cpbdur:2 q:34.89 aq:34.26 tex:289 mv:203 misc:548 imb:0 pmb:53 smb:8107 d:t ref:0 ;
in:1908 out:1905 type:P dur:2 cpbdur:2 q:34.24 aq:25.35 tex:70263 mv:3810 misc:4319 imb:36 pmb:1413 smb:6711 d:t ref:0 ;
in:1906 out:1906 type:B dur:2 cpbdur:2 q:34.59 aq:32.66 tex:583 mv:275 misc:622 imb:0 pmb:43 smb:8117 d:t ref:0 ;
in:1905 out:1907 type:b dur:2 cpbdur:2 q:34.59 aq:34.17 tex:199 mv:177 misc:560 imb:0 pmb:31 smb:8129 d:t ref:0 ;
in:1907 out:1908 type:b dur:2 cpbdur:2 q:34.59 aq:34.59 tex:332 mv:865 misc:555 imb:6 pmb:115 smb:8039 d:- ref:0 ;
in:1912 out:1909 type:P dur:2 cpbdur:2 q:34.34 aq:26.11 tex:70438 mv:3858 misc:4040 imb:33 pmb:1395 smb:6732 d:t ref:0 ;
in:1910 out:1910 type:B dur:2 cpbdur:2 q:34.67 aq:32.63 tex:296 mv:294 misc:634 imb:0 pmb:45 smb:8115 d:t ref:0 ;
in:1909 out:1911 type:b dur:2 cpbdur:2 q:34.67 aq:34.53 tex:104 mv:131 misc:525 imb:0 pmb:19 smb:8141 d:t ref:0 ;
in:1911 out:1912 type:b dur:2 cpbdur:2 q:34.67 aq:34.28 tex:113 mv:875 misc:564 imb:4 pmb:119 smb:8037 d:- ref:0 ;
in:1916 out:1913 type:P dur:2 cpbdur:2 q:34.15 aq:26.06 tex:86418 mv:4777 misc:4333 imb:160 pmb:1386 smb:6614 d:t ref:0 ;
in:1914 out:1914 type:B dur:2 cpbdur:2 q:34.60 aq:33.54 tex:715 mv:427 misc:738 imb:2 pmb:218 smb:7940 d:s ref:0 ;
in:1913 out:1915 type:b dur:2 cpbdur:2 q:34.60 aq:34.64 tex:135 mv:94 misc:499 imb:0 pmb:18 smb:8142 d:t ref:0 ;
in:1915 out:1916 type:b dur:2 cpbdur:2 q:34.60 aq:35.84 tex:7854 mv:1633 misc:801 imb:25 pmb:253 smb:7882 d:- ref:0 ;
in:1920 out:1917 type:P dur:2 cpbdur:2 q:34.03 aq:25.88 tex:100178 mv:5584 misc:4766 imb:141 pmb:1584 smb:6435 d:t ref:0 ;
in:1918 out:1918 type:B dur:2 cpbdur:2 q:34.36 aq:34.05 tex:9856 mv:1480 misc:968 imb:42 pmb:219 smb:7899 d:t ref:0 ;
in:1917 out:1919 type:b dur:2 cpbdur:2 q:34.36 aq:36.55 tex:7296 mv:1136 misc:768 imb:40 pmb:184 smb:7936 d:t ref:0 ;
in:1919 out:1920 type:b dur:2 cpbdur:2 q:34.36 aq:36.33 tex:6535 mv:1577 misc:824 imb:41 pmb:225 smb:7894 d:- ref:0 ;
in:1924 out:1921 type:P dur:2 cpbdur:2 q:34.00 aq:26.00 tex:98449 mv:4829 misc:4762 imb:90 pmb:1654 smb:6416 d:t ref:0 ;
in:1922 out:1922 type:B dur:2 cpbdur:2 q:34.32 aq:34.45 tex:6922 mv:794 misc:924 imb:21 pmb:180 smb:7959 d:t ref:0 ;
in:1921 out:1923 type:b dur:2 cpbdur:2 q:34.32 aq:36.66 tex:5423 mv:758 misc:659 imb:27 pmb:165 smb:7968 d:t ref:0 ;
in:1923 out:1924 type:b dur:2 cpbdur:2 q:34.32 aq:35.49 tex:7284 mv:1250 misc:690 imb:24 pmb:190 smb:7946 d:- ref:0 ;
in:1926 out:1925 type:P dur:2 cpbdur:2 q:33.98 aq:25.50 tex:92383 mv:3673 misc:4440 imb:94 pmb:1410 smb:6656 d:t ref:0 ;
in:1925 out:1926 type:b dur:2 cpbdur:2 q:34.30 aq:36.15 tex:6318 mv:597 misc:637 imb:13 pmb:139 smb:8008 d:t ref:0 ;
in:1930 out:1927 type:P dur:2 cpbdur:2 q:33.94 aq:26.01 tex:82632 mv:4588 misc:4348 imb:106 pmb:1490 smb:6564 d:t ref:0 ;
in:1928 out:1928 type:B dur:2 cpbdur:2 q:34.28 aq:34.78 tex:7507 mv:831 misc:726 imb:17 pmb:134 smb:8009 d:t ref:0 ;
in:1927 out:1929 type:b dur:2 cpbdur:2 q:34.28 aq:36.81 tex:5278 mv:631 misc:611 imb:20 pmb:72 smb:8068 d:t ref:0 ;
in:1929 out:1930 type:b dur:2 cpbdur:2 q:34.28 aq:35.44 tex:6997 mv:1289 misc:650 imb:26 pmb:164 smb:7970 d:- ref:0 ;
in:1935 out:1931 type:P dur:2 cpbdur:2 q:33.91 aq:26.17 tex:99625 mv:4970 misc:4389 imb:106 pmb:1566 smb:6488 d:t ref:0 ;
in:1932 out:1932 type:B dur:2 cpbdur:2 q:34.28 aq:34.32 tex:7860 mv:846 misc:742 imb:18 pmb:110 smb:8032 d:t ref:0 ;
in:1931 out:1933 type:b dur:2 cpbdur:2 q:34.28 aq:36.88 tex:4885 mv:515 misc:624 imb:9 pmb:85 smb:8066 d:t ref:0 ;
in:1933 out:1934 type:b dur:2 cpbdur:2 q:34.28 aq:36.18 tex:6310 mv:1581 misc:693 imb:14 pmb:210 smb:7936 d:- ref:0 ;
in:1934 out:1935 type:b dur:2 cpbdur:2 q:34.28 aq:36.31 tex:5034 mv:1414 misc:672 imb:3 pmb:217 smb:7940 d:- ref:0 ;
in:1939 out:1936 type:P dur:2 cpbdur:2 q:33.93 aq:26.77 tex:86654 mv:4730 misc:3936 imb:103 pmb:1376 smb:6681 d:t ref:0 ;
in:1937 out:1937 type:B dur:2 cpbdur:2 q:34.24 aq:33.36 tex:7880 mv:656 misc:768 imb:7 pmb:112 smb:8041 d:t ref:0 ;
in:1936 out:1938 type:b dur:2 cpbdur:2 q:34.24 aq:35.63 tex:2247 mv:235 misc:590 imb:1 pmb:77 smb:8082 d:t ref:0 ;
in:1938 out:1939 type:b dur:2 cpbdur:2 q:34.24 aq:35.49 tex:2154 mv:942 misc:640 imb:6 pmb:157 smb:7997 d:- ref:0 ;
in:1942 out:1940 type:P dur:2 cpbdur:2 q:33.86 aq:26.23 tex:108807 mv:4451 misc:4574 imb:49 pmb:1857 smb:6254 d:t ref:0 ;
in:1940 out:1941 type:B dur:2 cpbdur:2 q:34.17 aq:33.09 tex:429 mv:239 misc:580 imb:2 pmb:53 smb:8105 d:t ref:0 ;
in:1941 out:1942 type:b dur:2 cpbdur:2 q:34.17 aq:34.20 tex:548 mv:973 misc:615 imb:11 pmb:132 smb:8017 d:- ref:0 ;
in:1945 out:1943 type:P dur:2 cpbdur:2 q:33.94 aq:26.67 tex:89339 mv:3854 misc:3799 imb:68 pmb:1348 smb:6744 d:t ref:0 ;
in:1943 out:1944 type:B dur:2 cpbdur:2 q:34.12 aq:32.76 tex:554 mv:254 misc:576 imb:0 pmb:34 smb:8126 d:t ref:0 ;
in:1944 out:1945 type:b dur:2 cpbdur:2 q:34.12 aq:34.01 tex:276 mv:910 misc:550 imb:9 pmb:116 smb:8035 d:- ref:0 ;
in:1949 out:1946 type:P dur:2 cpbdur:2 q:33.96 aq:26.63 tex:94783 mv:4034 misc:3663 imb:62 pmb:1339 smb:6759 d:t ref:0 ;
in:1947 out:1947 type:B dur:2 cpbdur:2 q:34.13 aq:33.53 tex:2369 mv:641 misc:782 imb:3 pmb:96 smb:8061 d:t ref:0 ;
in:1946 out:1948 type:b dur:2 cpbdur:2 q:34.13 aq:34.14 tex:115 mv:299 misc:666 imb:0 pmb:71 smb:8089 d:t ref:0 ;
in:1948 out:1949 type:b dur:2 cpbdur:2 q:34.13 aq:34.39 tex:215 mv:895 misc:634 imb:2 pmb:138 smb:8020 d:- ref:0 ;
in:1953 out:1950 type:P dur:2 cpbdur:2 q:33.28 aq:25.40 tex:126186 mv:4508 misc:5138 imb:42 pmb:2088 smb:6030 d:t ref:0 ;
in:1951 out:1951 type:B dur:2 cpbdur:2 q:34.10 aq:32.59 tex:924 mv:322 misc:586 imb:0 pmb:41 smb:8119 d:t ref:0 ;
in:1950 out:1952 type:b dur:2 cpbdur:2 q:34.10 aq:34.43 tex:381 mv:195 misc:528 imb:0 pmb:24 smb:8136 d:t ref:0 ;
in:1952 out:1953 type:b dur:2 cpbdur:2 q:34.10 aq:34.34 tex:408 mv:930 misc:582 imb:6 pmb:122 smb:8032 d:- ref:0 ;
in:1955 out:1954 type:P dur:2 cpbdur:2 q:33.54 aq:25.93 tex:56587 mv:2552 misc:3869 imb:19 pmb:1188 smb:6953 d:t ref:0 ;
in:1954 out:1955 type:b dur:2 cpbdur:2 q:33.56 aq:34.56 tex:311 mv:156 misc:517 imb:0 pmb:22 smb:8138 d:t ref:0 ;
in:1960 out:1956 type:P dur:2 cpbdur:2 q:33.20 aq:25.87 tex:78733 mv:4440 misc:3723 imb:40 pmb:1302 smb:6818 d:t ref:0 ;
in:1957 out:1957 type:B dur:2 cpbdur:2 q:33.54 aq:31.28 tex:1569 mv:755 misc:772 imb:4 pmb:74 smb:8082 d:t ref:0 ;
in:1956 out:1958 type:b dur:2 cpbdur:2 q:33.54 aq:33.54 tex:344 mv:250 misc:622 imb:0 pmb:38 smb:8122 d:t ref:0 ;
in:1958 out:1959 type:b dur:2 cpbdur:2 q:33.54 aq:33.45 tex:543 mv:1074 misc:567 imb:8 pmb:123 smb:8029 d:- ref:0 ;
in:1959 out:1960 type:b dur:2 cpbdur:2 q:33.54 aq:33.00 tex:88 mv:1051 misc:565 imb:5 pmb:129 smb:8026 d:- ref:0 ;
in:1963 out:1961 type:P dur:2 cpbdur:2 q:33.11 aq:26.13 tex:61632 mv:3107 misc:3413 imb:21 pmb:1093 smb:7046 d:t ref:0 ;
in:1961 out:1962 type:B dur:2 cpbdur:2 q:33.20 aq:32.26 tex:130 mv:200 misc:542 imb:0 pmb:27 smb:8133 d:t ref:0 ;
in:1962 out:1963 type:b dur:2 cpbdur:2 q:33.20 aq:33.12 tex:208 mv:905 misc:559 imb:4 pmb:119 smb:8037 d:- ref:0 ;
in:1965 out:1964 type:P dur:2 cpbdur:2 q:33.06 aq:25.85 tex:61649 mv:2770 misc:3589 imb:30 pmb:1141 smb:6989 d:t ref:0 ;
in:1964 out:1965 type:b dur:2 cpbdur:2 q:33.11 aq:33.35 tex:277 mv:158 misc:509 imb:0 pmb:23 smb:8137 d:t ref:0 ;
in:1968 out:1966 type:P dur:2 cpbdur:2 q:33.63 aq:25.79 tex:114348 mv:4147 misc:5633 imb:37 pmb:2408 smb:5715 d:t ref:0 ;
in:1966 out:1967 type:B dur:2 cpbdur:2 q:34.10 aq:33.24 tex:493 mv:189 misc:518 imb:1 pmb:24 smb:8135 d:t ref:0 ;
in:1967 out:1968 type:b dur:2 cpbdur:2 q:34.57 aq:33.52 tex:232 mv:919 misc:553 imb:5 pmb:115 smb:8040 d:- ref:0 ;
in:1970 out:1969 type:P dur:2 cpbdur:2 q:33.82 aq:26.74 tex:42477 mv:2485 misc:3366 imb:17 pmb:1043 smb:7100 d:t ref:0 ;
in:1969 out:1970 type:b dur:2 cpbdur:2 q:34.10 aq:33.08 tex:62 mv:115 misc:479 imb:0 pmb:13 smb:8147 d:t ref:0 ;
in:1972 out:1971 type:P dur:2 cpbdur:2 q:32.99 aq:25.09 tex:119289 mv:3426 misc:6213 imb:15 pmb:2484 smb:5661 d:t ref:0 ;
in:1971 out:1972 type:b dur:2 cpbdur:2 q:33.97 aq:33.10 tex:128 mv:93 misc:451 imb:0 pmb:11 smb:8149 d:t ref:0 ;
in:1974 out:1973 type:P dur:2 cpbdur:2 q:32.98 aq:25.17 tex:95454 mv:3326 misc:5180 imb:17 pmb:1760 smb:6383 d:t ref:0 ;
in:1973 out:1974 type:b dur:2 cpbdur:2 q:32.99 aq:33.03 tex:278 mv:194 misc:560 imb:1 pmb:52 smb:8107 d:t ref:0 ;
in:1976 out:1975 type:P dur:2 cpbdur:2 q:32.97 aq:33.59 tex:3487 mv:1564 misc:1077 imb:17 pmb:223 smb:7920 d:t ref:0 ;
in:1975 out:1976 type:b dur:2 cpbdur:2 q:32.98 aq:33.13 tex:457 mv:166 misc:561 imb:0 pmb:28 smb:8132 d:t ref:0 ;
in:1977 out:1977 type:I dur:2 cpbdur:2 q:33.50 aq:25.34 tex:2254356 mv:123596 misc:288 imb:8160 pmb:0 smb:0 d:t ref:;
in:1979 out:1978 type:P dur:2 cpbdur:2 q:33.79 aq:25.46 tex:52897 mv:3131 misc:4340 imb:21 pmb:1277 smb:6862 d:t ref:0 ;
in:1978 out:1979 type:b dur:2 cpbdur:2 q:33.79 aq:34.10 tex:332 mv:172 misc:496 imb:2 pmb:18 smb:8140 d:t ref:0 ;
in:1981 out:1980 type:P dur:2 cpbdur:2 q:33.77 aq:25.63 tex:101775 mv:4009 misc:5464 imb:25 pmb:2207 smb:5928 d:t ref:0 ;
in:1980 out:1981 type:b dur:2 cpbdur:2 q:33.79 aq:34.12 tex:237 mv:124 misc:503 imb:0 pmb:20 smb:8140 d:t ref:0 ;
in:1983 out:1982 type:P dur:2 cpbdur:2 q:33.75 aq:25.78 tex:61829 mv:3327 misc:4220 imb:15 pmb:1365 smb:6780 d:t ref:0 ;
in:1982 out:1983 type:b dur:2 cpbdur:2 q:33.77 aq:34.18 tex:509 mv:207 misc:516 imb:1 pmb:26 smb:8133 d:t ref:0 ;
in:1985 out:1984 type:P dur:2 cpbdur:2 q:33.72 aq:25.69 tex:58057 mv:3170 misc:3749 imb:31 pmb:1136 smb:6993 d:t ref:0 ;
in:1984 out:1985 type:b dur:2 cpbdur:2 q:33.75 aq:34.20 tex:1177 mv:331 misc:572 imb:0 pmb:57 smb:8103 d:t ref:0 ;
in:1989 out:1986 type:P dur:2 cpbdur:2 q:33.70 aq:25.82 tex:72749 mv:4512 misc:3899 imb:40 pmb:1368 smb:6752 d:t ref:0 ;
in:1987 out:1987 type:B dur:2 cpbdur:2 q:33.72 aq:32.94 tex:1191 mv:583 misc:802 imb:3 pmb:101 smb:8056 d:t ref:0 ;
in:1986 out:1988 type:b dur:2 cpbdur:2 q:33.72 aq:34.96 tex:1031 mv:379 misc:646 imb:2 pmb:72 smb:8086 d:t ref:0 ;
in:1988 out:1989 type:b dur:2 cpbdur:2 q:33.72 aq:34.35 tex:311 mv:933 misc:572 imb:5 pmb:124 smb:8031 d:- ref:0 ;
in:1993 out:1990 type:P dur:2 cpbdur:2 q:33.63 aq:25.50 tex:76761 mv:4267 misc:4484 imb:41 pmb:1504 smb:6615 d:t ref:0 ;
in:1991 out:1991 type:B dur:2 cpbdur:2 q:33.70 aq:33.13 tex:1534 mv:454 misc:716 imb:4 pmb:71 smb:8085 d:t ref:0 ;
in:1990 out:1992 type:b dur:2 cpbdur:2 q:33.70 aq:34.41 tex:781 mv:440 misc:659 imb:1 pmb:61 smb:8098 d:t ref:0 ;
in:1992 out:1993 type:b dur:2 cpbdur:2 q:33.70 aq:34.32 tex:360 mv:930 misc:590 imb:6 pmb:123 smb:8031 d:- ref:0 ;
in:1995 out:1994 type:P dur:2 cpbdur:2 q:33.54 aq:25.19 tex:53333 mv:2534 misc:3917 imb:13 pmb:1178 smb:6969 d:t ref:0 ;
in:1994 out:1995 type:b dur:2 cpbdur:2 q:33.63 aq:34.33 tex:449 mv:141 misc:490 imb:0 pmb:18 smb:8142 d:t ref:0 ;
in:1997 out:1996 type:P dur:2 cpbdur:2 q:33.52 aq:25.61 tex:67324 mv:3211 misc:4025 imb:49 pmb:1297 smb:6814 d:t ref:0 ;
in:1996 out:1997 type:b dur:2 cpbdur:2 q:33.54 aq:35.13 tex:438 mv:213 misc:573 imb:0 pmb:57 smb:8103 d:t ref:0 ;
in:2000 out:1998 type:P dur:2 cpbdur:2 q:33.52 aq:25.79 tex:74975 mv:4082 misc:3895 imb:28 pmb:1426 smb:6706 d:t ref:0 ;
in:1998 out:1999 type:B dur:2 cpbdur:2 q:33.52 aq:33.16 tex:685 mv:317 misc:582 imb:2 pmb:36 smb:8122 d:t ref:0 ;
in:1999 out:2000 type:b dur:2 cpbdur:2 q:33.52 aq:34.21 tex:446 mv:946 misc:592 imb:5 pmb:129 smb:8026 d:- ref:0 ;
in:2002 out:2001 type:P dur:2 cpbdur:2 q:33.51 aq:25.64 tex:72317 mv:3402 misc:3681 imb:77 pmb:1138 smb:6945 d:t ref:0 ;
in:2001 out:2002 type:b dur:2 cpbdur:2 q:33.52 aq:34.77 tex:620 mv:397 misc:647 imb:0 pmb:101 smb:8059 d:t ref:0 ;
in:2004 out:2003 type:P dur:2 cpbdur:2 q:33.48 aq:25.53 tex:60152 mv:2817 misc:3927 imb:22 pmb:1208 smb:6930 d:t ref:0 ;
in:2003 out:2004 type:b dur:2 cpbdur:2 q:33.51 aq:34.27 tex:700 mv:238 misc:582 imb:1 pmb:59 smb:8100 d:t ref:0 ;
in:2006 out:2005 type:P dur:2 cpbdur:2 q:33.46 aq:25.45 tex:44041 mv:2771 misc:3700 imb:18 pmb:1069 smb:7073 d:t ref:0 ;
in:2005 out:2006 type:b dur:2 cpbdur:2 q:33.48 aq:34.34 tex:351 mv:171 misc:526 imb:0 pmb:23 smb:8137 d:t ref:0 ;
in:2010 out:2007 type:P dur:2 cpbdur:2 q:33.43 aq:25.98 tex:61477 mv:4161 misc:3522 imb:32 pmb:1202 smb:6926 d:t ref:0 ;
in:2008 out:2008 type:B dur:2 cpbdur:2 q:33.46 aq:32.25 tex:3930 mv:845 misc:809 imb:7 pmb:110 smb:8043 d:t ref:0 ;
in:2007 out:2009 type:b dur:2 cpbdur:2 q:33.46 aq:34.32 tex:436 mv:421 misc:671 imb:1 pmb:76 smb:8083 d:t ref:0 ;
in:2009 out:2010 type:b dur:2 cpbdur:2 q:33.46 aq:34.20 tex:806 mv:1030 misc:692 imb:3 pmb:156 smb:8001 d:- ref:0 ;
in:2013 out:2011 type:P dur:2 cpbdur:2 q:33.38 aq:25.37 tex:103907 mv:4538 misc:4931 imb:24 pmb:1950 smb:6186 d:t ref:0 ;
in:2011 out:2012 type:B dur:2 cpbdur:2 q:33.43 aq:32.49 tex:1703 mv:443 misc:710 imb:2 pmb:96 smb:8062 d:t ref:0 ;
in:2012 out:2013 type:b dur:2 cpbdur:2 q:33.43 aq:34.09 tex:1094 mv:1076 misc:686 imb:4 pmb:162 smb:7994 d:- ref:0 ;
in:2015 out:2014 type:P dur:2 cpbdur:2 q:33.36 aq:25.19 tex:63207 mv:3421 misc:4436 imb:14 pmb:1396 smb:6750 d:t ref:0 ;
in:2014 out:2015 type:b dur:2 cpbdur:2 q:33.38 aq:34.17 tex:725 mv:276 misc:583 imb:0 pmb:40 smb:8120 d:t ref:0 ;
in:2017 out:2016 type:P dur:2 cpbdur:2 q:33.33 aq:25.30 tex:78504 mv:3690 misc:4166 imb:32 pmb:1393 smb:6735 d:t ref:0 ;
in:2016 out:2017 type:b dur:2 cpbdur:2 q:33.36 aq:34.19 tex:718 mv:330 misc:608 imb:1 pmb:72 smb:8087 d:t ref:0 ;
in:2022 out:2018 type:P dur:2 cpbdur:2 q:33.31 aq:25.88 tex:98923 mv:5426 misc:4371 imb:44 pmb:1738 smb:6378 d:t ref:0 ;
in:2019 out:2019 type:B dur:2 cpbdur:2 q:33.33 aq:31.36 tex:4626 mv:1284 misc:1018 imb:12 pmb:170 smb:7978 d:t ref:0 ;
in:2018 out:2020 type:b dur:2 cpbdur:2 q:33.33 aq:34.13 tex:652 mv:473 misc:763 imb:1 pmb:92 smb:8067 d:t ref:0 ;
in:2020 out:2021 type:b dur:2 cpbdur:2 q:33.33 aq:34.06 tex:839 mv:1161 misc:656 imb:8 pmb:148 smb:8004 d:- ref:0 ;
in:2021 out:2022 type:b dur:2 cpbdur:2 q:33.33 aq:34.14 tex:734 mv:1164 misc:654 imb:4 pmb:153 smb:8003 d:- ref:0 ;
in:2025 out:2023 type:P dur:2 cpbdur:2 q:33.24 aq:25.30 tex:92039 mv:4410 misc:4351 imb:38 pmb:1594 smb:6528 d:t ref:0 ;
in:2023 out:2024 type:B dur:2 cpbdur:2 q:33.31 aq:32.43 tex:1262 mv:447 misc:723 imb:2 pmb:85 smb:8073 d:t ref:0 ;
in:2024 out:2025 type:b dur:2 cpbdur:2 q:33.31 aq:34.09 tex:339 mv:953 misc:668 imb:5 pmb:132 smb:8023 d:- ref:0 ;
in:2029 out:2026 type:P dur:2 cpbdur:2 q:33.21 aq:25.67 tex:75788 mv:4329 misc:3987 imb:38 pmb:1401 smb:6721 d:t ref:0 ;
in:2027 out:2027 type:B dur:2 cpbdur:2 q:33.24 aq:31.21 tex:2430 mv:656 misc:850 imb:3 pmb:96 smb:8061 d:t ref:0 ;
in:2026 out:2028 type:b dur:2 cpbdur:2 q:33.24 aq:33.39 tex:665 mv:424 misc:655 imb:0 pmb:52 smb:8108 d:t ref:0 ;
in:2028 out:2029 type:b dur:2 cpbdur:2 q:33.24 aq:34.22 tex:1255 mv:1081 misc:648 imb:7 pmb:143 smb:8010 d:- ref:0 ;
in:2032 out:2030 type:P dur:2 cpbdur:2 q:33.15 aq:25.51 tex:111711 mv:5106 misc:4247 imb:107 pmb:1560 smb:6493 d:t ref:0 ;
in:2030 out:2031 type:B dur:2 cpbdur:2 q:33.21 aq:33.30 tex:1988 mv:687 misc:797 imb:4 pmb:145 smb:8011 d:t ref:0 ;
in:2031 out:2032 type:b dur:2 cpbdur:2 q:33.21 aq:34.18 tex:1293 mv:1239 misc:828 imb:5 pmb:199 smb:7956 d:- ref:0 ;
in:2034 out:2033 type:P dur:2 cpbdur:2 q:33.14 aq:25.31 tex:133436 mv:6147 misc:3985 imb:290 pmb:1440 smb:6430 d:t ref:0 ;
in:2033 out:2034 type:b dur:2 cpbdur:2 q:33.15 aq:33.32 tex:8241 mv:1110 misc:865 imb:9 pmb:257 smb:7894 d:t ref:0 ;
in:2039 out:2035 type:P dur:2 cpbdur:2 q:33.17 aq:25.86 tex:131119 mv:6905 misc:3848 imb:105 pmb:1637 smb:6418 d:t ref:0 ;
in:2036 out:2036 type:B dur:2 cpbdur:2 q:33.17 aq:30.28 tex:23373 mv:3566 misc:1373 imb:54 pmb:455 smb:7651 d:t ref:0 ;
in:2035 out:2037 type:b dur:2 cpbdur:2 q:33.17 aq:33.30 tex:2302 mv:1114 misc:1040 imb:2 pmb:171 smb:7987 d:t ref:0 ;
in:2037 out:2038 type:b dur:2 cpbdur:2 q:33.17 aq:33.31 tex:3218 mv:1711 misc:1023 imb:10 pmb:282 smb:7868 d:- ref:0 ;
in:2038 out:2039 type:b dur:2 cpbdur:2 q:33.17 aq:33.32 tex:4725 mv:2083 misc:1080 imb:6 pmb:347 smb:7807 d:- ref:0 ;
in:2042 out:2040 type:P dur:2 cpbdur:2 q:33.14 aq:25.46 tex:196543 mv:7526 misc:4619 imb:275 pmb:1963 smb:5922 d:t ref:0 ;
in:2040 out:2041 type:B dur:2 cpbdur:2 q:33.22 aq:32.43 tex:22416 mv:3401 misc:1039 imb:41 pmb:303 smb:7816 d:t ref:0 ;
in:2041 out:2042 type:b dur:2 cpbdur:2 q:33.22 aq:34.42 tex:6859 mv:3238 misc:975 imb:12 pmb:339 smb:7809 d:- ref:0 ;
in:2044 out:2043 type:P dur:2 cpbdur:2 q:33.09 aq:25.07 tex:131588 mv:6212 misc:4048 imb:129 pmb:1658 smb:6373 d:t ref:0 ;
in:2043 out:2044 type:b dur:2 cpbdur:2 q:33.15 aq:34.60 tex:4577 mv:2103 misc:872 imb:6 pmb:227 smb:7927 d:t ref:0 ;
in:2048 out:2045 type:P dur:2 cpbdur:2 q:33.16 aq:26.40 tex:179409 mv:8374 misc:4025 imb:395 pmb:1684 smb:6081 d:t ref:0 ;
in:2046 out:2046 type:B dur:2 cpbdur:2 q:33.17 aq:34.55 tex:8223 mv:2368 misc:1521 imb:8 pmb:626 smb:7526 d:s ref:0 ;
in:2045 out:2047 type:b dur:2 cpbdur:2 q:33.17 aq:34.44 tex:4308 mv:1684 misc:1072 imb:1 pmb:300 smb:7859 d:t ref:0 ;
in:2047 out:2048 type:b dur:2 cpbdur:2 q:33.17 aq:34.60 tex:2114 mv:1410 misc:1084 imb:3 pmb:273 smb:7884 d:- ref:0 ;
in:2050 out:2049 type:P dur:2 cpbdur:2 q:33.51 aq:26.41 tex:140125 mv:7271 misc:3460 imb:327 pmb:1349 smb:6484 d:t ref:0 ;
in:2049 out:2050 type:b dur:2 cpbdur:2 q:33.52 aq:34.79 tex:21528 mv:4637 misc:1067 imb:201 pmb:306 smb:7653 d:t ref:0 ;
in:2053 out:2051 type:P dur:2 cpbdur:2 q:34.44 aq:27.13 tex:157314 mv:7005 misc:3289 imb:219 pmb:1335 smb:6606 d:t ref:0 ;
in:2051 out:2052 type:B dur:2 cpbdur:2 q:34.77 aq:32.81 tex:1483 mv:809 misc:996 imb:2 pmb:365 smb:7793 d:s ref:0 ;
in:2052 out:2053 type:b dur:2 cpbdur:2 q:34.77 aq:33.69 tex:728 mv:1110 misc:690 imb:6 pmb:144 smb:8010 d:- ref:0 ;
in:2056 out:2054 type:P dur:2 cpbdur:2 q:33.08 aq:25.45 tex:136437 mv:5348 misc:4391 imb:53 pmb:1925 smb:6182 d:t ref:0 ;
in:2054 out:2055 type:B dur:2 cpbdur:2 q:34.76 aq:32.79 tex:1686 mv:652 misc:766 imb:1 pmb:92 smb:8067 d:t ref:0 ;
in:2055 out:2056 type:b dur:2 cpbdur:2 q:34.76 aq:33.74 tex:981 mv:1151 misc:748 imb:4 pmb:165 smb:7991 d:- ref:0 ;
in:2058 out:2057 type:P dur:2 cpbdur:2 q:33.06 aq:25.59 tex:68233 mv:3704 misc:3647 imb:28 pmb:1236 smb:6896 d:t ref:0 ;
in:2057 out:2058 type:b dur:2 cpbdur:2 q:33.08 aq:33.39 tex:924 mv:510 misc:702 imb:0 pmb:81 smb:8079 d:t ref:0 ;
in:2062 out:2059 type:P dur:2 cpbdur:2 q:33.05 aq:26.01 tex:92624 mv:5143 misc:3849 imb:57 pmb:1498 smb:6605 d:t ref:0 ;
in:2060 out:2060 type:B dur:2 cpbdur:2 q:33.06 aq:33.73 tex:4034 mv:1244 misc:1066 imb:4 pmb:176 smb:7980 d:t ref:0 ;
in:2059 out:2061 type:b dur:2 cpbdur:2 q:33.06 aq:34.10 tex:1805 mv:614 misc:789 imb:1 pmb:90 smb:8069 d:t ref:0 ;
in:2061 out:2062 type:b dur:2 cpbdur:2 q:33.06 aq:33.96 tex:1993 mv:1279 misc:840 imb:6 pmb:193 smb:7961 d:- ref:0 ;
in:2064 out:2063 type:P dur:2 cpbdur:2 q:32.99 aq:26.02 tex:55921 mv:3451 misc:3196 imb:31 pmb:1082 smb:7047 d:t ref:0 ;
in:2063 out:2064 type:b dur:2 cpbdur:2 q:33.05 aq:33.42 tex:1629 mv:623 misc:684 imb:4 pmb:73 smb:8083 d:t ref:0 ;
in:2066 out:2065 type:P dur:2 cpbdur:2 q:32.98 aq:26.79 tex:58523 mv:3568 misc:2909 imb:26 pmb:1087 smb:7047 d:t ref:0 ;
in:2065 out:2066 type:b dur:2 cpbdur:2 q:32.99 aq:33.52 tex:1722 mv:527 misc:647 imb:0 pmb:64 smb:8096 d:t ref:0 ;
in:2068 out:2067 type:P dur:2 cpbdur:2 q:32.96 aq:26.73 tex:53512 mv:3598 misc:2722 imb:37 pmb:906 smb:7217 d:t ref:0 ;
in:2067 out:2068 type:b dur:2 cpbdur:2 q:32.98 aq:33.44 tex:1753 mv:643 misc:708 imb:2 pmb:87 smb:8071 d:t ref:0 ;
in:2072 out:2069 type:P dur:2 cpbdur:2 q:32.96 aq:26.97 tex:72271 mv:4606 misc:2859 imb:43 pmb:1127 smb:6990 d:t ref:0 ;
in:2070 out:2070 type:B dur:2 cpbdur:2 q:32.96 aq:31.63 tex:6199 mv:1407 misc:954 imb:4 pmb:171 smb:7985 d:t ref:0 ;
in:2069 out:2071 type:b dur:2 cpbdur:2 q:32.96 aq:33.41 tex:1583 mv:907 misc:830 imb:1 pmb:121 smb:8038 d:t ref:0 ;
in:2071 out:2072 type:b dur:2 cpbdur:2 q:32.96 aq:33.19 tex:1490 mv:1224 misc:774 imb:7 pmb:172 smb:7981 d:- ref:0 ;
in:2074 out:2073 type:P dur:2 cpbdur:2 q:32.90 aq:27.41 tex:49033 mv:3201 misc:2702 imb:17 pmb:981 smb:7162 d:t ref:0 ;
in:2073 out:2074 type:b dur:2 cpbdur:2 q:32.95 aq:33.34 tex:978 mv:328 misc:598 imb:1 pmb:41 smb:8118 d:t ref:0 ;
in:2078 out:2075 type:P dur:2 cpbdur:2 q:32.90 aq:27.47 tex:54624 mv:4263 misc:2329 imb:36 pmb:906 smb:7218 d:t ref:0 ;
in:2076 out:2076 type:B dur:2 cpbdur:2 q:32.90 aq:31.31 tex:3074 mv:1108 misc:874 imb:9 pmb:127 smb:8024 d:t ref:0 ;
in:2075 out:2077 type:b dur:2 cpbdur:2 q:32.90 aq:33.42 tex:942 mv:564 misc:726 imb:0 pmb:87 smb:8073 d:t ref:0 ;
in:2077 out:2078 type:b dur:2 cpbdur:2 q:32.90 aq:33.33 tex:1101 mv:1087 misc:652 imb:6 pmb:141 smb:8013 d:- ref:0 ;
in:2080 out:2079 type:P dur:2 cpbdur:2 q:32.83 aq:27.84 tex:39142 mv:2969 misc:2313 imb:22 pmb:792 smb:7346 d:t ref:0 ;
in:2079 out:2080 type:b dur:2 cpbdur:2 q:32.90 aq:33.42 tex:913 mv:356 misc:643 imb:1 pmb:64 smb:8095 d:t ref:0 ;
in:2081 out:2081 type:P dur:2 cpbdur:2 q:32.81 aq:27.94 tex:56688 mv:2516 misc:2572 imb:21 pmb:1048 smb:7091 d:t ref:0 ;
in:2083 out:2082 type:P dur:2 cpbdur:2 q:32.81 aq:28.10 tex:29592 mv:2355 misc:2125 imb:15 pmb:669 smb:7476 d:t ref:0 ;
in:2082 out:2083 type:b dur:2 cpbdur:2 q:32.81 aq:33.43 tex:262 mv:167 misc:523 imb:0 pmb:26 smb:8134 d:t ref:0 ;
in:2085 out:2084 type:P dur:2 cpbdur:2 q:32.77 aq:28.84 tex:25216 mv:2466 misc:1974 imb:11 pmb:645 smb:7504 d:t ref:0 ;
in:2084 out:2085 type:b dur:2 cpbdur:2 q:32.81 aq:33.42 tex:218 mv:116 misc:490 imb:0 pmb:17 smb:8143 d:t ref:0 ;
in:2089 out:2086 type:P dur:2 cpbdur:2 q:32.73 aq:30.96 tex:46126 mv:3653 misc:2045 imb:30 pmb:789 smb:7341 d:t ref:0 ;
in:2087 out:2087 type:B dur:2 cpbdur:2 q:32.77 aq:31.68 tex:3211 mv:799 misc:894 imb:6 pmb:123 smb:8031 d:t ref:0 ;
in:2086 out:2088 type:b dur:2 cpbdur:2 q:32.77 aq:33.31 tex:586 mv:528 misc:758 imb:1 pmb:85 smb:8074 d:t ref:0 ;
in:2088 out:2089 type:b dur:2 cpbdur:2 q:32.77 aq:33.38 tex:919 mv:1016 misc:681 imb:3 pmb:146 smb:8011 d:- ref:0 ;
in:2091 out:2090 type:P dur:2 cpbdur:2 q:32.65 aq:32.36 tex:116564 mv:6393 misc:1939 imb:440 pmb:840 smb:6880 d:t ref:0 ;
in:2090 out:2091 type:b dur:2 cpbdur:2 q:32.73 aq:34.91 tex:5658 mv:1063 misc:1103 imb:3 pmb:342 smb:7815 d:s ref:0 ;
in:2093 out:2092 type:P dur:2 cpbdur:2 q:32.67 aq:32.82 tex:148028 mv:9381 misc:1927 imb:1072 pmb:769 smb:6319 d:t ref:0 ;
in:2092 out:2093 type:b dur:2 cpbdur:2 q:32.67 aq:35.39 tex:10340 mv:3570 misc:1346 imb:35 pmb:1204 smb:6921 d:s ref:0 ;
in:2095 out:2094 type:P dur:2 cpbdur:2 q:33.12 aq:32.57 tex:108452 mv:12745 misc:3211 imb:2051 pmb:576 smb:5533 d:t ref:0 ;
in:2094 out:2095 type:b dur:2 cpbdur:2 q:33.12 aq:35.06 tex:15430 mv:8816 misc:1682 imb:280 pmb:2636 smb:5244 d:s ref:0 ;
in:2097 out:2096 type:P dur:2 cpbdur:2 q:32.63 aq:31.64 tex:60547 mv:12984 misc:2757 imb:2918 pmb:280 smb:4962 d:t ref:0 ;
in:2096 out:2097 type:b dur:2 cpbdur:2 q:33.12 aq:34.33 tex:9747 mv:9367 misc:982 imb:497 pmb:2556 smb:5107 d:s ref:0 ;
in:2098 out:2098 type:P dur:2 cpbdur:2 q:32.61 aq:33.22 tex:6142 mv:3400 misc:770 imb:949 pmb:54 smb:7157 d:t ref:0 ;
in:2099 out:2099 type:I dur:2 cpbdur:2 q:29.90 aq:29.46 tex:465657 mv:4388 misc:403 imb:8160 pmb:0 smb:0 d:t ref:;
in:2100 out:2100 type:P dur:2 cpbdur:2 q:32.75 aq:33.12 tex:36372 mv:6398 misc:3646 imb:900 pmb:2372 smb:4888 d:t ref:0 w:5,33,-22,4,33,-128,31,-127 ;
in:2101 out:2101 type:i dur:2 cpbdur:2 q:29.90 aq:30.32 tex:455115 mv:13729 misc:348 imb:8160 pmb:0 smb:0 d:t ref:w:5,33,-22,4,33,-128,31,-127 ;
in:2103 out:2102 type:P dur:2 cpbdur:2 q:35.73 aq:35.53 tex:158237 mv:28732 misc:599 imb:7870 pmb:260 smb:30 d:s ref:0 ;
in:2102 out:2103 type:b dur:2 cpbdur:2 q:35.89 aq:37.06 tex:46518 mv:29052 misc:1254 imb:2700 pmb:1304 smb:4156 d:s ref:0 ;
in:2105 out:2104 type:P dur:2 cpbdur:2 q:36.46 aq:35.27 tex:278023 mv:29367 misc:1394 imb:6874 pmb:591 smb:695 d:t ref:0 ;
in:2104 out:2105 type:b dur:2 cpbdur:2 q:36.76 aq:38.08 tex:35090 mv:37770 misc:2156 imb:2625 pmb:2657 smb:2878 d:s ref:0 ;
in:2106 out:2106 type:P dur:2 cpbdur:2 q:36.61 aq:34.25 tex:187506 mv:25499 misc:1867 imb:5702 pmb:1143 smb:1315 d:t ref:0 ;
in:2111 out:2107 type:P dur:2 cpbdur:2 q:38.44 aq:30.35 tex:525326 mv:31608 misc:954 imb:7173 pmb:897 smb:90 d:t ref:0 ;
in:2108 out:2108 type:B dur:2 cpbdur:2 q:38.75 aq:38.57 tex:19928 mv:24074 misc:2830 imb:1708 pmb:2986 smb:3466 d:s ref:0 ;
in:2107 out:2109 type:b dur:2 cpbdur:2 q:39.18 aq:40.15 tex:11313 mv:28203 misc:2796 imb:2157 pmb:2204 smb:3799 d:s ref:0 ;
in:2109 out:2110 type:b dur:2 cpbdur:2 q:39.06 aq:39.47 tex:2454 mv:2543 misc:875 imb:132 pmb:196 smb:7832 d:- ref:0 ;
in:2110 out:2111 type:b dur:2 cpbdur:2 q:39.06 aq:35.72 tex:697 mv:1192 misc:687 imb:14 pmb:156 smb:7990 d:- ref:0 ;
in:2115 out:2112 type:P dur:2 cpbdur:2 q:38.48 aq:30.79 tex:45341 mv:2653 misc:2118 imb:52 pmb:763 smb:7345 d:t ref:0 ;
in:2113 out:2113 type:B dur:2 cpbdur:2 q:39.18 aq:34.65 tex:364 mv:264 misc:572 imb:4 pmb:49 smb:8107 d:t ref:0 ;
in:2112 out:2114 type:b dur:2 cpbdur:2 q:39.53 aq:35.25 tex:176 mv:178 misc:494 imb:2 pmb:23 smb:8135 d:t ref:0 ;
in:2114 out:2115 type:b dur:2 cpbdur:2 q:39.53 aq:35.08 tex:119 mv:868 misc:637 imb:2 pmb:134 smb:8024 d:- ref:0 ;
in:2117 out:2116 type:P dur:2 cpbdur:2 q:37.11 aq:29.11 tex:66035 mv:3041 misc:3428 imb:60 pmb:1300 smb:6800 d:s ref:0 ;
in:2116 out:2117 type:b dur:2 cpbdur:2 q:38.81 aq:35.00 tex:26 mv:801 misc:589 imb:3 pmb:126 smb:8031 d:t ref:0 ;
in:2121 out:2118 type:P dur:2 cpbdur:2 q:37.11 aq:29.91 tex:30412 mv:2025 misc:1915 imb:80 pmb:569 smb:7511 d:s ref:0 ;
in:2119 out:2119 type:B dur:2 cpbdur:2 q:37.43 aq:33.47 tex:408 mv:1065 misc:535 imb:3 pmb:126 smb:8031 d:t ref:0 ;
in:2118 out:2120 type:b dur:2 cpbdur:2 q:37.60 aq:35.00 tex:23 mv:822 misc:539 imb:3 pmb:120 smb:8037 d:t ref:0 ;
in:2120 out:2121 type:b dur:2 cpbdur:2 q:37.60 aq:35.17 tex:72 mv:828 misc:548 imb:2 pmb:119 smb:8039 d:- ref:0 ;
in:2124 out:2122 type:P dur:2 cpbdur:2 q:36.83 aq:27.92 tex:148423 mv:4444 misc:2501 imb:242 pmb:1441 smb:6477 d:s ref:0 ;
in:2122 out:2123 type:B dur:2 cpbdur:2 q:37.49 aq:34.01 tex:245 mv:988 misc:551 imb:6 pmb:116 smb:8038 d:t ref:0 ;
in:2123 out:2124 type:b dur:2 cpbdur:2 q:37.49 aq:35.22 tex:123 mv:842 misc:579 imb:2 pmb:123 smb:8035 d:- ref:0 ;
in:2126 out:2125 type:P dur:2 cpbdur:2 q:35.85 aq:26.65 tex:132741 mv:3750 misc:4293 imb:105 pmb:1883 smb:6172 d:s ref:0 ;
in:2125 out:2126 type:b dur:2 cpbdur:2 q:37.20 aq:35.07 tex:123 mv:856 misc:549 imb:3 pmb:124 smb:8033 d:t ref:0 ;
in:2128 out:2127 type:P dur:2 cpbdur:2 q:35.51 aq:26.27 tex:137072 mv:3837 misc:3779 imb:217 pmb:1674 smb:6269 d:s ref:0 ;
in:2127 out:2128 type:b dur:2 cpbdur:2 q:36.47 aq:35.03 tex:267 mv:911 misc:534 imb:4 pmb:124 smb:8032 d:t ref:0 ;
in:2130 out:2129 type:P dur:2 cpbdur:2 q:35.11 aq:26.16 tex:148285 mv:3536 misc:3763 imb:127 pmb:1901 smb:6132 d:s ref:0 ;
in:2129 out:2130 type:b dur:2 cpbdur:2 q:35.91 aq:34.96 tex:306 mv:900 misc:562 imb:2 pmb:128 smb:8030 d:t ref:0 ;
in:2132 out:2131 type:P dur:2 cpbdur:2 q:34.63 aq:25.97 tex:138854 mv:3443 misc:3815 imb:103 pmb:2014 smb:6043 d:s ref:0 ;
in:2131 out:2132 type:b dur:2 cpbdur:2 q:35.57 aq:35.03 tex:394 mv:944 misc:550 imb:3 pmb:128 smb:8029 d:t ref:0 ;
in:2134 out:2133 type:P dur:2 cpbdur:2 q:34.37 aq:25.69 tex:117853 mv:2709 misc:3742 imb:31 pmb:1694 smb:6435 d:s ref:0 ;
in:2133 out:2134 type:b dur:2 cpbdur:2 q:35.05 aq:34.94 tex:304 mv:938 misc:614 imb:4 pmb:143 smb:8013 d:t ref:0 ;
in:2137 out:2135 type:P dur:2 cpbdur:2 q:33.72 aq:25.66 tex:76095 mv:2391 misc:2970 imb:46 pmb:1065 smb:7049 d:s ref:0 ;
in:2135 out:2136 type:B dur:2 cpbdur:2 q:34.72 aq:33.90 tex:412 mv:1073 misc:595 imb:4 pmb:134 smb:8022 d:t ref:0 ;
in:2136 out:2137 type:b dur:2 cpbdur:2 q:35.04 aq:34.95 tex:230 mv:920 misc:610 imb:5 pmb:141 smb:8014 d:- ref:0 ;
in:2141 out:2138 type:P dur:2 cpbdur:2 q:33.88 aq:25.18 tex:122429 mv:2363 misc:3552 imb:24 pmb:1786 smb:6350 d:s ref:0 ;
in:2139 out:2139 type:B dur:2 cpbdur:2 q:34.30 aq:32.86 tex:445 mv:1099 misc:528 imb:5 pmb:115 smb:8040 d:t ref:0 ;
in:2138 out:2140 type:b dur:2 cpbdur:2 q:34.40 aq:34.95 tex:122 mv:856 misc:542 imb:3 pmb:119 smb:8038 d:t ref:0 ;
in:2140 out:2141 type:b dur:2 cpbdur:2 q:34.40 aq:35.05 tex:95 mv:838 misc:515 imb:2 pmb:121 smb:8037 d:- ref:0 ;
in:2145 out:2142 type:P dur:2 cpbdur:2 q:33.65 aq:25.76 tex:50298 mv:1961 misc:2245 imb:16 pmb:746 smb:7398 d:s ref:0 ;
in:2143 out:2143 type:B dur:2 cpbdur:2 q:34.21 aq:32.97 tex:410 mv:1114 misc:556 imb:3 pmb:120 smb:8037 d:t ref:0 ;
in:2142 out:2144 type:b dur:2 cpbdur:2 q:34.56 aq:34.94 tex:362 mv:885 misc:537 imb:4 pmb:125 smb:8031 d:t ref:0 ;
in:2144 out:2145 type:b dur:2 cpbdur:2 q:34.56 aq:34.97 tex:197 mv:902 misc:541 imb:3 pmb:120 smb:8037 d:- ref:0 ;
in:2147 out:2146 type:P dur:2 cpbdur:2 q:33.37 aq:25.06 tex:59998 mv:1673 misc:2369 imb:15 pmb:798 smb:7347 d:s ref:0 ;
in:2146 out:2147 type:b dur:2 cpbdur:2 q:33.95 aq:35.16 tex:522 mv:918 misc:640 imb:4 pmb:137 smb:8019 d:t ref:0 ;
in:2149 out:2148 type:P dur:2 cpbdur:2 q:33.12 aq:25.23 tex:76567 mv:1589 misc:3348 imb:8 pmb:1271 smb:6881 d:s ref:0 ;
in:2148 out:2149 type:b dur:2 cpbdur:2 q:33.72 aq:35.05 tex:286 mv:812 misc:518 imb:2 pmb:118 smb:8040 d:t ref:0 ;
in:2153 out:2150 type:P dur:2 cpbdur:2 q:33.21 aq:24.81 tex:105381 mv:2184 misc:5235 imb:12 pmb:2018 smb:6130 d:s ref:0 ;
in:2151 out:2151 type:B dur:2 cpbdur:2 q:33.21 aq:33.14 tex:1226 mv:1163 misc:603 imb:6 pmb:141 smb:8013 d:t ref:0 ;
in:2150 out:2152 type:b dur:2 cpbdur:2 q:33.21 aq:35.06 tex:314 mv:871 misc:591 imb:3 pmb:133 smb:8024 d:t ref:0 ;
in:2152 out:2153 type:b dur:2 cpbdur:2 q:33.21 aq:34.98 tex:323 mv:875 misc:546 imb:3 pmb:119 smb:8038 d:- ref:0 ;
in:2156 out:2154 type:P dur:2 cpbdur:2 q:32.82 aq:24.95 tex:49898 mv:1592 misc:2774 imb:19 pmb:813 smb:7328 d:s ref:0 ;
in:2154 out:2155 type:B dur:2 cpbdur:2 q:33.21 aq:33.90 tex:614 mv:1041 misc:561 imb:4 pmb:127 smb:8029 d:t ref:0 ;
in:2155 out:2156 type:b dur:2 cpbdur:2 q:33.21 aq:34.99 tex:290 mv:924 misc:562 imb:1 pmb:122 smb:8037 d:- ref:0 ;
in:2158 out:2157 type:P dur:2 cpbdur:2 q:32.83 aq:24.62 tex:74825 mv:2066 misc:4317 imb:12 pmb:1394 smb:6754 d:s ref:0 ;
in:2157 out:2158 type:b dur:2 cpbdur:2 q:32.83 aq:34.60 tex:577 mv:933 misc:602 imb:3 pmb:137 smb:8020 d:t ref:0 ;
in:2162 out:2159 type:P dur:2 cpbdur:2 q:32.84 aq:24.41 tex:224257 mv:4045 misc:7466 imb:22 pmb:4607 smb:3531 d:s ref:0 ;
in:2160 out:2160 type:B dur:2 cpbdur:2 q:32.84 aq:33.92 tex:860 mv:1114 misc:538 imb:9 pmb:118 smb:8033 d:t ref:0 ;
in:2159 out:2161 type:b dur:2 cpbdur:2 q:32.84 aq:35.01 tex:578 mv:920 misc:534 imb:5 pmb:124 smb:8031 d:t ref:0 ;
in:2161 out:2162 type:b dur:2 cpbdur:2 q:32.84 aq:34.98 tex:426 mv:904 misc:542 imb:3 pmb:120 smb:8037 d:- ref:0 ;
in:2163 out:2163 type:P dur:2 cpbdur:2 q:32.93 aq:24.52 tex:36966 mv:1263 misc:3123 imb:10 pmb:800 smb:7350 d:s ref:0 ;
in:2167 out:2164 type:P dur:2 cpbdur:2 q:32.95 aq:24.95 tex:18625 mv:1563 misc:1196 imb:16 pmb:316 smb:7828 d:s ref:0 ;
in:2165 out:2165 type:B dur:2 cpbdur:2 q:32.95 aq:32.91 tex:1830 mv:1205 misc:541 imb:9 pmb:124 smb:8027 d:t ref:0 ;
in:2164 out:2166 type:b dur:2 cpbdur:2 q:32.95 aq:34.96 tex:515 mv:902 misc:567 imb:6 pmb:125 smb:8029 d:t ref:0 ;
in:2166 out:2167 type:b dur:2 cpbdur:2 q:32.95 aq:34.99 tex:292 mv:865 misc:555 imb:2 pmb:124 smb:8034 d:- ref:0 ;
in:2171 out:2168 type:P dur:2 cpbdur:2 q:32.90 aq:24.96 tex:19299 mv:1704 misc:917 imb:17 pmb:263 smb:7880 d:s ref:0 ;
in:2169 out:2169 type:B dur:2 cpbdur:2 q:32.95 aq:32.12 tex:1302 mv:1182 misc:580 imb:6 pmb:135 smb:8019 d:t ref:0 ;
in:2168 out:2170 type:b dur:2 cpbdur:2 q:32.95 aq:34.99 tex:415 mv:967 misc:610 imb:6 pmb:142 smb:8012 d:t ref:0 ;
in:2170 out:2171 type:b dur:2 cpbdur:2 q:32.94 aq:34.99 tex:197 mv:886 misc:549 imb:2 pmb:127 smb:8031 d:- ref:0 ;
in:2172 out:2172 type:P dur:2 cpbdur:2 q:33.27 aq:25.18 tex:100128 mv:2598 misc:2378 imb:275 pmb:889 smb:6996 d:s ref:0 ;
in:2173 out:2173 type:P dur:2 cpbdur:2 q:33.52 aq:25.34 tex:75661 mv:2996 misc:1199 imb:269 pmb:364 smb:7527 d:s ref:0 ;
in:2174 out:2174 type:P dur:2 cpbdur:2 q:33.56 aq:34.37 tex:92369 mv:3105 misc:926 imb:178 pmb:355 smb:7627 d:t ref:0 ;
in:2176 out:2175 type:P dur:2 cpbdur:2 q:33.54 aq:28.39 tex:57456 mv:2620 misc:748 imb:145 pmb:395 smb:7620 d:s ref:0 ;
in:2175 out:2176 type:b dur:2 cpbdur:2 q:34.01 aq:38.40 tex:1204 mv:1785 misc:803 imb:13 pmb:320 smb:7827 d:t ref:0 ;
in:2180 out:2177 type:P dur:2 cpbdur:2 q:33.53 aq:26.60 tex:88491 mv:3475 misc:1490 imb:135 pmb:730 smb:7295 d:s ref:0 ;
in:2178 out:2178 type:B dur:2 cpbdur:2 q:33.98 aq:34.69 tex:2233 mv:2440 misc:799 imb:13 pmb:342 smb:7805 d:t ref:0 ;
in:2177 out:2179 type:b dur:2 cpbdur:2 q:34.39 aq:40.02 tex:1214 mv:1861 misc:773 imb:14 pmb:316 smb:7830 d:t ref:0 ;
in:2179 out:2180 type:b dur:2 cpbdur:2 q:34.39 aq:36.75 tex:1298 mv:1596 misc:746 imb:2 pmb:235 smb:7923 d:- ref:0 ;
in:2181 out:2181 type:P dur:2 cpbdur:2 q:33.36 aq:25.73 tex:36239 mv:1164 misc:1301 imb:10 pmb:488 smb:7662 d:s ref:0 ;
in:2184 out:2182 type:P dur:2 cpbdur:2 q:33.20 aq:24.94 tex:36904 mv:1676 misc:1132 imb:17 pmb:388 smb:7755 d:s ref:0 ;
in:2182 out:2183 type:B dur:2 cpbdur:2 q:33.65 aq:33.88 tex:993 mv:1049 misc:582 imb:8 pmb:132 smb:8020 d:t ref:0 ;
in:2183 out:2184 type:b dur:2 cpbdur:2 q:33.65 aq:35.01 tex:334 mv:939 misc:623 imb:3 pmb:139 smb:8018 d:- ref:0 ;
in:2189 out:2185 type:P dur:2 cpbdur:2 q:32.67 aq:25.73 tex:39335 mv:2336 misc:1153 imb:14 pmb:392 smb:7754 d:t ref:0 ;
in:2186 out:2186 type:B dur:2 cpbdur:2 q:33.20 aq:31.96 tex:1025 mv:370 misc:597 imb:6 pmb:53 smb:8101 d:t ref:0 ;
in:2185 out:2187 type:b dur:2 cpbdur:2 q:33.20 aq:35.09 tex:229 mv:78 misc:469 imb:0 pmb:13 smb:8147 d:t ref:0 ;
in:2187 out:2188 type:b dur:2 cpbdur:2 q:33.20 aq:34.49 tex:463 mv:1042 misc:551 imb:8 pmb:124 smb:8028 d:- ref:0 ;
in:2188 out:2189 type:b dur:2 cpbdur:2 q:33.20 aq:35.03 tex:312 mv:1040 misc:600 imb:6 pmb:132 smb:8022 d:- ref:0 ;
in:2192 out:2190 type:P dur:2 cpbdur:2 q:32.96 aq:24.13 tex:56722 mv:1478 misc:1232 imb:11 pmb:652 smb:7497 d:t ref:0 ;
in:2190 out:2191 type:B dur:2 cpbdur:2 q:32.97 aq:33.02 tex:210 mv:162 misc:492 imb:3 pmb:14 smb:8143 d:t ref:0 ;
in:2191 out:2192 type:b dur:2 cpbdur:2 q:32.97 aq:33.93 tex:450 mv:909 misc:521 imb:9 pmb:116 smb:8035 d:- ref:0 ;
in:2194 out:2193 type:P dur:2 cpbdur:2 q:33.32 aq:26.36 tex:23718 mv:1342 misc:924 imb:10 pmb:332 smb:7818 d:t ref:0 ;
in:2193 out:2194 type:b dur:2 cpbdur:2 q:33.39 aq:34.08 tex:296 mv:130 misc:470 imb:0 pmb:14 smb:8146 d:t ref:0 ;
in:2198 out:2195 type:P dur:2 cpbdur:2 q:32.99 aq:24.55 tex:90203 mv:1849 misc:2004 imb:14 pmb:1170 smb:6976 d:t ref:0 ;
in:2196 out:2196 type:B dur:2 cpbdur:2 q:33.59 aq:31.95 tex:689 mv:307 misc:588 imb:6 pmb:47 smb:8107 d:t ref:0 ;
in:2195 out:2197 type:b dur:2 cpbdur:2 q:33.66 aq:34.08 tex:152 mv:199 misc:537 imb:1 pmb:42 smb:8117 d:t ref:0 ;
in:2197 out:2198 type:b dur:2 cpbdur:2 q:33.66 aq:33.97 tex:184 mv:846 misc:522 imb:7 pmb:111 smb:8042 d:- ref:0 ;
in:2200 out:2199 type:P dur:2 cpbdur:2 q:33.58 aq:23.45 tex:69594 mv:1603 misc:1443 imb:15 pmb:887 smb:7258 d:t ref:0 ;
in:2199 out:2200 type:b dur:2 cpbdur:2 q:33.81 aq:33.70 tex:259 mv:235 misc:554 imb:0 pmb:49 smb:8111 d:t ref:0 ;
in:2202 out:2201 type:P dur:2 cpbdur:2 q:33.63 aq:23.22 tex:64767 mv:1312 misc:2337 imb:8 pmb:938 smb:7214 d:t ref:0 ;
in:2201 out:2202 type:b dur:2 cpbdur:2 q:33.98 aq:34.05 tex:148 mv:111 misc:477 imb:0 pmb:15 smb:8145 d:t ref:0 ;
in:2204 out:2203 type:P dur:2 cpbdur:2 q:33.54 aq:22.95 tex:60480 mv:1430 misc:2466 imb:7 pmb:871 smb:7282 d:t ref:0 ;
in:2203 out:2204 type:b dur:2 cpbdur:2 q:34.04 aq:34.01 tex:367 mv:85 misc:452 imb:0 pmb:11 smb:8149 d:t ref:0 ;
in:2206 out:2205 type:P dur:2 cpbdur:2 q:33.06 aq:23.05 tex:103575 mv:1512 misc:3665 imb:12 pmb:1440 smb:6708 d:t ref:0 ;
in:2205 out:2206 type:b dur:2 cpbdur:2 q:33.82 aq:34.06 tex:328 mv:107 misc:477 imb:0 pmb:16 smb:8144 d:t ref:0 ;
in:2208 out:2207 type:P dur:2 cpbdur:2 q:32.70 aq:23.60 tex:52831 mv:1359 misc:1994 imb:11 pmb:766 smb:7383 d:t ref:0 ;
in:2207 out:2208 type:b dur:2 cpbdur:2 q:33.45 aq:34.09 tex:231 mv:134 misc:491 imb:1 pmb:18 smb:8141 d:t ref:0 ;
in:2210 out:2209 type:P dur:2 cpbdur:2 q:32.70 aq:25.14 tex:23445 mv:1200 misc:1059 imb:12 pmb:324 smb:7824 d:t ref:0 ;
in:2209 out:2210 type:b dur:2 cpbdur:2 q:33.05 aq:33.96 tex:444 mv:175 misc:501 imb:2 pmb:21 smb:8137 d:t ref:0 ;
in:2211 out:2211 type:P dur:2 cpbdur:2 q:32.80 aq:23.64 tex:62655 mv:1122 misc:2311 imb:7 pmb:873 smb:7280 d:t ref:0 ;
in:2213 out:2212 type:P dur:2 cpbdur:2 q:32.66 aq:23.31 tex:52157 mv:1271 misc:2268 imb:10 pmb:767 smb:7383 d:t ref:0 ;
in:2212 out:2213 type:b dur:2 cpbdur:2 q:33.17 aq:34.02 tex:267 mv:164 misc:473 imb:2 pmb:11 smb:8147 d:t ref:0 ;
in:2215 out:2214 type:P dur:2 cpbdur:2 q:32.10 aq:23.80 tex:87115 mv:1749 misc:2840 imb:10 pmb:1179 smb:6971 d:t ref:0 ;
in:2214 out:2215 type:b dur:2 cpbdur:2 q:33.01 aq:34.10 tex:274 mv:99 misc:475 imb:1 pmb:13 smb:8146 d:t ref:0 ;
in:2217 out:2216 type:P dur:2 cpbdur:2 q:32.00 aq:23.96 tex:36879 mv:1467 misc:1710 imb:10 pmb:513 smb:7637 d:t ref:0 ;
in:2216 out:2217 type:b dur:2 cpbdur:2 q:32.42 aq:34.09 tex:324 mv:116 misc:472 imb:1 pmb:15 smb:8144 d:t ref:0 ;
in:2219 out:2218 type:P dur:2 cpbdur:2 q:32.24 aq:22.73 tex:31458 mv:1230 misc:1288 imb:12 pmb:387 smb:7761 d:t ref:0 ;
in:2218 out:2219 type:b dur:2 cpbdur:2 q:32.27 aq:34.03 tex:487 mv:136 misc:473 imb:1 pmb:15 smb:8144 d:t ref:0 ;
in:2221 out:2220 type:P dur:2 cpbdur:2 q:31.86 aq:23.65 tex:31490 mv:1339 misc:1315 imb:10 pmb:379 smb:7771 d:t ref:0 ;
in:2220 out:2221 type:b dur:2 cpbdur:2 q:32.24 aq:34.06 tex:151 mv:112 misc:473 imb:0 pmb:16 smb:8144 d:t ref:0 ;
in:2223 out:2222 type:P dur:2 cpbdur:2 q:31.83 aq:22.67 tex:27840 mv:1185 misc:1119 imb:16 pmb:306 smb:7838 d:t ref:0 ;
in:2222 out:2223 type:b dur:2 cpbdur:2 q:31.86 aq:34.01 tex:301 mv:179 misc:504 imb:0 pmb:23 smb:8137 d:t ref:0 ;
in:2225 out:2224 type:P dur:2 cpbdur:2 q:32.28 aq:23.18 tex:53210 mv:1349 misc:1793 imb:12 pmb:540 smb:7608 d:t ref:0 ;
in:2224 out:2225 type:b dur:2 cpbdur:2 q:32.28 aq:34.00 tex:178 mv:146 misc:532 imb:0 pmb:40 smb:8120 d:t ref:0 ;
in:2227 out:2226 type:P dur:2 cpbdur:2 q:31.79 aq:23.24 tex:24075 mv:1437 misc:1072 imb:9 pmb:303 smb:7848 d:t ref:0 ;
in:2226 out:2227 type:b dur:2 cpbdur:2 q:32.28 aq:34.01 tex:125 mv:128 misc:483 imb:0 pmb:16 smb:8144 d:t ref:0 ;
in:2229 out:2228 type:P dur:2 cpbdur:2 q:31.77 aq:24.57 tex:30643 mv:1505 misc:876 imb:12 pmb:282 smb:7866 d:t ref:0 ;
in:2228 out:2229 type:b dur:2 cpbdur:2 q:31.79 aq:34.01 tex:584 mv:229 misc:587 imb:2 pmb:52 smb:8106 d:t ref:0 ;
in:2231 out:2230 type:P dur:2 cpbdur:2 q:31.75 aq:23.52 tex:34856 mv:1463 misc:985 imb:11 pmb:383 smb:7766 d:t ref:0 ;
in:2230 out:2231 type:b dur:2 cpbdur:2 q:31.77 aq:34.01 tex:523 mv:139 misc:506 imb:0 pmb:23 smb:8137 d:t ref:0 ;
in:2234 out:2232 type:P dur:2 cpbdur:2 q:31.74 aq:24.37 tex:37972 mv:1571 misc:825 imb:12 pmb:283 smb:7865 d:t ref:0 ;
in:2232 out:2233 type:B dur:2 cpbdur:2 q:31.75 aq:32.83 tex:942 mv:251 misc:535 imb:6 pmb:22 smb:8132 d:t ref:0 ;
in:2233 out:2234 type:b dur:2 cpbdur:2 q:31.75 aq:34.00 tex:345 mv:921 misc:550 imb:2 pmb:124 smb:8034 d:- ref:0 ;
in:2236 out:2235 type:P dur:2 cpbdur:2 q:31.70 aq:24.15 tex:24934 mv:1196 misc:918 imb:11 pmb:256 smb:7893 d:t ref:0 ;
in:2235 out:2236 type:b dur:2 cpbdur:2 q:31.74 aq:34.00 tex:413 mv:133 misc:494 imb:0 pmb:19 smb:8141 d:t ref:0 ;
in:2239 out:2237 type:P dur:2 cpbdur:2 q:31.67 aq:23.21 tex:41975 mv:1733 misc:900 imb:16 pmb:350 smb:7794 d:t ref:0 ;
in:2237 out:2238 type:B dur:2 cpbdur:2 q:31.70 aq:31.92 tex:959 mv:335 misc:602 imb:7 pmb:49 smb:8104 d:t ref:0 ;
in:2238 out:2239 type:b dur:2 cpbdur:2 q:31.70 aq:34.00 tex:330 mv:998 misc:600 imb:3 pmb:144 smb:8013 d:- ref:0 ;
in:2241 out:2240 type:P dur:2 cpbdur:2 q:31.63 aq:25.12 tex:31902 mv:1457 misc:953 imb:13 pmb:310 smb:7837 d:t ref:0 ;
in:2240 out:2241 type:b dur:2 cpbdur:2 q:31.67 aq:33.96 tex:394 mv:163 misc:515 imb:0 pmb:23 smb:8137 d:t ref:0 ;
in:2243 out:2242 type:P dur:2 cpbdur:2 q:31.59 aq:24.37 tex:25336 mv:1321 misc:871 imb:10 pmb:264 smb:7886 d:t ref:0 ;
in:2242 out:2243 type:b dur:2 cpbdur:2 q:31.63 aq:33.94 tex:458 mv:151 misc:495 imb:3 pmb:16 smb:8141 d:t ref:0 ;
in:2244 out:2244 type:P dur:2 cpbdur:2 q:33.11 aq:23.58 tex:151900 mv:1224 misc:2084 imb:6 pmb:1559 smb:6595 d:t ref:0 ;
in:2246 out:2245 type:P dur:2 cpbdur:2 q:31.57 aq:23.13 tex:41412 mv:1729 misc:947 imb:19 pmb:326 smb:7815 d:t ref:0 ;
in:2245 out:2246 type:b dur:2 cpbdur:2 q:33.23 aq:33.09 tex:150 mv:236 misc:534 imb:0 pmb:45 smb:8115 d:t ref:0 ;
in:2248 out:2247 type:P dur:2 cpbdur:2 q:31.53 aq:23.48 tex:27531 mv:1155 misc:882 imb:6 pmb:264 smb:7890 d:t ref:0 ;
in:2247 out:2248 type:b dur:2 cpbdur:2 q:31.57 aq:33.03 tex:380 mv:103 misc:501 imb:2 pmb:17 smb:8141 d:t ref:0 ;
in:2251 out:2249 type:P dur:2 cpbdur:2 q:31.49 aq:23.34 tex:42304 mv:1598 misc:786 imb:13 pmb:260 smb:7887 d:t ref:0 ;
in:2249 out:2250 type:B dur:2 cpbdur:2 q:31.53 aq:32.03 tex:429 mv:169 misc:530 imb:1 pmb:26 smb:8133 d:t ref:0 ;
in:2250 out:2251 type:b dur:2 cpbdur:2 q:31.53 aq:32.91 tex:676 mv:992 misc:548 imb:5 pmb:129 smb:8026 d:- ref:0 ;
in:2254 out:2252 type:P dur:2 cpbdur:2 q:32.16 aq:23.40 tex:233131 mv:1662 misc:2903 imb:9 pmb:2484 smb:5667 d:t ref:0 ;
in:2252 out:2253 type:B dur:2 cpbdur:2 q:32.33 aq:32.26 tex:124 mv:117 misc:479 imb:1 pmb:14 smb:8145 d:t ref:0 ;
in:2253 out:2254 type:b dur:2 cpbdur:2 q:32.47 aq:33.21 tex:287 mv:836 misc:517 imb:4 pmb:111 smb:8045 d:- ref:0 ;
in:2258 out:2255 type:P dur:2 cpbdur:2 q:31.87 aq:23.65 tex:71946 mv:1623 misc:2207 imb:11 pmb:854 smb:7295 d:t ref:0 ;
in:2256 out:2256 type:B dur:2 cpbdur:2 q:32.42 aq:31.14 tex:321 mv:148 misc:499 imb:1 pmb:18 smb:8141 d:t ref:0 ;
in:2255 out:2257 type:b dur:2 cpbdur:2 q:32.54 aq:33.26 tex:145 mv:78 misc:457 imb:0 pmb:13 smb:8147 d:t ref:0 ;
in:2257 out:2258 type:b dur:2 cpbdur:2 q:32.54 aq:33.22 tex:194 mv:858 misc:516 imb:3 pmb:117 smb:8040 d:- ref:0 ;
in:2261 out:2259 type:P dur:2 cpbdur:2 q:31.72 aq:23.25 tex:29102 mv:1699 misc:799 imb:10 pmb:281 smb:7869 d:t ref:0 ;
in:2259 out:2260 type:B dur:2 cpbdur:2 q:32.19 aq:32.04 tex:981 mv:186 misc:529 imb:2 pmb:22 smb:8136 d:t ref:0 ;
in:2260 out:2261 type:b dur:2 cpbdur:2 q:32.36 aq:33.12 tex:429 mv:888 misc:531 imb:5 pmb:120 smb:8035 d:- ref:0 ;
in:2264 out:2262 type:P dur:2 cpbdur:2 q:31.82 aq:23.04 tex:72182 mv:1846 misc:1708 imb:16 pmb:626 smb:7518 d:t ref:0 ;
in:2262 out:2263 type:B dur:2 cpbdur:2 q:32.05 aq:32.01 tex:217 mv:251 misc:572 imb:1 pmb:49 smb:8110 d:t ref:0 ;
in:2263 out:2264 type:b dur:2 cpbdur:2 q:32.05 aq:33.00 tex:290 mv:897 misc:501 imb:3 pmb:117 smb:8040 d:- ref:0 ;
in:2266 out:2265 type:P dur:2 cpbdur:2 q:32.15 aq:22.92 tex:66277 mv:1780 misc:1575 imb:11 pmb:703 smb:7446 d:t ref:0 ;
in:2265 out:2266 type:b dur:2 cpbdur:2 q:32.39 aq:33.04 tex:147 mv:124 misc:529 imb:0 pmb:39 smb:8121 d:t ref:0 ;
in:2269 out:2267 type:P dur:2 cpbdur:2 q:32.17 aq:25.00 tex:147741 mv:2302 misc:2901 imb:25 pmb:1299 smb:6836 d:t ref:0 ;
in:2267 out:2268 type:B dur:2 cpbdur:2 q:32.75 aq:32.05 tex:650 mv:316 misc:594 imb:2 pmb:54 smb:8104 d:t ref:0 ;
in:2268 out:2269 type:b dur:2 cpbdur:2 q:32.91 aq:34.40 tex:1588 mv:1066 misc:594 imb:3 pmb:161 smb:7996 d:- ref:0 ;
in:2271 out:2270 type:P dur:2 cpbdur:2 q:32.42 aq:27.78 tex:46483 mv:1671 misc:1110 imb:15 pmb:451 smb:7694 d:t ref:0 ;
in:2270 out:2271 type:b dur:2 cpbdur:2 q:32.66 aq:35.00 tex:3853 mv:444 misc:743 imb:5 pmb:132 smb:8023 d:t ref:0 ;
in:2273 out:2272 type:P dur:2 cpbdur:2 q:32.74 aq:25.96 tex:67072 mv:2162 misc:1182 imb:95 pmb:453 smb:7612 d:t ref:0 ;
in:2272 out:2273 type:b dur:2 cpbdur:2 q:33.06 aq:35.39 tex:7522 mv:992 misc:702 imb:46 pmb:130 smb:7984 d:t ref:0 ;
in:2275 out:2274 type:P dur:2 cpbdur:2 q:31.92 aq:24.74 tex:71004 mv:2012 misc:1232 imb:51 pmb:474 smb:7635 d:t ref:0 ;
in:2274 out:2275 type:b dur:2 cpbdur:2 q:33.02 aq:35.39 tex:2609 mv:551 misc:712 imb:1 pmb:149 smb:8010 d:t ref:0 ;
in:2276 out:2276 type:P dur:2 cpbdur:2 q:31.53 aq:23.38 tex:82058 mv:1735 misc:1439 imb:31 pmb:611 smb:7518 d:t ref:0 ;
in:2278 out:2277 type:P dur:2 cpbdur:2 q:31.36 aq:23.05 tex:137693 mv:2352 misc:2667 imb:41 pmb:1204 smb:6915 d:t ref:0 ;
in:2277 out:2278 type:b dur:2 cpbdur:2 q:31.78 aq:34.21 tex:1609 mv:575 misc:728 imb:1 pmb:115 smb:8044 d:t ref:0 ;
in:2279 out:2279 type:P dur:2 cpbdur:2 q:31.42 aq:23.19 tex:78773 mv:1263 misc:1772 imb:4 pmb:657 smb:7499 d:t ref:0 ;
in:2282 out:2280 type:P dur:2 cpbdur:2 q:31.54 aq:24.06 tex:84542 mv:2385 misc:1153 imb:13 pmb:589 smb:7558 d:t ref:0 ;
in:2280 out:2281 type:B dur:2 cpbdur:2 q:31.54 aq:31.93 tex:1332 mv:758 misc:966 imb:2 pmb:206 smb:7952 d:t ref:0 ;
in:2281 out:2282 type:b dur:2 cpbdur:2 q:31.54 aq:33.01 tex:1004 mv:1011 misc:641 imb:5 pmb:149 smb:8006 d:- ref:0 ;
in:2284 out:2283 type:P dur:2 cpbdur:2 q:31.49 aq:22.41 tex:68838 mv:1234 misc:2192 imb:7 pmb:746 smb:7407 d:t ref:0 ;
in:2283 out:2284 type:b dur:2 cpbdur:2 q:31.76 aq:33.06 tex:360 mv:122 misc:478 imb:1 pmb:16 smb:8143 d:t ref:0 ;
in:2286 out:2285 type:P dur:2 cpbdur:2 q:31.06 aq:22.56 tex:59953 mv:1568 misc:1671 imb:10 pmb:563 smb:7587 d:t ref:0 ;
in:2285 out:2286 type:b dur:2 cpbdur:2 q:31.54 aq:33.10 tex:456 mv:130 misc:526 imb:0 pmb:39 smb:8121 d:t ref:0 ;
in:2289 out:2287 type:P dur:2 cpbdur:2 q:31.38 aq:23.75 tex:42504 mv:1638 misc:906 imb:13 pmb:380 smb:7767 d:t ref:0 ;
in:2287 out:2288 type:B dur:2 cpbdur:2 q:31.39 aq:31.84 tex:1126 mv:290 misc:576 imb:10 pmb:41 smb:8109 d:t ref:0 ;
in:2288 out:2289 type:b dur:2 cpbdur:2 q:31.39 aq:33.06 tex:379 mv:899 misc:610 imb:3 pmb:136 smb:8021 d:- ref:0 ;
in:2292 out:2290 type:P dur:2 cpbdur:2 q:30.99 aq:22.99 tex:54293 mv:1791 misc:1108 imb:17 pmb:355 smb:7788 d:t ref:0 ;
in:2290 out:2291 type:B dur:2 cpbdur:2 q:31.38 aq:31.97 tex:535 mv:266 misc:535 imb:1 pmb:30 smb:8129 d:t ref:0 ;
in:2291 out:2292 type:b dur:2 cpbdur:2 q:31.38 aq:32.96 tex:724 mv:945 misc:515 imb:7 pmb:116 smb:8037 d:- ref:0 ;
in:2295 out:2293 type:P dur:2 cpbdur:2 q:30.94 aq:23.35 tex:58165 mv:1606 misc:1301 imb:14 pmb:419 smb:7727 d:t ref:0 ;
in:2293 out:2294 type:B dur:2 cpbdur:2 q:30.99 aq:31.95 tex:798 mv:211 misc:559 imb:2 pmb:45 smb:8113 d:t ref:0 ;
in:2294 out:2295 type:b dur:2 cpbdur:2 q:30.99 aq:32.99 tex:952 mv:917 misc:603 imb:1 pmb:140 smb:8019 d:- ref:0 ;
in:2297 out:2296 type:P dur:2 cpbdur:2 q:30.91 aq:22.26 tex:38939 mv:1335 misc:1054 imb:12 pmb:311 smb:7837 d:t ref:0 ;
in:2296 out:2297 type:b dur:2 cpbdur:2 q:30.94 aq:33.01 tex:740 mv:163 misc:513 imb:1 pmb:22 smb:8137 d:t ref:0 ;
in:2300 out:2298 type:P dur:2 cpbdur:2 q:31.17 aq:21.20 tex:58340 mv:1654 misc:958 imb:10 pmb:423 smb:7727 d:t ref:0 ;
in:2298 out:2299 type:B dur:2 cpbdur:2 q:31.18 aq:31.94 tex:738 mv:222 misc:568 imb:2 pmb:46 smb:8112 d:t ref:0 ;
in:2299 out:2300 type:b dur:2 cpbdur:2 q:31.18 aq:32.94 tex:493 mv:878 misc:517 imb:3 pmb:115 smb:8042 d:- ref:0 ;
in:2303 out:2301 type:P dur:2 cpbdur:2 q:31.61 aq:22.00 tex:44207 mv:1566 misc:763 imb:10 pmb:355 smb:7795 d:t ref:0 ;
in:2301 out:2302 type:B dur:2 cpbdur:2 q:31.75 aq:31.83 tex:931 mv:310 misc:583 imb:7 pmb:41 smb:8112 d:t ref:0 ;
in:2302 out:2303 type:b dur:2 cpbdur:2 q:31.75 aq:33.04 tex:400 mv:956 misc:604 imb:4 pmb:137 smb:8019 d:- ref:0 ;
in:2305 out:2304 type:P dur:2 cpbdur:2 q:30.74 aq:22.98 tex:56098 mv:1606 misc:1216 imb:12 pmb:426 smb:7722 d:t ref:0 ;
in:2304 out:2305 type:b dur:2 cpbdur:2 q:31.74 aq:33.00 tex:209 mv:176 misc:487 imb:0 pmb:17 smb:8143 d:t ref:0 ;
in:2308 out:2306 type:P dur:2 cpbdur:2 q:30.71 aq:22.05 tex:43183 mv:1430 misc:907 imb:6 pmb:278 smb:7876 d:t ref:0 ;
in:2306 out:2307 type:B dur:2 cpbdur:2 q:30.74 aq:31.06 tex:3793 mv:475 misc:588 imb:4 pmb:49 smb:8107 d:t ref:0 ;
in:2307 out:2308 type:b dur:2 cpbdur:2 q:30.74 aq:32.71 tex:615 mv:863 misc:570 imb:2 pmb:135 smb:8023 d:- ref:0 ;
in:2312 out:2309 type:P dur:2 cpbdur:2 q:30.66 aq:22.72 tex:46767 mv:1661 misc:916 imb:13 pmb:356 smb:7791 d:t ref:0 ;
in:2310 out:2310 type:B dur:2 cpbdur:2 q:30.70 aq:30.91 tex:2797 mv:427 misc:616 imb:10 pmb:53 smb:8097 d:t ref:0 ;
in:2309 out:2311 type:b dur:2 cpbdur:2 q:30.71 aq:32.96 tex:1047 mv:235 misc:566 imb:1 pmb:39 smb:8120 d:t ref:0 ;
in:2311 out:2312 type:b dur:2 cpbdur:2 q:30.70 aq:32.97 tex:927 mv:915 misc:622 imb:2 pmb:147 smb:8011 d:- ref:0 ;
in:2314 out:2313 type:P dur:2 cpbdur:2 q:31.45 aq:22.04 tex:176719 mv:1714 misc:3119 imb:11 pmb:2351 smb:5798 d:t ref:0 ;
in:2313 out:2314 type:b dur:2 cpbdur:2 q:31.60 aq:33.08 tex:389 mv:162 misc:537 imb:0 pmb:42 smb:8118 d:t ref:0 ;
in:2316 out:2315 type:P dur:2 cpbdur:2 q:30.57 aq:22.70 tex:50315 mv:1830 misc:1143 imb:8 pmb:418 smb:7734 d:t ref:0 ;
in:2315 out:2316 type:b dur:2 cpbdur:2 q:31.59 aq:32.04 tex:608 mv:146 misc:510 imb:1 pmb:22 smb:8137 d:t ref:0 ;
in:2318 out:2317 type:P dur:2 cpbdur:2 q:30.52 aq:23.20 tex:48685 mv:1732 misc:1007 imb:11 pmb:333 smb:7816 d:t ref:0 ;
in:2317 out:2318 type:b dur:2 cpbdur:2 q:30.57 aq:32.08 tex:685 mv:239 misc:588 imb:2 pmb:55 smb:8103 d:t ref:0 ;
in:2322 out:2319 type:P dur:2 cpbdur:2 q:30.48 aq:22.58 tex:39649 mv:1440 misc:1095 imb:15 pmb:324 smb:7821 d:t ref:0 ;
in:2320 out:2320 type:B dur:2 cpbdur:2 q:30.52 aq:30.03 tex:1562 mv:319 misc:559 imb:4 pmb:30 smb:8126 d:t ref:0 ;
in:2319 out:2321 type:b dur:2 cpbdur:2 q:30.52 aq:31.99 tex:992 mv:199 misc:569 imb:3 pmb:40 smb:8117 d:t ref:0 ;
in:2321 out:2322 type:b dur:2 cpbdur:2 q:30.52 aq:32.04 tex:999 mv:888 misc:545 imb:2 pmb:133 smb:8025 d:- ref:0 ;
in:2324 out:2323 type:P dur:2 cpbdur:2 q:30.75 aq:21.61 tex:203190 mv:1641 misc:3745 imb:17 pmb:2753 smb:5390 d:t ref:0 ;
in:2323 out:2324 type:b dur:2 cpbdur:2 q:30.77 aq:32.06 tex:1108 mv:225 misc:555 imb:2 pmb:35 smb:8123 d:t ref:0 ;
in:2326 out:2325 type:P dur:2 cpbdur:2 q:31.25 aq:21.42 tex:41159 mv:1447 misc:930 imb:7 pmb:382 smb:7771 d:t ref:0 ;
in:2325 out:2326 type:b dur:2 cpbdur:2 q:31.30 aq:32.09 tex:742 mv:118 misc:532 imb:0 pmb:28 smb:8132 d:t ref:0 ;
in:2328 out:2327 type:P dur:2 cpbdur:2 q:31.53 aq:22.13 tex:40170 mv:1304 misc:854 imb:17 pmb:280 smb:7863 d:t ref:0 ;
in:2327 out:2328 type:b dur:2 cpbdur:2 q:31.67 aq:32.08 tex:672 mv:266 misc:534 imb:2 pmb:32 smb:8126 d:t ref:0 ;
in:2330 out:2329 type:P dur:2 cpbdur:2 q:31.34 aq:21.30 tex:52492 mv:1332 misc:1400 imb:8 pmb:489 smb:7663 d:t ref:0 ;
in:2329 out:2330 type:b dur:2 cpbdur:2 q:31.87 aq:32.08 tex:453 mv:115 misc:488 imb:0 pmb:17 smb:8143 d:t ref:0 ;
in:2332 out:2331 type:P dur:2 cpbdur:2 q:31.76 aq:22.02 tex:41314 mv:1514 misc:908 imb:11 pmb:334 smb:7815 d:t ref:0 ;
in:2331 out:2332 type:b dur:2 cpbdur:2 q:32.03 aq:32.09 tex:414 mv:198 misc:508 imb:0 pmb:27 smb:8133 d:t ref:0 ;
in:2333 out:2333 type:P dur:2 cpbdur:2 q:32.08 aq:20.52 tex:94595 mv:1184 misc:1365 imb:13 pmb:843 smb:7304 d:t ref:0 ;
in:2335 out:2334 type:P dur:2 cpbdur:2 q:31.96 aq:20.70 tex:55515 mv:1307 misc:1690 imb:4 pmb:546 smb:7610 d:t ref:0 ;
in:2334 out:2335 type:b dur:2 cpbdur:2 q:32.28 aq:32.06 tex:277 mv:68 misc:471 imb:0 pmb:15 smb:8145 d:t ref:0 ;
in:2337 out:2336 type:P dur:2 cpbdur:2 q:30.77 aq:21.06 tex:71301 mv:1256 misc:2579 imb:9 pmb:789 smb:7362 d:t ref:0 ;
in:2336 out:2337 type:b dur:2 cpbdur:2 q:32.18 aq:32.04 tex:539 mv:149 misc:488 imb:0 pmb:16 smb:8144 d:t ref:0 ;
in:2339 out:2338 type:P dur:2 cpbdur:2 q:30.16 aq:21.02 tex:98272 mv:1461 misc:2235 imb:6 pmb:848 smb:7306 d:t ref:0 ;
in:2338 out:2339 type:b dur:2 cpbdur:2 q:31.08 aq:32.07 tex:758 mv:114 misc:504 imb:0 pmb:23 smb:8137 d:t ref:0 ;
in:2342 out:2340 type:P dur:2 cpbdur:2 q:30.16 aq:21.40 tex:79185 mv:1758 misc:1185 imb:22 pmb:342 smb:7796 d:t ref:0 ;
in:2340 out:2341 type:B dur:2 cpbdur:2 q:30.16 aq:30.97 tex:1221 mv:483 misc:640 imb:4 pmb:69 smb:8087 d:t ref:0 ;
in:2341 out:2342 type:b dur:2 cpbdur:2 q:30.16 aq:31.95 tex:941 mv:957 misc:526 imb:5 pmb:130 smb:8025 d:- ref:0 ;
in:2344 out:2343 type:P dur:2 cpbdur:2 q:30.46 aq:20.94 tex:54734 mv:1152 misc:1026 imb:6 pmb:353 smb:7801 d:t ref:0 ;
in:2343 out:2344 type:b dur:2 cpbdur:2 q:30.48 aq:32.05 tex:820 mv:167 misc:525 imb:1 pmb:26 smb:8133 d:t ref:0 ;
in:2348 out:2345 type:P dur:2 cpbdur:2 q:30.08 aq:29.02 tex:3465 mv:1204 misc:515 imb:10 pmb:110 smb:8040 d:t ref:0 ;
in:2346 out:2346 type:B dur:2 cpbdur:2 q:30.46 aq:29.08 tex:4517 mv:394 misc:569 imb:12 pmb:31 smb:8117 d:t ref:0 ;
in:2345 out:2347 type:b dur:2 cpbdur:2 q:30.46 aq:32.06 tex:883 mv:271 misc:558 imb:2 pmb:37 smb:8121 d:t ref:0 ;
in:2347 out:2348 type:b dur:2 cpbdur:2 q:30.46 aq:31.96 tex:1241 mv:967 misc:568 imb:8 pmb:130 smb:8022 d:- ref:0 ;
in:2349 out:2349 type:I dur:2 cpbdur:2 q:31.23 aq:23.04 tex:3089351 mv:64107 misc:246 imb:8160 pmb:0 smb:0 d:t ref:;
in:2353 out:2350 type:P dur:2 cpbdur:2 q:31.46 aq:23.58 tex:128348 mv:2824 misc:2620 imb:71 pmb:1291 smb:6798 d:t ref:0 ;
in:2351 out:2351 type:B dur:2 cpbdur:2 q:32.07 aq:32.54 tex:4961 mv:998 misc:905 imb:23 pmb:222 smb:7915 d:t ref:0 ;
in:2350 out:2352 type:b dur:2 cpbdur:2 q:32.33 aq:34.39 tex:2122 mv:765 misc:889 imb:15 pmb:173 smb:7972 d:t ref:0 ;
in:2352 out:2353 type:b dur:2 cpbdur:2 q:32.33 aq:34.37 tex:2311 mv:1182 misc:691 imb:3 pmb:204 smb:7953 d:- ref:0 ;
in:2355 out:2354 type:P dur:2 cpbdur:2 q:31.77 aq:23.08 tex:183615 mv:2416 misc:2633 imb:71 pmb:1942 smb:6147 d:t ref:0 ;
in:2354 out:2355 type:b dur:2 cpbdur:2 q:32.35 aq:38.37 tex:4732 mv:1033 misc:707 imb:20 pmb:121 smb:8019 d:t ref:0 ;
in:2359 out:2356 type:P dur:2 cpbdur:2 q:32.00 aq:24.36 tex:57890 mv:2098 misc:1044 imb:34 pmb:359 smb:7767 d:t ref:0 ;
in:2357 out:2357 type:B dur:2 cpbdur:2 q:32.53 aq:33.71 tex:1498 mv:398 misc:624 imb:2 pmb:89 smb:8069 d:t ref:0 ;
in:2356 out:2358 type:b dur:2 cpbdur:2 q:33.05 aq:38.39 tex:1403 mv:439 misc:646 imb:2 pmb:110 smb:8048 d:t ref:0 ;
in:2358 out:2359 type:b dur:2 cpbdur:2 q:32.86 aq:38.42 tex:1105 mv:994 misc:621 imb:2 pmb:164 smb:7994 d:- ref:0 ;
in:2364 out:2360 type:P dur:2 cpbdur:2 q:31.73 aq:24.19 tex:83485 mv:2272 misc:1091 imb:18 pmb:513 smb:7629 d:t ref:0 ;
in:2361 out:2361 type:B dur:2 cpbdur:2 q:32.43 aq:31.97 tex:5227 mv:966 misc:919 imb:4 pmb:197 smb:7959 d:t ref:0 ;
in:2360 out:2362 type:b dur:2 cpbdur:2 q:32.73 aq:34.36 tex:893 mv:830 misc:901 imb:0 pmb:176 smb:7984 d:s ref:0 ;
in:2362 out:2363 type:b dur:2 cpbdur:2 q:32.73 aq:33.34 tex:636 mv:1043 misc:577 imb:3 pmb:135 smb:8022 d:- ref:0 ;
in:2363 out:2364 type:b dur:2 cpbdur:2 q:32.73 aq:33.26 tex:781 mv:1060 misc:567 imb:3 pmb:136 smb:8021 d:- ref:0 ;
in:2368 out:2365 type:P dur:2 cpbdur:2 q:31.09 aq:22.63 tex:76393 mv:1936 misc:2607 imb:11 pmb:845 smb:7304 d:t ref:0 ;
in:2366 out:2366 type:B dur:2 cpbdur:2 q:32.01 aq:31.05 tex:1082 mv:255 misc:551 imb:4 pmb:43 smb:8113 d:t ref:0 ;
in:2365 out:2367 type:b dur:2 cpbdur:2 q:32.01 aq:33.04 tex:283 mv:109 misc:496 imb:1 pmb:18 smb:8141 d:t ref:0 ;
in:2367 out:2368 type:b dur:2 cpbdur:2 q:32.01 aq:33.03 tex:240 mv:843 misc:613 imb:1 pmb:137 smb:8022 d:- ref:0 ;
in:2372 out:2369 type:P dur:2 cpbdur:2 q:31.00 aq:22.72 tex:55961 mv:1844 misc:1539 imb:12 pmb:472 smb:7676 d:t ref:0 ;
in:2370 out:2370 type:B dur:2 cpbdur:2 q:31.09 aq:30.83 tex:2097 mv:336 misc:575 imb:9 pmb:41 smb:8110 d:t ref:0 ;
in:2369 out:2371 type:b dur:2 cpbdur:2 q:31.09 aq:33.00 tex:783 mv:236 misc:517 imb:2 pmb:26 smb:8132 d:t ref:0 ;
in:2371 out:2372 type:b dur:2 cpbdur:2 q:31.09 aq:33.01 tex:878 mv:945 misc:617 imb:2 pmb:151 smb:8007 d:- ref:0 ;
in:2376 out:2373 type:P dur:2 cpbdur:2 q:30.97 aq:22.90 tex:44626 mv:1676 misc:906 imb:9 pmb:294 smb:7857 d:t ref:0 ;
in:2374 out:2374 type:B dur:2 cpbdur:2 q:31.00 aq:30.92 tex:3255 mv:497 misc:608 imb:14 pmb:47 smb:8099 d:t ref:0 ;
in:2373 out:2375 type:b dur:2 cpbdur:2 q:31.00 aq:32.95 tex:733 mv:267 misc:576 imb:1 pmb:44 smb:8115 d:t ref:0 ;
in:2375 out:2376 type:b dur:2 cpbdur:2 q:31.00 aq:33.02 tex:1022 mv:937 misc:625 imb:2 pmb:151 smb:8007 d:- ref:0 ;
in:2380 out:2377 type:P dur:2 cpbdur:2 q:30.89 aq:24.11 tex:40537 mv:1565 misc:714 imb:10 pmb:258 smb:7892 d:t ref:0 ;
in:2378 out:2378 type:B dur:2 cpbdur:2 q:30.97 aq:30.84 tex:1765 mv:411 misc:576 imb:5 pmb:49 smb:8106 d:t ref:0 ;
in:2377 out:2379 type:b dur:2 cpbdur:2 q:30.97 aq:33.03 tex:499 mv:134 misc:527 imb:0 pmb:25 smb:8135 d:t ref:0 ;
in:2379 out:2380 type:b dur:2 cpbdur:2 q:30.97 aq:33.01 tex:566 mv:911 misc:603 imb:5 pmb:137 smb:8018 d:- ref:0 ;
in:2382 out:2381 type:P dur:2 cpbdur:2 q:30.82 aq:23.68 tex:39664 mv:1262 misc:794 imb:9 pmb:253 smb:7898 d:t ref:0 ;
in:2381 out:2382 type:b dur:2 cpbdur:2 q:30.89 aq:33.04 tex:512 mv:141 misc:539 imb:0 pmb:31 smb:8129 d:t ref:0 ;
in:2385 out:2383 type:P dur:2 cpbdur:2 q:30.81 aq:22.75 tex:37576 mv:1265 misc:695 imb:8 pmb:237 smb:7915 d:t ref:0 ;
in:2383 out:2384 type:B dur:2 cpbdur:2 q:30.82 aq:31.94 tex:1334 mv:317 misc:573 imb:7 pmb:34 smb:8119 d:t ref:0 ;
in:2384 out:2385 type:b dur:2 cpbdur:2 q:30.82 aq:32.98 tex:796 mv:893 misc:559 imb:2 pmb:133 smb:8025 d:- ref:0 ;
in:2389 out:2386 type:P dur:2 cpbdur:2 q:30.77 aq:24.97 tex:41904 mv:1530 misc:742 imb:5 pmb:272 smb:7883 d:t ref:0 ;
in:2387 out:2387 type:B dur:2 cpbdur:2 q:30.81 aq:30.85 tex:2762 mv:355 misc:579 imb:5 pmb:50 smb:8105 d:t ref:0 ;
in:2386 out:2388 type:b dur:2 cpbdur:2 q:30.81 aq:33.00 tex:812 mv:250 misc:618 imb:0 pmb:66 smb:8094 d:t ref:0 ;
in:2388 out:2389 type:b dur:2 cpbdur:2 q:30.81 aq:33.00 tex:1099 mv:992 misc:565 imb:9 pmb:131 smb:8020 d:- ref:0 ;
in:2394 out:2390 type:P dur:2 cpbdur:2 q:30.69 aq:24.68 tex:45024 mv:1765 misc:779 imb:8 pmb:261 smb:7891 d:t ref:0 ;
in:2391 out:2391 type:B dur:2 cpbdur:2 q:30.77 aq:29.82 tex:7911 mv:631 misc:594 imb:11 pmb:51 smb:8098 d:t ref:0 ;
in:2390 out:2392 type:b dur:2 cpbdur:2 q:30.77 aq:33.00 tex:686 mv:203 misc:607 imb:0 pmb:62 smb:8098 d:t ref:0 ;
in:2392 out:2393 type:b dur:2 cpbdur:2 q:30.76 aq:32.99 tex:807 mv:1126 misc:555 imb:9 pmb:132 smb:8019 d:- ref:0 ;
in:2393 out:2394 type:b dur:2 cpbdur:2 q:30.76 aq:32.95 tex:1157 mv:1173 misc:566 imb:9 pmb:135 smb:8016 d:- ref:0 ;
in:2397 out:2395 type:P dur:2 cpbdur:2 q:30.59 aq:25.45 tex:43274 mv:1489 misc:645 imb:22 pmb:216 smb:7922 d:t ref:0 ;
in:2395 out:2396 type:B dur:2 cpbdur:2 q:30.69 aq:30.85 tex:868 mv:283 misc:553 imb:2 pmb:32 smb:8126 d:t ref:0 ;
in:2396 out:2397 type:b dur:2 cpbdur:2 q:30.69 aq:33.00 tex:819 mv:959 misc:542 imb:4 pmb:135 smb:8021 d:- ref:0 ;
in:2401 out:2398 type:P dur:2 cpbdur:2 q:30.54 aq:25.24 tex:47679 mv:1693 misc:716 imb:14 pmb:261 smb:7885 d:t ref:0 ;
in:2399 out:2399 type:B dur:2 cpbdur:2 q:30.59 aq:30.95 tex:1618 mv:435 misc:619 imb:4 pmb:58 smb:8098 d:t ref:0 ;
in:2398 out:2400 type:b dur:2 cpbdur:2 q:30.59 aq:32.05 tex:625 mv:215 misc:560 imb:1 pmb:47 smb:8112 d:t ref:0 ;
in:2400 out:2401 type:b dur:2 cpbdur:2 q:30.59 aq:32.04 tex:832 mv:888 misc:536 imb:5 pmb:125 smb:8030 d:- ref:0 ;
in:2405 out:2402 type:P dur:2 cpbdur:2 q:30.45 aq:21.85 tex:25950 mv:1384 misc:602 imb:12 pmb:209 smb:7939 d:t ref:0 ;
in:2403 out:2403 type:B dur:2 cpbdur:2 q:30.54 aq:29.98 tex:1517 mv:304 misc:547 imb:2 pmb:30 smb:8128 d:t ref:0 ;
in:2402 out:2404 type:b dur:2 cpbdur:2 q:30.54 aq:32.04 tex:1062 mv:253 misc:533 imb:3 pmb:28 smb:8129 d:t ref:0 ;
in:2404 out:2405 type:b dur:2 cpbdur:2 q:30.54 aq:32.03 tex:843 mv:868 misc:569 imb:2 pmb:132 smb:8026 d:- ref:0 ;
in:2409 out:2406 type:P dur:2 cpbdur:2 q:30.33 aq:22.66 tex:23449 mv:1334 misc:601 imb:10 pmb:208 smb:7942 d:t ref:0 ;
in:2407 out:2407 type:B dur:2 cpbdur:2 q:30.45 aq:29.98 tex:2041 mv:353 misc:550 imb:7 pmb:27 smb:8126 d:t ref:0 ;
in:2406 out:2408 type:b dur:2 cpbdur:2 q:30.45 aq:32.03 tex:912 mv:176 misc:552 imb:2 pmb:34 smb:8124 d:t ref:0 ;
in:2408 out:2409 type:b dur:2 cpbdur:2 q:30.44 aq:32.03 tex:1543 mv:911 misc:570 imb:5 pmb:140 smb:8015 d:- ref:0 ;
in:2410 out:2410 type:P dur:2 cpbdur:2 q:30.20 aq:27.40 tex:63430 mv:2496 misc:746 imb:162 pmb:559 smb:7439 d:t ref:0 ;
in:2412 out:2411 type:P dur:2 cpbdur:2 q:30.22 aq:23.19 tex:56201 mv:3136 misc:719 imb:409 pmb:250 smb:7501 d:t ref:0 ;
in:2411 out:2412 type:b dur:2 cpbdur:2 q:30.22 aq:32.06 tex:19133 mv:2295 misc:596 imb:236 pmb:190 smb:7734 d:t ref:0 ;
in:2414 out:2413 type:P dur:2 cpbdur:2 q:30.20 aq:27.08 tex:49718 mv:2560 misc:834 imb:166 pmb:283 smb:7711 d:t ref:0 ;
in:2413 out:2414 type:b dur:2 cpbdur:2 q:30.22 aq:32.07 tex:4543 mv:2681 misc:664 imb:171 pmb:205 smb:7784 d:t ref:0 ;
in:2416 out:2415 type:P dur:2 cpbdur:2 q:30.15 aq:27.86 tex:27338 mv:1542 misc:800 imb:29 pmb:278 smb:7853 d:t ref:0 ;
in:2415 out:2416 type:b dur:2 cpbdur:2 q:30.20 aq:32.05 tex:806 mv:191 misc:555 imb:2 pmb:31 smb:8127 d:t ref:0 ;
in:2418 out:2417 type:P dur:2 cpbdur:2 q:30.12 aq:29.77 tex:22757 mv:1148 misc:607 imb:10 pmb:219 smb:7931 d:t ref:0 ;
in:2417 out:2418 type:b dur:2 cpbdur:2 q:30.15 aq:32.02 tex:1196 mv:187 misc:577 imb:2 pmb:42 smb:8116 d:t ref:0 ;
in:2419 out:2419 type:P dur:2 cpbdur:2 q:30.07 aq:31.68 tex:32125 mv:1200 misc:571 imb:7 pmb:270 smb:7883 d:t ref:0 ;
in:2420 out:2420 type:I dur:2 cpbdur:2 q:28.16 aq:26.44 tex:1534817 mv:90212 misc:323 imb:8160 pmb:0 smb:0 d:t ref:;
in:2421 out:2421 type:P dur:2 cpbdur:2 q:31.58 aq:30.31 tex:395638 mv:33188 misc:3798 imb:3134 pmb:2011 smb:3015 d:t ref:0 ;
in:2422 out:2422 type:P dur:2 cpbdur:2 q:32.93 aq:31.37 tex:345500 mv:33402 misc:3506 imb:3297 pmb:1624 smb:3239 d:t ref:0 ;
in:2423 out:2423 type:P dur:2 cpbdur:2 q:33.03 aq:31.25 tex:364749 mv:37375 misc:4084 imb:3189 pmb:2151 smb:2820 d:t ref:0 ;
in:2424 out:2424 type:P dur:2 cpbdur:2 q:33.43 aq:31.31 tex:365924 mv:37763 misc:4105 imb:3145 pmb:2391 smb:2624 d:t ref:0 ;
in:2426 out:2425 type:P dur:2 cpbdur:2 q:34.89 aq:31.85 tex:424779 mv:40630 misc:3831 imb:4015 pmb:2023 smb:2122 d:t ref:0 ;
in:2425 out:2426 type:b dur:2 cpbdur:2 q:35.03 aq:36.10 tex:57547 mv:40104 misc:2869 imb:1017 pmb:3595 smb:3548 d:s ref:0 ;
in:2431 out:2427 type:P dur:2 cpbdur:2 q:36.48 aq:31.28 tex:543924 mv:42685 misc:3455 imb:4360 pmb:2014 smb:1786 d:t ref:0 ;
in:2428 out:2428 type:B dur:2 cpbdur:2 q:36.48 aq:35.27 tex:69805 mv:44399 misc:2820 imb:1053 pmb:3991 smb:3116 d:s ref:0 ;
in:2427 out:2429 type:b dur:2 cpbdur:2 q:36.48 aq:37.39 tex:34378 mv:39497 misc:3197 imb:914 pmb:3540 smb:3706 d:s ref:0 ;
in:2429 out:2430 type:b dur:2 cpbdur:2 q:36.48 aq:37.85 tex:26843 mv:23890 misc:5243 imb:413 pmb:2002 smb:5745 d:- ref:0 ;
in:2430 out:2431 type:b dur:2 cpbdur:2 q:36.48 aq:37.86 tex:31399 mv:22949 misc:5172 imb:460 pmb:1951 smb:5749 d:- ref:0 ;
in:2435 out:2432 type:P dur:2 cpbdur:2 q:37.78 aq:31.43 tex:265439 mv:36701 misc:5236 imb:1826 pmb:3332 smb:3002 d:t ref:0 ;
in:2433 out:2433 type:B dur:2 cpbdur:2 q:37.84 aq:38.21 tex:14417 mv:26393 misc:4014 imb:305 pmb:2828 smb:5027 d:s ref:0 ;
in:2432 out:2434 type:b dur:2 cpbdur:2 q:37.84 aq:39.79 tex:16757 mv:27244 misc:4287 imb:323 pmb:2497 smb:5340 d:s ref:0 ;
in:2434 out:2435 type:b dur:2 cpbdur:2 q:37.84 aq:38.85 tex:1930 mv:5470 misc:2952 imb:43 pmb:845 smb:7272 d:- ref:0 ;
in:2438 out:2436 type:P dur:2 cpbdur:2 q:37.36 aq:30.78 tex:89479 mv:8926 misc:5859 imb:358 pmb:1952 smb:5850 d:t ref:0 ;
in:2436 out:2437 type:B dur:2 cpbdur:2 q:37.90 aq:38.05 tex:2413 mv:1697 misc:1642 imb:22 pmb:340 smb:7798 d:t ref:0 ;
in:2437 out:2438 type:b dur:2 cpbdur:2 q:37.91 aq:34.90 tex:245 mv:1019 misc:768 imb:5 pmb:169 smb:7986 d:- ref:0 ;
in:2442 out:2439 type:P dur:2 cpbdur:2 q:36.79 aq:30.45 tex:163551 mv:21142 misc:6603 imb:750 pmb:3402 smb:4008 d:t ref:0 ;
in:2440 out:2440 type:B dur:2 cpbdur:2 q:37.57 aq:37.68 tex:3753 mv:4285 misc:2682 imb:31 pmb:637 smb:7492 d:t ref:0 ;
in:2439 out:2441 type:b dur:2 cpbdur:2 q:37.61 aq:39.31 tex:1029 mv:1602 misc:1729 imb:4 pmb:366 smb:7790 d:s ref:0 ;
in:2441 out:2442 type:b dur:2 cpbdur:2 q:37.61 aq:39.65 tex:905 mv:2123 misc:1676 imb:6 pmb:403 smb:7751 d:- ref:0 ;
in:2447 out:2443 type:P dur:2 cpbdur:2 q:36.58 aq:30.54 tex:199961 mv:25816 misc:6439 imb:992 pmb:3561 smb:3607 d:t ref:0 ;
in:2444 out:2444 type:B dur:2 cpbdur:2 q:37.19 aq:36.05 tex:5306 mv:6394 misc:3180 imb:46 pmb:972 smb:7142 d:s ref:0 ;
in:2443 out:2445 type:b dur:2 cpbdur:2 q:37.21 aq:39.00 tex:1623 mv:2761 misc:2080 imb:13 pmb:594 smb:7553 d:s ref:0 ;
in:2445 out:2446 type:b dur:2 cpbdur:2 q:37.21 aq:38.94 tex:2095 mv:2988 misc:2005 imb:24 pmb:498 smb:7638 d:- ref:0 ;
in:2446 out:2447 type:b dur:2 cpbdur:2 q:37.21 aq:39.30 tex:2171 mv:2817 misc:1852 imb:25 pmb:458 smb:7677 d:- ref:0 ;
in:2451 out:2448 type:P dur:2 cpbdur:2 q:35.89 aq:29.81 tex:249638 mv:26404 misc:5710 imb:903 pmb:4157 smb:3100 d:t ref:0 ;
in:2449 out:2449 type:B dur:2 cpbdur:2 q:36.78 aq:37.09 tex:4117 mv:4870 misc:2797 imb:36 pmb:732 smb:7392 d:t ref:0 ;
in:2448 out:2450 type:b dur:2 cpbdur:2 q:36.86 aq:38.80 tex:1219 mv:2405 misc:1728 imb:12 pmb:437 smb:7711 d:s ref:0 ;
in:2450 out:2451 type:b dur:2 cpbdur:2 q:36.86 aq:39.51 tex:2168 mv:2414 misc:1898 imb:26 pmb:466 smb:7668 d:- ref:0 ;
in:2456 out:2452 type:P dur:2 cpbdur:2 q:35.14 aq:29.09 tex:321602 mv:29162 misc:5804 imb:1007 pmb:4569 smb:2584 d:s ref:0 ;
in:2453 out:2453 type:B dur:2 cpbdur:2 q:36.18 aq:36.02 tex:11714 mv:9177 misc:3965 imb:78 pmb:1272 smb:6810 d:t ref:0 ;
in:2452 out:2454 type:b dur:2 cpbdur:2 q:36.45 aq:37.63 tex:1943 mv:2404 misc:1613 imb:41 pmb:371 smb:7748 d:s ref:0 ;
in:2454 out:2455 type:b dur:2 cpbdur:2 q:36.45 aq:38.96 tex:2884 mv:3370 misc:2330 imb:27 pmb:633 smb:7500 d:- ref:0 ;
in:2455 out:2456 type:b dur:2 cpbdur:2 q:36.45 aq:38.70 tex:1818 mv:3232 misc:2094 imb:17 pmb:548 smb:7595 d:- ref:0 ;
in:2460 out:2457 type:P dur:2 cpbdur:2 q:35.04 aq:28.94 tex:252908 mv:25817 misc:6267 imb:771 pmb:4187 smb:3202 d:s ref:0 ;
in:2458 out:2458 type:B dur:2 cpbdur:2 q:35.35 aq:35.48 tex:10279 mv:7589 misc:3388 imb:45 pmb:1089 smb:7026 d:t ref:0 ;
in:2457 out:2459 type:b dur:2 cpbdur:2 q:35.48 aq:37.09 tex:2570 mv:2478 misc:1808 imb:15 pmb:472 smb:7673 d:s ref:0 ;
in:2459 out:2460 type:b dur:2 cpbdur:2 q:35.48 aq:37.38 tex:2510 mv:3433 misc:2305 imb:28 pmb:640 smb:7492 d:- ref:0 ;
in:2464 out:2461 type:P dur:2 cpbdur:2 q:34.41 aq:28.09 tex:382799 mv:26629 misc:6364 imb:806 pmb:4660 smb:2694 d:s ref:0 ;
in:2462 out:2462 type:B dur:2 cpbdur:2 q:35.33 aq:35.24 tex:11376 mv:8355 misc:3357 imb:106 pmb:1107 smb:6947 d:s ref:0 ;
in:2461 out:2463 type:b dur:2 cpbdur:2 q:35.46 aq:37.39 tex:5057 mv:3863 misc:2464 imb:45 pmb:669 smb:7446 d:s ref:0 ;
in:2463 out:2464 type:b dur:2 cpbdur:2 q:35.46 aq:37.84 tex:2114 mv:2747 misc:2075 imb:14 pmb:587 smb:7559 d:- ref:0 ;
in:2468 out:2465 type:P dur:2 cpbdur:2 q:34.52 aq:28.47 tex:296175 mv:27871 misc:6338 imb:813 pmb:4411 smb:2936 d:s ref:0 ;
in:2466 out:2466 type:B dur:2 cpbdur:2 q:34.97 aq:35.31 tex:11263 mv:9951 misc:4018 imb:103 pmb:1330 smb:6727 d:s ref:0 ;
in:2465 out:2467 type:b dur:2 cpbdur:2 q:35.32 aq:37.19 tex:2908 mv:3199 misc:2245 imb:11 pmb:637 smb:7512 d:s ref:0 ;
in:2467 out:2468 type:b dur:2 cpbdur:2 q:35.32 aq:37.39 tex:3663 mv:3428 misc:2557 imb:27 pmb:717 smb:7416 d:- ref:0 ;
in:2471 out:2469 type:P dur:2 cpbdur:2 q:34.56 aq:28.87 tex:244821 mv:20977 misc:6682 imb:582 pmb:4029 smb:3549 d:s ref:0 ;
in:2469 out:2470 type:B dur:2 cpbdur:2 q:34.56 aq:35.72 tex:5389 mv:4355 misc:2632 imb:16 pmb:795 smb:7349 d:t ref:0 ;
in:2470 out:2471 type:b dur:2 cpbdur:2 q:34.56 aq:37.21 tex:4771 mv:3155 misc:2314 imb:14 pmb:643 smb:7503 d:- ref:0 ;
in:2475 out:2472 type:P dur:2 cpbdur:2 q:34.75 aq:29.17 tex:246912 mv:25083 misc:6045 imb:809 pmb:3909 smb:3442 d:s ref:0 ;
in:2473 out:2473 type:B dur:2 cpbdur:2 q:35.00 aq:34.99 tex:12065 mv:8866 misc:3669 imb:96 pmb:1241 smb:6823 d:s ref:0 ;
in:2472 out:2474 type:b dur:2 cpbdur:2 q:35.00 aq:36.87 tex:3170 mv:4006 misc:2544 imb:28 pmb:736 smb:7396 d:s ref:0 ;
in:2474 out:2475 type:b dur:2 cpbdur:2 q:35.00 aq:37.31 tex:3046 mv:2664 misc:2066 imb:11 pmb:533 smb:7616 d:- ref:0 ;
in:2477 out:2476 type:P dur:2 cpbdur:2 q:34.59 aq:28.94 tex:215800 mv:19194 misc:6118 imb:469 pmb:3825 smb:3866 d:s ref:0 ;
in:2476 out:2477 type:b dur:2 cpbdur:2 q:34.82 aq:37.14 tex:2894 mv:2620 misc:2014 imb:22 pmb:531 smb:7607 d:t ref:0 ;
in:2481 out:2478 type:P dur:2 cpbdur:2 q:34.30 aq:28.76 tex:243287 mv:23607 misc:5858 imb:629 pmb:4050 smb:3481 d:s ref:0 ;
in:2479 out:2479 type:B dur:2 cpbdur:2 q:34.71 aq:35.60 tex:13634 mv:8805 misc:3649 imb:83 pmb:1172 smb:6905 d:t ref:0 ;
in:2478 out:2480 type:b dur:2 cpbdur:2 q:34.81 aq:37.33 tex:3148 mv:2666 misc:1898 imb:33 pmb:495 smb:7632 d:s ref:0 ;
in:2480 out:2481 type:b dur:2 cpbdur:2 q:34.81 aq:36.92 tex:3235 mv:3608 misc:2549 imb:24 pmb:708 smb:7428 d:- ref:0 ;
in:2485 out:2482 type:P dur:2 cpbdur:2 q:34.06 aq:28.50 tex:265255 mv:27310 misc:6123 imb:775 pmb:4233 smb:3152 d:s ref:0 ;
in:2483 out:2483 type:B dur:2 cpbdur:2 q:34.52 aq:34.16 tex:10500 mv:8361 misc:3891 imb:53 pmb:1252 smb:6855 d:s ref:0 ;
in:2482 out:2484 type:b dur:2 cpbdur:2 q:34.73 aq:37.45 tex:4782 mv:3167 misc:2131 imb:58 pmb:504 smb:7598 d:s ref:0 ;
in:2484 out:2485 type:b dur:2 cpbdur:2 q:34.72 aq:36.10 tex:2693 mv:4147 misc:2576 imb:37 pmb:731 smb:7392 d:- ref:0 ;
in:2489 out:2486 type:P dur:2 cpbdur:2 q:33.80 aq:28.51 tex:275046 mv:25531 misc:6063 imb:705 pmb:4364 smb:3091 d:s ref:0 ;
in:2487 out:2487 type:B dur:2 cpbdur:2 q:34.19 aq:34.84 tex:11170 mv:7983 misc:3775 imb:48 pmb:1263 smb:6849 d:t ref:0 ;
in:2486 out:2488 type:b dur:2 cpbdur:2 q:34.39 aq:36.60 tex:2875 mv:3310 misc:2519 imb:26 pmb:724 smb:7410 d:s ref:0 ;
in:2488 out:2489 type:b dur:2 cpbdur:2 q:34.39 aq:36.00 tex:1977 mv:2257 misc:1814 imb:9 pmb:477 smb:7674 d:- ref:0 ;
in:2494 out:2490 type:P dur:2 cpbdur:2 q:33.51 aq:29.06 tex:271680 mv:25922 misc:5862 imb:797 pmb:4013 smb:3350 d:s ref:0 ;
in:2491 out:2491 type:B dur:2 cpbdur:2 q:34.08 aq:33.12 tex:24103 mv:12641 misc:4208 imb:134 pmb:1566 smb:6460 d:t ref:0 ;
in:2490 out:2492 type:b dur:2 cpbdur:2 q:34.35 aq:36.67 tex:3746 mv:3782 misc:2536 imb:27 pmb:745 smb:7388 d:s ref:0 ;
in:2492 out:2493 type:b dur:2 cpbdur:2 q:34.35 aq:36.74 tex:4003 mv:3800 misc:2501 imb:36 pmb:651 smb:7473 d:- ref:0 ;
in:2493 out:2494 type:b dur:2 cpbdur:2 q:34.35 aq:36.81 tex:3411 mv:3656 misc:2437 imb:27 pmb:649 smb:7484 d:- ref:0 ;
in:2498 out:2495 type:P dur:2 cpbdur:2 q:33.17 aq:29.88 tex:180783 mv:22510 misc:6027 imb:673 pmb:3260 smb:4227 d:s ref:0 ;
in:2496 out:2496 type:B dur:2 cpbdur:2 q:33.73 aq:33.24 tex:20103 mv:10670 misc:4411 imb:103 pmb:1537 smb:6520 d:s ref:0 ;
in:2495 out:2497 type:b dur:2 cpbdur:2 q:33.80 aq:35.96 tex:3377 mv:3333 misc:2378 imb:19 pmb:646 smb:7495 d:s ref:0 ;
in:2497 out:2498 type:b dur:2 cpbdur:2 q:33.80 aq:35.87 tex:5055 mv:3787 misc:2950 imb:14 pmb:875 smb:7271 d:- ref:0 ;
in:2500 out:2499 type:P dur:2 cpbdur:2 q:32.47 aq:30.44 tex:114355 mv:13615 misc:5678 imb:401 pmb:2253 smb:5506 d:s ref:0 ;
in:2499 out:2500 type:b dur:2 cpbdur:2 q:33.37 aq:35.38 tex:4534 mv:4341 misc:2677 imb:45 pmb:769 smb:7346 d:s ref:0 ;
in:2504 out:2501 type:P dur:2 cpbdur:2 q:36.27 aq:29.25 tex:965594 mv:48699 misc:1043 imb:5982 pmb:1811 smb:367 d:s ref:0 ;
in:2502 out:2502 type:B dur:2 cpbdur:2 q:36.67 aq:35.78 tex:15566 mv:4876 misc:3094 imb:126 pmb:904 smb:7130 d:s ref:0 ;
in:2501 out:2503 type:b dur:2 cpbdur:2 q:36.67 aq:38.29 tex:4687 mv:3173 misc:1884 imb:56 pmb:459 smb:7645 d:s ref:0 ;
in:2503 out:2504 type:b dur:2 cpbdur:2 q:36.67 aq:38.45 tex:469 mv:1382 misc:1133 imb:6 pmb:268 smb:7886 d:- ref:0 ;
in:2508 out:2505 type:P dur:2 cpbdur:2 q:35.67 aq:28.22 tex:325998 mv:26822 misc:6220 imb:1200 pmb:3664 smb:3296 d:s ref:0 ;
in:2506 out:2506 type:B dur:2 cpbdur:2 q:36.69 aq:36.05 tex:7867 mv:8816 misc:3309 imb:162 pmb:1063 smb:6935 d:s ref:0 ;
in:2505 out:2507 type:b dur:2 cpbdur:2 q:36.69 aq:37.04 tex:1358 mv:3147 misc:2231 imb:18 pmb:670 smb:7472 d:s ref:0 ;
in:2507 out:2508 type:b dur:2 cpbdur:2 q:36.69 aq:38.38 tex:1783 mv:3198 misc:2155 imb:27 pmb:639 smb:7494 d:- ref:0 ;
in:2513 out:2509 type:P dur:2 cpbdur:2 q:35.76 aq:28.76 tex:194542 mv:19389 misc:6389 imb:629 pmb:3382 smb:4149 d:s ref:0 ;
in:2510 out:2510 type:B dur:2 cpbdur:2 q:36.36 aq:35.50 tex:4692 mv:5929 misc:2675 imb:61 pmb:806 smb:7293 d:t ref:0 ;
in:2509 out:2511 type:b dur:2 cpbdur:2 q:36.43 aq:38.30 tex:854 mv:1804 misc:1262 imb:11 pmb:295 smb:7854 d:s ref:0 ;
in:2511 out:2512 type:b dur:2 cpbdur:2 q:36.43 aq:37.74 tex:618 mv:2421 misc:1513 imb:5 pmb:378 smb:7777 d:- ref:0 ;
in:2512 out:2513 type:b dur:2 cpbdur:2 q:36.43 aq:35.59 tex:724 mv:2904 misc:1716 imb:18 pmb:419 smb:7723 d:- ref:0 ;
in:2517 out:2514 type:P dur:2 cpbdur:2 q:35.53 aq:28.22 tex:197542 mv:18343 misc:6723 imb:672 pmb:3284 smb:4204 d:s ref:0 ;
in:2515 out:2515 type:B dur:2 cpbdur:2 q:36.23 aq:36.38 tex:2395 mv:4018 misc:2131 imb:36 pmb:582 smb:7542 d:s ref:0 ;
in:2514 out:2516 type:b dur:2 cpbdur:2 q:36.69 aq:35.87 tex:752 mv:1782 misc:1090 imb:9 pmb:272 smb:7879 d:s ref:0 ;
in:2516 out:2517 type:b dur:2 cpbdur:2 q:36.69 aq:38.06 tex:775 mv:1833 misc:1280 imb:21 pmb:294 smb:7845 d:- ref:0 ;
in:2520 out:2518 type:P dur:2 cpbdur:2 q:35.43 aq:28.15 tex:208657 mv:18310 misc:6537 imb:598 pmb:3445 smb:4117 d:s ref:0 ;
in:2518 out:2519 type:B dur:2 cpbdur:2 q:35.77 aq:36.03 tex:1992 mv:3680 misc:2248 imb:38 pmb:640 smb:7482 d:t ref:0 ;
in:2519 out:2520 type:b dur:2 cpbdur:2 q:35.88 aq:37.56 tex:1864 mv:3473 misc:2103 imb:22 pmb:634 smb:7504 d:- ref:0 ;
in:2526 out:2521 type:P dur:2 cpbdur:2 q:35.24 aq:28.39 tex:228860 mv:21121 misc:6291 imb:696 pmb:3616 smb:3848 d:s ref:0 ;
in:2523 out:2522 type:B dur:2 cpbdur:2 q:35.82 aq:34.59 tex:13105 mv:11736 misc:3495 imb:232 pmb:1147 smb:6781 d:t ref:0 ;
in:2521 out:2523 type:b dur:2 cpbdur:2 q:36.22 aq:37.16 tex:854 mv:2416 misc:1538 imb:19 pmb:417 smb:7724 d:s ref:0 ;
in:2522 out:2524 type:b dur:2 cpbdur:2 q:36.22 aq:37.11 tex:1155 mv:2365 misc:1632 imb:26 pmb:434 smb:7700 d:s ref:0 ;
in:2524 out:2525 type:b dur:2 cpbdur:2 q:36.22 aq:37.38 tex:933 mv:3254 misc:1693 imb:30 pmb:490 smb:7640 d:- ref:0 ;
in:2525 out:2526 type:b dur:2 cpbdur:2 q:36.22 aq:37.45 tex:1349 mv:2907 misc:1808 imb:39 pmb:498 smb:7623 d:- ref:0 ;
in:2531 out:2527 type:P dur:2 cpbdur:2 q:34.97 aq:27.89 tex:290978 mv:20776 misc:5702 imb:608 pmb:3935 smb:3617 d:s ref:0 ;
in:2528 out:2528 type:B dur:2 cpbdur:2 q:35.69 aq:35.20 tex:6699 mv:5893 misc:3088 imb:64 pmb:977 smb:7119 d:s ref:0 ;
in:2527 out:2529 type:b dur:2 cpbdur:2 q:35.69 aq:36.43 tex:1020 mv:1898 misc:1514 imb:16 pmb:379 smb:7765 d:s ref:0 ;
in:2529 out:2530 type:b dur:2 cpbdur:2 q:35.69 aq:38.03 tex:701 mv:2054 misc:1429 imb:6 pmb:364 smb:7790 d:- ref:0 ;
in:2530 out:2531 type:b dur:2 cpbdur:2 q:35.69 aq:38.13 tex:965 mv:2623 misc:1484 imb:14 pmb:411 smb:7735 d:- ref:0 ;
in:2535 out:2532 type:P dur:2 cpbdur:2 q:34.66 aq:27.18 tex:265994 mv:19819 misc:6867 imb:640 pmb:4002 smb:3518 d:s ref:0 ;
in:2533 out:2533 type:B dur:2 cpbdur:2 q:35.23 aq:34.99 tex:14446 mv:9060 misc:2878 imb:220 pmb:940 smb:7000 d:s ref:0 ;
in:2532 out:2534 type:b dur:2 cpbdur:2 q:35.46 aq:37.33 tex:1259 mv:3008 misc:1949 imb:34 pmb:549 smb:7577 d:s ref:0 ;
in:2534 out:2535 type:b dur:2 cpbdur:2 q:35.46 aq:38.06 tex:775 mv:2279 misc:1866 imb:35 pmb:499 smb:7626 d:- ref:0 ;
in:2539 out:2536 type:P dur:2 cpbdur:2 q:34.75 aq:27.70 tex:236790 mv:18296 misc:6642 imb:601 pmb:3427 smb:4132 d:s ref:0 ;
in:2537 out:2537 type:B dur:2 cpbdur:2 q:34.75 aq:35.08 tex:5741 mv:6163 misc:2704 imb:71 pmb:837 smb:7252 d:t ref:0 ;
in:2536 out:2538 type:b dur:2 cpbdur:2 q:34.75 aq:37.63 tex:811 mv:1920 misc:1405 imb:14 pmb:344 smb:7802 d:s ref:0 ;
in:2538 out:2539 type:b dur:2 cpbdur:2 q:34.75 aq:37.30 tex:1513 mv:2716 misc:1651 imb:22 pmb:453 smb:7685 d:- ref:0 ;
in:2545 out:2540 type:P dur:2 cpbdur:2 q:34.65 aq:27.66 tex:254410 mv:21385 misc:6085 imb:722 pmb:3495 smb:3943 d:s ref:0 ;
in:2542 out:2541 type:B dur:2 cpbdur:2 q:34.75 aq:33.38 tex:11966 mv:9467 misc:3639 imb:139 pmb:1222 smb:6799 d:s ref:0 ;
in:2540 out:2542 type:b dur:2 cpbdur:2 q:34.75 aq:36.93 tex:1805 mv:2829 misc:1822 imb:16 pmb:480 smb:7664 d:s ref:0 ;
in:2541 out:2543 type:b dur:2 cpbdur:2 q:34.75 aq:36.21 tex:2207 mv:3343 misc:1874 imb:26 pmb:557 smb:7577 d:s ref:0 ;
in:2543 out:2544 type:b dur:2 cpbdur:2 q:34.75 aq:37.32 tex:1780 mv:2877 misc:1975 imb:30 pmb:521 smb:7609 d:- ref:0 ;
in:2544 out:2545 type:b dur:2 cpbdur:2 q:34.75 aq:37.05 tex:2721 mv:3034 misc:1941 imb:32 pmb:524 smb:7604 d:- ref:0 ;
in:2548 out:2546 type:P dur:2 cpbdur:2 q:34.52 aq:27.24 tex:212021 mv:14812 misc:6791 imb:413 pmb:3337 smb:4410 d:s ref:0 ;
in:2546 out:2547 type:B dur:2 cpbdur:2 q:34.67 aq:35.07 tex:12596 mv:7851 misc:2313 imb:215 pmb:659 smb:7286 d:t ref:0 ;
in:2547 out:2548 type:b dur:2 cpbdur:2 q:34.70 aq:35.40 tex:1747 mv:2681 misc:1820 imb:29 pmb:483 smb:7648 d:- ref:0 ;
in:2553 out:2549 type:P dur:2 cpbdur:2 q:34.71 aq:28.00 tex:312337 mv:23062 misc:6017 imb:1017 pmb:3276 smb:3867 d:s ref:0 ;
in:2550 out:2550 type:B dur:2 cpbdur:2 q:34.73 aq:34.81 tex:11310 mv:8276 misc:3622 imb:129 pmb:1135 smb:6896 d:s ref:0 ;
in:2549 out:2551 type:b dur:2 cpbdur:2 q:34.73 aq:35.91 tex:2162 mv:3377 misc:2189 imb:38 pmb:627 smb:7495 d:s ref:0 ;
in:2551 out:2552 type:b dur:2 cpbdur:2 q:34.73 aq:37.37 tex:1660 mv:2469 misc:1671 imb:19 pmb:413 smb:7728 d:- ref:0 ;
in:2552 out:2553 type:b dur:2 cpbdur:2 q:34.73 aq:36.60 tex:1437 mv:2611 misc:1800 imb:22 pmb:463 smb:7675 d:- ref:0 ;
in:2557 out:2554 type:P dur:2 cpbdur:2 q:34.61 aq:27.69 tex:213663 mv:18064 misc:6121 imb:498 pmb:3331 smb:4331 d:s ref:0 ;
in:2555 out:2555 type:B dur:2 cpbdur:2 q:35.12 aq:35.42 tex:4843 mv:6282 misc:2875 imb:81 pmb:890 smb:7189 d:s ref:0 ;
in:2554 out:2556 type:b dur:2 cpbdur:2 q:35.15 aq:37.72 tex:993 mv:2528 misc:1543 imb:23 pmb:419 smb:7718 d:s ref:0 ;
in:2556 out:2557 type:b dur:2 cpbdur:2 q:35.15 aq:36.83 tex:1389 mv:2526 misc:1645 imb:20 pmb:455 smb:7685 d:- ref:0 ;
in:2561 out:2558 type:P dur:2 cpbdur:2 q:34.44 aq:27.76 tex:244581 mv:19281 misc:6410 imb:683 pmb:3422 smb:4055 d:s ref:0 ;
in:2559 out:2559 type:B dur:2 cpbdur:2 q:35.08 aq:36.16 tex:4109 mv:6016 misc:2755 imb:63 pmb:845 smb:7252 d:s ref:0 ;
in:2558 out:2560 type:b dur:2 cpbdur:2 q:35.09 aq:34.14 tex:506 mv:1912 misc:1310 imb:10 pmb:337 smb:7813 d:s ref:0 ;
in:2560 out:2561 type:b dur:2 cpbdur:2 q:35.09 aq:36.63 tex:1232 mv:2608 misc:1848 imb:19 pmb:510 smb:7631 d:- ref:0 ;
in:2563 out:2562 type:P dur:2 cpbdur:2 q:34.50 aq:27.80 tex:183106 mv:14160 misc:6398 imb:502 pmb:2751 smb:4907 d:s ref:0 ;
in:2562 out:2563 type:b dur:2 cpbdur:2 q:34.67 aq:36.99 tex:1706 mv:2658 misc:1844 imb:36 pmb:495 smb:7629 d:s ref:0 ;
in:2567 out:2564 type:P dur:2 cpbdur:2 q:34.46 aq:28.18 tex:186449 mv:14977 misc:5974 imb:504 pmb:2895 smb:4761 d:s ref:0 ;
in:2565 out:2565 type:B dur:2 cpbdur:2 q:34.60 aq:34.14 tex:4354 mv:5211 misc:3027 imb:58 pmb:928 smb:7174 d:s ref:0 ;
in:2564 out:2566 type:b dur:2 cpbdur:2 q:34.65 aq:36.89 tex:1254 mv:2289 misc:1889 imb:25 pmb:520 smb:7615 d:s ref:0 ;
in:2566 out:2567 type:b dur:2 cpbdur:2 q:34.65 aq:36.59 tex:949 mv:2239 misc:1428 imb:20 pmb:367 smb:7773 d:- ref:0 ;
in:2571 out:2568 type:P dur:2 cpbdur:2 q:34.20 aq:27.27 tex:230263 mv:21430 misc:6523 imb:750 pmb:3258 smb:4152 d:s ref:0 ;
in:2569 out:2569 type:B dur:2 cpbdur:2 q:34.55 aq:35.05 tex:6099 mv:6560 misc:3029 imb:84 pmb:948 smb:7128 d:s ref:0 ;
in:2568 out:2570 type:b dur:2 cpbdur:2 q:34.63 aq:35.63 tex:1243 mv:3317 misc:1800 imb:29 pmb:542 smb:7589 d:s ref:0 ;
in:2570 out:2571 type:b dur:2 cpbdur:2 q:34.63 aq:36.64 tex:1815 mv:2959 misc:1922 imb:37 pmb:520 smb:7603 d:- ref:0 ;
in:2573 out:2572 type:P dur:2 cpbdur:2 q:34.11 aq:26.76 tex:173635 mv:13676 misc:6761 imb:464 pmb:2887 smb:4809 d:s ref:0 ;
in:2572 out:2573 type:b dur:2 cpbdur:2 q:34.61 aq:36.36 tex:982 mv:1915 misc:1647 imb:7 pmb:447 smb:7706 d:s ref:0 ;
in:2576 out:2574 type:P dur:2 cpbdur:2 q:34.11 aq:27.14 tex:217820 mv:14678 misc:6654 imb:422 pmb:3353 smb:4385 d:s ref:0 ;
in:2574 out:2575 type:B dur:2 cpbdur:2 q:34.25 aq:35.65 tex:3124 mv:3314 misc:1874 imb:24 pmb:549 smb:7587 d:t ref:0 ;
in:2575 out:2576 type:b dur:2 cpbdur:2 q:34.28 aq:35.07 tex:922 mv:1548 misc:1138 imb:12 pmb:258 smb:7890 d:- ref:0 ;
in:2580 out:2577 type:P dur:2 cpbdur:2 q:34.06 aq:27.20 tex:319442 mv:22775 misc:5919 imb:789 pmb:3631 smb:3740 d:s ref:0 ;
in:2578 out:2578 type:B dur:2 cpbdur:2 q:34.29 aq:34.69 tex:8375 mv:6037 misc:3372 imb:114 pmb:1056 smb:6990 d:s ref:0 ;
in:2577 out:2579 type:b dur:2 cpbdur:2 q:34.29 aq:36.03 tex:4067 mv:4039 misc:2542 imb:53 pmb:778 smb:7329 d:s ref:0 ;
in:2579 out:2580 type:b dur:2 cpbdur:2 q:34.29 aq:36.03 tex:1553 mv:2092 misc:1595 imb:28 pmb:441 smb:7691 d:- ref:0 ;
in:2585 out:2581 type:P dur:2 cpbdur:2 q:34.03 aq:27.43 tex:225627 mv:17070 misc:6007 imb:567 pmb:3289 smb:4304 d:s ref:0 ;
in:2582 out:2582 type:B dur:2 cpbdur:2 q:34.33 aq:33.97 tex:6800 mv:6197 misc:2979 imb:76 pmb:965 smb:7119 d:s ref:0 ;
in:2581 out:2583 type:b dur:2 cpbdur:2 q:34.33 aq:36.32 tex:1494 mv:1930 misc:1648 imb:15 pmb:445 smb:7700 d:s ref:0 ;
in:2583 out:2584 type:b dur:2 cpbdur:2 q:34.33 aq:36.31 tex:902 mv:2798 misc:1556 imb:19 pmb:411 smb:7730 d:- ref:0 ;
in:2584 out:2585 type:b dur:2 cpbdur:2 q:34.33 aq:36.77 tex:1981 mv:2992 misc:1603 imb:22 pmb:455 smb:7683 d:- ref:0 ;
in:2589 out:2586 type:P dur:2 cpbdur:2 q:34.34 aq:28.18 tex:196431 mv:17623 misc:5722 imb:676 pmb:2625 smb:4859 d:s ref:0 ;
in:2587 out:2587 type:B dur:2 cpbdur:2 q:34.73 aq:34.44 tex:9014 mv:6509 misc:2941 imb:96 pmb:923 smb:7141 d:s ref:0 ;
in:2586 out:2588 type:b dur:2 cpbdur:2 q:34.76 aq:36.60 tex:1387 mv:2695 misc:1774 imb:28 pmb:499 smb:7633 d:s ref:0 ;
in:2588 out:2589 type:b dur:2 cpbdur:2 q:34.76 aq:36.80 tex:684 mv:2193 misc:1595 imb:8 pmb:435 smb:7717 d:- ref:0 ;
in:2592 out:2590 type:P dur:2 cpbdur:2 q:34.12 aq:28.20 tex:172672 mv:14861 misc:5819 imb:558 pmb:2590 smb:5012 d:s ref:0 ;
in:2590 out:2591 type:B dur:2 cpbdur:2 q:34.70 aq:35.18 tex:2938 mv:3365 misc:2073 imb:26 pmb:619 smb:7515 d:t ref:0 ;
in:2591 out:2592 type:b dur:2 cpbdur:2 q:34.72 aq:35.80 tex:1534 mv:2537 misc:1521 imb:32 pmb:413 smb:7715 d:- ref:0 ;
in:2596 out:2593 type:P dur:2 cpbdur:2 q:33.63 aq:27.86 tex:187829 mv:15938 misc:6289 imb:624 pmb:2832 smb:4704 d:s ref:0 ;
in:2594 out:2594 type:B dur:2 cpbdur:2 q:34.49 aq:35.33 tex:4414 mv:5075 misc:2679 imb:53 pmb:794 smb:7313 d:t ref:0 ;
in:2593 out:2595 type:b dur:2 cpbdur:2 q:34.72 aq:37.42 tex:1551 mv:2037 misc:1500 imb:8 pmb:375 smb:7777 d:s ref:0 ;
in:2595 out:2596 type:b dur:2 cpbdur:2 q:34.72 aq:36.98 tex:1599 mv:2183 misc:1634 imb:11 pmb:424 smb:7725 d:- ref:0 ;
in:2599 out:2597 type:P dur:2 cpbdur:2 q:33.82 aq:28.38 tex:186172 mv:15986 misc:5682 imb:635 pmb:2489 smb:5036 d:s ref:0 ;
in:2597 out:2598 type:B dur:2 cpbdur:2 q:33.87 aq:35.18 tex:2872 mv:4259 misc:2437 imb:36 pmb:725 smb:7399 d:s ref:0 ;
in:2598 out:2599 type:b dur:2 cpbdur:2 q:33.87 aq:34.91 tex:1948 mv:2672 misc:1964 imb:26 pmb:550 smb:7584 d:- ref:0 ;
in:2603 out:2600 type:P dur:2 cpbdur:2 q:33.79 aq:29.17 tex:150493 mv:17499 misc:5376 imb:648 pmb:2445 smb:5067 d:s ref:0 ;
in:2601 out:2601 type:B dur:2 cpbdur:2 q:33.85 aq:34.15 tex:8305 mv:7130 misc:3277 imb:121 pmb:1027 smb:7012 d:s ref:0 ;
in:2600 out:2602 type:b dur:2 cpbdur:2 q:33.85 aq:35.68 tex:2277 mv:3328 misc:1867 imb:45 pmb:525 smb:7590 d:s ref:0 ;
in:2602 out:2603 type:b dur:2 cpbdur:2 q:33.85 aq:34.97 tex:2199 mv:3276 misc:2205 imb:26 pmb:615 smb:7519 d:- ref:0 ;
in:2608 out:2604 type:P dur:2 cpbdur:2 q:32.95 aq:29.17 tex:139501 mv:18166 misc:5389 imb:778 pmb:2302 smb:5080 d:s ref:0 ;
in:2605 out:2605 type:B dur:2 cpbdur:2 q:33.84 aq:32.73 tex:10478 mv:8141 misc:3357 imb:117 pmb:1127 smb:6916 d:s ref:0 ;
in:2604 out:2606 type:b dur:2 cpbdur:2 q:33.84 aq:35.87 tex:1623 mv:2405 misc:1724 imb:18 pmb:464 smb:7678 d:s ref:0 ;
in:2606 out:2607 type:b dur:2 cpbdur:2 q:33.84 aq:35.59 tex:1903 mv:3635 misc:2310 imb:40 pmb:640 smb:7480 d:- ref:0 ;
in:2607 out:2608 type:b dur:2 cpbdur:2 q:33.84 aq:35.45 tex:1607 mv:3678 misc:2347 imb:34 pmb:679 smb:7447 d:- ref:0 ;
in:2611 out:2609 type:P dur:2 cpbdur:2 q:32.91 aq:30.86 tex:89845 mv:12377 misc:4386 imb:520 pmb:1414 smb:6226 d:s ref:0 ;
in:2609 out:2610 type:B dur:2 cpbdur:2 q:32.94 aq:34.17 tex:8556 mv:5375 misc:2805 imb:68 pmb:861 smb:7231 d:s ref:0 ;
in:2610 out:2611 type:b dur:2 cpbdur:2 q:32.94 aq:34.94 tex:4752 mv:4039 misc:2529 imb:65 pmb:729 smb:7366 d:- ref:0 ;
in:2612 out:2612 type:I dur:2 cpbdur:2 q:32.25 aq:25.14 tex:2519389 mv:166451 misc:304 imb:8160 pmb:0 smb:0 d:s ref:;
in:2616 out:2613 type:P dur:2 cpbdur:2 q:33.70 aq:27.75 tex:237837 mv:15121 misc:5130 imb:419 pmb:2907 smb:4834 d:s ref:0 ;
in:2614 out:2614 type:B dur:2 cpbdur:2 q:33.70 aq:33.36 tex:13980 mv:5028 misc:3160 imb:97 pmb:1029 smb:7034 d:s ref:0 ;
in:2613 out:2615 type:b dur:2 cpbdur:2 q:33.70 aq:35.96 tex:3194 mv:2190 misc:2088 imb:19 pmb:565 smb:7576 d:s ref:0 ;
in:2615 out:2616 type:b dur:2 cpbdur:2 q:33.70 aq:35.34 tex:1741 mv:2128 misc:2163 imb:7 pmb:601 smb:7552 d:- ref:0 ;
in:2620 out:2617 type:P dur:2 cpbdur:2 q:33.71 aq:27.72 tex:236951 mv:15816 misc:5809 imb:385 pmb:3373 smb:4402 d:s ref:0 ;
in:2618 out:2618 type:B dur:2 cpbdur:2 q:33.71 aq:33.75 tex:11661 mv:4358 misc:2973 imb:45 pmb:922 smb:7193 d:s ref:0 ;
in:2617 out:2619 type:b dur:2 cpbdur:2 q:33.71 aq:35.66 tex:1498 mv:1816 misc:1966 imb:8 pmb:520 smb:7632 d:s ref:0 ;
in:2619 out:2620 type:b dur:2 cpbdur:2 q:33.71 aq:34.85 tex:2057 mv:1709 misc:1850 imb:9 pmb:449 smb:7702 d:- ref:0 ;
in:2622 out:2621 type:P dur:2 cpbdur:2 q:33.73 aq:27.82 tex:217813 mv:13643 misc:5672 imb:290 pmb:3164 smb:4706 d:s ref:0 ;
in:2621 out:2622 type:b dur:2 cpbdur:2 q:33.73 aq:36.00 tex:3470 mv:2245 misc:1981 imb:15 pmb:557 smb:7588 d:s ref:0 ;
in:2626 out:2623 type:P dur:2 cpbdur:2 q:34.13 aq:27.90 tex:279425 mv:19268 misc:5299 imb:465 pmb:3609 smb:4086 d:s ref:0 ;
in:2624 out:2624 type:B dur:2 cpbdur:2 q:34.13 aq:35.06 tex:11925 mv:5083 misc:3064 imb:53 pmb:979 smb:7128 d:s ref:0 ;
in:2623 out:2625 type:b dur:2 cpbdur:2 q:34.13 aq:36.09 tex:1987 mv:1996 misc:1833 imb:9 pmb:472 smb:7679 d:s ref:0 ;
in:2625 out:2626 type:b dur:2 cpbdur:2 q:34.13 aq:35.11 tex:2434 mv:2026 misc:1956 imb:10 pmb:562 smb:7588 d:- ref:0 ;
in:2630 out:2627 type:P dur:2 cpbdur:2 q:34.18 aq:28.19 tex:287001 mv:20304 misc:5335 imb:505 pmb:3729 smb:3926 d:s ref:0 ;
in:2628 out:2628 type:B dur:2 cpbdur:2 q:34.18 aq:33.84 tex:15008 mv:5921 misc:3263 imb:96 pmb:1065 smb:6999 d:s ref:0 ;
in:2627 out:2629 type:b dur:2 cpbdur:2 q:34.18 aq:36.27 tex:3156 mv:3198 misc:2358 imb:21 pmb:671 smb:7468 d:s ref:0 ;
in:2629 out:2630 type:b dur:2 cpbdur:2 q:34.18 aq:36.01 tex:2212 mv:1763 misc:1857 imb:4 pmb:466 smb:7690 d:- ref:0 ;
in:2634 out:2631 type:P dur:2 cpbdur:2 q:34.16 aq:28.15 tex:246250 mv:18240 misc:5662 imb:411 pmb:3548 smb:4201 d:s ref:0 ;
in:2632 out:2632 type:B dur:2 cpbdur:2 q:34.20 aq:34.75 tex:9918 mv:4351 misc:2963 imb:46 pmb:958 smb:7156 d:s ref:0 ;
in:2631 out:2633 type:b dur:2 cpbdur:2 q:34.20 aq:36.33 tex:1434 mv:1645 misc:1737 imb:5 pmb:463 smb:7692 d:s ref:0 ;
in:2633 out:2634 type:b dur:2 cpbdur:2 q:34.20 aq:35.91 tex:1767 mv:2250 misc:2127 imb:11 pmb:584 smb:7565 d:- ref:0 ;
in:2636 out:2635 type:P dur:2 cpbdur:2 q:34.55 aq:28.30 tex:156810 mv:11498 misc:6164 imb:176 pmb:2835 smb:5149 d:s ref:0 ;
in:2635 out:2636 type:b dur:2 cpbdur:2 q:34.55 aq:36.38 tex:1348 mv:1791 misc:1677 imb:2 pmb:433 smb:7725 d:s ref:0 ;
in:2638 out:2637 type:P dur:2 cpbdur:2 q:34.60 aq:28.23 tex:159845 mv:11320 misc:6179 imb:291 pmb:2606 smb:5263 d:s ref:0 ;
in:2637 out:2638 type:b dur:2 cpbdur:2 q:34.61 aq:36.52 tex:2176 mv:2284 misc:1916 imb:27 pmb:511 smb:7622 d:t ref:0 ;
in:2640 out:2639 type:P dur:2 cpbdur:2 q:34.60 aq:28.27 tex:201762 mv:14413 misc:6265 imb:407 pmb:3064 smb:4689 d:s ref:0 ;
in:2639 out:2640 type:b dur:2 cpbdur:2 q:34.60 aq:37.31 tex:2355 mv:2248 misc:2333 imb:13 pmb:663 smb:7484 d:s ref:0 ;
in:2644 out:2641 type:P dur:2 cpbdur:2 q:34.62 aq:28.15 tex:284722 mv:21610 misc:5268 imb:542 pmb:3705 smb:3913 d:s ref:0 ;
in:2642 out:2642 type:B dur:2 cpbdur:2 q:34.63 aq:34.32 tex:13306 mv:5304 misc:3198 imb:62 pmb:1011 smb:7087 d:s ref:0 ;
in:2641 out:2643 type:b dur:2 cpbdur:2 q:34.63 aq:36.05 tex:1658 mv:1806 misc:1768 imb:11 pmb:430 smb:7719 d:s ref:0 ;
in:2643 out:2644 type:b dur:2 cpbdur:2 q:34.63 aq:36.10 tex:2233 mv:2287 misc:2240 imb:6 pmb:625 smb:7529 d:- ref:0 ;
in:2649 out:2645 type:P dur:2 cpbdur:2 q:34.67 aq:28.10 tex:262657 mv:19279 misc:5776 imb:424 pmb:4031 smb:3705 d:s ref:0 ;
in:2646 out:2646 type:B dur:2 cpbdur:2 q:34.67 aq:34.24 tex:14973 mv:5289 misc:3026 imb:67 pmb:922 smb:7171 d:t ref:0 ;
in:2645 out:2647 type:b dur:2 cpbdur:2 q:34.67 aq:36.71 tex:951 mv:1437 misc:1508 imb:5 pmb:357 smb:7798 d:s ref:0 ;
in:2647 out:2648 type:b dur:2 cpbdur:2 q:34.67 aq:35.82 tex:1748 mv:2048 misc:1796 imb:9 pmb:435 smb:7716 d:- ref:0 ;
in:2648 out:2649 type:b dur:2 cpbdur:2 q:34.67 aq:36.44 tex:1945 mv:2104 misc:1815 imb:18 pmb:453 smb:7689 d:- ref:0 ;
in:2651 out:2650 type:P dur:2 cpbdur:2 q:34.67 aq:28.02 tex:163382 mv:11255 misc:6251 imb:262 pmb:2818 smb:5080 d:s ref:0 ;
in:2650 out:2651 type:b dur:2 cpbdur:2 q:34.67 aq:36.46 tex:2753 mv:2295 misc:1800 imb:41 pmb:477 smb:7642 d:t ref:0 ;
in:2655 out:2652 type:P dur:2 cpbdur:2 q:34.69 aq:28.16 tex:252754 mv:19433 misc:5941 imb:459 pmb:3906 smb:3795 d:s ref:0 ;
in:2653 out:2653 type:B dur:2 cpbdur:2 q:34.69 aq:34.97 tex:12985 mv:5303 misc:3008 imb:105 pmb:889 smb:7166 d:s ref:0 ;
in:2652 out:2654 type:b dur:2 cpbdur:2 q:34.69 aq:35.87 tex:1348 mv:2061 misc:2023 imb:13 pmb:527 smb:7620 d:s ref:0 ;
in:2654 out:2655 type:b dur:2 cpbdur:2 q:34.69 aq:36.12 tex:1678 mv:1965 misc:1981 imb:15 pmb:501 smb:7644 d:- ref:0 ;
in:2659 out:2656 type:P dur:2 cpbdur:2 q:34.70 aq:28.20 tex:220074 mv:16877 misc:6009 imb:375 pmb:3655 smb:4130 d:s ref:0 ;
in:2657 out:2657 type:B dur:2 cpbdur:2 q:34.72 aq:34.71 tex:8978 mv:3381 misc:2521 imb:20 pmb:739 smb:7401 d:s ref:0 ;
in:2656 out:2658 type:b dur:2 cpbdur:2 q:34.72 aq:36.21 tex:895 mv:1578 misc:1655 imb:6 pmb:396 smb:7758 d:s ref:0 ;
in:2658 out:2659 type:b dur:2 cpbdur:2 q:34.72 aq:36.20 tex:1950 mv:2257 misc:1937 imb:10 pmb:478 smb:7672 d:- ref:0 ;
in:2662 out:2660 type:P dur:2 cpbdur:2 q:34.76 aq:28.22 tex:210896 mv:15875 misc:6133 imb:324 pmb:3446 smb:4390 d:s ref:0 ;
in:2660 out:2661 type:B dur:2 cpbdur:2 q:34.76 aq:35.93 tex:12612 mv:4726 misc:2294 imb:62 pmb:647 smb:7451 d:t ref:0 ;
in:2661 out:2662 type:b dur:2 cpbdur:2 q:34.76 aq:36.20 tex:1963 mv:2227 misc:1898 imb:14 pmb:500 smb:7646 d:- ref:0 ;
in:2666 out:2663 type:P dur:2 cpbdur:2 q:34.79 aq:28.31 tex:250697 mv:18905 misc:6030 imb:433 pmb:3812 smb:3915 d:s ref:0 ;
in:2664 out:2664 type:B dur:2 cpbdur:2 q:34.80 aq:35.00 tex:8860 mv:4959 misc:2917 imb:86 pmb:873 smb:7201 d:s ref:0 ;
in:2663 out:2665 type:b dur:2 cpbdur:2 q:34.80 aq:36.60 tex:1515 mv:2145 misc:1972 imb:18 pmb:508 smb:7634 d:s ref:0 ;
in:2665 out:2666 type:b dur:2 cpbdur:2 q:34.80 aq:37.12 tex:1303 mv:1844 misc:1717 imb:10 pmb:440 smb:7710 d:- ref:0 ;
in:2671 out:2667 type:P dur:2 cpbdur:2 q:34.80 aq:28.42 tex:250252 mv:18871 misc:5965 imb:447 pmb:3871 smb:3842 d:s ref:0 ;
in:2668 out:2668 type:B dur:2 cpbdur:2 q:34.81 aq:34.49 tex:14232 mv:5043 misc:2941 imb:81 pmb:897 smb:7182 d:t ref:0 ;
in:2667 out:2669 type:b dur:2 cpbdur:2 q:34.81 aq:36.97 tex:1217 mv:1550 misc:1377 imb:3 pmb:335 smb:7822 d:s ref:0 ;
in:2669 out:2670 type:b dur:2 cpbdur:2 q:34.81 aq:36.92 tex:4479 mv:2354 misc:1935 imb:25 pmb:487 smb:7648 d:- ref:0 ;
in:2670 out:2671 type:b dur:2 cpbdur:2 q:34.81 aq:36.89 tex:3372 mv:2155 misc:1897 imb:16 pmb:489 smb:7655 d:- ref:0 ;
in:2675 out:2672 type:P dur:2 cpbdur:2 q:34.79 aq:28.26 tex:276525 mv:20579 misc:6192 imb:515 pmb:3947 smb:3698 d:s ref:0 ;
in:2673 out:2673 type:B dur:2 cpbdur:2 q:34.80 aq:35.38 tex:14245 mv:6484 misc:2919 imb:64 pmb:993 smb:7103 d:s ref:0 ;
in:2672 out:2674 type:b dur:2 cpbdur:2 q:34.80 aq:36.71 tex:1707 mv:1985 misc:1812 imb:9 pmb:491 smb:7660 d:s ref:0 ;
in:2674 out:2675 type:b dur:2 cpbdur:2 q:34.80 aq:36.56 tex:2054 mv:2018 misc:2048 imb:12 pmb:563 smb:7585 d:- ref:0 ;
in:2678 out:2676 type:P dur:2 cpbdur:2 q:34.85 aq:28.40 tex:221184 mv:16360 misc:6248 imb:395 pmb:3536 smb:4229 d:s ref:0 ;
in:2676 out:2677 type:B dur:2 cpbdur:2 q:34.85 aq:35.44 tex:5053 mv:2736 misc:2179 imb:15 pmb:585 smb:7560 d:t ref:0 ;
in:2677 out:2678 type:b dur:2 cpbdur:2 q:34.85 aq:36.69 tex:1798 mv:2002 misc:1824 imb:8 pmb:496 smb:7656 d:- ref:0 ;
in:2680 out:2679 type:P dur:2 cpbdur:2 q:34.84 aq:28.26 tex:167216 mv:11470 misc:6194 imb:255 pmb:2870 smb:5035 d:s ref:0 ;
in:2679 out:2680 type:b dur:2 cpbdur:2 q:34.85 aq:36.60 tex:1021 mv:1669 misc:1622 imb:7 pmb:423 smb:7730 d:t ref:0 ;
in:2682 out:2681 type:P dur:2 cpbdur:2 q:34.83 aq:28.24 tex:172146 mv:13047 misc:6711 imb:270 pmb:3194 smb:4696 d:s ref:0 ;
in:2681 out:2682 type:b dur:2 cpbdur:2 q:34.85 aq:36.32 tex:1308 mv:1617 misc:1627 imb:6 pmb:417 smb:7737 d:s ref:0 ;
in:2687 out:2683 type:P dur:2 cpbdur:2 q:34.85 aq:28.54 tex:263272 mv:19012 misc:5956 imb:459 pmb:3883 smb:3818 d:s ref:0 ;
in:2684 out:2684 type:B dur:2 cpbdur:2 q:34.85 aq:34.68 tex:14883 mv:5521 misc:3108 imb:68 pmb:1028 smb:7064 d:t ref:0 ;
in:2683 out:2685 type:b dur:2 cpbdur:2 q:34.85 aq:36.92 tex:1566 mv:2115 misc:1887 imb:11 pmb:489 smb:7660 d:s ref:0 ;
in:2685 out:2686 type:b dur:2 cpbdur:2 q:34.85 aq:37.18 tex:2217 mv:2247 misc:1816 imb:16 pmb:441 smb:7703 d:- ref:0 ;
in:2686 out:2687 type:b dur:2 cpbdur:2 q:34.85 aq:36.53 tex:1758 mv:2173 misc:1965 imb:17 pmb:506 smb:7637 d:- ref:0 ;
in:2689 out:2688 type:P dur:2 cpbdur:2 q:34.86 aq:28.47 tex:164681 mv:13443 misc:6388 imb:258 pmb:3039 smb:4863 d:s ref:0 ;
in:2688 out:2689 type:b dur:2 cpbdur:2 q:34.88 aq:36.57 tex:1411 mv:2032 misc:1877 imb:8 pmb:504 smb:7648 d:s ref:0 ;
in:2692 out:2690 type:P dur:2 cpbdur:2 q:34.92 aq:28.55 tex:215767 mv:16594 misc:6135 imb:430 pmb:3404 smb:4326 d:s ref:0 ;
in:2690 out:2691 type:B dur:2 cpbdur:2 q:34.92 aq:35.34 tex:4003 mv:2729 misc:2100 imb:23 pmb:559 smb:7578 d:t ref:0 ;
in:2691 out:2692 type:b dur:2 cpbdur:2 q:34.92 aq:37.45 tex:1290 mv:2033 misc:1701 imb:9 pmb:479 smb:7672 d:- ref:0 ;
in:2696 out:2693 type:P dur:2 cpbdur:2 q:34.92 aq:29.16 tex:225374 mv:19665 misc:5409 imb:501 pmb:3416 smb:4243 d:s ref:0 ;
in:2694 out:2694 type:B dur:2 cpbdur:2 q:34.94 aq:35.31 tex:8176 mv:4388 misc:2972 imb:35 pmb:863 smb:7262 d:s ref:0 ;
in:2693 out:2695 type:b dur:2 cpbdur:2 q:34.94 aq:36.22 tex:880 mv:1543 misc:1449 imb:3 pmb:340 smb:7817 d:s ref:0 ;
in:2695 out:2696 type:b dur:2 cpbdur:2 q:34.94 aq:36.70 tex:1933 mv:2522 misc:2153 imb:18 pmb:566 smb:7576 d:- ref:0 ;
in:2700 out:2697 type:P dur:2 cpbdur:2 q:35.33 aq:28.33 tex:255487 mv:21846 misc:6475 imb:564 pmb:4186 smb:3410 d:s ref:0 ;
in:2698 out:2698 type:B dur:2 cpbdur:2 q:35.39 aq:35.10 tex:9682 mv:4769 misc:2845 imb:71 pmb:870 smb:7219 d:s ref:0 ;
in:2697 out:2699 type:b dur:2 cpbdur:2 q:35.39 aq:37.52 tex:778 mv:1520 misc:1438 imb:7 pmb:357 smb:7796 d:s ref:0 ;
in:2699 out:2700 type:b dur:2 cpbdur:2 q:35.39 aq:36.61 tex:2125 mv:2411 misc:1992 imb:22 pmb:534 smb:7604 d:- ref:0 ;
in:2704 out:2701 type:P dur:2 cpbdur:2 q:35.31 aq:28.86 tex:200227 mv:18708 misc:6257 imb:427 pmb:3528 smb:4205 d:s ref:0 ;
in:2702 out:2702 type:B dur:2 cpbdur:2 q:35.41 aq:35.78 tex:8863 mv:3796 misc:2549 imb:28 pmb:733 smb:7399 d:s ref:0 ;
in:2701 out:2703 type:b dur:2 cpbdur:2 q:35.43 aq:37.33 tex:942 mv:1826 misc:1536 imb:17 pmb:368 smb:7775 d:s ref:0 ;
in:2703 out:2704 type:b dur:2 cpbdur:2 q:35.43 aq:35.76 tex:835 mv:1552 misc:1621 imb:6 pmb:411 smb:7743 d:- ref:0 ;
in:2706 out:2705 type:P dur:2 cpbdur:2 q:35.28 aq:28.65 tex:130564 mv:10749 misc:6295 imb:239 pmb:2616 smb:5305 d:s ref:0 ;
in:2705 out:2706 type:b dur:2 cpbdur:2 q:35.37 aq:36.39 tex:949 mv:1425 misc:1394 imb:7 pmb:323 smb:7830 d:t ref:0 ;
in:2710 out:2707 type:P dur:2 cpbdur:2 q:35.27 aq:28.94 tex:189650 mv:16565 misc:6129 imb:422 pmb:3286 smb:4452 d:s ref:0 ;
in:2708 out:2708 type:B dur:2 cpbdur:2 q:35.38 aq:35.47 tex:14793 mv:5737 misc:2678 imb:83 pmb:856 smb:7221 d:t ref:0 ;
in:2707 out:2709 type:b dur:2 cpbdur:2 q:35.42 aq:37.03 tex:860 mv:2173 misc:1839 imb:14 pmb:494 smb:7652 d:s ref:0 ;
in:2709 out:2710 type:b dur:2 cpbdur:2 q:35.42 aq:37.28 tex:791 mv:1722 misc:1719 imb:8 pmb:452 smb:7700 d:- ref:0 ;
in:2714 out:2711 type:P dur:2 cpbdur:2 q:34.99 aq:28.74 tex:245137 mv:21670 misc:5817 imb:594 pmb:3785 smb:3781 d:s ref:0 ;
in:2712 out:2712 type:B dur:2 cpbdur:2 q:35.35 aq:35.29 tex:8680 mv:4873 misc:3023 imb:47 pmb:911 smb:7202 d:s ref:0 ;
in:2711 out:2713 type:b dur:2 cpbdur:2 q:35.41 aq:37.91 tex:1500 mv:1880 misc:1804 imb:9 pmb:484 smb:7667 d:s ref:0 ;
in:2713 out:2714 type:b dur:2 cpbdur:2 q:35.41 aq:37.26 tex:1384 mv:1702 misc:1650 imb:16 pmb:414 smb:7730 d:- ref:0 ;
in:2718 out:2715 type:P dur:2 cpbdur:2 q:35.00 aq:28.81 tex:219978 mv:19102 misc:6240 imb:493 pmb:3601 smb:4066 d:s ref:0 ;
in:2716 out:2716 type:B dur:2 cpbdur:2 q:35.03 aq:35.41 tex:8358 mv:4077 misc:2813 imb:45 pmb:886 smb:7229 d:s ref:0 ;
in:2715 out:2717 type:b dur:2 cpbdur:2 q:35.03 aq:36.54 tex:1870 mv:2462 misc:2124 imb:21 pmb:567 smb:7572 d:s ref:0 ;
in:2717 out:2718 type:b dur:2 cpbdur:2 q:35.03 aq:35.20 tex:1112 mv:1723 misc:1573 imb:9 pmb:382 smb:7769 d:- ref:0 ;
in:2722 out:2719 type:P dur:2 cpbdur:2 q:35.03 aq:28.99 tex:198303 mv:19220 misc:5933 imb:493 pmb:3393 smb:4274 d:s ref:0 ;
in:2720 out:2720 type:B dur:2 cpbdur:2 q:35.04 aq:35.62 tex:7937 mv:3642 misc:2773 imb:22 pmb:826 smb:7312 d:s ref:0 ;
in:2719 out:2721 type:b dur:2 cpbdur:2 q:35.04 aq:37.08 tex:1545 mv:1737 misc:1830 imb:7 pmb:468 smb:7685 d:s ref:0 ;
in:2721 out:2722 type:b dur:2 cpbdur:2 q:35.04 aq:36.56 tex:568 mv:1350 misc:1458 imb:5 pmb:334 smb:7821 d:- ref:0 ;
in:2725 out:2723 type:P dur:2 cpbdur:2 q:34.59 aq:28.72 tex:205075 mv:17045 misc:6560 imb:395 pmb:3485 smb:4280 d:s ref:0 ;
in:2723 out:2724 type:B dur:2 cpbdur:2 q:35.03 aq:35.73 tex:3574 mv:2711 misc:2027 imb:38 pmb:595 smb:7527 d:t ref:0 ;
in:2724 out:2725 type:b dur:2 cpbdur:2 q:35.03 aq:36.31 tex:1297 mv:2385 misc:1686 imb:27 pmb:450 smb:7683 d:- ref:0 ;
in:2727 out:2726 type:P dur:2 cpbdur:2 q:34.65 aq:28.64 tex:133164 mv:11770 misc:6538 imb:243 pmb:2712 smb:5205 d:s ref:0 ;
in:2726 out:2727 type:b dur:2 cpbdur:2 q:34.65 aq:34.86 tex:439 mv:1294 misc:1675 imb:5 pmb:435 smb:7720 d:t ref:0 ;
in:2731 out:2728 type:P dur:2 cpbdur:2 q:34.63 aq:29.29 tex:216896 mv:19060 misc:5532 imb:550 pmb:3339 smb:4271 d:s ref:0 ;
in:2729 out:2729 type:B dur:2 cpbdur:2 q:34.81 aq:34.81 tex:12486 mv:4971 misc:2847 imb:79 pmb:900 smb:7181 d:t ref:0 ;
in:2728 out:2730 type:b dur:2 cpbdur:2 q:34.81 aq:36.14 tex:1698 mv:2173 misc:1873 imb:9 pmb:497 smb:7654 d:s ref:0 ;
in:2730 out:2731 type:b dur:2 cpbdur:2 q:34.81 aq:36.72 tex:1312 mv:1784 misc:1744 imb:14 pmb:450 smb:7696 d:- ref:0 ;
in:2735 out:2732 type:P dur:2 cpbdur:2 q:34.20 aq:28.89 tex:175086 mv:16821 misc:6389 imb:386 pmb:3324 smb:4450 d:s ref:0 ;
in:2733 out:2733 type:B dur:2 cpbdur:2 q:34.63 aq:34.59 tex:7609 mv:3618 misc:2661 imb:45 pmb:757 smb:7358 d:t ref:0 ;
in:2732 out:2734 type:b dur:2 cpbdur:2 q:34.63 aq:36.00 tex:1985 mv:1919 misc:1744 imb:12 pmb:426 smb:7722 d:s ref:0 ;
in:2734 out:2735 type:b dur:2 cpbdur:2 q:34.63 aq:35.17 tex:1429 mv:1703 misc:1484 imb:11 pmb:373 smb:7776 d:- ref:0 ;
in:2739 out:2736 type:P dur:2 cpbdur:2 q:34.19 aq:29.69 tex:166131 mv:17004 misc:5489 imb:455 pmb:2498 smb:5207 d:s ref:0 ;
in:2737 out:2737 type:B dur:2 cpbdur:2 q:34.20 aq:33.99 tex:19346 mv:6296 misc:3806 imb:75 pmb:1222 smb:6863 d:s ref:0 ;
in:2736 out:2738 type:b dur:2 cpbdur:2 q:34.20 aq:36.61 tex:2584 mv:2114 misc:2190 imb:17 pmb:606 smb:7537 d:s ref:0 ;
in:2738 out:2739 type:b dur:2 cpbdur:2 q:34.20 aq:35.94 tex:1775 mv:1947 misc:1862 imb:9 pmb:465 smb:7686 d:- ref:0 ;
in:2743 out:2740 type:P dur:2 cpbdur:2 q:36.39 aq:29.30 tex:613514 mv:44148 misc:3090 imb:2136 pmb:4784 smb:1240 d:s ref:0 ;
in:2741 out:2741 type:B dur:2 cpbdur:2 q:36.64 aq:36.15 tex:21851 mv:9244 misc:4537 imb:103 pmb:1825 smb:6232 d:s ref:0 ;
in:2740 out:2742 type:b dur:2 cpbdur:2 q:36.64 aq:38.11 tex:11629 mv:8747 misc:3592 imb:106 pmb:1757 smb:6297 d:s ref:0 ;
in:2742 out:2743 type:b dur:2 cpbdur:2 q:36.64 aq:38.85 tex:1633 mv:1722 misc:1301 imb:19 pmb:302 smb:7839 d:- ref:0 ;
in:2745 out:2744 type:P dur:2 cpbdur:2 q:35.60 aq:28.36 tex:179813 mv:11631 misc:7092 imb:276 pmb:3707 smb:4177 d:s ref:0 ;
in:2744 out:2745 type:b dur:2 cpbdur:2 q:36.65 aq:38.35 tex:912 mv:1696 misc:1424 imb:14 pmb:353 smb:7793 d:t ref:0 ;
in:2749 out:2746 type:P dur:2 cpbdur:2 q:35.60 aq:28.78 tex:238411 mv:20860 misc:6361 imb:668 pmb:3780 smb:3712 d:s ref:0 ;
in:2747 out:2747 type:B dur:2 cpbdur:2 q:35.62 aq:35.80 tex:7669 mv:4206 misc:2853 imb:48 pmb:868 smb:7244 d:s ref:0 ;
in:2746 out:2748 type:b dur:2 cpbdur:2 q:35.62 aq:37.58 tex:2963 mv:2541 misc:2024 imb:37 pmb:568 smb:7555 d:s ref:0 ;
in:2748 out:2749 type:b dur:2 cpbdur:2 q:35.62 aq:36.37 tex:802 mv:1369 misc:1445 imb:5 pmb:346 smb:7809 d:- ref:0 ;
in:2753 out:2750 type:P dur:2 cpbdur:2 q:35.71 aq:29.00 tex:135210 mv:13335 misc:6231 imb:243 pmb:2908 smb:5009 d:s ref:0 ;
in:2751 out:2751 type:B dur:2 cpbdur:2 q:35.71 aq:35.32 tex:6510 mv:3291 misc:2279 imb:25 pmb:630 smb:7505 d:s ref:0 ;
in:2750 out:2752 type:b dur:2 cpbdur:2 q:35.71 aq:38.13 tex:564 mv:1430 misc:1406 imb:9 pmb:330 smb:7821 d:s ref:0 ;
in:2752 out:2753 type:b dur:2 cpbdur:2 q:35.71 aq:35.38 tex:338 mv:1242 misc:1220 imb:3 pmb:275 smb:7882 d:- ref:0 ;
in:2755 out:2754 type:P dur:2 cpbdur:2 q:35.94 aq:29.36 tex:134266 mv:12082 misc:6036 imb:273 pmb:2601 smb:5286 d:s ref:0 ;
in:2754 out:2755 type:b dur:2 cpbdur:2 q:36.11 aq:38.31 tex:1072 mv:1427 misc:1493 imb:6 pmb:368 smb:7786 d:t ref:0 ;
in:2760 out:2756 type:P dur:2 cpbdur:2 q:35.93 aq:29.40 tex:210829 mv:20201 misc:5962 imb:511 pmb:3581 smb:4068 d:s ref:0 ;
in:2757 out:2757 type:B dur:2 cpbdur:2 q:36.07 aq:35.32 tex:9036 mv:4520 misc:2868 imb:73 pmb:845 smb:7242 d:s ref:0 ;
in:2756 out:2758 type:b dur:2 cpbdur:2 q:36.07 aq:37.58 tex:1274 mv:1745 misc:1405 imb:43 pmb:312 smb:7805 d:s ref:0 ;
in:2758 out:2759 type:b dur:2 cpbdur:2 q:36.07 aq:37.76 tex:2146 mv:2285 misc:1801 imb:18 pmb:435 smb:7707 d:- ref:0 ;
in:2759 out:2760 type:b dur:2 cpbdur:2 q:36.07 aq:37.59 tex:2955 mv:2751 misc:1926 imb:32 pmb:482 smb:7646 d:- ref:0 ;
in:2762 out:2761 type:P dur:2 cpbdur:2 q:35.70 aq:28.81 tex:157626 mv:12601 misc:6493 imb:307 pmb:3031 smb:4822 d:s ref:0 ;
in:2761 out:2762 type:b dur:2 cpbdur:2 q:36.06 aq:38.02 tex:587 mv:1412 misc:1337 imb:5 pmb:332 smb:7823 d:t ref:0 ;
in:2767 out:2763 type:P dur:2 cpbdur:2 q:35.76 aq:29.29 tex:222526 mv:19362 misc:6312 imb:471 pmb:3617 smb:4072 d:s ref:0 ;
in:2764 out:2764 type:B dur:2 cpbdur:2 q:35.76 aq:34.56 tex:19151 mv:7635 misc:3182 imb:123 pmb:1080 smb:6957 d:s ref:0 ;
in:2763 out:2765 type:b dur:2 cpbdur:2 q:35.76 aq:37.97 tex:1270 mv:1599 misc:1635 imb:21 pmb:397 smb:7742 d:s ref:0 ;
in:2765 out:2766 type:b dur:2 cpbdur:2 q:35.76 aq:37.05 tex:2261 mv:2559 misc:1948 imb:14 pmb:552 smb:7594 d:- ref:0 ;
in:2766 out:2767 type:b dur:2 cpbdur:2 q:35.76 aq:37.20 tex:2221 mv:2660 misc:1975 imb:10 pmb:567 smb:7583 d:- ref:0 ;
in:2771 out:2768 type:P dur:2 cpbdur:2 q:35.92 aq:29.76 tex:186529 mv:17840 misc:6071 imb:421 pmb:3262 smb:4477 d:s ref:0 ;
in:2769 out:2769 type:B dur:2 cpbdur:2 q:36.13 aq:36.24 tex:6684 mv:4220 misc:2616 imb:39 pmb:824 smb:7297 d:s ref:0 ;
in:2768 out:2770 type:b dur:2 cpbdur:2 q:36.13 aq:38.56 tex:882 mv:1850 misc:1612 imb:10 pmb:448 smb:7702 d:s ref:0 ;
in:2770 out:2771 type:b dur:2 cpbdur:2 q:36.13 aq:38.42 tex:1188 mv:1807 misc:1453 imb:8 pmb:359 smb:7793 d:- ref:0 ;
in:2773 out:2772 type:P dur:2 cpbdur:2 q:35.63 aq:28.95 tex:162440 mv:12688 misc:6456 imb:240 pmb:3191 smb:4729 d:s ref:0 ;
in:2772 out:2773 type:b dur:2 cpbdur:2 q:36.05 aq:36.59 tex:1119 mv:1779 misc:1478 imb:11 pmb:384 smb:7765 d:t ref:0 ;
in:2776 out:2774 type:P dur:2 cpbdur:2 q:35.67 aq:29.15 tex:210910 mv:17093 misc:5637 imb:459 pmb:3393 smb:4308 d:s ref:0 ;
in:2774 out:2775 type:B dur:2 cpbdur:2 q:35.67 aq:36.19 tex:2529 mv:2095 misc:2128 imb:13 pmb:565 smb:7582 d:s ref:0 ;
in:2775 out:2776 type:b dur:2 cpbdur:2 q:35.67 aq:38.17 tex:925 mv:1347 misc:1424 imb:5 pmb:354 smb:7801 d:- ref:0 ;
in:2781 out:2777 type:P dur:2 cpbdur:2 q:35.65 aq:29.05 tex:200683 mv:17483 misc:5962 imb:395 pmb:3537 smb:4228 d:s ref:0 ;
in:2778 out:2778 type:B dur:2 cpbdur:2 q:35.67 aq:35.24 tex:7278 mv:3695 misc:2547 imb:35 pmb:722 smb:7403 d:t ref:0 ;
in:2777 out:2779 type:b dur:2 cpbdur:2 q:35.67 aq:37.16 tex:568 mv:1237 misc:1083 imb:9 pmb:219 smb:7932 d:s ref:0 ;
in:2779 out:2780 type:b dur:2 cpbdur:2 q:35.67 aq:36.81 tex:784 mv:1625 misc:1471 imb:7 pmb:357 smb:7796 d:- ref:0 ;
in:2780 out:2781 type:b dur:2 cpbdur:2 q:35.67 aq:38.00 tex:1250 mv:1769 misc:1541 imb:4 pmb:393 smb:7763 d:- ref:0 ;
in:2785 out:2782 type:P dur:2 cpbdur:2 q:36.08 aq:29.78 tex:181058 mv:17613 misc:6249 imb:497 pmb:3141 smb:4522 d:s ref:0 ;
in:2783 out:2783 type:B dur:2 cpbdur:2 q:36.08 aq:35.91 tex:6955 mv:4758 misc:2775 imb:82 pmb:795 smb:7283 d:s ref:0 ;
in:2782 out:2784 type:b dur:2 cpbdur:2 q:36.08 aq:37.78 tex:630 mv:1490 misc:1464 imb:10 pmb:351 smb:7799 d:s ref:0 ;
in:2784 out:2785 type:b dur:2 cpbdur:2 q:36.08 aq:35.98 tex:1085 mv:2097 misc:1802 imb:7 pmb:490 smb:7663 d:- ref:0 ;
in:2789 out:2786 type:P dur:2 cpbdur:2 q:35.63 aq:28.85 tex:211420 mv:18581 misc:6199 imb:509 pmb:3638 smb:4013 d:s ref:0 ;
in:2787 out:2787 type:B dur:2 cpbdur:2 q:36.08 aq:36.27 tex:5196 mv:3322 misc:2274 imb:17 pmb:638 smb:7505 d:s ref:0 ;
in:2786 out:2788 type:b dur:2 cpbdur:2 q:36.08 aq:38.63 tex:602 mv:1352 misc:1366 imb:5 pmb:314 smb:7841 d:s ref:0 ;
in:2788 out:2789 type:b dur:2 cpbdur:2 q:36.08 aq:38.02 tex:943 mv:1614 misc:1355 imb:15 pmb:304 smb:7841 d:- ref:0 ;
in:2793 out:2790 type:P dur:2 cpbdur:2 q:35.70 aq:29.14 tex:187374 mv:17331 misc:6047 imb:439 pmb:3221 smb:4500 d:s ref:0 ;
in:2791 out:2791 type:B dur:2 cpbdur:2 q:35.70 aq:35.47 tex:10453 mv:4407 misc:2620 imb:47 pmb:779 smb:7334 d:s ref:0 ;
in:2790 out:2792 type:b dur:2 cpbdur:2 q:35.70 aq:37.98 tex:1419 mv:2052 misc:1953 imb:6 pmb:514 smb:7640 d:s ref:0 ;
in:2792 out:2793 type:b dur:2 cpbdur:2 q:35.70 aq:37.30 tex:1018 mv:1783 misc:1447 imb:12 pmb:350 smb:7798 d:- ref:0 ;
in:2796 out:2794 type:P dur:2 cpbdur:2 q:35.87 aq:29.23 tex:152632 mv:14349 misc:6035 imb:328 pmb:2944 smb:4888 d:s ref:0 ;
in:2794 out:2795 type:B dur:2 cpbdur:2 q:36.07 aq:37.16 tex:1948 mv:2087 misc:1773 imb:18 pmb:418 smb:7724 d:t ref:0 ;
in:2795 out:2796 type:b dur:2 cpbdur:2 q:36.07 aq:36.70 tex:849 mv:1612 misc:1475 imb:9 pmb:354 smb:7797 d:- ref:0 ;
in:2801 out:2797 type:P dur:2 cpbdur:2 q:35.85 aq:29.40 tex:220285 mv:20408 misc:5939 imb:494 pmb:3561 smb:4105 d:s ref:0 ;
in:2798 out:2798 type:B dur:2 cpbdur:2 q:36.00 aq:35.55 tex:11114 mv:5165 misc:2857 imb:73 pmb:888 smb:7199 d:s ref:0 ;
in:2797 out:2799 type:b dur:2 cpbdur:2 q:36.05 aq:39.13 tex:753 mv:1363 misc:1252 imb:11 pmb:297 smb:7852 d:s ref:0 ;
in:2799 out:2800 type:b dur:2 cpbdur:2 q:36.05 aq:37.41 tex:1350 mv:1956 misc:1750 imb:8 pmb:464 smb:7688 d:- ref:0 ;
in:2800 out:2801 type:b dur:2 cpbdur:2 q:36.05 aq:38.55 tex:2375 mv:2725 misc:1932 imb:21 pmb:556 smb:7583 d:- ref:0 ;
in:2803 out:2802 type:P dur:2 cpbdur:2 q:35.80 aq:29.15 tex:137657 mv:11288 misc:6087 imb:229 pmb:2823 smb:5108 d:s ref:0 ;
in:2802 out:2803 type:b dur:2 cpbdur:2 q:35.98 aq:37.66 tex:482 mv:1371 misc:1163 imb:12 pmb:271 smb:7877 d:t ref:0 ;
in:2808 out:2804 type:P dur:2 cpbdur:2 q:35.66 aq:29.01 tex:233787 mv:20300 misc:5809 imb:461 pmb:3963 smb:3736 d:s ref:0 ;
in:2805 out:2805 type:B dur:2 cpbdur:2 q:35.95 aq:35.46 tex:10125 mv:4967 misc:2748 imb:46 pmb:814 smb:7300 d:s ref:0 ;
in:2804 out:2806 type:b dur:2 cpbdur:2 q:36.03 aq:37.98 tex:1331 mv:1879 misc:1678 imb:7 pmb:411 smb:7742 d:s ref:0 ;
in:2806 out:2807 type:b dur:2 cpbdur:2 q:36.03 aq:38.12 tex:1438 mv:1731 misc:1367 imb:22 pmb:313 smb:7825 d:- ref:0 ;
in:2807 out:2808 type:b dur:2 cpbdur:2 q:36.03 aq:38.04 tex:876 mv:1801 misc:1547 imb:7 pmb:382 smb:7771 d:- ref:0 ;
in:2812 out:2809 type:P dur:2 cpbdur:2 q:36.07 aq:29.97 tex:168450 mv:14574 misc:5840 imb:300 pmb:3023 smb:4837 d:s ref:0 ;
in:2810 out:2810 type:B dur:2 cpbdur:2 q:36.07 aq:36.12 tex:4582 mv:3017 misc:2305 imb:19 pmb:659 smb:7482 d:t ref:0 ;
in:2809 out:2811 type:b dur:2 cpbdur:2 q:36.07 aq:36.78 tex:420 mv:1522 misc:1330 imb:19 pmb:319 smb:7822 d:s ref:0 ;
in:2811 out:2812 type:b dur:2 cpbdur:2 q:36.07 aq:37.84 tex:439 mv:1440 misc:1345 imb:9 pmb:312 smb:7839 d:- ref:0 ;
in:2814 out:2813 type:P dur:2 cpbdur:2 q:35.62 aq:29.21 tex:135710 mv:10755 misc:6095 imb:216 pmb:2802 smb:5142 d:s ref:0 ;
in:2813 out:2814 type:b dur:2 cpbdur:2 q:36.07 aq:37.07 tex:591 mv:1253 misc:1148 imb:3 pmb:264 smb:7893 d:t ref:0 ;
in:2819 out:2815 type:P dur:2 cpbdur:2 q:35.61 aq:29.35 tex:218665 mv:19432 misc:5839 imb:480 pmb:3721 smb:3959 d:s ref:0 ;
in:2816 out:2816 type:B dur:2 cpbdur:2 q:35.63 aq:35.08 tex:11998 mv:5266 misc:3032 imb:68 pmb:913 smb:7179 d:s ref:0 ;
in:2815 out:2817 type:b dur:2 cpbdur:2 q:35.63 aq:36.87 tex:1444 mv:1881 misc:1787 imb:20 pmb:445 smb:7695 d:s ref:0 ;
in:2817 out:2818 type:b dur:2 cpbdur:2 q:35.63 aq:37.87 tex:2232 mv:1732 misc:1172 imb:14 pmb:270 smb:7876 d:- ref:0 ;
in:2818 out:2819 type:b dur:2 cpbdur:2 q:35.63 aq:37.18 tex:2224 mv:1736 misc:1336 imb:14 pmb:317 smb:7829 d:- ref:0 ;
in:2821 out:2820 type:P dur:2 cpbdur:2 q:35.55 aq:28.94 tex:185003 mv:15061 misc:6160 imb:406 pmb:3040 smb:4714 d:s ref:0 ;
in:2820 out:2821 type:b dur:2 cpbdur:2 q:35.61 aq:37.80 tex:2371 mv:2645 misc:1984 imb:18 pmb:541 smb:7601 d:s ref:0 ;
in:2826 out:2822 type:P dur:2 cpbdur:2 q:35.68 aq:29.41 tex:198600 mv:19335 misc:6001 imb:519 pmb:3523 smb:4118 d:s ref:0 ;
in:2823 out:2823 type:B dur:2 cpbdur:2 q:35.68 aq:35.35 tex:7536 mv:3932 misc:2788 imb:47 pmb:795 smb:7318 d:s ref:0 ;
in:2822 out:2824 type:b dur:2 cpbdur:2 q:35.68 aq:37.82 tex:814 mv:1299 misc:1319 imb:4 pmb:302 smb:7854 d:s ref:0 ;
in:2824 out:2825 type:b dur:2 cpbdur:2 q:35.68 aq:37.29 tex:1487 mv:1870 misc:1547 imb:5 pmb:366 smb:7789 d:- ref:0 ;
in:2825 out:2826 type:b dur:2 cpbdur:2 q:35.68 aq:37.25 tex:1609 mv:1811 misc:1524 imb:13 pmb:382 smb:7765 d:- ref:0 ;
in:2828 out:2827 type:P dur:2 cpbdur:2 q:35.85 aq:29.03 tex:134580 mv:11702 misc:6574 imb:268 pmb:2854 smb:5038 d:s ref:0 ;
in:2827 out:2828 type:b dur:2 cpbdur:2 q:36.05 aq:37.66 tex:465 mv:1304 misc:1327 imb:2 pmb:317 smb:7841 d:t ref:0 ;
in:2831 out:2829 type:P dur:2 cpbdur:2 q:35.78 aq:29.20 tex:144127 mv:12534 misc:6147 imb:271 pmb:2768 smb:5121 d:s ref:0 ;
in:2829 out:2830 type:B dur:2 cpbdur:2 q:35.95 aq:36.22 tex:6445 mv:4263 misc:1844 imb:65 pmb:570 smb:7525 d:t ref:0 ;
in:2830 out:2831 type:b dur:2 cpbdur:2 q:36.01 aq:37.76 tex:1153 mv:1761 misc:1414 imb:11 pmb:332 smb:7817 d:- ref:0 ;
in:2836 out:2832 type:P dur:2 cpbdur:2 q:36.17 aq:30.04 tex:180906 mv:18941 misc:5745 imb:477 pmb:3207 smb:4476 d:s ref:0 ;
in:2833 out:2833 type:B dur:2 cpbdur:2 q:36.30 aq:35.94 tex:15206 mv:6943 misc:2923 imb:119 pmb:1009 smb:7032 d:s ref:0 ;
in:2832 out:2834 type:b dur:2 cpbdur:2 q:36.38 aq:37.76 tex:925 mv:1877 misc:1702 imb:11 pmb:462 smb:7687 d:s ref:0 ;
in:2834 out:2835 type:b dur:2 cpbdur:2 q:36.38 aq:38.19 tex:1727 mv:2034 misc:1751 imb:14 pmb:436 smb:7710 d:- ref:0 ;
in:2835 out:2836 type:b dur:2 cpbdur:2 q:36.38 aq:38.00 tex:1592 mv:1854 misc:1634 imb:8 pmb:437 smb:7715 d:- ref:0 ;
in:2840 out:2837 type:P dur:2 cpbdur:2 q:35.85 aq:29.67 tex:181557 mv:18333 misc:6110 imb:447 pmb:3346 smb:4367 d:s ref:0 ;
in:2838 out:2838 type:B dur:2 cpbdur:2 q:36.29 aq:36.81 tex:4534 mv:3336 misc:2338 imb:39 pmb:632 smb:7489 d:s ref:0 ;
in:2837 out:2839 type:b dur:2 cpbdur:2 q:36.37 aq:38.06 tex:533 mv:1265 misc:1234 imb:3 pmb:297 smb:7860 d:s ref:0 ;
in:2839 out:2840 type:b dur:2 cpbdur:2 q:36.37 aq:36.11 tex:755 mv:1770 misc:1579 imb:6 pmb:405 smb:7749 d:- ref:0 ;
in:2842 out:2841 type:P dur:2 cpbdur:2 q:35.78 aq:29.12 tex:158120 mv:13702 misc:6426 imb:295 pmb:3068 smb:4797 d:s ref:0 ;
in:2841 out:2842 type:b dur:2 cpbdur:2 q:35.94 aq:37.89 tex:666 mv:1426 misc:1460 imb:4 pmb:374 smb:7782 d:s ref:0 ;
in:2845 out:2843 type:P dur:2 cpbdur:2 q:35.66 aq:29.27 tex:164368 mv:13230 misc:6242 imb:298 pmb:3119 smb:4743 d:s ref:0 ;
in:2843 out:2844 type:B dur:2 cpbdur:2 q:35.96 aq:36.27 tex:5651 mv:4242 misc:1883 imb:75 pmb:598 smb:7487 d:t ref:0 ;
in:2844 out:2845 type:b dur:2 cpbdur:2 q:36.03 aq:37.64 tex:1162 mv:1767 misc:1431 imb:9 pmb:356 smb:7795 d:- ref:0 ;
in:2847 out:2846 type:P dur:2 cpbdur:2 q:35.72 aq:29.21 tex:135295 mv:11552 misc:6473 imb:277 pmb:2819 smb:5064 d:s ref:0 ;
in:2846 out:2847 type:b dur:2 cpbdur:2 q:35.76 aq:38.14 tex:758 mv:1386 misc:1408 imb:7 pmb:332 smb:7821 d:t ref:0 ;
in:2851 out:2848 type:P dur:2 cpbdur:2 q:35.78 aq:29.53 tex:173181 mv:18494 misc:5925 imb:578 pmb:3040 smb:4542 d:s ref:0 ;
in:2849 out:2849 type:B dur:2 cpbdur:2 q:35.79 aq:36.14 tex:7987 mv:4340 misc:2777 imb:55 pmb:831 smb:7274 d:s ref:0 ;
in:2848 out:2850 type:b dur:2 cpbdur:2 q:35.80 aq:36.57 tex:1227 mv:1902 misc:1575 imb:9 pmb:407 smb:7744 d:s ref:0 ;
in:2850 out:2851 type:b dur:2 cpbdur:2 q:35.80 aq:37.80 tex:1808 mv:1948 misc:1756 imb:17 pmb:462 smb:7681 d:- ref:0 ;
in:2855 out:2852 type:P dur:2 cpbdur:2 q:35.88 aq:29.76 tex:179149 mv:17724 misc:5655 imb:443 pmb:3178 smb:4539 d:s ref:0 ;
in:2853 out:2853 type:B dur:2 cpbdur:2 q:36.07 aq:35.56 tex:5932 mv:3716 misc:2472 imb:38 pmb:681 smb:7441 d:s ref:0 ;
in:2852 out:2854 type:b dur:2 cpbdur:2 q:36.07 aq:37.09 tex:637 mv:1599 misc:1380 imb:13 pmb:326 smb:7821 d:s ref:0 ;
in:2854 out:2855 type:b dur:2 cpbdur:2 q:36.07 aq:36.75 tex:1083 mv:2124 misc:1721 imb:13 pmb:438 smb:7709 d:- ref:0 ;
in:2859 out:2856 type:P dur:2 cpbdur:2 q:35.94 aq:29.59 tex:165726 mv:15494 misc:6212 imb:341 pmb:3036 smb:4783 d:s ref:0 ;
in:2857 out:2857 type:B dur:2 cpbdur:2 q:36.11 aq:36.35 tex:3978 mv:3102 misc:2432 imb:21 pmb:699 smb:7440 d:t ref:0 ;
in:2856 out:2858 type:b dur:2 cpbdur:2 q:36.11 aq:37.58 tex:1133 mv:1590 misc:1461 imb:5 pmb:385 smb:7770 d:s ref:0 ;
in:2858 out:2859 type:b dur:2 cpbdur:2 q:36.11 aq:38.37 tex:713 mv:1425 misc:1302 imb:7 pmb:320 smb:7833 d:- ref:0 ;
in:2861 out:2860 type:P dur:2 cpbdur:2 q:34.39 aq:34.47 tex:37810 mv:8174 misc:3744 imb:272 pmb:1104 smb:6784 d:s ref:0 ;
in:2860 out:2861 type:b dur:2 cpbdur:2 q:35.98 aq:38.09 tex:961 mv:1534 misc:1697 imb:6 pmb:442 smb:7712 d:s ref:0 ;
in:2862 out:2862 type:I dur:2 cpbdur:2 q:31.97 aq:25.44 tex:2386806 mv:162786 misc:312 imb:8160 pmb:0 smb:0 d:s ref:;
in:2865 out:2863 type:P dur:2 cpbdur:2 q:35.48 aq:30.55 tex:133826 mv:12107 misc:4083 imb:302 pmb:1942 smb:5916 d:s ref:0 ;
in:2863 out:2864 type:B dur:2 cpbdur:2 q:35.88 aq:37.16 tex:3906 mv:2764 misc:2050 imb:11 pmb:619 smb:7530 d:s ref:0 ;
in:2864 out:2865 type:b dur:2 cpbdur:2 q:36.27 aq:37.30 tex:1221 mv:1985 misc:1738 imb:16 pmb:449 smb:7695 d:- ref:0 ;
in:2869 out:2866 type:P dur:2 cpbdur:2 q:35.00 aq:29.85 tex:126869 mv:13454 misc:5173 imb:286 pmb:2502 smb:5372 d:s ref:0 ;
in:2867 out:2867 type:B dur:2 cpbdur:2 q:35.88 aq:35.94 tex:10046 mv:5424 misc:2514 imb:69 pmb:809 smb:7282 d:t ref:0 ;
in:2866 out:2868 type:b dur:2 cpbdur:2 q:36.27 aq:37.32 tex:561 mv:1411 misc:1420 imb:9 pmb:349 smb:7802 d:s ref:0 ;
in:2868 out:2869 type:b dur:2 cpbdur:2 q:36.27 aq:36.92 tex:1288 mv:1988 misc:1572 imb:5 pmb:399 smb:7756 d:- ref:0 ;
in:2872 out:2870 type:P dur:2 cpbdur:2 q:34.99 aq:29.84 tex:110051 mv:10298 misc:5155 imb:156 pmb:2352 smb:5652 d:s ref:0 ;
in:2870 out:2871 type:B dur:2 cpbdur:2 q:35.00 aq:35.96 tex:2662 mv:2041 misc:1777 imb:11 pmb:432 smb:7717 d:t ref:0 ;
in:2871 out:2872 type:b dur:2 cpbdur:2 q:35.00 aq:37.52 tex:742 mv:1452 misc:1398 imb:5 pmb:325 smb:7830 d:- ref:0 ;
in:2874 out:2873 type:P dur:2 cpbdur:2 q:34.97 aq:30.19 tex:106907 mv:10611 misc:5370 imb:216 pmb:2361 smb:5583 d:s ref:0 ;
in:2873 out:2874 type:b dur:2 cpbdur:2 q:34.99 aq:36.58 tex:1149 mv:1629 misc:1558 imb:7 pmb:392 smb:7761 d:t ref:0 ;
in:2878 out:2875 type:P dur:2 cpbdur:2 q:34.97 aq:30.67 tex:84186 mv:11866 misc:5396 imb:258 pmb:2284 smb:5618 d:s ref:0 ;
in:2876 out:2876 type:B dur:2 cpbdur:2 q:34.97 aq:34.41 tex:7408 mv:2957 misc:2539 imb:21 pmb:695 smb:7444 d:s ref:0 ;
in:2875 out:2877 type:b dur:2 cpbdur:2 q:34.97 aq:36.68 tex:1234 mv:1589 misc:1545 imb:16 pmb:354 smb:7790 d:s ref:0 ;
in:2877 out:2878 type:b dur:2 cpbdur:2 q:34.97 aq:37.38 tex:994 mv:1505 misc:1389 imb:5 pmb:320 smb:7835 d:- ref:0 ;
in:2881 out:2879 type:P dur:2 cpbdur:2 q:34.93 aq:31.75 tex:93923 mv:11400 misc:4797 imb:350 pmb:1861 smb:5949 d:s ref:0 ;
in:2879 out:2880 type:B dur:2 cpbdur:2 q:34.97 aq:35.63 tex:4232 mv:2828 misc:2172 imb:25 pmb:591 smb:7544 d:t ref:0 ;
in:2880 out:2881 type:b dur:2 cpbdur:2 q:34.97 aq:37.26 tex:1783 mv:2289 misc:1664 imb:29 pmb:437 smb:7694 d:- ref:0 ;
in:2885 out:2882 type:P dur:2 cpbdur:2 q:37.46 aq:31.11 tex:581333 mv:51538 misc:2153 imb:4625 pmb:2443 smb:1092 d:s ref:0 ;
in:2883 out:2883 type:B dur:2 cpbdur:2 q:37.46 aq:38.32 tex:12476 mv:8144 misc:3172 imb:90 pmb:1020 smb:7050 d:s ref:0 ;
in:2882 out:2884 type:b dur:2 cpbdur:2 q:37.46 aq:39.45 tex:1302 mv:1891 misc:1671 imb:8 pmb:420 smb:7732 d:s ref:0 ;
in:2884 out:2885 type:b dur:2 cpbdur:2 q:37.46 aq:39.11 tex:14229 mv:8238 misc:3157 imb:237 pmb:1052 smb:6871 d:- ref:0 ;
in:2889 out:2886 type:P dur:2 cpbdur:2 q:37.38 aq:31.00 tex:141956 mv:18981 misc:6231 imb:671 pmb:2928 smb:4561 d:s ref:0 ;
in:2887 out:2887 type:B dur:2 cpbdur:2 q:37.55 aq:37.26 tex:4010 mv:4063 misc:2319 imb:27 pmb:642 smb:7491 d:s ref:0 ;
in:2886 out:2888 type:b dur:2 cpbdur:2 q:37.55 aq:39.36 tex:800 mv:1326 misc:1130 imb:9 pmb:255 smb:7896 d:s ref:0 ;
in:2888 out:2889 type:b dur:2 cpbdur:2 q:37.56 aq:39.68 tex:989 mv:1952 misc:1467 imb:12 pmb:363 smb:7785 d:- ref:0 ;
in:2894 out:2890 type:P dur:2 cpbdur:2 q:37.78 aq:31.81 tex:131640 mv:21301 misc:6035 imb:675 pmb:2942 smb:4543 d:s ref:0 ;
in:2891 out:2891 type:B dur:2 cpbdur:2 q:37.82 aq:37.63 tex:6449 mv:6152 misc:2943 imb:39 pmb:905 smb:7216 d:s ref:0 ;
in:2890 out:2892 type:b dur:2 cpbdur:2 q:37.82 aq:39.18 tex:712 mv:2514 misc:1830 imb:9 pmb:497 smb:7654 d:s ref:0 ;
in:2892 out:2893 type:b dur:2 cpbdur:2 q:37.82 aq:40.07 tex:963 mv:1817 misc:1260 imb:11 pmb:297 smb:7852 d:- ref:0 ;
in:2893 out:2894 type:b dur:2 cpbdur:2 q:37.82 aq:39.89 tex:1089 mv:1886 misc:1249 imb:11 pmb:302 smb:7847 d:- ref:0 ;
in:2900 out:2895 type:P dur:2 cpbdur:2 q:38.07 aq:32.58 tex:134494 mv:21821 misc:5813 imb:815 pmb:2899 smb:4446 d:s ref:0 ;
in:2897 out:2896 type:B dur:2 cpbdur:2 q:38.23 aq:37.71 tex:7269 mv:7121 misc:3018 imb:93 pmb:905 smb:7162 d:t ref:0 ;
in:2895 out:2897 type:b dur:2 cpbdur:2 q:38.24 aq:40.00 tex:1359 mv:2197 misc:1484 imb:15 pmb:390 smb:7755 d:s ref:0 ;
in:2896 out:2898 type:b dur:2 cpbdur:2 q:38.24 aq:40.02 tex:957 mv:1873 misc:1298 imb:13 pmb:307 smb:7840 d:s ref:0 ;
in:2898 out:2899 type:b dur:2 cpbdur:2 q:38.24 aq:39.93 tex:1553 mv:2204 misc:1451 imb:25 pmb:376 smb:7759 d:- ref:0 ;
in:2899 out:2900 type:b dur:2 cpbdur:2 q:38.24 aq:39.43 tex:1394 mv:1943 misc:1391 imb:18 pmb:333 smb:7809 d:- ref:0 ;
in:2904 out:2901 type:P dur:2 cpbdur:2 q:38.22 aq:32.50 tex:112121 mv:18059 misc:5884 imb:640 pmb:2550 smb:4970 d:s ref:0 ;
in:2902 out:2902 type:B dur:2 cpbdur:2 q:38.51 aq:38.14 tex:2808 mv:3981 misc:2315 imb:33 pmb:642 smb:7485 d:t ref:0 ;
in:2901 out:2903 type:b dur:2 cpbdur:2 q:38.55 aq:40.46 tex:454 mv:1422 misc:1004 imb:3 pmb:226 smb:7931 d:s ref:0 ;
in:2903 out:2904 type:b dur:2 cpbdur:2 q:38.55 aq:40.04 tex:1420 mv:1881 misc:1507 imb:19 pmb:386 smb:7755 d:- ref:0 ;
in:2908 out:2905 type:P dur:2 cpbdur:2 q:38.42 aq:32.43 tex:106332 mv:20026 misc:6090 imb:764 pmb:2719 smb:4677 d:s ref:0 ;
in:2906 out:2906 type:B dur:2 cpbdur:2 q:38.68 aq:38.95 tex:3789 mv:4190 misc:2069 imb:44 pmb:544 smb:7572 d:t ref:0 ;
in:2905 out:2907 type:b dur:2 cpbdur:2 q:38.76 aq:37.59 tex:423 mv:1516 misc:1181 imb:13 pmb:267 smb:7880 d:s ref:0 ;
in:2907 out:2908 type:b dur:2 cpbdur:2 q:38.76 aq:40.52 tex:588 mv:1966 misc:1390 imb:16 pmb:330 smb:7814 d:- ref:0 ;
in:2913 out:2909 type:P dur:2 cpbdur:2 q:37.13 aq:30.91 tex:208106 mv:25722 misc:6220 imb:927 pmb:3661 smb:3572 d:s ref:0 ;
in:2910 out:2910 type:B dur:2 cpbdur:2 q:38.55 aq:38.93 tex:5141 mv:4637 misc:2382 imb:43 pmb:666 smb:7451 d:s ref:0 ;
in:2909 out:2911 type:b dur:2 cpbdur:2 q:38.67 aq:40.49 tex:1138 mv:1598 misc:1296 imb:9 pmb:325 smb:7826 d:s ref:0 ;
in:2911 out:2912 type:b dur:2 cpbdur:2 q:38.67 aq:40.71 tex:892 mv:1897 misc:1147 imb:15 pmb:283 smb:7862 d:- ref:0 ;
in:2912 out:2913 type:b dur:2 cpbdur:2 q:38.67 aq:40.20 tex:981 mv:2030 misc:1309 imb:13 pmb:331 smb:7816 d:- ref:0 ;
in:2917 out:2914 type:P dur:2 cpbdur:2 q:37.24 aq:30.98 tex:167603 mv:23084 misc:6145 imb:877 pmb:3152 smb:4131 d:s ref:0 ;
in:2915 out:2915 type:B dur:2 cpbdur:2 q:37.83 aq:37.82 tex:5090 mv:5331 misc:2779 imb:39 pmb:826 smb:7295 d:s ref:0 ;
in:2914 out:2916 type:b dur:2 cpbdur:2 q:38.21 aq:40.06 tex:831 mv:1720 misc:1313 imb:9 pmb:308 smb:7843 d:s ref:0 ;
in:2916 out:2917 type:b dur:2 cpbdur:2 q:38.21 aq:40.31 tex:693 mv:2146 misc:1729 imb:9 pmb:484 smb:7667 d:- ref:0 ;
in:2923 out:2918 type:P dur:2 cpbdur:2 q:37.52 aq:31.68 tex:155007 mv:21399 misc:5850 imb:752 pmb:2901 smb:4507 d:s ref:0 ;
in:2920 out:2919 type:B dur:2 cpbdur:2 q:37.72 aq:36.50 tex:12099 mv:9033 misc:3324 imb:125 pmb:1045 smb:6990 d:t ref:0 ;
in:2918 out:2920 type:b dur:2 cpbdur:2 q:37.73 aq:38.88 tex:1934 mv:2514 misc:1696 imb:21 pmb:435 smb:7704 d:s ref:0 ;
in:2919 out:2921 type:b dur:2 cpbdur:2 q:37.72 aq:39.60 tex:1682 mv:2596 misc:1458 imb:25 pmb:359 smb:7776 d:s ref:0 ;
in:2921 out:2922 type:b dur:2 cpbdur:2 q:37.72 aq:40.05 tex:1434 mv:2815 misc:1855 imb:29 pmb:473 smb:7658 d:- ref:0 ;
in:2922 out:2923 type:b dur:2 cpbdur:2 q:37.72 aq:40.44 tex:2637 mv:3199 misc:2028 imb:29 pmb:564 smb:7567 d:- ref:0 ;
in:2927 out:2924 type:P dur:2 cpbdur:2 q:37.68 aq:31.93 tex:129128 mv:19627 misc:6109 imb:710 pmb:2791 smb:4659 d:s ref:0 ;
in:2925 out:2925 type:B dur:2 cpbdur:2 q:37.95 aq:38.39 tex:3350 mv:3652 misc:2270 imb:26 pmb:614 smb:7520 d:s ref:0 ;
in:2924 out:2926 type:b dur:2 cpbdur:2 q:37.99 aq:39.16 tex:1235 mv:2321 misc:1612 imb:9 pmb:415 smb:7736 d:s ref:0 ;
in:2926 out:2927 type:b dur:2 cpbdur:2 q:37.99 aq:37.23 tex:412 mv:1446 misc:1158 imb:5 pmb:260 smb:7895 d:- ref:0 ;
in:2931 out:2928 type:P dur:2 cpbdur:2 q:37.80 aq:31.81 tex:123917 mv:19854 misc:6005 imb:776 pmb:2745 smb:4639 d:s ref:0 ;
in:2929 out:2929 type:B dur:2 cpbdur:2 q:38.15 aq:38.21 tex:3147 mv:3749 misc:2264 imb:29 pmb:630 smb:7501 d:t ref:0 ;
in:2928 out:2930 type:b dur:2 cpbdur:2 q:38.23 aq:40.53 tex:646 mv:1830 misc:1332 imb:5 pmb:322 smb:7833 d:s ref:0 ;
in:2930 out:2931 type:b dur:2 cpbdur:2 q:38.23 aq:40.23 tex:818 mv:1533 misc:1273 imb:8 pmb:311 smb:7841 d:- ref:0 ;
in:2936 out:2932 type:P dur:2 cpbdur:2 q:37.60 aq:31.98 tex:145791 mv:20949 misc:5724 imb:785 pmb:2991 smb:4384 d:s ref:0 ;
in:2933 out:2933 type:B dur:2 cpbdur:2 q:38.18 aq:38.54 tex:5698 mv:4439 misc:2319 imb:26 pmb:633 smb:7501 d:t ref:0 ;
in:2932 out:2934 type:b dur:2 cpbdur:2 q:38.31 aq:39.62 tex:754 mv:1402 misc:1108 imb:7 pmb:244 smb:7909 d:s ref:0 ;
in:2934 out:2935 type:b dur:2 cpbdur:2 q:38.31 aq:40.82 tex:556 mv:1760 misc:1188 imb:15 pmb:256 smb:7889 d:- ref:0 ;
in:2935 out:2936 type:b dur:2 cpbdur:2 q:38.31 aq:40.57 tex:1429 mv:2100 misc:1271 imb:15 pmb:349 smb:7796 d:- ref:0 ;
in:2940 out:2937 type:P dur:2 cpbdur:2 q:37.16 aq:31.39 tex:144484 mv:21793 misc:6227 imb:845 pmb:3066 smb:4249 d:s ref:0 ;
in:2938 out:2938 type:B dur:2 cpbdur:2 q:37.85 aq:37.05 tex:3613 mv:4554 misc:2617 imb:35 pmb:771 smb:7354 d:s ref:0 ;
in:2937 out:2939 type:b dur:2 cpbdur:2 q:38.10 aq:39.50 tex:1539 mv:2241 misc:1660 imb:18 pmb:412 smb:7730 d:s ref:0 ;
in:2939 out:2940 type:b dur:2 cpbdur:2 q:38.10 aq:38.71 tex:409 mv:1586 misc:1245 imb:7 pmb:300 smb:7853 d:- ref:0 ;
in:2945 out:2941 type:P dur:2 cpbdur:2 q:37.04 aq:31.56 tex:170296 mv:23892 misc:5668 imb:901 pmb:3080 smb:4179 d:s ref:0 ;
in:2942 out:2942 type:B dur:2 cpbdur:2 q:37.67 aq:37.48 tex:7374 mv:6039 misc:3011 imb:68 pmb:855 smb:7237 d:s ref:0 ;
in:2941 out:2943 type:b dur:2 cpbdur:2 q:37.75 aq:41.04 tex:609 mv:1611 misc:1316 imb:10 pmb:328 smb:7822 d:s ref:0 ;
in:2943 out:2944 type:b dur:2 cpbdur:2 q:37.75 aq:39.76 tex:1543 mv:2502 misc:1675 imb:26 pmb:401 smb:7733 d:- ref:0 ;
in:2944 out:2945 type:b dur:2 cpbdur:2 q:37.75 aq:39.88 tex:1260 mv:3034 misc:1882 imb:16 pmb:484 smb:7660 d:- ref:0 ;
in:2949 out:2946 type:P dur:2 cpbdur:2 q:36.88 aq:31.89 tex:136451 mv:19614 misc:5855 imb:746 pmb:2883 smb:4531 d:s ref:0 ;
in:2947 out:2947 type:B dur:2 cpbdur:2 q:37.59 aq:37.81 tex:5806 mv:4865 misc:2465 imb:42 pmb:739 smb:7379 d:t ref:0 ;
in:2946 out:2948 type:b dur:2 cpbdur:2 q:37.78 aq:39.97 tex:1316 mv:1659 misc:1241 imb:9 pmb:275 smb:7876 d:s ref:0 ;
in:2948 out:2949 type:b dur:2 cpbdur:2 q:37.78 aq:39.79 tex:1289 mv:1983 misc:1608 imb:12 pmb:412 smb:7736 d:- ref:0 ;
in:2953 out:2950 type:P dur:2 cpbdur:2 q:36.45 aq:31.59 tex:136837 mv:20998 misc:5901 imb:841 pmb:2723 smb:4596 d:s ref:0 ;
in:2951 out:2951 type:B dur:2 cpbdur:2 q:37.18 aq:37.35 tex:4391 mv:4575 misc:2770 imb:34 pmb:776 smb:7350 d:s ref:0 ;
in:2950 out:2952 type:b dur:2 cpbdur:2 q:37.46 aq:39.02 tex:1495 mv:1977 misc:1432 imb:10 pmb:373 smb:7777 d:s ref:0 ;
in:2952 out:2953 type:b dur:2 cpbdur:2 q:37.46 aq:39.81 tex:850 mv:1922 misc:1636 imb:11 pmb:390 smb:7759 d:- ref:0 ;
in:2957 out:2954 type:P dur:2 cpbdur:2 q:36.59 aq:32.44 tex:103410 mv:18476 misc:5778 imb:733 pmb:2448 smb:4979 d:s ref:0 ;
in:2955 out:2955 type:B dur:2 cpbdur:2 q:36.90 aq:37.70 tex:5057 mv:5044 misc:2739 imb:51 pmb:832 smb:7277 d:s ref:0 ;
in:2954 out:2956 type:b dur:2 cpbdur:2 q:36.98 aq:39.34 tex:2189 mv:2252 misc:1735 imb:18 pmb:461 smb:7681 d:s ref:0 ;
in:2956 out:2957 type:b dur:2 cpbdur:2 q:36.98 aq:38.60 tex:972 mv:1914 misc:1410 imb:22 pmb:320 smb:7818 d:- ref:0 ;
in:2959 out:2958 type:P dur:2 cpbdur:2 q:35.56 aq:31.32 tex:104621 mv:14574 misc:6349 imb:484 pmb:2585 smb:5091 d:s ref:0 ;
in:2958 out:2959 type:b dur:2 cpbdur:2 q:36.73 aq:39.63 tex:531 mv:1553 misc:1380 imb:3 pmb:328 smb:7829 d:t ref:0 ;
in:2961 out:2960 type:P dur:2 cpbdur:2 q:35.73 aq:32.16 tex:78616 mv:12993 misc:5519 imb:365 pmb:2065 smb:5730 d:s ref:0 ;
in:2960 out:2961 type:b dur:2 cpbdur:2 q:35.95 aq:38.11 tex:1367 mv:2281 misc:1888 imb:11 pmb:492 smb:7657 d:t ref:0 ;
in:2964 out:2962 type:P dur:2 cpbdur:2 q:34.72 aq:32.16 tex:92208 mv:14875 misc:5565 imb:484 pmb:1965 smb:5711 d:s ref:0 ;
in:2962 out:2963 type:B dur:2 cpbdur:2 q:35.88 aq:37.46 tex:3689 mv:3294 misc:2377 imb:25 pmb:649 smb:7486 d:s ref:0 ;
in:2963 out:2964 type:b dur:2 cpbdur:2 q:36.01 aq:38.24 tex:2410 mv:3126 misc:2264 imb:47 pmb:578 smb:7535 d:- ref:0 ;
in:2965 out:2965 type:I dur:2 cpbdur:2 q:32.83 aq:25.35 tex:2315858 mv:148213 misc:289 imb:8160 pmb:0 smb:0 d:s ref:;
in:2967 out:2966 type:P dur:2 cpbdur:2 q:35.28 aq:29.20 tex:58856 mv:5411 misc:2485 imb:159 pmb:777 smb:7224 d:s ref:0 ;
in:2966 out:2967 type:b dur:2 cpbdur:2 q:35.28 aq:36.82 tex:1046 mv:1244 misc:1094 imb:6 pmb:291 smb:7863 d:s ref:0 ;
in:2969 out:2968 type:P dur:2 cpbdur:2 q:35.27 aq:28.44 tex:44856 mv:4759 misc:3265 imb:77 pmb:1141 smb:6942 d:s ref:0 ;
in:2968 out:2969 type:b dur:2 cpbdur:2 q:35.28 aq:34.81 tex:867 mv:1171 misc:1018 imb:5 pmb:277 smb:7878 d:t ref:0 ;
in:2972 out:2970 type:P dur:2 cpbdur:2 q:35.25 aq:28.63 tex:182088 mv:14059 misc:4973 imb:328 pmb:2650 smb:5182 d:s ref:0 ;
in:2970 out:2971 type:B dur:2 cpbdur:2 q:35.27 aq:35.24 tex:1050 mv:2157 misc:2049 imb:10 pmb:596 smb:7554 d:s ref:0 ;
in:2971 out:2972 type:b dur:2 cpbdur:2 q:35.27 aq:37.11 tex:2026 mv:1924 misc:1410 imb:12 pmb:372 smb:7776 d:- ref:0 ;
in:2977 out:2973 type:P dur:2 cpbdur:2 q:35.67 aq:29.10 tex:154892 mv:15248 misc:4756 imb:342 pmb:2714 smb:5104 d:s ref:0 ;
in:2974 out:2974 type:B dur:2 cpbdur:2 q:35.67 aq:33.81 tex:2461 mv:3046 misc:2021 imb:31 pmb:567 smb:7562 d:s ref:0 ;
in:2973 out:2975 type:b dur:2 cpbdur:2 q:35.67 aq:35.62 tex:461 mv:1068 misc:895 imb:7 pmb:196 smb:7957 d:s ref:0 ;
in:2975 out:2976 type:b dur:2 cpbdur:2 q:35.67 aq:37.20 tex:840 mv:1829 misc:1339 imb:11 pmb:337 smb:7812 d:- ref:0 ;
in:2976 out:2977 type:b dur:2 cpbdur:2 q:35.67 aq:36.52 tex:913 mv:1941 misc:1554 imb:8 pmb:395 smb:7757 d:- ref:0 ;
in:2981 out:2978 type:P dur:2 cpbdur:2 q:36.06 aq:29.59 tex:122616 mv:13160 misc:5120 imb:257 pmb:2605 smb:5298 d:s ref:0 ;
in:2979 out:2979 type:B dur:2 cpbdur:2 q:36.07 aq:36.79 tex:2099 mv:2382 misc:1887 imb:22 pmb:545 smb:7593 d:s ref:0 ;
in:2978 out:2980 type:b dur:2 cpbdur:2 q:36.07 aq:38.47 tex:962 mv:1318 misc:1144 imb:7 pmb:278 smb:7875 d:s ref:0 ;
in:2980 out:2981 type:b dur:2 cpbdur:2 q:36.07 aq:38.15 tex:1013 mv:1828 misc:1447 imb:20 pmb:405 smb:7735 d:- ref:0 ;
in:2985 out:2982 type:P dur:2 cpbdur:2 q:36.45 aq:29.99 tex:107037 mv:12527 misc:5148 imb:281 pmb:2330 smb:5549 d:s ref:0 ;
in:2983 out:2983 type:B dur:2 cpbdur:2 q:36.46 aq:36.11 tex:3294 mv:2647 misc:1979 imb:23 pmb:527 smb:7610 d:t ref:0 ;
in:2982 out:2984 type:b dur:2 cpbdur:2 q:36.46 aq:36.34 tex:863 mv:1580 misc:1237 imb:9 pmb:303 smb:7848 d:s ref:0 ;
in:2984 out:2985 type:b dur:2 cpbdur:2 q:36.46 aq:38.26 tex:1528 mv:1670 misc:1306 imb:16 pmb:317 smb:7827 d:- ref:0 ;
in:2987 out:2986 type:P dur:2 cpbdur:2 q:36.75 aq:30.50 tex:64627 mv:6998 misc:4759 imb:114 pmb:1665 smb:6381 d:s ref:0 ;
in:2986 out:2987 type:b dur:2 cpbdur:2 q:36.83 aq:36.93 tex:1125 mv:1317 misc:990 imb:8 pmb:231 smb:7921 d:t ref:0 ;
in:2991 out:2988 type:P dur:2 cpbdur:2 q:37.26 aq:30.83 tex:109980 mv:15017 misc:5659 imb:348 pmb:2552 smb:5260 d:s ref:0 ;
in:2989 out:2989 type:B dur:2 cpbdur:2 q:37.26 aq:36.01 tex:2969 mv:3069 misc:2058 imb:24 pmb:540 smb:7596 d:s ref:0 ;
in:2988 out:2990 type:b dur:2 cpbdur:2 q:37.26 aq:36.67 tex:785 mv:1347 misc:1092 imb:6 pmb:249 smb:7905 d:s ref:0 ;
in:2990 out:2991 type:b dur:2 cpbdur:2 q:37.26 aq:37.27 tex:279 mv:1397 misc:1260 imb:3 pmb:317 smb:7840 d:- ref:0 ;
in:2994 out:2992 type:P dur:2 cpbdur:2 q:36.96 aq:30.33 tex:96718 mv:11484 misc:5350 imb:241 pmb:2299 smb:5620 d:s ref:0 ;
in:2992 out:2993 type:B dur:2 cpbdur:2 q:37.26 aq:37.25 tex:1487 mv:1980 misc:1349 imb:19 pmb:319 smb:7822 d:s ref:0 ;
in:2993 out:2994 type:b dur:2 cpbdur:2 q:37.26 aq:38.62 tex:950 mv:1233 misc:1089 imb:3 pmb:272 smb:7885 d:- ref:0 ;
in:2998 out:2995 type:P dur:2 cpbdur:2 q:36.99 aq:30.49 tex:127452 mv:16591 misc:5925 imb:412 pmb:2896 smb:4852 d:s ref:0 ;
in:2996 out:2996 type:B dur:2 cpbdur:2 q:37.05 aq:36.39 tex:2513 mv:2802 misc:1957 imb:23 pmb:544 smb:7593 d:s ref:0 ;
in:2995 out:2997 type:b dur:2 cpbdur:2 q:37.12 aq:38.74 tex:1049 mv:1512 misc:1287 imb:4 pmb:332 smb:7824 d:s ref:0 ;
in:2997 out:2998 type:b dur:2 cpbdur:2 q:37.12 aq:36.04 tex:551 mv:1296 misc:1137 imb:4 pmb:260 smb:7896 d:- ref:0 ;
in:3002 out:2999 type:P dur:2 cpbdur:2 q:37.19 aq:30.60 tex:115294 mv:13469 misc:5709 imb:348 pmb:2393 smb:5419 d:s ref:0 ;
in:3000 out:3000 type:B dur:2 cpbdur:2 q:37.42 aq:36.91 tex:5456 mv:4497 misc:2167 imb:80 pmb:672 smb:7408 d:s ref:0 ;
in:2999 out:3001 type:b dur:2 cpbdur:2 q:37.49 aq:38.98 tex:709 mv:1618 misc:1577 imb:12 pmb:431 smb:7717 d:s ref:0 ;
in:3001 out:3002 type:b dur:2 cpbdur:2 q:37.49 aq:37.27 tex:927 mv:1541 misc:1180 imb:10 pmb:277 smb:7873 d:- ref:0 ;
in:3006 out:3003 type:P dur:2 cpbdur:2 q:36.75 aq:30.21 tex:116089 mv:12902 misc:6193 imb:269 pmb:2695 smb:5196 d:s ref:0 ;
in:3004 out:3004 type:B dur:2 cpbdur:2 q:37.33 aq:37.63 tex:1820 mv:1961 misc:1459 imb:12 pmb:341 smb:7807 d:t ref:0 ;
in:3003 out:3005 type:b dur:2 cpbdur:2 q:37.43 aq:38.96 tex:922 mv:1300 misc:1026 imb:9 pmb:221 smb:7930 d:t ref:0 ;
in:3005 out:3006 type:b dur:2 cpbdur:2 q:37.43 aq:37.29 tex:664 mv:1150 misc:922 imb:7 pmb:190 smb:7963 d:- ref:0 ;
in:3009 out:3007 type:P dur:2 cpbdur:2 q:36.53 aq:29.76 tex:137315 mv:13872 misc:6037 imb:346 pmb:2779 smb:5035 d:s ref:0 ;
in:3007 out:3008 type:B dur:2 cpbdur:2 q:37.06 aq:37.63 tex:1141 mv:1958 misc:1557 imb:12 pmb:393 smb:7755 d:s ref:0 ;
in:3008 out:3009 type:b dur:2 cpbdur:2 q:37.33 aq:39.09 tex:682 mv:1888 misc:1270 imb:43 pmb:301 smb:7816 d:- ref:0 ;
in:3011 out:3010 type:P dur:2 cpbdur:2 q:36.15 aq:29.33 tex:130354 mv:10653 misc:6137 imb:204 pmb:2630 smb:5326 d:s ref:0 ;
in:3010 out:3011 type:b dur:2 cpbdur:2 q:36.64 aq:38.00 tex:730 mv:1534 misc:1304 imb:10 pmb:333 smb:7817 d:t ref:0 ;
in:3013 out:3012 type:P dur:2 cpbdur:2 q:36.08 aq:29.07 tex:109680 mv:9983 misc:6337 imb:226 pmb:2559 smb:5375 d:s ref:0 ;
in:3012 out:3013 type:b dur:2 cpbdur:2 q:36.24 aq:36.37 tex:1262 mv:1645 misc:1237 imb:27 pmb:299 smb:7834 d:t ref:0 ;
in:3017 out:3014 type:P dur:2 cpbdur:2 q:36.47 aq:29.53 tex:126225 mv:13003 misc:6076 imb:271 pmb:2698 smb:5191 d:s ref:0 ;
in:3015 out:3015 type:B dur:2 cpbdur:2 q:36.60 aq:35.66 tex:1723 mv:2210 misc:1747 imb:22 pmb:468 smb:7670 d:t ref:0 ;
in:3014 out:3016 type:b dur:2 cpbdur:2 q:36.71 aq:37.82 tex:810 mv:1550 misc:1336 imb:9 pmb:320 smb:7831 d:s ref:0 ;
in:3016 out:3017 type:b dur:2 cpbdur:2 q:36.71 aq:38.31 tex:736 mv:1197 misc:939 imb:11 pmb:208 smb:7941 d:- ref:0 ;
in:3021 out:3018 type:P dur:2 cpbdur:2 q:37.13 aq:30.55 tex:183123 mv:17881 misc:5716 imb:671 pmb:2514 smb:4975 d:s ref:0 ;
in:3019 out:3019 type:B dur:2 cpbdur:2 q:37.14 aq:37.08 tex:3923 mv:3319 misc:2438 imb:27 pmb:754 smb:7379 d:s ref:0 ;
in:3018 out:3020 type:b dur:2 cpbdur:2 q:37.14 aq:38.98 tex:1263 mv:1992 misc:1633 imb:15 pmb:446 smb:7699 d:s ref:0 ;
in:3020 out:3021 type:b dur:2 cpbdur:2 q:37.14 aq:38.65 tex:914 mv:1671 misc:1463 imb:9 pmb:359 smb:7792 d:- ref:0 ;
in:3026 out:3022 type:P dur:2 cpbdur:2 q:37.45 aq:30.86 tex:123009 mv:17193 misc:5758 imb:370 pmb:2840 smb:4950 d:s ref:0 ;
in:3023 out:3023 type:B dur:2 cpbdur:2 q:37.57 aq:37.10 tex:2519 mv:3238 misc:2075 imb:14 pmb:586 smb:7560 d:s ref:0 ;
in:3022 out:3024 type:b dur:2 cpbdur:2 q:37.57 aq:39.39 tex:1047 mv:1528 misc:1209 imb:10 pmb:312 smb:7838 d:s ref:0 ;
in:3024 out:3025 type:b dur:2 cpbdur:2 q:37.57 aq:38.13 tex:942 mv:1740 misc:1238 imb:8 pmb:296 smb:7856 d:- ref:0 ;
in:3025 out:3026 type:b dur:2 cpbdur:2 q:37.57 aq:38.74 tex:1220 mv:2202 misc:1354 imb:10 pmb:340 smb:7810 d:- ref:0 ;
in:3030 out:3027 type:P dur:2 cpbdur:2 q:37.40 aq:30.63 tex:115379 mv:14643 misc:6074 imb:425 pmb:2581 smb:5154 d:s ref:0 ;
in:3028 out:3028 type:B dur:2 cpbdur:2 q:37.86 aq:37.51 tex:2483 mv:2579 misc:1914 imb:20 pmb:517 smb:7623 d:t ref:0 ;
in:3027 out:3029 type:b dur:2 cpbdur:2 q:37.88 aq:39.83 tex:476 mv:1139 misc:985 imb:3 pmb:246 smb:7911 d:s ref:0 ;
in:3029 out:3030 type:b dur:2 cpbdur:2 q:37.88 aq:39.06 tex:703 mv:1496 misc:1377 imb:3 pmb:335 smb:7822 d:- ref:0 ;
in:3035 out:3031 type:P dur:2 cpbdur:2 q:37.25 aq:30.81 tex:128691 mv:16107 misc:6130 imb:374 pmb:2895 smb:4891 d:s ref:0 ;
in:3032 out:3032 type:B dur:2 cpbdur:2 q:37.82 aq:37.38 tex:2121 mv:2603 misc:1788 imb:31 pmb:437 smb:7692 d:s ref:0 ;
in:3031 out:3033 type:b dur:2 cpbdur:2 q:37.92 aq:37.07 tex:337 mv:1057 misc:838 imb:6 pmb:186 smb:7968 d:s ref:0 ;
in:3033 out:3034 type:b dur:2 cpbdur:2 q:37.92 aq:38.16 tex:1033 mv:1649 misc:1126 imb:12 pmb:260 smb:7888 d:- ref:0 ;
in:3034 out:3035 type:b dur:2 cpbdur:2 q:37.92 aq:38.83 tex:971 mv:1776 misc:1165 imb:6 pmb:293 smb:7861 d:- ref:0 ;
in:3039 out:3036 type:P dur:2 cpbdur:2 q:36.85 aq:30.37 tex:144303 mv:16407 misc:6354 imb:439 pmb:3058 smb:4663 d:s ref:0 ;
in:3037 out:3037 type:B dur:2 cpbdur:2 q:37.49 aq:37.69 tex:2696 mv:2772 misc:2052 imb:18 pmb:566 smb:7576 d:s ref:0 ;
in:3036 out:3038 type:b dur:2 cpbdur:2 q:37.65 aq:39.70 tex:759 mv:1351 misc:1138 imb:4 pmb:268 smb:7888 d:s ref:0 ;
in:3038 out:3039 type:b dur:2 cpbdur:2 q:37.65 aq:39.49 tex:933 mv:1407 misc:1180 imb:6 pmb:296 smb:7858 d:- ref:0 ;
in:3043 out:3040 type:P dur:2 cpbdur:2 q:36.78 aq:30.23 tex:132467 mv:15405 misc:6184 imb:384 pmb:2960 smb:4816 d:s ref:0 ;
in:3041 out:3041 type:B dur:2 cpbdur:2 q:37.23 aq:37.55 tex:3377 mv:2536 misc:1719 imb:22 pmb:472 smb:7666 d:s ref:0 ;
in:3040 out:3042 type:b dur:2 cpbdur:2 q:37.57 aq:39.18 tex:507 mv:1278 misc:1263 imb:4 pmb:308 smb:7848 d:s ref:0 ;
in:3042 out:3043 type:b dur:2 cpbdur:2 q:37.57 aq:40.21 tex:571 mv:1155 misc:898 imb:5 pmb:198 smb:7957 d:- ref:0 ;
in:3045 out:3044 type:P dur:2 cpbdur:2 q:36.34 aq:29.64 tex:127015 mv:11259 misc:6614 imb:245 pmb:2827 smb:5088 d:s ref:0 ;
in:3044 out:3045 type:b dur:2 cpbdur:2 q:36.88 aq:38.88 tex:531 mv:1479 misc:1318 imb:7 pmb:303 smb:7850 d:t ref:0 ;
in:3047 out:3046 type:P dur:2 cpbdur:2 q:36.19 aq:29.14 tex:103942 mv:9286 misc:6404 imb:146 pmb:2531 smb:5483 d:s ref:0 ;
in:3046 out:3047 type:b dur:2 cpbdur:2 q:36.41 aq:36.65 tex:534 mv:1091 misc:975 imb:5 pmb:214 smb:7941 d:t ref:0 ;
in:3051 out:3048 type:P dur:2 cpbdur:2 q:36.67 aq:30.41 tex:128532 mv:15983 misc:6069 imb:408 pmb:2799 smb:4953 d:s ref:0 ;
in:3049 out:3049 type:B dur:2 cpbdur:2 q:36.79 aq:36.77 tex:4670 mv:3457 misc:2193 imb:47 pmb:604 smb:7509 d:s ref:0 ;
in:3048 out:3050 type:b dur:2 cpbdur:2 q:36.89 aq:37.82 tex:678 mv:1449 misc:1361 imb:10 pmb:322 smb:7828 d:s ref:0 ;
in:3050 out:3051 type:b dur:2 cpbdur:2 q:36.88 aq:37.40 tex:1208 mv:1456 misc:1280 imb:6 pmb:314 smb:7840 d:- ref:0 ;
in:3053 out:3052 type:P dur:2 cpbdur:2 q:36.20 aq:29.40 tex:127453 mv:11923 misc:6560 imb:216 pmb:2908 smb:5036 d:s ref:0 ;
in:3052 out:3053 type:b dur:2 cpbdur:2 q:36.78 aq:38.66 tex:1616 mv:1529 misc:1263 imb:14 pmb:293 smb:7853 d:s ref:0 ;
in:3057 out:3054 type:P dur:2 cpbdur:2 q:36.12 aq:29.50 tex:180690 mv:18593 misc:6213 imb:436 pmb:3396 smb:4328 d:s ref:0 ;
in:3055 out:3055 type:B dur:2 cpbdur:2 q:36.55 aq:36.90 tex:2675 mv:2892 misc:2097 imb:22 pmb:600 smb:7538 d:s ref:0 ;
in:3054 out:3056 type:b dur:2 cpbdur:2 q:36.86 aq:38.71 tex:962 mv:1522 misc:1292 imb:6 pmb:322 smb:7832 d:s ref:0 ;
in:3056 out:3057 type:b dur:2 cpbdur:2 q:36.86 aq:36.28 tex:589 mv:1222 misc:1189 imb:4 pmb:290 smb:7866 d:- ref:0 ;
in:3060 out:3058 type:P dur:2 cpbdur:2 q:36.54 aq:29.99 tex:134991 mv:12705 misc:6200 imb:306 pmb:2612 smb:5242 d:s ref:0 ;
in:3058 out:3059 type:B dur:2 cpbdur:2 q:36.55 aq:37.25 tex:2141 mv:2383 misc:1788 imb:15 pmb:463 smb:7682 d:t ref:0 ;
in:3059 out:3060 type:b dur:2 cpbdur:2 q:36.55 aq:38.47 tex:1443 mv:2024 misc:1637 imb:14 pmb:412 smb:7734 d:- ref:0 ;
in:3062 out:3061 type:P dur:2 cpbdur:2 q:36.48 aq:29.79 tex:129629 mv:12806 misc:6573 imb:265 pmb:2800 smb:5095 d:s ref:0 ;
in:3061 out:3062 type:b dur:2 cpbdur:2 q:36.73 aq:37.25 tex:573 mv:1330 misc:1217 imb:4 pmb:276 smb:7880 d:s ref:0 ;
in:3064 out:3063 type:P dur:2 cpbdur:2 q:35.96 aq:28.92 tex:132602 mv:9901 misc:6601 imb:182 pmb:2776 smb:5202 d:s ref:0 ;
in:3063 out:3064 type:b dur:2 cpbdur:2 q:36.48 aq:36.63 tex:352 mv:1179 misc:1029 imb:3 pmb:236 smb:7921 d:t ref:0 ;
in:3069 out:3065 type:P dur:2 cpbdur:2 q:36.08 aq:29.68 tex:188267 mv:19113 misc:6012 imb:413 pmb:3345 smb:4402 d:s ref:0 ;
in:3066 out:3066 type:B dur:2 cpbdur:2 q:36.08 aq:35.60 tex:6489 mv:4231 misc:2504 imb:76 pmb:735 smb:7349 d:s ref:0 ;
in:3065 out:3067 type:b dur:2 cpbdur:2 q:36.08 aq:37.47 tex:1742 mv:2297 misc:1801 imb:21 pmb:478 smb:7661 d:s ref:0 ;
in:3067 out:3068 type:b dur:2 cpbdur:2 q:36.08 aq:37.78 tex:629 mv:1400 misc:1043 imb:5 pmb:234 smb:7921 d:- ref:0 ;
in:3068 out:3069 type:b dur:2 cpbdur:2 q:36.08 aq:37.84 tex:1104 mv:1508 misc:1116 imb:10 pmb:269 smb:7881 d:- ref:0 ;
in:3073 out:3070 type:P dur:2 cpbdur:2 q:36.47 aq:30.12 tex:129204 mv:14891 misc:6233 imb:294 pmb:2889 smb:4977 d:s ref:0 ;
in:3071 out:3071 type:B dur:2 cpbdur:2 q:36.49 aq:35.88 tex:3910 mv:3015 misc:2027 imb:36 pmb:527 smb:7597 d:t ref:0 ;
in:3070 out:3072 type:b dur:2 cpbdur:2 q:36.49 aq:38.61 tex:1054 mv:1435 misc:1263 imb:7 pmb:312 smb:7841 d:s ref:0 ;
in:3072 out:3073 type:b dur:2 cpbdur:2 q:36.49 aq:38.47 tex:1639 mv:1665 misc:1368 imb:6 pmb:326 smb:7828 d:- ref:0 ;
in:3075 out:3074 type:P dur:2 cpbdur:2 q:36.56 aq:30.21 tex:98036 mv:9735 misc:5981 imb:223 pmb:2200 smb:5737 d:s ref:0 ;
in:3074 out:3075 type:b dur:2 cpbdur:2 q:36.86 aq:39.13 tex:977 mv:1437 misc:1370 imb:11 pmb:317 smb:7832 d:t ref:0 ;
in:3077 out:3076 type:P dur:2 cpbdur:2 q:36.50 aq:29.84 tex:129466 mv:13966 misc:6104 imb:331 pmb:2556 smb:5273 d:s ref:0 ;
in:3076 out:3077 type:b dur:2 cpbdur:2 q:36.64 aq:39.03 tex:1429 mv:1759 misc:1628 imb:14 pmb:414 smb:7732 d:s ref:0 ;
in:3079 out:3078 type:P dur:2 cpbdur:2 q:36.42 aq:29.61 tex:102259 mv:9903 misc:5942 imb:166 pmb:2362 smb:5632 d:s ref:0 ;
in:3078 out:3079 type:b dur:2 cpbdur:2 q:36.70 aq:38.25 tex:971 mv:1544 misc:1349 imb:8 pmb:332 smb:7820 d:t ref:0 ;
in:3081 out:3080 type:P dur:2 cpbdur:2 q:36.04 aq:29.12 tex:138841 mv:12344 misc:6423 imb:219 pmb:2966 smb:4975 d:s ref:0 ;
in:3080 out:3081 type:b dur:2 cpbdur:2 q:36.69 aq:38.50 tex:1052 mv:1329 misc:1179 imb:8 pmb:266 smb:7886 d:t ref:0 ;
in:3083 out:3082 type:P dur:2 cpbdur:2 q:36.05 aq:29.44 tex:99554 mv:8644 misc:6194 imb:139 pmb:2315 smb:5706 d:s ref:0 ;
in:3082 out:3083 type:b dur:2 cpbdur:2 q:36.14 aq:38.08 tex:1319 mv:1388 misc:1253 imb:6 pmb:279 smb:7875 d:t ref:0 ;
in:3085 out:3084 type:P dur:2 cpbdur:2 q:36.20 aq:29.69 tex:98418 mv:10157 misc:6081 imb:188 pmb:2309 smb:5663 d:s ref:0 ;
in:3084 out:3085 type:b dur:2 cpbdur:2 q:36.46 aq:38.23 tex:1356 mv:1504 misc:1332 imb:5 pmb:305 smb:7850 d:t ref:0 ;
in:3088 out:3086 type:P dur:2 cpbdur:2 q:36.23 aq:30.04 tex:138488 mv:13593 misc:6343 imb:309 pmb:2908 smb:4943 d:s ref:0 ;
in:3086 out:3087 type:B dur:2 cpbdur:2 q:36.35 aq:37.51 tex:2158 mv:1791 misc:1483 imb:27 pmb:315 smb:7818 d:t ref:0 ;
in:3087 out:3088 type:b dur:2 cpbdur:2 q:36.46 aq:37.86 tex:977 mv:1436 misc:1219 imb:10 pmb:282 smb:7868 d:- ref:0 ;
in:3090 out:3089 type:P dur:2 cpbdur:2 q:35.66 aq:28.85 tex:158023 mv:11943 misc:6738 imb:257 pmb:3143 smb:4760 d:s ref:0 ;
in:3089 out:3090 type:b dur:2 cpbdur:2 q:36.41 aq:39.20 tex:2246 mv:1637 misc:1413 imb:11 pmb:354 smb:7795 d:t ref:0 ;
in:3092 out:3091 type:P dur:2 cpbdur:2 q:35.66 aq:28.87 tex:136757 mv:10444 misc:6639 imb:167 pmb:2882 smb:5111 d:s ref:0 ;
in:3091 out:3092 type:b dur:2 cpbdur:2 q:35.68 aq:38.40 tex:2256 mv:1524 misc:1404 imb:14 pmb:329 smb:7817 d:t ref:0 ;
in:3096 out:3093 type:P dur:2 cpbdur:2 q:36.06 aq:29.63 tex:150605 mv:16623 misc:6380 imb:355 pmb:3264 smb:4541 d:s ref:0 ;
in:3094 out:3094 type:B dur:2 cpbdur:2 q:36.08 aq:36.37 tex:3554 mv:3289 misc:2365 imb:29 pmb:602 smb:7529 d:t ref:0 ;
in:3093 out:3095 type:b dur:2 cpbdur:2 q:36.08 aq:37.37 tex:680 mv:1344 misc:1168 imb:3 pmb:250 smb:7907 d:s ref:0 ;
in:3095 out:3096 type:b dur:2 cpbdur:2 q:36.08 aq:37.82 tex:1500 mv:2160 misc:1684 imb:12 pmb:437 smb:7711 d:- ref:0 ;
in:3101 out:3097 type:P dur:2 cpbdur:2 q:36.47 aq:30.48 tex:180729 mv:19946 misc:5877 imb:437 pmb:3223 smb:4500 d:s ref:0 ;
in:3098 out:3098 type:B dur:2 cpbdur:2 q:36.50 aq:36.91 tex:7864 mv:4096 misc:2712 imb:60 pmb:787 smb:7313 d:s ref:0 ;
in:3097 out:3099 type:b dur:2 cpbdur:2 q:36.51 aq:38.88 tex:951 mv:1389 misc:1212 imb:11 pmb:288 smb:7861 d:s ref:0 ;
in:3099 out:3100 type:b dur:2 cpbdur:2 q:36.51 aq:38.88 tex:1969 mv:2134 misc:1801 imb:20 pmb:451 smb:7689 d:- ref:0 ;
in:3100 out:3101 type:b dur:2 cpbdur:2 q:36.51 aq:37.89 tex:978 mv:2392 misc:1942 imb:15 pmb:534 smb:7611 d:- ref:0 ;
in:3106 out:3102 type:P dur:2 cpbdur:2 q:36.33 aq:30.69 tex:142448 mv:15966 misc:6050 imb:397 pmb:2922 smb:4841 d:s ref:0 ;
in:3103 out:3103 type:B dur:2 cpbdur:2 q:36.49 aq:36.83 tex:4651 mv:3648 misc:2517 imb:50 pmb:674 smb:7436 d:t ref:0 ;
in:3102 out:3104 type:b dur:2 cpbdur:2 q:36.51 aq:38.87 tex:1051 mv:1435 misc:1258 imb:16 pmb:275 smb:7869 d:s ref:0 ;
in:3104 out:3105 type:b dur:2 cpbdur:2 q:36.51 aq:38.23 tex:665 mv:1443 misc:1068 imb:6 pmb:239 smb:7915 d:- ref:0 ;
in:3105 out:3106 type:b dur:2 cpbdur:2 q:36.51 aq:38.62 tex:1042 mv:1505 misc:1133 imb:7 pmb:268 smb:7885 d:- ref:0 ;
in:3110 out:3107 type:P dur:2 cpbdur:2 q:36.14 aq:30.84 tex:116629 mv:15263 misc:6132 imb:335 pmb:2877 smb:4948 d:s ref:0 ;
in:3108 out:3108 type:B dur:2 cpbdur:2 q:36.39 aq:36.31 tex:3817 mv:2725 misc:2002 imb:26 pmb:536 smb:7598 d:t ref:0 ;
in:3107 out:3109 type:b dur:2 cpbdur:2 q:36.44 aq:38.99 tex:1535 mv:1619 misc:1366 imb:8 pmb:329 smb:7823 d:s ref:0 ;
in:3109 out:3110 type:b dur:2 cpbdur:2 q:36.44 aq:38.28 tex:1696 mv:1587 misc:1293 imb:14 pmb:297 smb:7849 d:- ref:0 ;
in:3114 out:3111 type:P dur:2 cpbdur:2 q:35.88 aq:30.90 tex:128326 mv:15416 misc:5946 imb:400 pmb:2890 smb:4870 d:s ref:0 ;
in:3112 out:3112 type:B dur:2 cpbdur:2 q:36.26 aq:36.79 tex:3336 mv:2822 misc:2282 imb:33 pmb:557 smb:7570 d:t ref:0 ;
in:3111 out:3113 type:b dur:2 cpbdur:2 q:36.37 aq:38.79 tex:1384 mv:1401 misc:1223 imb:8 pmb:270 smb:7882 d:s ref:0 ;
in:3113 out:3114 type:b dur:2 cpbdur:2 q:36.37 aq:38.65 tex:1169 mv:1369 misc:1230 imb:9 pmb:273 smb:7878 d:- ref:0 ;
in:3119 out:3115 type:P dur:2 cpbdur:2 q:35.20 aq:31.60 tex:103890 mv:15194 misc:5668 imb:388 pmb:2571 smb:5201 d:t ref:0 ;
in:3116 out:3116 type:B dur:2 cpbdur:2 q:36.16 aq:36.23 tex:5499 mv:3194 misc:2779 imb:25 pmb:725 smb:7410 d:t ref:0 ;
in:3115 out:3117 type:b dur:2 cpbdur:2 q:36.45 aq:38.99 tex:1215 mv:1373 misc:1868 imb:15 pmb:388 smb:7757 d:s ref:0 ;
in:3117 out:3118 type:b dur:2 cpbdur:2 q:36.45 aq:37.64 tex:1459 mv:1729 misc:1348 imb:10 pmb:331 smb:7819 d:- ref:0 ;
in:3118 out:3119 type:b dur:2 cpbdur:2 q:36.45 aq:39.43 tex:1594 mv:1551 misc:1287 imb:10 pmb:310 smb:7840 d:- ref:0 ;
in:3124 out:3120 type:P dur:2 cpbdur:2 q:34.75 aq:34.75 tex:39457 mv:10169 misc:4710 imb:291 pmb:1453 smb:6416 d:t ref:0 ;
in:3121 out:3121 type:B dur:2 cpbdur:2 q:35.20 aq:34.06 tex:17315 mv:5372 misc:3729 imb:59 pmb:1117 smb:6984 d:s ref:0 ;
in:3120 out:3122 type:b dur:2 cpbdur:2 q:35.20 aq:37.67 tex:3059 mv:2032 misc:1917 imb:18 pmb:514 smb:7628 d:s ref:0 ;
in:3122 out:3123 type:b dur:2 cpbdur:2 q:35.20 aq:37.81 tex:2301 mv:1579 misc:1192 imb:13 pmb:256 smb:7891 d:- ref:0 ;
in:3123 out:3124 type:b dur:2 cpbdur:2 q:35.20 aq:36.85 tex:1451 mv:1825 misc:1492 imb:19 pmb:354 smb:7787 d:- ref:0 ;
in:3125 out:3125 type:P dur:2 cpbdur:2 q:34.66 aq:36.51 tex:28028 mv:8688 misc:3204 imb:282 pmb:969 smb:6909 d:s ref:0 ;
in:3126 out:3126 type:I dur:2 cpbdur:2 q:31.88 aq:30.31 tex:416146 mv:11532 misc:362 imb:8160 pmb:0 smb:0 d:s ref:;
in:3127 out:3127 type:P dur:2 cpbdur:2 q:34.80 aq:33.18 tex:583 mv:987 misc:862 imb:22 pmb:172 smb:7966 d:s ref:0 w:5,25,-7,6,67,-5,64,0 ;
in:3129 out:3128 type:P dur:2 cpbdur:2 q:34.80 aq:30.66 tex:85979 mv:23882 misc:3939 imb:4934 pmb:701 smb:2525 d:s ref:0 w:6,57,-39,6,113,-94,64,0 ;
in:3128 out:3129 type:b dur:2 cpbdur:2 q:34.80 aq:34.02 tex:10031 mv:3102 misc:1803 imb:395 pmb:283 smb:7482 d:s ref:0 ;
in:3130 out:3130 type:P dur:2 cpbdur:2 q:34.80 aq:29.34 tex:344613 mv:30995 misc:3792 imb:6590 pmb:551 smb:1019 d:s ref:0 w:6,93,-38 ;
in:3131 out:3131 type:P dur:2 cpbdur:2 q:36.64 aq:28.48 tex:238704 mv:20285 misc:6451 imb:2793 pmb:1341 smb:4026 d:s ref:0 w:5,39,-17 ;
in:3132 out:3132 type:P dur:2 cpbdur:2 q:36.92 aq:27.01 tex:414066 mv:22114 misc:7060 imb:2409 pmb:2518 smb:3233 d:s ref:0 w:3,9,-9 ;
in:3133 out:3133 type:P dur:2 cpbdur:2 q:37.10 aq:26.39 tex:213368 mv:13048 misc:7328 imb:823 pmb:2618 smb:4719 d:s ref:0 w:0,1,-3 ;
in:3137 out:3134 type:P dur:2 cpbdur:2 q:37.07 aq:25.63 tex:216725 mv:9433 misc:6210 imb:257 pmb:3390 smb:4513 d:s ref:0 w:0,1,-1 ;
in:3135 out:3135 type:B dur:2 cpbdur:2 q:37.61 aq:38.36 tex:1770 mv:1467 misc:619 imb:14 pmb:151 smb:7995 d:s ref:0 ;
in:3134 out:3136 type:b dur:2 cpbdur:2 q:38.01 aq:39.01 tex:253 mv:675 misc:608 imb:1 pmb:83 smb:8076 d:s ref:0 ;
in:3136 out:3137 type:b dur:2 cpbdur:2 q:38.00 aq:39.01 tex:551 mv:754 misc:599 imb:1 pmb:98 smb:8061 d:- ref:0 ;
in:3142 out:3138 type:P dur:2 cpbdur:2 q:37.66 aq:26.61 tex:50333 mv:2616 misc:1347 imb:94 pmb:467 smb:7599 d:s ref:0 ;
in:3139 out:3139 type:B dur:2 cpbdur:2 q:38.14 aq:37.44 tex:288 mv:740 misc:788 imb:0 pmb:150 smb:8010 d:s ref:0 ;
in:3138 out:3140 type:b dur:2 cpbdur:2 q:38.80 aq:39.00 tex:472 mv:907 misc:645 imb:4 pmb:99 smb:8057 d:s ref:0 ;
in:3140 out:3141 type:b dur:2 cpbdur:2 q:38.59 aq:34.00 tex:33 mv:108 misc:715 imb:0 pmb:115 smb:8045 d:- ref:0 ;
in:3141 out:3142 type:b dur:2 cpbdur:2 q:38.59 aq:37.32 tex:527 mv:468 misc:573 imb:4 pmb:67 smb:8089 d:- ref:0 ;
in:3145 out:3143 type:P dur:2 cpbdur:2 q:37.00 aq:25.20 tex:155795 mv:3520 misc:3845 imb:59 pmb:2341 smb:5760 d:s ref:0 ;
in:3143 out:3144 type:B dur:2 cpbdur:2 q:38.10 aq:36.39 tex:137 mv:650 misc:525 imb:0 pmb:44 smb:8116 d:s ref:0 ;
in:3144 out:3145 type:b dur:2 cpbdur:2 q:38.54 aq:38.54 tex:179 mv:519 misc:518 imb:0 pmb:46 smb:8114 d:- ref:0 ;
in:3147 out:3146 type:P dur:2 cpbdur:2 q:36.93 aq:25.16 tex:119937 mv:2635 misc:4540 imb:22 pmb:2029 smb:6109 d:s ref:0 ;
in:3146 out:3147 type:b dur:2 cpbdur:2 q:37.77 aq:34.00 tex:4 mv:34 misc:490 imb:0 pmb:22 smb:8138 d:s ref:0 ;
in:3153 out:3148 type:P dur:2 cpbdur:2 q:37.40 aq:24.97 tex:128182 mv:3023 misc:2083 imb:93 pmb:1329 smb:6738 d:s ref:0 ;
in:3150 out:3149 type:B dur:2 cpbdur:2 q:37.96 aq:30.00 tex:24 mv:130 misc:702 imb:1 pmb:87 smb:8072 d:s ref:0 ;
in:3148 out:3150 type:b dur:2 cpbdur:2 q:38.17 aq:34.00 tex:6 mv:38 misc:524 imb:0 pmb:42 smb:8118 d:s ref:0 ;
in:3149 out:3151 type:b dur:2 cpbdur:2 q:38.17 aq:34.00 tex:0 mv:0 misc:392 imb:0 pmb:0 smb:8160 d:s ref:0 ;
in:3151 out:3152 type:b dur:2 cpbdur:2 q:38.17 aq:34.00 tex:0 mv:0 misc:392 imb:0 pmb:0 smb:8160 d:- ref:0 ;
in:3152 out:3153 type:b dur:2 cpbdur:2 q:38.17 aq:34.00 tex:6 mv:54 misc:484 imb:2 pmb:12 smb:8146 d:- ref:0 ;
in:3154 out:3154 type:P dur:2 cpbdur:2 q:36.82 aq:24.99 tex:132144 mv:3480 misc:3944 imb:33 pmb:2010 smb:6117 d:s ref:0 ;
in:3155 out:3155 type:P dur:2 cpbdur:2 q:36.69 aq:24.23 tex:294186 mv:1866 misc:3412 imb:2 pmb:3320 smb:4838 d:s ref:0 ;
in:3156 out:3156 type:P dur:2 cpbdur:2 q:36.37 aq:24.69 tex:152513 mv:1118 misc:3897 imb:3 pmb:1968 smb:6189 d:s ref:0 ;
in:3157 out:3157 type:P dur:2 cpbdur:2 q:36.07 aq:24.48 tex:88944 mv:702 misc:2738 imb:0 pmb:1141 smb:7019 d:s ref:0 ;
in:3158 out:3158 type:P dur:2 cpbdur:2 q:35.99 aq:24.14 tex:115025 mv:698 misc:2301 imb:0 pmb:1408 smb:6752 d:s ref:0 ;
in:3159 out:3159 type:P dur:2 cpbdur:2 q:35.95 aq:24.12 tex:120108 mv:729 misc:2619 imb:0 pmb:1603 smb:6557 d:s ref:0 ;
in:3161 out:3160 type:P dur:2 cpbdur:2 q:36.01 aq:24.15 tex:74984 mv:418 misc:1430 imb:1 pmb:792 smb:7367 d:s ref:0 ;
in:3160 out:3161 type:b dur:2 cpbdur:2 q:36.45 aq:34.00 tex:0 mv:0 misc:392 imb:0 pmb:0 smb:8160 d:s ref:0 ;
in:3167 out:3162 type:P dur:2 cpbdur:2 q:36.02 aq:23.58 tex:110226 mv:538 misc:3668 imb:0 pmb:1667 smb:6493 d:s ref:0 ;
in:3164 out:3163 type:B dur:2 cpbdur:2 q:36.41 aq:31.00 tex:0 mv:0 misc:408 imb:0 pmb:0 smb:8160 d:s ref:0 ;
in:3162 out:3164 type:b dur:2 cpbdur:2 q:36.42 aq:34.00 tex:0 mv:0 misc:392 imb:0 pmb:0 smb:8160 d:s ref:0 ;
in:3163 out:3165 type:b dur:2 cpbdur:2 q:36.42 aq:34.00 tex:0 mv:0 misc:392 imb:0 pmb:0 smb:8160 d:s ref:0 ;
in:3165 out:3166 type:b dur:2 cpbdur:2 q:36.42 aq:34.00 tex:0 mv:0 misc:392 imb:0 pmb:0 smb:8160 d:- ref:0 ;
in:3166 out:3167 type:b dur:2 cpbdur:2 q:36.42 aq:34.00 tex:0 mv:0 misc:392 imb:0 pmb:0 smb:8160 d:- ref:0 ;
in:3173 out:3168 type:P dur:2 cpbdur:2 q:35.60 aq:23.33 tex:75663 mv:408 misc:4049 imb:0 pmb:1305 smb:6855 d:s ref:0 ;
in:3170 out:3169 type:B dur:2 cpbdur:2 q:36.23 aq:31.00 tex:0 mv:0 misc:408 imb:0 pmb:0 smb:8160 d:s ref:0 ;
in:3168 out:3170 type:b dur:2 cpbdur:2 q:36.55 aq:34.00 tex:0 mv:0 misc:392 imb:0 pmb:0 smb:8160 d:s ref:0 ;
in:3169 out:3171 type:b dur:2 cpbdur:2 q:36.55 aq:34.00 tex:0 mv:0 misc:392 imb:0 pmb:0 smb:8160 d:s ref:0 ;
in:3171 out:3172 type:b dur:2 cpbdur:2 q:36.55 aq:34.00 tex:0 mv:0 misc:392 imb:0 pmb:0 smb:8160 d:- ref:0 ;
in:3172 out:3173 type:b dur:2 cpbdur:2 q:36.55 aq:34.00 tex:0 mv:0 misc:392 imb:0 pmb:0 smb:8160 d:- ref:0 ;
in:3179 out:3174 type:P dur:2 cpbdur:2 q:35.16 aq:23.38 tex:32263 mv:221 misc:2628 imb:1 pmb:623 smb:7536 d:s ref:0 ;
in:3176 out:3175 type:B dur:2 cpbdur:2 q:35.85 aq:31.00 tex:0 mv:0 misc:408 imb:0 pmb:0 smb:8160 d:s ref:0 ;
in:3174 out:3176 type:b dur:2 cpbdur:2 q:36.06 aq:34.00 tex:0 mv:0 misc:392 imb:0 pmb:0 smb:8160 d:s ref:0 ;
in:3175 out:3177 type:b dur:2 cpbdur:2 q:36.06 aq:34.00 tex:0 mv:0 misc:392 imb:0 pmb:0 smb:8160 d:s ref:0 ;
in:3177 out:3178 type:b dur:2 cpbdur:2 q:36.06 aq:34.00 tex:0 mv:0 misc:392 imb:0 pmb:0 smb:8160 d:- ref:0 ;
in:3178 out:3179 type:b dur:2 cpbdur:2 q:36.06 aq:34.00 tex:0 mv:0 misc:392 imb:0 pmb:0 smb:8160 d:- ref:0 ;
in:3185 out:3180 type:P dur:2 cpbdur:2 q:34.74 aq:23.37 tex:23201 mv:145 misc:1766 imb:0 pmb:392 smb:7768 d:s ref:0 ;
in:3182 out:3181 type:B dur:2 cpbdur:2 q:35.46 aq:31.00 tex:0 mv:0 misc:408 imb:0 pmb:0 smb:8160 d:s ref:0 ;
in:3180 out:3182 type:b dur:2 cpbdur:2 q:35.46 aq:34.00 tex:0 mv:0 misc:392 imb:0 pmb:0 smb:8160 d:s ref:0 ;
in:3181 out:3183 type:b dur:2 cpbdur:2 q:35.46 aq:34.00 tex:0 mv:0 misc:392 imb:0 pmb:0 smb:8160 d:s ref:0 ;
in:3183 out:3184 type:b dur:2 cpbdur:2 q:35.46 aq:34.00 tex:0 mv:0 misc:392 imb:0 pmb:0 smb:8160 d:- ref:0 ;
in:3184 out:3185 type:b dur:2 cpbdur:2 q:35.46 aq:34.00 tex:0 mv:0 misc:392 imb:0 pmb:0 smb:8160 d:- ref:0 ;
in:3191 out:3186 type:P dur:2 cpbdur:2 q:34.94 aq:24.81 tex:21551 mv:127 misc:1362 imb:0 pmb:326 smb:7834 d:s ref:0 ;
in:3188 out:3187 type:B dur:2 cpbdur:2 q:34.98 aq:30.00 tex:0 mv:0 misc:408 imb:0 pmb:0 smb:8160 d:s ref:0 ;
in:3186 out:3188 type:b dur:2 cpbdur:2 q:34.98 aq:34.00 tex:0 mv:0 misc:392 imb:0 pmb:0 smb:8160 d:s ref:0 ;
in:3187 out:3189 type:b dur:2 cpbdur:2 q:34.98 aq:34.00 tex:0 mv:0 misc:392 imb:0 pmb:0 smb:8160 d:s ref:0 ;
in:3189 out:3190 type:b dur:2 cpbdur:2 q:34.98 aq:34.00 tex:0 mv:0 misc:392 imb:0 pmb:0 smb:8160 d:- ref:0 ;
in:3190 out:3191 type:b dur:2 cpbdur:2 q:34.98 aq:34.00 tex:0 mv:0 misc:392 imb:0 pmb:0 smb:8160 d:- ref:0 ;
in:3197 out:3192 type:P dur:2 cpbdur:2 q:34.55 aq:25.55 tex:3347 mv:50 misc:691 imb:0 pmb:51 smb:8109 d:s ref:0 ;
in:3194 out:3193 type:B dur:2 cpbdur:2 q:34.94 aq:30.00 tex:0 mv:0 misc:408 imb:0 pmb:0 smb:8160 d:s ref:0 ;
in:3192 out:3194 type:b dur:2 cpbdur:2 q:34.94 aq:33.00 tex:0 mv:0 misc:392 imb:0 pmb:0 smb:8160 d:s ref:0 ;
in:3193 out:3195 type:b dur:2 cpbdur:2 q:34.94 aq:33.00 tex:0 mv:0 misc:392 imb:0 pmb:0 smb:8160 d:s ref:0 ;
in:3195 out:3196 type:b dur:2 cpbdur:2 q:34.94 aq:33.00 tex:0 mv:0 misc:392 imb:0 pmb:0 smb:8160 d:- ref:0 ;
in:3196 out:3197 type:b dur:2 cpbdur:2 q:34.94 aq:33.00 tex:0 mv:0 misc:392 imb:0 pmb:0 smb:8160 d:- ref:0 ;
in:3203 out:3198 type:P dur:2 cpbdur:2 q:34.45 aq:26.48 tex:906 mv:29 misc:505 imb:0 pmb:14 smb:8146 d:s ref:0 ;
in:3200 out:3199 type:B dur:2 cpbdur:2 q:34.55 aq:30.00 tex:0 mv:0 misc:408 imb:0 pmb:0 smb:8160 d:s ref:0 ;
in:3198 out:3200 type:b dur:2 cpbdur:2 q:34.55 aq:33.00 tex:0 mv:0 misc:392 imb:0 pmb:0 smb:8160 d:s ref:0 ;
in:3199 out:3201 type:b dur:2 cpbdur:2 q:34.55 aq:33.00 tex:0 mv:0 misc:392 imb:0 pmb:0 smb:8160 d:s ref:0 ;
in:3201 out:3202 type:b dur:2 cpbdur:2 q:34.55 aq:33.00 tex:0 mv:0 misc:392 imb:0 pmb:0 smb:8160 d:- ref:0 ;
in:3202 out:3203 type:b dur:2 cpbdur:2 q:34.55 aq:33.00 tex:0 mv:0 misc:392 imb:0 pmb:0 smb:8160 d:- ref:0 ;
in:3209 out:3204 type:P dur:2 cpbdur:2 q:34.32 aq:26.87 tex:149 mv:20 misc:487 imb:0 pmb:8 smb:8152 d:s ref:0 ;
in:3206 out:3205 type:B dur:2 cpbdur:2 q:34.45 aq:30.00 tex:0 mv:0 misc:408 imb:0 pmb:0 smb:8160 d:s ref:0 ;
in:3204 out:3206 type:b dur:2 cpbdur:2 q:34.45 aq:33.00 tex:0 mv:0 misc:392 imb:0 pmb:0 smb:8160 d:s ref:0 ;
in:3205 out:3207 type:b dur:2 cpbdur:2 q:34.45 aq:33.00 tex:0 mv:0 misc:392 imb:0 pmb:0 smb:8160 d:s ref:0 ;
in:3207 out:3208 type:b dur:2 cpbdur:2 q:34.45 aq:33.00 tex:0 mv:0 misc:392 imb:0 pmb:0 smb:8160 d:- ref:0 ;
in:3208 out:3209 type:b dur:2 cpbdur:2 q:34.45 aq:33.00 tex:0 mv:0 misc:392 imb:0 pmb:0 smb:8160 d:- ref:0 ;
in:3215 out:3210 type:P dur:2 cpbdur:2 q:34.20 aq:26.00 tex:0 mv:0 misc:408 imb:0 pmb:0 smb:8160 d:s ref:0 ;
in:3212 out:3211 type:B dur:2 cpbdur:2 q:34.32 aq:30.00 tex:0 mv:0 misc:408 imb:0 pmb:0 smb:8160 d:s ref:0 ;
in:3210 out:3212 type:b dur:2 cpbdur:2 q:34.32 aq:33.00 tex:0 mv:0 misc:392 imb:0 pmb:0 smb:8160 d:s ref:0 ;
in:3211 out:3213 type:b dur:2 cpbdur:2 q:34.32 aq:33.00 tex:0 mv:0 misc:392 imb:0 pmb:0 smb:8160 d:s ref:0 ;
in:3213 out:3214 type:b dur:2 cpbdur:2 q:34.32 aq:33.00 tex:0 mv:0 misc:392 imb:0 pmb:0 smb:8160 d:- ref:0 ;
in:3214 out:3215 type:b dur:2 cpbdur:2 q:34.32 aq:33.00 tex:0 mv:0 misc:392 imb:0 pmb:0 smb:8160 d:- ref:0 ;
in:3221 out:3216 type:P dur:2 cpbdur:2 q:34.08 aq:28.00 tex:9 mv:3 misc:420 imb:0 pmb:1 smb:8159 d:s ref:0 ;
in:3218 out:3217 type:B dur:2 cpbdur:2 q:34.20 aq:30.00 tex:0 mv:0 misc:408 imb:0 pmb:0 smb:8160 d:s ref:0 ;
in:3216 out:3218 type:b dur:2 cpbdur:2 q:34.20 aq:33.00 tex:0 mv:0 misc:392 imb:0 pmb:0 smb:8160 d:s ref:0 ;
in:3217 out:3219 type:b dur:2 cpbdur:2 q:34.20 aq:33.00 tex:0 mv:0 misc:392 imb:0 pmb:0 smb:8160 d:s ref:0 ;
in:3219 out:3220 type:b dur:2 cpbdur:2 q:34.20 aq:33.00 tex:0 mv:0 misc:392 imb:0 pmb:0 smb:8160 d:- ref:0 ;
in:3220 out:3221 type:b dur:2 cpbdur:2 q:34.20 aq:33.00 tex:0 mv:0 misc:392 imb:0 pmb:0 smb:8160 d:- ref:0 ;
in:3223 out:3222 type:P dur:2 cpbdur:2 q:33.96 aq:28.00 tex:0 mv:0 misc:440 imb:0 pmb:0 smb:8160 d:s ref:0 w:7,127,-1 ;
in:3222 out:3223 type:b dur:2 cpbdur:2 q:34.08 aq:33.00 tex:0 mv:0 misc:392 imb:0 pmb:0 smb:8160 d:s ref:0 ;
in:3224 out:3224 type:P dur:2 cpbdur:2 q:33.94 aq:29.19 tex:118 mv:27 misc:575 imb:0 pmb:14 smb:8146 d:s ref:0 w:6,63,0,6,64,0,63,2 ;
in:3230 out:3225 type:P dur:2 cpbdur:2 q:33.92 aq:29.00 tex:49 mv:29 misc:538 imb:0 pmb:7 smb:8153 d:s ref:0 w:7,99,0,5,25,28,25,28 ;
in:3227 out:3226 type:B dur:2 cpbdur:2 q:33.94 aq:30.71 tex:1133 mv:52 misc:607 imb:0 pmb:61 smb:8099 d:s ref:0 ;
in:3225 out:3227 type:b dur:2 cpbdur:2 q:33.94 aq:33.00 tex:0 mv:0 misc:392 imb:0 pmb:0 smb:8160 d:s ref:0 ;
in:3226 out:3228 type:b dur:2 cpbdur:2 q:33.94 aq:33.00 tex:0 mv:0 misc:392 imb:0 pmb:0 smb:8160 d:s ref:0 ;
in:3228 out:3229 type:b dur:2 cpbdur:2 q:33.94 aq:32.00 tex:17 mv:7 misc:416 imb:0 pmb:2 smb:8158 d:- ref:0 ;
in:3229 out:3230 type:b dur:2 cpbdur:2 q:33.94 aq:32.00 tex:0 mv:0 misc:392 imb:0 pmb:0 smb:8160 d:- ref:0 ;
in:3236 out:3231 type:P dur:2 cpbdur:2 q:33.84 aq:27.02 tex:70 mv:322 misc:560 imb:50 pmb:29 smb:8081 d:s ref:0 w:7,53,0,7,55,73,55,73 ;
in:3233 out:3232 type:B dur:2 cpbdur:2 q:33.92 aq:29.29 tex:1484 mv:137 misc:683 imb:6 pmb:78 smb:8076 d:s ref:0 ;
in:3231 out:3233 type:b dur:2 cpbdur:2 q:33.92 aq:32.00 tex:52 mv:20 misc:448 imb:0 pmb:7 smb:8153 d:s ref:0 ;
in:3232 out:3234 type:b dur:2 cpbdur:2 q:33.92 aq:31.00 tex:0 mv:0 misc:392 imb:0 pmb:0 smb:8160 d:s ref:0 ;
in:3234 out:3235 type:b dur:2 cpbdur:2 q:33.92 aq:31.00 tex:0 mv:0 misc:392 imb:0 pmb:0 smb:8160 d:- ref:0 ;
in:3235 out:3236 type:b dur:2 cpbdur:2 q:33.92 aq:30.00 tex:0 mv:0 misc:392 imb:0 pmb:0 smb:8160 d:- ref:0 ;
in:3238 out:3237 type:P dur:2 cpbdur:2 q:33.76 aq:30.01 tex:16 mv:5 misc:515 imb:0 pmb:1 smb:8159 d:s ref:0 w:7,49,-1,7,63,65,53,75 ;
in:3237 out:3238 type:b dur:2 cpbdur:2 q:33.84 aq:29.00 tex:0 mv:0 misc:392 imb:0 pmb:0 smb:8160 d:s ref:0 ;
