#options: 1080x1920 fps=30/1 timebase=1/30 bitdepth=8 cabac=1 ref=1 deblock=1:1:1 analyse=0x1:0 me=dia subme=2 psy=1 psy_rd=0.40:0.00 mixed_ref=0 me_range=16 chroma_me=1 trellis=0 8x8dct=0 cqm=0 deadzone=21,11 fast_pskip=1 chroma_qp_offset=0 threads=24 lookahead_threads=8 sliced_threads=0 nr=0 decimate=1 interlaced=0 bluray_compat=0 constrained_intra=0 bframes=5 b_pyramid=2 b_adapt=1 b_bias=0 direct=3 weightb=1 open_gop=0 weightp=2 keyint=250 keyint_min=25 scenecut=40 intra_refresh=0 rc_lookahead=50 rc=abr mbtree=1 bitrate=2400 ratetol=1.0 qcomp=0.60 qpmin=0 qpmax=69 qpstep=4 vbv_maxrate=5000 vbv_bufsize=10000 nal_hrd=none filler=0 ip_ratio=1.40 aq=1:0.60
in:0 out:0 type:I dur:2 cpbdur:2 q:37.28 aq:26.52 tex:1637006 mv:27535 misc:211 imb:8160 pmb:0 smb:0 d:- ref:;
in:4 out:1 type:P dur:2 cpbdur:2 q:36.53 aq:25.84 tex:109599 mv:2920 misc:7017 imb:84 pmb:2713 smb:5363 d:- ref:0 ;
in:2 out:2 type:B dur:2 cpbdur:2 q:37.48 aq:36.53 tex:236 mv:320 misc:556 imb:1 pmb:42 smb:8117 d:t ref:0 ;
in:1 out:3 type:b dur:2 cpbdur:2 q:37.48 aq:35.37 tex:44 mv:137 misc:515 imb:0 pmb:24 smb:8136 d:t ref:0 ;
in:3 out:4 type:b dur:2 cpbdur:2 q:37.48 aq:35.49 tex:29 mv:585 misc:530 imb:1 pmb:80 smb:8079 d:- ref:0 ;
in:9 out:5 type:P dur:2 cpbdur:2 q:36.83 aq:27.25 tex:39448 mv:2207 misc:3897 imb:85 pmb:819 smb:7256 d:- ref:0 ;
in:6 out:6 type:B dur:2 cpbdur:2 q:37.27 aq:35.77 tex:1281 mv:489 misc:614 imb:9 pmb:52 smb:8099 d:t ref:0 ;
in:5 out:7 type:b dur:2 cpbdur:2 q:37.70 aq:39.43 tex:299 mv:233 misc:500 imb:2 pmb:27 smb:8131 d:t ref:0 ;
in:7 out:8 type:b dur:2 cpbdur:2 q:37.70 aq:39.49 tex:141 mv:655 misc:548 imb:0 pmb:91 smb:8069 d:- ref:0 ;
in:8 out:9 type:b dur:2 cpbdur:2 q:37.70 aq:41.28 tex:450 mv:748 misc:570 imb:4 pmb:91 smb:8065 d:- ref:0 ;
in:15 out:10 type:P dur:2 cpbdur:2 q:36.51 aq:27.43 tex:66824 mv:2880 misc:4032 imb:80 pmb:1360 smb:6720 d:- ref:0 ;
in:12 out:11 type:B dur:2 cpbdur:2 q:37.28 aq:34.94 tex:1441 mv:596 misc:715 imb:5 pmb:85 smb:8070 d:t ref:0 ;
in:10 out:12 type:b dur:2 cpbdur:2 q:37.71 aq:39.98 tex:203 mv:240 misc:525 imb:1 pmb:40 smb:8119 d:t ref:0 ;
in:11 out:13 type:b dur:2 cpbdur:2 q:37.71 aq:40.17 tex:718 mv:256 misc:522 imb:3 pmb:38 smb:8119 d:t ref:0 ;
in:13 out:14 type:b dur:2 cpbdur:2 q:37.71 aq:39.40 tex:219 mv:674 misc:571 imb:2 pmb:90 smb:8068 d:- ref:0 ;
in:14 out:15 type:b dur:2 cpbdur:2 q:37.71 aq:39.40 tex:751 mv:784 misc:641 imb:3 pmb:103 smb:8054 d:- ref:0 ;
in:19 out:16 type:P dur:2 cpbdur:2 q:36.57 aq:27.82 tex:44610 mv:2579 misc:3179 imb:76 pmb:842 smb:7242 d:- ref:0 ;
in:17 out:17 type:B dur:2 cpbdur:2 q:36.74 aq:35.79 tex:1159 mv:448 misc:625 imb:5 pmb:66 smb:8089 d:t ref:0 ;
in:16 out:18 type:b dur:2 cpbdur:2 q:36.82 aq:38.04 tex:186 mv:182 misc:496 imb:0 pmb:31 smb:8129 d:t ref:0 ;
in:18 out:19 type:b dur:2 cpbdur:2 q:36.82 aq:36.88 tex:826 mv:660 misc:578 imb:6 pmb:89 smb:8065 d:- ref:0 ;
in:25 out:20 type:P dur:2 cpbdur:2 q:36.37 aq:27.68 tex:147387 mv:2506 misc:2811 imb:56 pmb:1679 smb:6425 d:- ref:0 ;
in:22 out:21 type:B dur:2 cpbdur:2 q:36.78 aq:34.53 tex:1753 mv:665 misc:822 imb:7 pmb:110 smb:8043 d:t ref:0 ;
in:20 out:22 type:b dur:2 cpbdur:2 q:36.88 aq:33.05 tex:123 mv:459 misc:594 imb:0 pmb:69 smb:8091 d:t ref:0 ;
in:21 out:23 type:b dur:2 cpbdur:2 q:36.88 aq:40.27 tex:776 mv:399 misc:577 imb:3 pmb:63 smb:8094 d:t ref:0 ;
in:23 out:24 type:b dur:2 cpbdur:2 q:36.88 aq:38.79 tex:319 mv:654 misc:579 imb:2 pmb:93 smb:8065 d:- ref:0 ;
in:24 out:25 type:b dur:2 cpbdur:2 q:36.88 aq:36.66 tex:409 mv:686 misc:569 imb:5 pmb:94 smb:8061 d:- ref:0 ;
in:31 out:26 type:P dur:2 cpbdur:2 q:37.18 aq:29.98 tex:44771 mv:5024 misc:1605 imb:515 pmb:328 smb:7317 d:t ref:0 ;
in:28 out:27 type:B dur:2 cpbdur:2 q:37.16 aq:34.81 tex:769 mv:820 misc:899 imb:8 pmb:549 smb:7603 d:s ref:0 ;
in:26 out:28 type:b dur:2 cpbdur:2 q:37.15 aq:33.82 tex:70 mv:367 misc:595 imb:0 pmb:76 smb:8084 d:t ref:0 ;
in:27 out:29 type:b dur:2 cpbdur:2 q:37.16 aq:34.10 tex:171 mv:249 misc:588 imb:1 pmb:70 smb:8089 d:t ref:0 ;
in:29 out:30 type:b dur:2 cpbdur:2 q:37.17 aq:36.82 tex:4753 mv:4208 misc:1063 imb:293 pmb:272 smb:7595 d:- ref:0 ;
in:30 out:31 type:b dur:2 cpbdur:2 q:37.17 aq:37.15 tex:6639 mv:3809 misc:1120 imb:125 pmb:285 smb:7750 d:- ref:0 ;
in:37 out:32 type:P dur:2 cpbdur:2 q:41.18 aq:31.76 tex:19451 mv:4620 misc:857 imb:318 pmb:269 smb:7573 d:t ref:0 ;
in:34 out:33 type:B dur:2 cpbdur:2 q:41.16 aq:39.35 tex:3678 mv:3080 misc:858 imb:75 pmb:372 smb:7713 d:s ref:0 ;
in:32 out:34 type:b dur:2 cpbdur:2 q:41.15 aq:42.11 tex:1024 mv:2539 misc:837 imb:51 pmb:381 smb:7728 d:s ref:0 ;
in:33 out:35 type:b dur:2 cpbdur:2 q:41.16 aq:40.33 tex:585 mv:1732 misc:923 imb:15 pmb:377 smb:7768 d:s ref:0 ;
in:35 out:36 type:b dur:2 cpbdur:2 q:41.17 aq:42.74 tex:237 mv:949 misc:790 imb:5 pmb:148 smb:8007 d:- ref:0 ;
in:36 out:37 type:b dur:2 cpbdur:2 q:41.17 aq:43.48 tex:573 mv:1085 misc:734 imb:11 pmb:128 smb:8021 d:- ref:0 ;
in:41 out:38 type:P dur:2 cpbdur:2 q:41.11 aq:35.20 tex:34604 mv:4089 misc:1211 imb:285 pmb:383 smb:7492 d:s ref:0 ;
in:39 out:39 type:B dur:2 cpbdur:2 q:41.35 aq:42.48 tex:3260 mv:2421 misc:1167 imb:51 pmb:288 smb:7821 d:t ref:0 ;
in:38 out:40 type:b dur:2 cpbdur:2 q:41.36 aq:42.15 tex:1633 mv:1708 misc:1131 imb:40 pmb:243 smb:7877 d:s ref:0 ;
in:40 out:41 type:b dur:2 cpbdur:2 q:41.35 aq:43.42 tex:809 mv:1393 misc:822 imb:7 pmb:164 smb:7989 d:- ref:0 ;
in:46 out:42 type:P dur:2 cpbdur:2 q:39.65 aq:31.74 tex:40881 mv:4296 misc:1591 imb:150 pmb:567 smb:7443 d:t ref:0 ;
in:43 out:43 type:B dur:2 cpbdur:2 q:41.36 aq:42.92 tex:1852 mv:1516 misc:936 imb:19 pmb:170 smb:7971 d:t ref:0 ;
in:42 out:44 type:b dur:2 cpbdur:2 q:41.50 aq:43.18 tex:1506 mv:1223 misc:879 imb:10 pmb:162 smb:7988 d:s ref:0 ;
in:44 out:45 type:b dur:2 cpbdur:2 q:41.49 aq:38.08 tex:52 mv:648 misc:812 imb:1 pmb:136 smb:8023 d:- ref:0 ;
in:45 out:46 type:b dur:2 cpbdur:2 q:41.49 aq:38.07 tex:79 mv:559 misc:650 imb:0 pmb:93 smb:8067 d:- ref:0 ;
in:49 out:47 type:P dur:2 cpbdur:2 q:37.70 aq:29.14 tex:73184 mv:4108 misc:2452 imb:163 pmb:952 smb:7045 d:t ref:0 ;
in:47 out:48 type:B dur:2 cpbdur:2 q:39.89 aq:40.46 tex:266 mv:325 misc:681 imb:8 pmb:87 smb:8065 d:t ref:0 ;
in:48 out:49 type:b dur:2 cpbdur:2 q:40.12 aq:36.09 tex:46 mv:628 misc:758 imb:1 pmb:133 smb:8026 d:- ref:0 ;
in:53 out:50 type:P dur:2 cpbdur:2 q:37.64 aq:30.30 tex:82413 mv:5346 misc:3065 imb:251 pmb:1060 smb:6849 d:s ref:0 ;
in:51 out:51 type:B dur:2 cpbdur:2 q:38.44 aq:37.39 tex:690 mv:1346 misc:924 imb:8 pmb:236 smb:7916 d:s ref:0 ;
in:50 out:52 type:b dur:2 cpbdur:2 q:38.55 aq:38.60 tex:1528 mv:1526 misc:818 imb:3 pmb:188 smb:7969 d:s ref:0 ;
in:52 out:53 type:b dur:2 cpbdur:2 q:38.55 aq:38.24 tex:1173 mv:2140 misc:871 imb:37 pmb:225 smb:7898 d:- ref:0 ;
in:57 out:54 type:P dur:2 cpbdur:2 q:37.32 aq:29.58 tex:111991 mv:5368 misc:4081 imb:210 pmb:1597 smb:6353 d:s ref:0 ;
in:55 out:55 type:B dur:2 cpbdur:2 q:38.03 aq:36.99 tex:570 mv:2167 misc:1135 imb:12 pmb:319 smb:7829 d:t ref:0 ;
in:54 out:56 type:b dur:2 cpbdur:2 q:38.17 aq:38.26 tex:712 mv:2241 misc:895 imb:68 pmb:198 smb:7894 d:s ref:0 ;
in:56 out:57 type:b dur:2 cpbdur:2 q:38.17 aq:37.89 tex:98 mv:1151 misc:855 imb:2 pmb:204 smb:7954 d:- ref:0 ;
in:58 out:58 type:P dur:2 cpbdur:2 q:36.20 aq:26.87 tex:139828 mv:3779 misc:4929 imb:105 pmb:2077 smb:5978 d:s ref:0 ;
in:59 out:59 type:P dur:2 cpbdur:2 q:36.43 aq:28.09 tex:82188 mv:3564 misc:3616 imb:123 pmb:1309 smb:6728 d:s ref:0 ;
in:63 out:60 type:P dur:2 cpbdur:2 q:36.28 aq:28.46 tex:156732 mv:6669 misc:3575 imb:137 pmb:1722 smb:6301 d:s ref:0 ;
in:61 out:61 type:B dur:2 cpbdur:2 q:36.58 aq:34.61 tex:1469 mv:2176 misc:1539 imb:34 pmb:409 smb:7717 d:s ref:0 ;
in:60 out:62 type:b dur:2 cpbdur:2 q:36.58 aq:35.89 tex:432 mv:1530 misc:1062 imb:9 pmb:270 smb:7881 d:s ref:0 ;
in:62 out:63 type:b dur:2 cpbdur:2 q:36.58 aq:32.12 tex:68 mv:1014 misc:1014 imb:1 pmb:235 smb:7924 d:- ref:0 ;
in:67 out:64 type:P dur:2 cpbdur:2 q:36.37 aq:28.33 tex:158459 mv:5737 misc:3588 imb:171 pmb:1773 smb:6216 d:s ref:0 ;
in:65 out:65 type:B dur:2 cpbdur:2 q:36.66 aq:35.63 tex:3265 mv:2056 misc:1351 imb:18 pmb:388 smb:7754 d:s ref:0 ;
in:64 out:66 type:b dur:2 cpbdur:2 q:36.70 aq:33.95 tex:107 mv:1076 misc:945 imb:4 pmb:216 smb:7940 d:s ref:0 ;
in:66 out:67 type:b dur:2 cpbdur:2 q:36.70 aq:36.01 tex:6117 mv:2070 misc:981 imb:13 pmb:248 smb:7899 d:- ref:0 ;
in:68 out:68 type:P dur:2 cpbdur:2 q:36.23 aq:27.47 tex:140996 mv:2946 misc:3786 imb:30 pmb:1691 smb:6439 d:s ref:0 ;
in:74 out:69 type:P dur:2 cpbdur:2 q:36.24 aq:28.31 tex:131326 mv:7049 misc:3969 imb:184 pmb:1731 smb:6245 d:s ref:0 ;
in:71 out:70 type:B dur:2 cpbdur:2 q:36.75 aq:34.44 tex:8956 mv:3542 misc:1614 imb:29 pmb:475 smb:7656 d:s ref:0 ;
in:69 out:71 type:b dur:2 cpbdur:2 q:36.84 aq:38.50 tex:447 mv:1107 misc:894 imb:4 pmb:233 smb:7923 d:s ref:0 ;
in:70 out:72 type:b dur:2 cpbdur:2 q:36.84 aq:37.11 tex:873 mv:1270 misc:937 imb:4 pmb:235 smb:7921 d:s ref:0 ;
in:72 out:73 type:b dur:2 cpbdur:2 q:36.84 aq:32.86 tex:1048 mv:1410 misc:998 imb:5 pmb:264 smb:7891 d:- ref:0 ;
in:73 out:74 type:b dur:2 cpbdur:2 q:36.84 aq:32.72 tex:553 mv:1530 misc:981 imb:1 pmb:256 smb:7903 d:- ref:0 ;
in:76 out:75 type:P dur:2 cpbdur:2 q:36.96 aq:29.27 tex:148517 mv:4471 misc:3668 imb:160 pmb:1630 smb:6370 d:s ref:0 ;
in:75 out:76 type:b dur:2 cpbdur:2 q:37.43 aq:34.52 tex:1556 mv:1939 misc:969 imb:4 pmb:250 smb:7906 d:t ref:0 ;
in:82 out:77 type:P dur:2 cpbdur:2 q:36.21 aq:29.02 tex:215372 mv:7289 misc:3883 imb:170 pmb:2372 smb:5618 d:s ref:0 ;
in:79 out:78 type:B dur:2 cpbdur:2 q:37.58 aq:35.13 tex:2282 mv:2796 misc:1650 imb:32 pmb:443 smb:7685 d:s ref:0 ;
in:77 out:79 type:b dur:2 cpbdur:2 q:37.58 aq:39.05 tex:517 mv:1080 misc:755 imb:10 pmb:155 smb:7995 d:s ref:0 ;
in:78 out:80 type:b dur:2 cpbdur:2 q:37.58 aq:38.81 tex:563 mv:1101 misc:784 imb:13 pmb:155 smb:7992 d:s ref:0 ;
in:80 out:81 type:b dur:2 cpbdur:2 q:37.58 aq:34.70 tex:506 mv:1055 misc:839 imb:3 pmb:187 smb:7970 d:- ref:0 ;
in:81 out:82 type:b dur:2 cpbdur:2 q:37.58 aq:34.57 tex:827 mv:1532 misc:1089 imb:4 pmb:303 smb:7853 d:- ref:0 ;
in:83 out:83 type:P dur:2 cpbdur:2 q:35.97 aq:27.81 tex:159288 mv:3293 misc:4083 imb:58 pmb:1858 smb:6244 d:s ref:0 ;
in:84 out:84 type:P dur:2 cpbdur:2 q:35.73 aq:27.38 tex:168185 mv:3441 misc:4390 imb:41 pmb:2040 smb:6079 d:s ref:0 ;
in:90 out:85 type:P dur:2 cpbdur:2 q:34.90 aq:26.63 tex:243385 mv:8912 misc:5055 imb:176 pmb:2507 smb:5477 d:s ref:0 ;
in:87 out:86 type:B dur:2 cpbdur:2 q:35.93 aq:33.41 tex:10202 mv:3807 misc:2007 imb:38 pmb:581 smb:7541 d:s ref:0 ;
in:85 out:87 type:b dur:2 cpbdur:2 q:36.14 aq:32.91 tex:1095 mv:1405 misc:924 imb:3 pmb:237 smb:7920 d:s ref:0 ;
in:86 out:88 type:b dur:2 cpbdur:2 q:36.14 aq:36.91 tex:966 mv:1276 misc:910 imb:2 pmb:214 smb:7944 d:s ref:0 ;
in:88 out:89 type:b dur:2 cpbdur:2 q:36.14 aq:32.83 tex:486 mv:1332 misc:1006 imb:2 pmb:239 smb:7919 d:- ref:0 ;
in:89 out:90 type:b dur:2 cpbdur:2 q:36.14 aq:34.12 tex:790 mv:1553 misc:1113 imb:4 pmb:274 smb:7882 d:- ref:0 ;
in:93 out:91 type:P dur:2 cpbdur:2 q:34.63 aq:26.47 tex:197327 mv:5182 misc:4739 imb:63 pmb:2290 smb:5807 d:s ref:0 ;
in:91 out:92 type:B dur:2 cpbdur:2 q:35.48 aq:35.41 tex:1212 mv:1085 misc:951 imb:0 pmb:229 smb:7931 d:t ref:0 ;
in:92 out:93 type:b dur:2 cpbdur:2 q:35.82 aq:35.64 tex:351 mv:768 misc:657 imb:2 pmb:112 smb:8046 d:- ref:0 ;
in:99 out:94 type:P dur:2 cpbdur:2 q:34.17 aq:26.42 tex:227209 mv:7907 misc:4972 imb:135 pmb:2542 smb:5483 d:s ref:0 ;
in:96 out:95 type:B dur:2 cpbdur:2 q:35.05 aq:32.86 tex:5149 mv:2344 misc:1819 imb:21 pmb:479 smb:7660 d:s ref:0 ;
in:94 out:96 type:b dur:2 cpbdur:2 q:35.41 aq:37.82 tex:712 mv:982 misc:858 imb:2 pmb:201 smb:7957 d:s ref:0 ;
in:95 out:97 type:b dur:2 cpbdur:2 q:35.41 aq:36.62 tex:430 mv:903 misc:859 imb:1 pmb:212 smb:7947 d:s ref:0 ;
in:97 out:98 type:b dur:2 cpbdur:2 q:35.41 aq:32.82 tex:612 mv:809 misc:731 imb:3 pmb:130 smb:8027 d:- ref:0 ;
in:98 out:99 type:b dur:2 cpbdur:2 q:35.41 aq:37.32 tex:509 mv:899 misc:744 imb:5 pmb:143 smb:8012 d:- ref:0 ;
in:104 out:100 type:P dur:2 cpbdur:2 q:33.59 aq:26.02 tex:240167 mv:7891 misc:5022 imb:160 pmb:2511 smb:5489 d:s ref:0 ;
in:101 out:101 type:B dur:2 cpbdur:2 q:34.53 aq:33.42 tex:4813 mv:2410 misc:1817 imb:25 pmb:507 smb:7628 d:s ref:0 ;
in:100 out:102 type:b dur:2 cpbdur:2 q:34.80 aq:37.42 tex:513 mv:829 misc:986 imb:0 pmb:216 smb:7944 d:s ref:0 ;
in:102 out:103 type:b dur:2 cpbdur:2 q:34.80 aq:36.85 tex:811 mv:1117 misc:1048 imb:13 pmb:247 smb:7900 d:- ref:0 ;
in:103 out:104 type:b dur:2 cpbdur:2 q:34.80 aq:35.78 tex:915 mv:1244 misc:1121 imb:13 pmb:271 smb:7876 d:- ref:0 ;
in:106 out:105 type:P dur:2 cpbdur:2 q:33.43 aq:26.64 tex:161110 mv:3575 misc:4635 imb:46 pmb:1995 smb:6119 d:s ref:0 ;
in:105 out:106 type:b dur:2 cpbdur:2 q:34.04 aq:35.31 tex:864 mv:857 misc:815 imb:2 pmb:173 smb:7985 d:t ref:0 ;
in:112 out:107 type:P dur:2 cpbdur:2 q:32.86 aq:26.78 tex:294676 mv:7214 misc:4070 imb:132 pmb:2747 smb:5281 d:s ref:0 ;
in:109 out:108 type:B dur:2 cpbdur:2 q:33.83 aq:32.15 tex:8987 mv:2385 misc:1740 imb:23 pmb:419 smb:7718 d:s ref:0 ;
in:107 out:109 type:b dur:2 cpbdur:2 q:33.91 aq:35.68 tex:1126 mv:1092 misc:894 imb:1 pmb:205 smb:7954 d:s ref:0 ;
in:108 out:110 type:b dur:2 cpbdur:2 q:33.91 aq:32.84 tex:1006 mv:1115 misc:999 imb:1 pmb:222 smb:7937 d:s ref:0 ;
in:110 out:111 type:b dur:2 cpbdur:2 q:33.91 aq:35.51 tex:1054 mv:882 misc:816 imb:9 pmb:146 smb:8005 d:- ref:0 ;
in:111 out:112 type:b dur:2 cpbdur:2 q:33.91 aq:35.44 tex:1297 mv:946 misc:773 imb:3 pmb:138 smb:8019 d:- ref:0 ;
in:116 out:113 type:P dur:2 cpbdur:2 q:32.20 aq:26.55 tex:321234 mv:7643 misc:4443 imb:128 pmb:2650 smb:5382 d:s ref:0 ;
in:114 out:114 type:B dur:2 cpbdur:2 q:33.17 aq:32.50 tex:6451 mv:2251 misc:1946 imb:21 pmb:573 smb:7566 d:s ref:0 ;
in:113 out:115 type:b dur:2 cpbdur:2 q:33.39 aq:35.51 tex:1174 mv:1242 misc:1192 imb:4 pmb:319 smb:7837 d:s ref:0 ;
in:115 out:116 type:b dur:2 cpbdur:2 q:33.39 aq:36.45 tex:793 mv:1122 misc:1133 imb:0 pmb:302 smb:7858 d:- ref:0 ;
in:118 out:117 type:P dur:2 cpbdur:2 q:31.76 aq:26.04 tex:156622 mv:3662 misc:4540 imb:94 pmb:2066 smb:6000 d:s ref:0 ;
in:117 out:118 type:b dur:2 cpbdur:2 q:32.56 aq:33.54 tex:1169 mv:900 misc:787 imb:2 pmb:145 smb:8013 d:t ref:0 ;
in:122 out:119 type:P dur:2 cpbdur:2 q:31.62 aq:26.96 tex:169699 mv:5847 misc:3742 imb:104 pmb:1819 smb:6237 d:s ref:0 ;
in:120 out:120 type:B dur:2 cpbdur:2 q:32.13 aq:31.64 tex:7662 mv:2178 misc:1888 imb:16 pmb:516 smb:7628 d:s ref:0 ;
in:119 out:121 type:b dur:2 cpbdur:2 q:32.50 aq:33.72 tex:1297 mv:1041 misc:1086 imb:3 pmb:263 smb:7894 d:s ref:0 ;
in:121 out:122 type:b dur:2 cpbdur:2 q:32.50 aq:32.94 tex:1611 mv:1110 misc:1039 imb:11 pmb:208 smb:7941 d:- ref:0 ;
in:126 out:123 type:P dur:2 cpbdur:2 q:31.30 aq:28.10 tex:109504 mv:5181 misc:3563 imb:106 pmb:1493 smb:6561 d:s ref:0 ;
in:124 out:124 type:B dur:2 cpbdur:2 q:31.78 aq:30.74 tex:5910 mv:1852 misc:1806 imb:6 pmb:456 smb:7698 d:s ref:0 ;
in:123 out:125 type:b dur:2 cpbdur:2 q:31.94 aq:31.88 tex:567 mv:812 misc:845 imb:2 pmb:146 smb:8012 d:s ref:0 ;
in:125 out:126 type:b dur:2 cpbdur:2 q:31.93 aq:31.86 tex:1765 mv:1265 misc:1258 imb:3 pmb:305 smb:7852 d:- ref:0 ;
in:128 out:127 type:P dur:2 cpbdur:2 q:31.26 aq:29.37 tex:130245 mv:5204 misc:3231 imb:315 pmb:1051 smb:6794 d:s ref:0 ;
in:127 out:128 type:b dur:2 cpbdur:2 q:31.65 aq:32.66 tex:6247 mv:1777 misc:1472 imb:25 pmb:365 smb:7770 d:s ref:0 ;
in:130 out:129 type:P dur:2 cpbdur:2 q:31.76 aq:30.49 tex:179521 mv:7774 misc:2585 imb:912 pmb:800 smb:6448 d:s ref:0 ;
in:129 out:130 type:b dur:2 cpbdur:2 q:32.08 aq:33.27 tex:11930 mv:2309 misc:1625 imb:39 pmb:423 smb:7698 d:s ref:0 ;
in:131 out:131 type:P dur:2 cpbdur:2 q:31.43 aq:30.41 tex:142780 mv:8444 misc:2960 imb:501 pmb:909 smb:6750 d:s ref:0 ;
in:132 out:132 type:P dur:2 cpbdur:2 q:31.20 aq:30.07 tex:151525 mv:8438 misc:3517 imb:391 pmb:1288 smb:6481 d:s ref:0 ;
in:134 out:133 type:P dur:2 cpbdur:2 q:31.25 aq:29.76 tex:159838 mv:10370 misc:2960 imb:837 pmb:937 smb:6386 d:s ref:0 ;
in:133 out:134 type:b dur:2 cpbdur:2 q:31.32 aq:33.19 tex:12671 mv:4051 misc:1662 imb:98 pmb:448 smb:7614 d:s ref:0 ;
in:135 out:135 type:P dur:2 cpbdur:2 q:31.16 aq:27.65 tex:495577 mv:15514 misc:2453 imb:2138 pmb:1418 smb:4604 d:s ref:0 ;
in:137 out:136 type:P dur:2 cpbdur:2 q:32.88 aq:32.16 tex:256638 mv:9652 misc:1374 imb:1209 pmb:375 smb:6576 d:s ref:0 ;
in:136 out:137 type:b dur:2 cpbdur:2 q:33.35 aq:37.85 tex:3684 mv:2207 misc:1213 imb:42 pmb:300 smb:7818 d:s ref:0 ;
in:141 out:138 type:P dur:2 cpbdur:2 q:35.99 aq:31.55 tex:692214 mv:16572 misc:1142 imb:3807 pmb:262 smb:4091 d:s ref:0 ;
in:139 out:139 type:B dur:2 cpbdur:2 q:36.55 aq:39.24 tex:5988 mv:2080 misc:1516 imb:69 pmb:342 smb:7749 d:s ref:0 ;
in:138 out:140 type:b dur:2 cpbdur:2 q:37.42 aq:39.89 tex:1871 mv:1896 misc:945 imb:53 pmb:217 smb:7890 d:s ref:0 ;
in:140 out:141 type:b dur:2 cpbdur:2 q:36.79 aq:41.02 tex:3224 mv:1583 misc:1169 imb:49 pmb:249 smb:7862 d:- ref:0 ;
in:146 out:142 type:P dur:2 cpbdur:2 q:36.35 aq:27.42 tex:1005578 mv:24820 misc:3290 imb:3944 pmb:2452 smb:1764 d:s ref:0 ;
in:143 out:143 type:B dur:2 cpbdur:2 q:37.65 aq:37.75 tex:18504 mv:5699 misc:2389 imb:241 pmb:646 smb:7273 d:s ref:0 ;
in:142 out:144 type:b dur:2 cpbdur:2 q:37.92 aq:39.92 tex:4850 mv:2504 misc:1518 imb:67 pmb:425 smb:7668 d:s ref:0 ;
in:144 out:145 type:b dur:2 cpbdur:2 q:37.91 aq:39.49 tex:4983 mv:4794 misc:2431 imb:318 pmb:606 smb:7236 d:- ref:0 ;
in:145 out:146 type:b dur:2 cpbdur:2 q:37.91 aq:39.06 tex:5557 mv:3613 misc:2150 imb:123 pmb:654 smb:7383 d:- ref:0 ;
in:148 out:147 type:P dur:2 cpbdur:2 q:37.32 aq:27.23 tex:216576 mv:7432 misc:4344 imb:548 pmb:2227 smb:5385 d:s ref:0 ;
in:147 out:148 type:b dur:2 cpbdur:2 q:38.23 aq:38.99 tex:1804 mv:2473 misc:1059 imb:67 pmb:295 smb:7798 d:s ref:0 ;
in:154 out:149 type:P dur:2 cpbdur:2 q:36.88 aq:27.16 tex:197505 mv:7764 misc:3979 imb:433 pmb:1779 smb:5948 d:s ref:0 ;
in:151 out:150 type:B dur:2 cpbdur:2 q:38.09 aq:36.14 tex:6963 mv:3701 misc:1600 imb:112 pmb:478 smb:7570 d:s ref:0 ;
in:149 out:151 type:b dur:2 cpbdur:2 q:38.52 aq:39.16 tex:1207 mv:1883 misc:1262 imb:49 pmb:345 smb:7766 d:s ref:0 ;
in:150 out:152 type:b dur:2 cpbdur:2 q:38.50 aq:38.59 tex:449 mv:936 misc:1135 imb:4 pmb:278 smb:7878 d:s ref:0 ;
in:152 out:153 type:b dur:2 cpbdur:2 q:38.50 aq:38.14 tex:391 mv:957 misc:980 imb:7 pmb:226 smb:7927 d:- ref:0 ;
in:153 out:154 type:b dur:2 cpbdur:2 q:38.50 aq:38.04 tex:336 mv:1352 misc:1056 imb:24 pmb:250 smb:7886 d:- ref:0 ;
in:155 out:155 type:P dur:2 cpbdur:2 q:37.09 aq:27.43 tex:195301 mv:5893 misc:2454 imb:162 pmb:1474 smb:6524 d:s ref:0 ;
in:157 out:156 type:P dur:2 cpbdur:2 q:37.15 aq:27.08 tex:89901 mv:3394 misc:2105 imb:75 pmb:873 smb:7212 d:s ref:0 ;
in:156 out:157 type:b dur:2 cpbdur:2 q:37.71 aq:32.05 tex:128 mv:914 misc:702 imb:1 pmb:152 smb:8007 d:t ref:0 ;
in:159 out:158 type:P dur:2 cpbdur:2 q:37.12 aq:28.33 tex:92101 mv:2235 misc:1888 imb:77 pmb:935 smb:7148 d:s ref:0 ;
in:158 out:159 type:b dur:2 cpbdur:2 q:37.65 aq:32.06 tex:86 mv:791 misc:755 imb:0 pmb:160 smb:8000 d:t ref:0 ;
in:161 out:160 type:P dur:2 cpbdur:2 q:36.81 aq:27.59 tex:142958 mv:2992 misc:2762 imb:82 pmb:1605 smb:6473 d:s ref:0 ;
in:160 out:161 type:b dur:2 cpbdur:2 q:37.71 aq:39.88 tex:580 mv:1508 misc:696 imb:3 pmb:159 smb:7998 d:t ref:0 ;
in:166 out:162 type:P dur:2 cpbdur:2 q:35.52 aq:25.29 tex:306874 mv:3497 misc:4885 imb:101 pmb:3424 smb:4635 d:s ref:0 ;
in:163 out:163 type:B dur:2 cpbdur:2 q:37.27 aq:38.06 tex:1459 mv:1517 misc:904 imb:14 pmb:223 smb:7923 d:s ref:0 ;
in:162 out:164 type:b dur:2 cpbdur:2 q:37.66 aq:37.76 tex:181 mv:1253 misc:702 imb:2 pmb:152 smb:8006 d:s ref:0 ;
in:164 out:165 type:b dur:2 cpbdur:2 q:37.66 aq:37.84 tex:1256 mv:906 misc:790 imb:12 pmb:186 smb:7962 d:- ref:0 ;
in:165 out:166 type:b dur:2 cpbdur:2 q:37.66 aq:38.82 tex:1454 mv:1661 misc:877 imb:4 pmb:218 smb:7938 d:- ref:0 ;
in:169 out:167 type:P dur:2 cpbdur:2 q:34.93 aq:24.41 tex:289221 mv:5575 misc:5580 imb:129 pmb:3274 smb:4757 d:s ref:0 ;
in:167 out:168 type:B dur:2 cpbdur:2 q:35.76 aq:37.09 tex:2021 mv:1767 misc:1020 imb:4 pmb:274 smb:7882 d:s ref:0 ;
in:168 out:169 type:b dur:2 cpbdur:2 q:35.93 aq:36.45 tex:269 mv:1172 misc:895 imb:3 pmb:213 smb:7944 d:- ref:0 ;
in:170 out:170 type:P dur:2 cpbdur:2 q:34.64 aq:24.30 tex:247037 mv:2545 misc:5050 imb:74 pmb:2901 smb:5185 d:s ref:0 ;
in:172 out:171 type:P dur:2 cpbdur:2 q:34.76 aq:24.46 tex:205901 mv:2548 misc:4087 imb:60 pmb:2126 smb:5974 d:s ref:0 ;
in:171 out:172 type:b dur:2 cpbdur:2 q:35.35 aq:36.18 tex:1191 mv:1684 misc:709 imb:5 pmb:163 smb:7992 d:t ref:0 ;
in:175 out:173 type:P dur:2 cpbdur:2 q:34.57 aq:24.52 tex:157625 mv:4709 misc:3978 imb:160 pmb:1842 smb:6158 d:s ref:0 ;
in:173 out:174 type:B dur:2 cpbdur:2 q:35.10 aq:35.85 tex:1745 mv:1577 misc:1102 imb:6 pmb:292 smb:7862 d:s ref:0 ;
in:174 out:175 type:b dur:2 cpbdur:2 q:35.49 aq:36.51 tex:760 mv:1103 misc:897 imb:3 pmb:211 smb:7946 d:- ref:0 ;
in:176 out:176 type:P dur:2 cpbdur:2 q:34.46 aq:23.66 tex:114214 mv:2162 misc:3648 imb:45 pmb:1298 smb:6817 d:s ref:0 ;
in:177 out:177 type:P dur:2 cpbdur:2 q:34.47 aq:24.33 tex:169203 mv:3915 misc:2962 imb:109 pmb:1462 smb:6589 d:s ref:0 ;
in:183 out:178 type:P dur:2 cpbdur:2 q:34.43 aq:25.11 tex:101369 mv:4586 misc:2077 imb:152 pmb:782 smb:7226 d:s ref:0 ;
in:180 out:179 type:B dur:2 cpbdur:2 q:34.81 aq:32.29 tex:2312 mv:1743 misc:1121 imb:11 pmb:297 smb:7852 d:s ref:0 ;
in:178 out:180 type:b dur:2 cpbdur:2 q:36.33 aq:37.87 tex:1522 mv:1804 misc:818 imb:6 pmb:241 smb:7913 d:s ref:0 ;
in:179 out:181 type:b dur:2 cpbdur:2 q:35.13 aq:36.53 tex:1541 mv:1156 misc:839 imb:6 pmb:252 smb:7902 d:s ref:0 ;
in:181 out:182 type:b dur:2 cpbdur:2 q:35.13 aq:34.23 tex:345 mv:725 misc:874 imb:2 pmb:184 smb:7974 d:- ref:0 ;
in:182 out:183 type:b dur:2 cpbdur:2 q:35.13 aq:34.93 tex:331 mv:781 misc:776 imb:2 pmb:165 smb:7993 d:- ref:0 ;
in:185 out:184 type:P dur:2 cpbdur:2 q:34.30 aq:25.90 tex:87552 mv:3208 misc:2304 imb:94 pmb:791 smb:7275 d:s ref:0 ;
in:184 out:185 type:b dur:2 cpbdur:2 q:34.80 aq:34.57 tex:449 mv:804 misc:811 imb:1 pmb:182 smb:7977 d:s ref:0 ;
in:187 out:186 type:P dur:2 cpbdur:2 q:34.40 aq:24.32 tex:38347 mv:989 misc:2032 imb:12 pmb:582 smb:7566 d:s ref:0 ;
in:186 out:187 type:b dur:2 cpbdur:2 q:34.42 aq:33.94 tex:221 mv:542 misc:541 imb:0 pmb:82 smb:8078 d:t ref:0 ;
in:189 out:188 type:P dur:2 cpbdur:2 q:34.47 aq:25.15 tex:30473 mv:1169 misc:1574 imb:25 pmb:431 smb:7704 d:s ref:0 ;
in:188 out:189 type:b dur:2 cpbdur:2 q:34.69 aq:33.81 tex:83 mv:609 misc:572 imb:0 pmb:94 smb:8066 d:t ref:0 ;
in:191 out:190 type:P dur:2 cpbdur:2 q:34.32 aq:24.11 tex:101411 mv:1300 misc:2785 imb:22 pmb:1150 smb:6988 d:s ref:0 ;
in:190 out:191 type:b dur:2 cpbdur:2 q:34.70 aq:34.18 tex:132 mv:600 misc:596 imb:0 pmb:103 smb:8057 d:t ref:0 ;
in:194 out:192 type:P dur:2 cpbdur:2 q:34.25 aq:23.73 tex:79723 mv:2479 misc:2686 imb:114 pmb:796 smb:7250 d:s ref:0 ;
in:192 out:193 type:B dur:2 cpbdur:2 q:34.58 aq:32.03 tex:56 mv:774 misc:786 imb:2 pmb:174 smb:7984 d:s ref:0 ;
in:193 out:194 type:b dur:2 cpbdur:2 q:34.83 aq:33.00 tex:20 mv:563 misc:529 imb:1 pmb:88 smb:8071 d:- ref:0 ;
in:198 out:195 type:P dur:2 cpbdur:2 q:34.39 aq:24.10 tex:31218 mv:2999 misc:1911 imb:60 pmb:547 smb:7553 d:s ref:0 ;
in:196 out:196 type:B dur:2 cpbdur:2 q:34.55 aq:32.78 tex:777 mv:925 misc:802 imb:7 pmb:173 smb:7980 d:s ref:0 ;
in:195 out:197 type:b dur:2 cpbdur:2 q:34.55 aq:33.00 tex:10 mv:576 misc:542 imb:0 pmb:89 smb:8071 d:t ref:0 ;
in:197 out:198 type:b dur:2 cpbdur:2 q:34.55 aq:33.60 tex:218 mv:794 misc:772 imb:2 pmb:173 smb:7985 d:- ref:0 ;
in:200 out:199 type:P dur:2 cpbdur:2 q:33.86 aq:24.05 tex:67199 mv:1354 misc:3007 imb:21 pmb:881 smb:7258 d:s ref:0 ;
in:199 out:200 type:b dur:2 cpbdur:2 q:34.54 aq:33.96 tex:173 mv:578 misc:561 imb:0 pmb:95 smb:8065 d:t ref:0 ;
in:203 out:201 type:P dur:2 cpbdur:2 q:33.88 aq:26.96 tex:43397 mv:2912 misc:2259 imb:43 pmb:587 smb:7530 d:s ref:0 ;
in:201 out:202 type:B dur:2 cpbdur:2 q:34.04 aq:32.86 tex:348 mv:753 misc:779 imb:3 pmb:162 smb:7995 d:s ref:0 ;
in:202 out:203 type:b dur:2 cpbdur:2 q:34.04 aq:33.00 tex:23 mv:585 misc:536 imb:2 pmb:82 smb:8076 d:- ref:0 ;
in:207 out:204 type:P dur:2 cpbdur:2 q:33.76 aq:24.27 tex:57564 mv:3912 misc:2084 imb:116 pmb:683 smb:7361 d:s ref:0 ;
in:205 out:205 type:B dur:2 cpbdur:2 q:34.07 aq:32.64 tex:1138 mv:1145 misc:861 imb:10 pmb:190 smb:7960 d:s ref:0 ;
in:204 out:206 type:b dur:2 cpbdur:2 q:34.07 aq:33.89 tex:799 mv:1103 misc:810 imb:6 pmb:193 smb:7961 d:s ref:0 ;
in:206 out:207 type:b dur:2 cpbdur:2 q:34.07 aq:34.39 tex:151 mv:610 misc:543 imb:4 pmb:83 smb:8073 d:- ref:0 ;
in:211 out:208 type:P dur:2 cpbdur:2 q:33.70 aq:23.86 tex:78941 mv:3645 misc:2742 imb:113 pmb:953 smb:7094 d:s ref:0 ;
in:209 out:209 type:B dur:2 cpbdur:2 q:34.02 aq:32.04 tex:1584 mv:1047 misc:857 imb:15 pmb:161 smb:7984 d:s ref:0 ;
in:208 out:210 type:b dur:2 cpbdur:2 q:34.02 aq:33.34 tex:134 mv:801 misc:777 imb:1 pmb:156 smb:8003 d:s ref:0 ;
in:210 out:211 type:b dur:2 cpbdur:2 q:34.02 aq:32.05 tex:133 mv:591 misc:564 imb:1 pmb:97 smb:8062 d:- ref:0 ;
in:213 out:212 type:P dur:2 cpbdur:2 q:33.84 aq:23.56 tex:168725 mv:3496 misc:3171 imb:99 pmb:1980 smb:6081 d:s ref:0 ;
in:212 out:213 type:b dur:2 cpbdur:2 q:34.07 aq:33.09 tex:576 mv:854 misc:802 imb:4 pmb:176 smb:7980 d:s ref:0 ;
in:217 out:214 type:P dur:2 cpbdur:2 q:33.67 aq:23.50 tex:66907 mv:1844 misc:3377 imb:22 pmb:1076 smb:7062 d:s ref:0 ;
in:215 out:215 type:B dur:2 cpbdur:2 q:34.12 aq:31.83 tex:453 mv:856 misc:651 imb:5 pmb:125 smb:8030 d:t ref:0 ;
in:214 out:216 type:b dur:2 cpbdur:2 q:34.19 aq:32.98 tex:85 mv:587 misc:568 imb:1 pmb:86 smb:8073 d:t ref:0 ;
in:216 out:217 type:b dur:2 cpbdur:2 q:34.19 aq:32.04 tex:99 mv:648 misc:637 imb:1 pmb:113 smb:8046 d:- ref:0 ;
in:220 out:218 type:P dur:2 cpbdur:2 q:33.42 aq:23.18 tex:122158 mv:2176 misc:2906 imb:27 pmb:1558 smb:6575 d:s ref:0 ;
in:218 out:219 type:B dur:2 cpbdur:2 q:34.10 aq:32.73 tex:896 mv:707 misc:605 imb:2 pmb:106 smb:8052 d:t ref:0 ;
in:219 out:220 type:b dur:2 cpbdur:2 q:34.28 aq:31.05 tex:46 mv:569 misc:569 imb:0 pmb:94 smb:8066 d:- ref:0 ;
in:223 out:221 type:P dur:2 cpbdur:2 q:32.95 aq:22.38 tex:139017 mv:2096 misc:2983 imb:19 pmb:1500 smb:6641 d:s ref:0 ;
in:221 out:222 type:B dur:2 cpbdur:2 q:33.87 aq:30.02 tex:393 mv:821 misc:594 imb:2 pmb:108 smb:8050 d:t ref:0 ;
in:222 out:223 type:b dur:2 cpbdur:2 q:34.16 aq:31.05 tex:389 mv:659 misc:592 imb:1 pmb:104 smb:8055 d:- ref:0 ;
in:228 out:224 type:P dur:2 cpbdur:2 q:32.85 aq:23.82 tex:128969 mv:3651 misc:2908 imb:115 pmb:1312 smb:6733 d:s ref:0 ;
in:225 out:225 type:B dur:2 cpbdur:2 q:33.41 aq:29.15 tex:2874 mv:1268 misc:778 imb:7 pmb:173 smb:7980 d:s ref:0 ;
in:224 out:226 type:b dur:2 cpbdur:2 q:33.87 aq:31.04 tex:167 mv:674 misc:559 imb:0 pmb:92 smb:8068 d:s ref:0 ;
in:226 out:227 type:b dur:2 cpbdur:2 q:33.86 aq:31.88 tex:457 mv:743 misc:816 imb:3 pmb:171 smb:7986 d:- ref:0 ;
in:227 out:228 type:b dur:2 cpbdur:2 q:33.86 aq:32.30 tex:920 mv:1186 misc:854 imb:6 pmb:203 smb:7951 d:- ref:0 ;
in:230 out:229 type:P dur:2 cpbdur:2 q:32.64 aq:22.26 tex:123419 mv:1757 misc:3288 imb:25 pmb:1405 smb:6730 d:s ref:0 ;
in:229 out:230 type:b dur:2 cpbdur:2 q:33.32 aq:30.05 tex:306 mv:642 misc:564 imb:0 pmb:102 smb:8058 d:t ref:0 ;
in:233 out:231 type:P dur:2 cpbdur:2 q:32.80 aq:22.76 tex:100270 mv:3655 misc:2403 imb:79 pmb:904 smb:7177 d:s ref:0 ;
in:231 out:232 type:B dur:2 cpbdur:2 q:33.14 aq:31.40 tex:1811 mv:1078 misc:879 imb:9 pmb:183 smb:7968 d:s ref:0 ;
in:232 out:233 type:b dur:2 cpbdur:2 q:33.36 aq:32.11 tex:361 mv:682 misc:589 imb:3 pmb:96 smb:8061 d:- ref:0 ;
in:235 out:234 type:P dur:2 cpbdur:2 q:32.52 aq:21.44 tex:221473 mv:1567 misc:3824 imb:20 pmb:2298 smb:5842 d:s ref:0 ;
in:234 out:235 type:b dur:2 cpbdur:2 q:33.15 aq:30.05 tex:406 mv:700 misc:566 imb:0 pmb:106 smb:8054 d:t ref:0 ;
in:238 out:236 type:P dur:2 cpbdur:2 q:32.35 aq:22.10 tex:102616 mv:1500 misc:3052 imb:9 pmb:1211 smb:6940 d:s ref:0 ;
in:236 out:237 type:B dur:2 cpbdur:2 q:32.91 aq:28.10 tex:461 mv:713 misc:578 imb:1 pmb:94 smb:8065 d:t ref:0 ;
in:237 out:238 type:b dur:2 cpbdur:2 q:33.24 aq:30.06 tex:334 mv:655 misc:555 imb:1 pmb:92 smb:8067 d:- ref:0 ;
in:242 out:239 type:P dur:2 cpbdur:2 q:32.15 aq:22.35 tex:128179 mv:2679 misc:3246 imb:109 pmb:1152 smb:6899 d:s ref:0 ;
in:240 out:240 type:B dur:2 cpbdur:2 q:32.79 aq:30.20 tex:2513 mv:1142 misc:825 imb:7 pmb:178 smb:7975 d:s ref:0 ;
in:239 out:241 type:b dur:2 cpbdur:2 q:33.18 aq:31.47 tex:1809 mv:1361 misc:798 imb:17 pmb:201 smb:7942 d:s ref:0 ;
in:241 out:242 type:b dur:2 cpbdur:2 q:33.18 aq:30.05 tex:279 mv:646 misc:499 imb:1 pmb:81 smb:8078 d:- ref:0 ;
in:246 out:243 type:P dur:2 cpbdur:2 q:32.02 aq:22.54 tex:134979 mv:3806 misc:2575 imb:98 pmb:1045 smb:7017 d:s ref:0 ;
in:244 out:244 type:B dur:2 cpbdur:2 q:32.76 aq:28.93 tex:4120 mv:1314 misc:830 imb:15 pmb:178 smb:7967 d:s ref:0 ;
in:243 out:245 type:b dur:2 cpbdur:2 q:33.03 aq:29.08 tex:491 mv:845 misc:792 imb:2 pmb:163 smb:7995 d:s ref:0 ;
in:245 out:246 type:b dur:2 cpbdur:2 q:33.03 aq:29.06 tex:181 mv:650 misc:553 imb:1 pmb:97 smb:8062 d:- ref:0 ;
in:249 out:247 type:P dur:2 cpbdur:2 q:31.66 aq:20.72 tex:157226 mv:1797 misc:4169 imb:27 pmb:1660 smb:6473 d:s ref:0 ;
in:247 out:248 type:B dur:2 cpbdur:2 q:32.34 aq:30.13 tex:1367 mv:946 misc:623 imb:3 pmb:107 smb:8050 d:t ref:0 ;
in:248 out:249 type:b dur:2 cpbdur:2 q:32.61 aq:31.27 tex:728 mv:842 misc:590 imb:3 pmb:99 smb:8058 d:- ref:0 ;
in:250 out:250 type:I dur:2 cpbdur:2 q:28.68 aq:18.58 tex:4976959 mv:237333 misc:388 imb:8160 pmb:0 smb:0 d:s ref:;
in:254 out:251 type:P dur:2 cpbdur:2 q:34.21 aq:28.35 tex:16603 mv:1616 misc:837 imb:56 pmb:177 smb:7927 d:s ref:0 ;
in:252 out:252 type:B dur:2 cpbdur:2 q:34.21 aq:32.79 tex:10907 mv:3428 misc:817 imb:72 pmb:263 smb:7825 d:t ref:0 ;
in:251 out:253 type:b dur:2 cpbdur:2 q:34.21 aq:33.30 tex:1795 mv:1277 misc:792 imb:7 pmb:195 smb:7958 d:s ref:0 ;
in:253 out:254 type:b dur:2 cpbdur:2 q:34.21 aq:33.79 tex:272 mv:734 misc:762 imb:1 pmb:148 smb:8011 d:- ref:0 ;
in:260 out:255 type:P dur:2 cpbdur:2 q:34.04 aq:24.47 tex:47653 mv:2510 misc:893 imb:117 pmb:241 smb:7802 d:s ref:0 ;
in:257 out:256 type:B dur:2 cpbdur:2 q:34.21 aq:30.91 tex:19848 mv:3839 misc:1049 imb:72 pmb:338 smb:7750 d:s ref:0 ;
in:255 out:257 type:b dur:2 cpbdur:2 q:34.21 aq:33.34 tex:2353 mv:1582 misc:937 imb:12 pmb:232 smb:7916 d:s ref:0 ;
in:256 out:258 type:b dur:2 cpbdur:2 q:34.21 aq:33.77 tex:579 mv:804 misc:817 imb:7 pmb:173 smb:7980 d:s ref:0 ;
in:258 out:259 type:b dur:2 cpbdur:2 q:34.21 aq:33.89 tex:1274 mv:982 misc:808 imb:8 pmb:165 smb:7987 d:- ref:0 ;
in:259 out:260 type:b dur:2 cpbdur:2 q:34.21 aq:33.86 tex:1096 mv:1039 misc:825 imb:9 pmb:175 smb:7976 d:- ref:0 ;
in:263 out:261 type:P dur:2 cpbdur:2 q:33.74 aq:23.22 tex:101870 mv:4200 misc:1042 imb:151 pmb:431 smb:7578 d:s ref:0 ;
in:261 out:262 type:B dur:2 cpbdur:2 q:34.04 aq:33.30 tex:496 mv:798 misc:834 imb:4 pmb:172 smb:7984 d:s ref:0 ;
in:262 out:263 type:b dur:2 cpbdur:2 q:34.04 aq:33.03 tex:249 mv:635 misc:540 imb:1 pmb:87 smb:8072 d:- ref:0 ;
in:268 out:264 type:P dur:2 cpbdur:2 q:33.65 aq:23.98 tex:18560 mv:1780 misc:1020 imb:22 pmb:273 smb:7865 d:s ref:0 ;
in:265 out:265 type:B dur:2 cpbdur:2 q:33.74 aq:30.83 tex:1860 mv:1171 misc:721 imb:11 pmb:137 smb:8012 d:t ref:0 ;
in:264 out:266 type:b dur:2 cpbdur:2 q:33.74 aq:33.73 tex:234 mv:641 misc:653 imb:1 pmb:121 smb:8038 d:s ref:0 ;
in:266 out:267 type:b dur:2 cpbdur:2 q:33.74 aq:33.03 tex:186 mv:632 misc:542 imb:2 pmb:87 smb:8071 d:- ref:0 ;
in:267 out:268 type:b dur:2 cpbdur:2 q:33.74 aq:33.03 tex:168 mv:705 misc:567 imb:2 pmb:96 smb:8062 d:- ref:0 ;
in:272 out:269 type:P dur:2 cpbdur:2 q:33.61 aq:26.32 tex:66748 mv:3606 misc:1078 imb:100 pmb:365 smb:7695 d:s ref:0 ;
in:270 out:270 type:B dur:2 cpbdur:2 q:33.75 aq:32.66 tex:1410 mv:971 misc:835 imb:7 pmb:174 smb:7979 d:s ref:0 ;
in:269 out:271 type:b dur:2 cpbdur:2 q:33.75 aq:34.82 tex:218 mv:689 misc:629 imb:0 pmb:112 smb:8048 d:t ref:0 ;
in:271 out:272 type:b dur:2 cpbdur:2 q:33.75 aq:33.00 tex:54 mv:665 misc:689 imb:1 pmb:128 smb:8031 d:- ref:0 ;
in:276 out:273 type:P dur:2 cpbdur:2 q:33.16 aq:23.64 tex:35517 mv:1826 misc:1321 imb:26 pmb:392 smb:7742 d:s ref:0 ;
in:274 out:274 type:B dur:2 cpbdur:2 q:33.61 aq:31.28 tex:14202 mv:3469 misc:833 imb:73 pmb:279 smb:7808 d:t ref:0 ;
in:273 out:275 type:b dur:2 cpbdur:2 q:33.61 aq:32.74 tex:239 mv:746 misc:743 imb:2 pmb:146 smb:8012 d:s ref:0 ;
in:275 out:276 type:b dur:2 cpbdur:2 q:33.61 aq:32.52 tex:374 mv:902 misc:812 imb:2 pmb:166 smb:7992 d:- ref:0 ;
in:279 out:277 type:P dur:2 cpbdur:2 q:33.62 aq:23.36 tex:13798 mv:1254 misc:956 imb:15 pmb:187 smb:7958 d:s ref:0 ;
in:277 out:278 type:B dur:2 cpbdur:2 q:33.61 aq:31.73 tex:283 mv:767 misc:614 imb:1 pmb:108 smb:8051 d:t ref:0 ;
in:278 out:279 type:b dur:2 cpbdur:2 q:33.62 aq:34.73 tex:232 mv:710 misc:578 imb:5 pmb:98 smb:8057 d:- ref:0 ;
in:284 out:280 type:P dur:2 cpbdur:2 q:33.41 aq:26.06 tex:8018 mv:1185 misc:821 imb:13 pmb:156 smb:7991 d:s ref:0 ;
in:281 out:281 type:B dur:2 cpbdur:2 q:33.62 aq:31.35 tex:16063 mv:2972 misc:893 imb:81 pmb:251 smb:7828 d:t ref:0 ;
in:280 out:282 type:b dur:2 cpbdur:2 q:33.62 aq:33.03 tex:128 mv:643 misc:757 imb:1 pmb:148 smb:8011 d:s ref:0 ;
in:282 out:283 type:b dur:2 cpbdur:2 q:33.62 aq:33.21 tex:410 mv:785 misc:765 imb:0 pmb:160 smb:8000 d:- ref:0 ;
in:283 out:284 type:b dur:2 cpbdur:2 q:33.62 aq:33.00 tex:99 mv:686 misc:751 imb:3 pmb:144 smb:8013 d:- ref:0 ;
in:288 out:285 type:P dur:2 cpbdur:2 q:33.05 aq:26.43 tex:16002 mv:1495 misc:799 imb:13 pmb:220 smb:7927 d:s ref:0 ;
in:286 out:286 type:B dur:2 cpbdur:2 q:33.41 aq:31.28 tex:15702 mv:3028 misc:830 imb:72 pmb:272 smb:7816 d:t ref:0 ;
in:285 out:287 type:b dur:2 cpbdur:2 q:33.41 aq:32.87 tex:386 mv:731 misc:763 imb:1 pmb:150 smb:8009 d:s ref:0 ;
in:287 out:288 type:b dur:2 cpbdur:2 q:33.41 aq:32.54 tex:557 mv:944 misc:779 imb:6 pmb:167 smb:7987 d:- ref:0 ;
in:290 out:289 type:P dur:2 cpbdur:2 q:32.71 aq:23.75 tex:10286 mv:1087 misc:907 imb:19 pmb:191 smb:7950 d:s ref:0 ;
in:289 out:290 type:b dur:2 cpbdur:2 q:33.05 aq:32.04 tex:241 mv:632 misc:567 imb:0 pmb:103 smb:8057 d:t ref:0 ;
in:296 out:291 type:P dur:2 cpbdur:2 q:32.57 aq:25.54 tex:14780 mv:1229 misc:775 imb:19 pmb:158 smb:7983 d:s ref:0 ;
in:293 out:292 type:B dur:2 cpbdur:2 q:32.71 aq:29.47 tex:25705 mv:3370 misc:941 imb:75 pmb:282 smb:7803 d:t ref:0 ;
in:291 out:293 type:b dur:2 cpbdur:2 q:32.71 aq:33.01 tex:1086 mv:897 misc:761 imb:6 pmb:156 smb:7998 d:s ref:0 ;
in:292 out:294 type:b dur:2 cpbdur:2 q:32.71 aq:32.86 tex:1208 mv:870 misc:810 imb:4 pmb:170 smb:7986 d:s ref:0 ;
in:294 out:295 type:b dur:2 cpbdur:2 q:32.71 aq:32.89 tex:397 mv:830 misc:797 imb:2 pmb:162 smb:7996 d:- ref:0 ;
in:295 out:296 type:b dur:2 cpbdur:2 q:32.71 aq:32.89 tex:219 mv:747 misc:778 imb:3 pmb:159 smb:7998 d:- ref:0 ;
in:299 out:297 type:P dur:2 cpbdur:2 q:32.40 aq:26.98 tex:65687 mv:3217 misc:880 imb:103 pmb:306 smb:7751 d:s ref:0 ;
in:297 out:298 type:B dur:2 cpbdur:2 q:32.80 aq:30.98 tex:599 mv:800 misc:745 imb:0 pmb:151 smb:8009 d:s ref:0 ;
in:298 out:299 type:b dur:2 cpbdur:2 q:32.80 aq:32.81 tex:612 mv:672 misc:532 imb:0 pmb:95 smb:8065 d:- ref:0 ;
in:302 out:300 type:P dur:2 cpbdur:2 q:32.16 aq:24.18 tex:27102 mv:1646 misc:964 imb:23 pmb:261 smb:7876 d:s ref:0 ;
in:300 out:301 type:B dur:2 cpbdur:2 q:32.52 aq:31.00 tex:456 mv:741 misc:683 imb:2 pmb:129 smb:8029 d:t ref:0 ;
in:301 out:302 type:b dur:2 cpbdur:2 q:32.52 aq:31.06 tex:185 mv:656 misc:519 imb:1 pmb:80 smb:8079 d:- ref:0 ;
in:306 out:303 type:P dur:2 cpbdur:2 q:31.65 aq:24.70 tex:15040 mv:1119 misc:1001 imb:13 pmb:215 smb:7932 d:s ref:0 ;
in:304 out:304 type:B dur:2 cpbdur:2 q:32.34 aq:30.78 tex:1817 mv:894 misc:601 imb:11 pmb:89 smb:8060 d:t ref:0 ;
in:303 out:305 type:b dur:2 cpbdur:2 q:32.34 aq:31.05 tex:159 mv:666 misc:543 imb:1 pmb:92 smb:8067 d:t ref:0 ;
in:305 out:306 type:b dur:2 cpbdur:2 q:32.34 aq:31.06 tex:278 mv:644 misc:542 imb:2 pmb:86 smb:8072 d:- ref:0 ;
in:308 out:307 type:P dur:2 cpbdur:2 q:31.32 aq:24.63 tex:15029 mv:1183 misc:804 imb:13 pmb:187 smb:7960 d:s ref:0 ;
in:307 out:308 type:b dur:2 cpbdur:2 q:31.64 aq:31.03 tex:363 mv:596 misc:545 imb:1 pmb:87 smb:8072 d:t ref:0 ;
in:310 out:309 type:P dur:2 cpbdur:2 q:31.14 aq:23.83 tex:22338 mv:1214 misc:824 imb:21 pmb:183 smb:7956 d:s ref:0 ;
in:309 out:310 type:b dur:2 cpbdur:2 q:31.32 aq:30.02 tex:475 mv:675 misc:594 imb:3 pmb:103 smb:8054 d:t ref:0 ;
in:316 out:311 type:P dur:2 cpbdur:2 q:31.23 aq:25.40 tex:69071 mv:3477 misc:908 imb:81 pmb:354 smb:7725 d:s ref:0 ;
in:313 out:312 type:B dur:2 cpbdur:2 q:31.30 aq:28.78 tex:5400 mv:1510 misc:834 imb:17 pmb:183 smb:7960 d:s ref:0 ;
in:311 out:313 type:b dur:2 cpbdur:2 q:31.30 aq:31.26 tex:498 mv:713 misc:725 imb:0 pmb:142 smb:8018 d:s ref:0 ;
in:312 out:314 type:b dur:2 cpbdur:2 q:31.30 aq:32.20 tex:909 mv:835 misc:728 imb:1 pmb:157 smb:8002 d:s ref:0 ;
in:314 out:315 type:b dur:2 cpbdur:2 q:31.30 aq:30.89 tex:542 mv:647 misc:547 imb:1 pmb:93 smb:8066 d:- ref:0 ;
in:315 out:316 type:b dur:2 cpbdur:2 q:31.30 aq:30.04 tex:545 mv:703 misc:560 imb:1 pmb:102 smb:8057 d:- ref:0 ;
in:319 out:317 type:P dur:2 cpbdur:2 q:30.95 aq:27.74 tex:104500 mv:4482 misc:946 imb:191 pmb:436 smb:7533 d:s ref:0 ;
in:317 out:318 type:B dur:2 cpbdur:2 q:31.26 aq:30.99 tex:1329 mv:972 misc:979 imb:5 pmb:223 smb:7932 d:s ref:0 ;
in:318 out:319 type:b dur:2 cpbdur:2 q:31.26 aq:30.94 tex:958 mv:819 misc:967 imb:1 pmb:228 smb:7931 d:- ref:0 ;
in:321 out:320 type:P dur:2 cpbdur:2 q:31.60 aq:30.74 tex:21316 mv:1226 misc:946 imb:37 pmb:213 smb:7910 d:s ref:0 ;
in:320 out:321 type:b dur:2 cpbdur:2 q:31.85 aq:32.98 tex:818 mv:706 misc:660 imb:1 pmb:130 smb:8029 d:t ref:0 ;
in:322 out:322 type:P dur:2 cpbdur:2 q:31.17 aq:31.17 tex:59900 mv:2501 misc:1159 imb:126 pmb:338 smb:7696 d:s ref:0 ;
in:325 out:323 type:P dur:2 cpbdur:2 q:32.85 aq:33.99 tex:106246 mv:6849 misc:1001 imb:1138 pmb:217 smb:6805 d:s ref:0 ;
in:323 out:324 type:B dur:2 cpbdur:2 q:33.33 aq:34.33 tex:7286 mv:2029 misc:1053 imb:38 pmb:261 smb:7861 d:s ref:0 ;
in:324 out:325 type:b dur:2 cpbdur:2 q:33.80 aq:36.31 tex:4977 mv:1849 misc:1134 imb:28 pmb:307 smb:7825 d:- ref:0 ;
in:326 out:326 type:P dur:2 cpbdur:2 q:32.41 aq:32.00 tex:118069 mv:9398 misc:2373 imb:962 pmb:567 smb:6631 d:s ref:0 ;
in:327 out:327 type:P dur:2 cpbdur:2 q:32.41 aq:31.92 tex:118551 mv:9821 misc:2516 imb:898 pmb:702 smb:6560 d:s ref:0 ;
in:328 out:328 type:P dur:2 cpbdur:2 q:32.38 aq:31.50 tex:123544 mv:10310 misc:3346 imb:734 pmb:1002 smb:6424 d:s ref:0 ;
in:329 out:329 type:P dur:2 cpbdur:2 q:32.01 aq:30.83 tex:107258 mv:8814 misc:3264 imb:676 pmb:930 smb:6554 d:s ref:0 ;
in:330 out:330 type:P dur:2 cpbdur:2 q:32.88 aq:29.01 tex:290574 mv:13859 misc:2927 imb:1894 pmb:1015 smb:5251 d:s ref:0 ;
in:332 out:331 type:P dur:2 cpbdur:2 q:36.59 aq:38.13 tex:118429 mv:8203 misc:1384 imb:1218 pmb:258 smb:6684 d:s ref:0 ;
in:331 out:332 type:b dur:2 cpbdur:2 q:37.05 aq:41.44 tex:3093 mv:2254 misc:1237 imb:76 pmb:306 smb:7778 d:s ref:0 ;
in:334 out:333 type:P dur:2 cpbdur:2 q:36.27 aq:35.87 tex:151860 mv:10103 misc:1645 imb:1774 pmb:474 smb:5912 d:s ref:0 ;
in:333 out:334 type:b dur:2 cpbdur:2 q:38.00 aq:41.61 tex:3077 mv:1304 misc:1019 imb:42 pmb:211 smb:7907 d:s ref:0 ;
in:335 out:335 type:P dur:2 cpbdur:2 q:37.68 aq:37.58 tex:163958 mv:9971 misc:1391 imb:2312 pmb:333 smb:5515 d:s ref:0 ;
in:336 out:336 type:P dur:2 cpbdur:2 q:38.35 aq:37.22 tex:194275 mv:10951 misc:1574 imb:2066 pmb:411 smb:5683 d:s ref:0 ;
in:337 out:337 type:P dur:2 cpbdur:2 q:38.91 aq:37.62 tex:196374 mv:13370 misc:1816 imb:2540 pmb:415 smb:5205 d:s ref:0 ;
in:338 out:338 type:P dur:2 cpbdur:2 q:39.12 aq:35.45 tex:249181 mv:16256 misc:2259 imb:2785 pmb:615 smb:4760 d:s ref:0 ;
in:339 out:339 type:P dur:2 cpbdur:2 q:39.14 aq:35.05 tex:203545 mv:14816 misc:2183 imb:2519 pmb:624 smb:5017 d:s ref:0 ;
in:340 out:340 type:P dur:2 cpbdur:2 q:39.14 aq:35.64 tex:171564 mv:13932 misc:1952 imb:2328 pmb:617 smb:5215 d:s ref:0 ;
in:341 out:341 type:P dur:2 cpbdur:2 q:38.68 aq:33.31 tex:176033 mv:13373 misc:3170 imb:1868 pmb:1271 smb:5021 d:s ref:0 ;
in:344 out:342 type:P dur:2 cpbdur:2 q:38.22 aq:31.54 tex:110052 mv:7535 misc:2565 imb:622 pmb:796 smb:6742 d:s ref:0 ;
in:342 out:343 type:B dur:2 cpbdur:2 q:39.30 aq:40.32 tex:22015 mv:11926 misc:2019 imb:925 pmb:760 smb:6475 d:s ref:0 ;
in:343 out:344 type:b dur:2 cpbdur:2 q:39.69 aq:41.86 tex:1767 mv:3125 misc:1652 imb:78 pmb:467 smb:7615 d:- ref:0 ;
in:345 out:345 type:P dur:2 cpbdur:2 q:38.70 aq:31.76 tex:118310 mv:11377 misc:2801 imb:1551 pmb:1171 smb:5438 d:s ref:0 ;
in:346 out:346 type:P dur:2 cpbdur:2 q:38.37 aq:29.87 tex:209475 mv:10358 misc:3111 imb:1437 pmb:2055 smb:4668 d:s ref:0 ;
in:347 out:347 type:P dur:2 cpbdur:2 q:37.67 aq:28.38 tex:210517 mv:12103 misc:4892 imb:1465 pmb:2539 smb:4156 d:s ref:0 ;
in:350 out:348 type:P dur:2 cpbdur:2 q:37.48 aq:27.44 tex:233550 mv:9959 misc:4275 imb:981 pmb:2026 smb:5153 d:s ref:0 ;
in:348 out:349 type:B dur:2 cpbdur:2 q:38.16 aq:38.00 tex:729 mv:901 misc:1258 imb:7 pmb:329 smb:7824 d:s ref:0 ;
in:349 out:350 type:b dur:2 cpbdur:2 q:38.55 aq:30.00 tex:19 mv:600 misc:589 imb:1 pmb:96 smb:8063 d:- ref:0 ;
in:353 out:351 type:P dur:2 cpbdur:2 q:41.62 aq:31.71 tex:37266 mv:1651 misc:1531 imb:62 pmb:416 smb:7682 d:s ref:0 ;
in:351 out:352 type:B dur:2 cpbdur:2 q:41.85 aq:29.16 tex:93 mv:585 misc:570 imb:2 pmb:92 smb:8066 d:t ref:0 ;
in:352 out:353 type:b dur:2 cpbdur:2 q:41.93 aq:36.59 tex:63 mv:600 misc:601 imb:0 pmb:103 smb:8057 d:- ref:0 ;
in:356 out:354 type:P dur:2 cpbdur:2 q:37.14 aq:26.39 tex:215536 mv:5402 misc:4350 imb:192 pmb:1977 smb:5991 d:s ref:0 ;
in:354 out:355 type:B dur:2 cpbdur:2 q:41.84 aq:35.29 tex:708 mv:1053 misc:839 imb:11 pmb:175 smb:7974 d:s ref:0 ;
in:355 out:356 type:b dur:2 cpbdur:2 q:41.92 aq:35.45 tex:95 mv:577 misc:608 imb:2 pmb:97 smb:8061 d:- ref:0 ;
in:358 out:357 type:P dur:2 cpbdur:2 q:36.88 aq:26.42 tex:130729 mv:4792 misc:3815 imb:218 pmb:1500 smb:6442 d:s ref:0 ;
in:357 out:358 type:b dur:2 cpbdur:2 q:37.81 aq:33.55 tex:466 mv:722 misc:788 imb:1 pmb:167 smb:7992 d:s ref:0 ;
in:362 out:359 type:P dur:2 cpbdur:2 q:36.45 aq:25.77 tex:140891 mv:3830 misc:4575 imb:114 pmb:1934 smb:6112 d:s ref:0 ;
in:360 out:360 type:B dur:2 cpbdur:2 q:37.45 aq:32.36 tex:351 mv:785 misc:696 imb:5 pmb:132 smb:8023 d:t ref:0 ;
in:359 out:361 type:b dur:2 cpbdur:2 q:37.80 aq:30.15 tex:179 mv:654 misc:671 imb:2 pmb:133 smb:8025 d:s ref:0 ;
in:361 out:362 type:b dur:2 cpbdur:2 q:37.80 aq:30.14 tex:51 mv:543 misc:518 imb:2 pmb:75 smb:8083 d:- ref:0 ;
in:365 out:363 type:P dur:2 cpbdur:2 q:36.46 aq:24.97 tex:139075 mv:1871 misc:3606 imb:32 pmb:1481 smb:6647 d:s ref:0 ;
in:363 out:364 type:B dur:2 cpbdur:2 q:37.17 aq:32.62 tex:843 mv:736 misc:565 imb:5 pmb:85 smb:8070 d:t ref:0 ;
in:364 out:365 type:b dur:2 cpbdur:2 q:37.57 aq:31.10 tex:81 mv:618 misc:549 imb:1 pmb:87 smb:8072 d:- ref:0 ;
in:369 out:366 type:P dur:2 cpbdur:2 q:36.29 aq:26.46 tex:155885 mv:5086 misc:3781 imb:146 pmb:1758 smb:6256 d:s ref:0 ;
in:367 out:367 type:B dur:2 cpbdur:2 q:37.17 aq:31.48 tex:362 mv:889 misc:869 imb:6 pmb:179 smb:7975 d:s ref:0 ;
in:366 out:368 type:b dur:2 cpbdur:2 q:37.59 aq:33.89 tex:91 mv:671 misc:878 imb:1 pmb:181 smb:7978 d:s ref:0 ;
in:368 out:369 type:b dur:2 cpbdur:2 q:37.59 aq:33.73 tex:78 mv:557 misc:565 imb:0 pmb:87 smb:8073 d:- ref:0 ;
in:373 out:370 type:P dur:2 cpbdur:2 q:35.65 aq:25.36 tex:165783 mv:2807 misc:3978 imb:66 pmb:1934 smb:6160 d:s ref:0 ;
in:371 out:371 type:B dur:2 cpbdur:2 q:36.69 aq:32.23 tex:877 mv:953 misc:706 imb:7 pmb:133 smb:8020 d:t ref:0 ;
in:370 out:372 type:b dur:2 cpbdur:2 q:37.08 aq:31.13 tex:108 mv:608 misc:604 imb:2 pmb:101 smb:8057 d:t ref:0 ;
in:372 out:373 type:b dur:2 cpbdur:2 q:37.08 aq:31.16 tex:80 mv:626 misc:662 imb:2 pmb:113 smb:8045 d:- ref:0 ;
in:377 out:374 type:P dur:2 cpbdur:2 q:35.10 aq:24.50 tex:209608 mv:1882 misc:3774 imb:28 pmb:2202 smb:5930 d:s ref:0 ;
in:375 out:375 type:B dur:2 cpbdur:2 q:36.02 aq:32.47 tex:432 mv:889 misc:567 imb:9 pmb:89 smb:8062 d:t ref:0 ;
in:374 out:376 type:b dur:2 cpbdur:2 q:36.29 aq:31.03 tex:114 mv:622 misc:552 imb:1 pmb:92 smb:8067 d:t ref:0 ;
in:376 out:377 type:b dur:2 cpbdur:2 q:36.29 aq:31.08 tex:54 mv:559 misc:539 imb:1 pmb:85 smb:8074 d:- ref:0 ;
in:382 out:378 type:P dur:2 cpbdur:2 q:34.26 aq:24.83 tex:229927 mv:5007 misc:4730 imb:118 pmb:2494 smb:5548 d:s ref:0 ;
in:379 out:379 type:B dur:2 cpbdur:2 q:35.49 aq:31.64 tex:2362 mv:1355 misc:867 imb:14 pmb:176 smb:7970 d:s ref:0 ;
in:378 out:380 type:b dur:2 cpbdur:2 q:35.75 aq:31.07 tex:85 mv:557 misc:534 imb:0 pmb:92 smb:8068 d:t ref:0 ;
in:380 out:381 type:b dur:2 cpbdur:2 q:35.75 aq:33.77 tex:244 mv:748 misc:792 imb:3 pmb:159 smb:7998 d:- ref:0 ;
in:381 out:382 type:b dur:2 cpbdur:2 q:35.75 aq:34.63 tex:248 mv:764 misc:780 imb:2 pmb:152 smb:8006 d:- ref:0 ;
in:386 out:383 type:P dur:2 cpbdur:2 q:33.72 aq:24.58 tex:200230 mv:4643 misc:4639 imb:127 pmb:2334 smb:5699 d:s ref:0 ;
in:384 out:384 type:B dur:2 cpbdur:2 q:34.62 aq:31.03 tex:2694 mv:1530 misc:880 imb:16 pmb:210 smb:7934 d:s ref:0 ;
in:383 out:385 type:b dur:2 cpbdur:2 q:34.96 aq:33.69 tex:363 mv:669 misc:672 imb:2 pmb:131 smb:8027 d:s ref:0 ;
in:385 out:386 type:b dur:2 cpbdur:2 q:34.90 aq:33.72 tex:261 mv:687 misc:748 imb:2 pmb:153 smb:8005 d:- ref:0 ;
in:388 out:387 type:P dur:2 cpbdur:2 q:33.52 aq:24.03 tex:249331 mv:3743 misc:3174 imb:97 pmb:1903 smb:6160 d:s ref:0 ;
in:387 out:388 type:b dur:2 cpbdur:2 q:34.18 aq:33.27 tex:604 mv:824 misc:796 imb:3 pmb:167 smb:7990 d:s ref:0 ;
in:391 out:389 type:P dur:2 cpbdur:2 q:33.35 aq:25.08 tex:145118 mv:2191 misc:2763 imb:26 pmb:1465 smb:6669 d:s ref:0 ;
in:389 out:390 type:B dur:2 cpbdur:2 q:34.02 aq:32.05 tex:784 mv:743 misc:601 imb:3 pmb:107 smb:8050 d:t ref:0 ;
in:390 out:391 type:b dur:2 cpbdur:2 q:34.18 aq:34.50 tex:853 mv:825 misc:578 imb:5 pmb:102 smb:8053 d:- ref:0 ;
in:393 out:392 type:P dur:2 cpbdur:2 q:32.90 aq:23.82 tex:133497 mv:1335 misc:3032 imb:17 pmb:1408 smb:6735 d:s ref:0 ;
in:392 out:393 type:b dur:2 cpbdur:2 q:33.75 aq:31.05 tex:291 mv:623 misc:542 imb:0 pmb:88 smb:8072 d:t ref:0 ;
in:397 out:394 type:P dur:2 cpbdur:2 q:32.12 aq:23.92 tex:147792 mv:2126 misc:3018 imb:32 pmb:1363 smb:6765 d:s ref:0 ;
in:395 out:395 type:B dur:2 cpbdur:2 q:33.27 aq:30.42 tex:1130 mv:961 misc:725 imb:5 pmb:147 smb:8008 d:s ref:0 ;
in:394 out:396 type:b dur:2 cpbdur:2 q:33.61 aq:31.05 tex:132 mv:616 misc:540 imb:2 pmb:88 smb:8070 d:t ref:0 ;
in:396 out:397 type:b dur:2 cpbdur:2 q:33.61 aq:31.00 tex:37 mv:665 misc:674 imb:2 pmb:116 smb:8042 d:- ref:0 ;
in:400 out:398 type:P dur:2 cpbdur:2 q:31.98 aq:24.67 tex:67044 mv:1469 misc:2479 imb:20 pmb:919 smb:7221 d:s ref:0 ;
in:398 out:399 type:B dur:2 cpbdur:2 q:32.42 aq:30.06 tex:1668 mv:896 misc:604 imb:4 pmb:111 smb:8045 d:t ref:0 ;
in:399 out:400 type:b dur:2 cpbdur:2 q:32.74 aq:31.05 tex:347 mv:716 misc:585 imb:3 pmb:97 smb:8060 d:- ref:0 ;
in:401 out:401 type:P dur:2 cpbdur:2 q:32.05 aq:24.99 tex:34849 mv:1103 misc:1232 imb:18 pmb:334 smb:7808 d:s ref:0 ;
in:403 out:402 type:P dur:2 cpbdur:2 q:32.01 aq:25.18 tex:27255 mv:978 misc:975 imb:17 pmb:322 smb:7821 d:s ref:0 ;
in:402 out:403 type:b dur:2 cpbdur:2 q:32.31 aq:31.04 tex:117 mv:669 misc:566 imb:2 pmb:91 smb:8067 d:t ref:0 ;
in:405 out:404 type:P dur:2 cpbdur:2 q:31.66 aq:24.57 tex:32187 mv:1014 misc:1719 imb:13 pmb:480 smb:7667 d:s ref:0 ;
in:404 out:405 type:b dur:2 cpbdur:2 q:32.31 aq:31.04 tex:172 mv:667 misc:585 imb:1 pmb:95 smb:8064 d:t ref:0 ;
in:408 out:406 type:P dur:2 cpbdur:2 q:31.65 aq:24.90 tex:20204 mv:1504 misc:740 imb:18 pmb:205 smb:7937 d:s ref:0 ;
in:406 out:407 type:B dur:2 cpbdur:2 q:31.66 aq:30.03 tex:383 mv:758 misc:731 imb:1 pmb:129 smb:8030 d:t ref:0 ;
in:407 out:408 type:b dur:2 cpbdur:2 q:31.66 aq:31.02 tex:436 mv:654 misc:646 imb:2 pmb:123 smb:8035 d:- ref:0 ;
in:410 out:409 type:P dur:2 cpbdur:2 q:31.61 aq:25.49 tex:9132 mv:976 misc:700 imb:15 pmb:145 smb:8000 d:s ref:0 ;
in:409 out:410 type:b dur:2 cpbdur:2 q:31.65 aq:31.02 tex:333 mv:680 misc:547 imb:2 pmb:97 smb:8061 d:t ref:0 ;
in:414 out:411 type:P dur:2 cpbdur:2 q:32.17 aq:30.86 tex:131015 mv:10855 misc:1354 imb:1548 pmb:691 smb:5921 d:s ref:0 ;
in:412 out:412 type:B dur:2 cpbdur:2 q:32.17 aq:31.77 tex:7881 mv:2836 misc:1819 imb:11 pmb:635 smb:7514 d:s ref:0 ;
in:411 out:413 type:b dur:2 cpbdur:2 q:32.17 aq:32.36 tex:549 mv:881 misc:1338 imb:2 pmb:372 smb:7786 d:s ref:0 ;
in:413 out:414 type:b dur:2 cpbdur:2 q:32.90 aq:33.63 tex:27817 mv:9286 misc:1921 imb:474 pmb:693 smb:6993 d:- ref:0 ;
in:415 out:415 type:P dur:2 cpbdur:2 q:34.43 aq:33.88 tex:84105 mv:8401 misc:1086 imb:1651 pmb:274 smb:6235 d:s ref:0 ;
in:416 out:416 type:P dur:2 cpbdur:2 q:33.95 aq:33.63 tex:92530 mv:10343 misc:1407 imb:1755 pmb:433 smb:5972 d:s ref:0 ;
in:417 out:417 type:P dur:2 cpbdur:2 q:33.67 aq:33.79 tex:77156 mv:7767 misc:1117 imb:1659 pmb:268 smb:6233 d:s ref:0 ;
in:418 out:418 type:P dur:2 cpbdur:2 q:32.82 aq:32.57 tex:90889 mv:8639 misc:1312 imb:1610 pmb:435 smb:6115 d:s ref:0 ;
in:419 out:419 type:P dur:2 cpbdur:2 q:32.29 aq:32.21 tex:40078 mv:7296 misc:1346 imb:1294 pmb:357 smb:6509 d:s ref:0 ;
in:420 out:420 type:P dur:2 cpbdur:2 q:32.36 aq:32.40 tex:263800 mv:31592 misc:592 imb:8142 pmb:18 smb:0 d:s ref:0 ;
in:421 out:421 type:I dur:2 cpbdur:2 q:30.09 aq:30.15 tex:826798 mv:23926 misc:404 imb:8160 pmb:0 smb:0 d:s ref:;
in:422 out:422 type:P dur:2 cpbdur:2 q:33.86 aq:32.40 tex:213922 mv:29604 misc:2170 imb:5936 pmb:1864 smb:360 d:s ref:0 w:4,17,-46,6,92,-55,83,-35 ;
in:423 out:423 type:P dur:2 cpbdur:2 q:34.02 aq:32.18 tex:237436 mv:19245 misc:5855 imb:2654 pmb:1618 smb:3888 d:s ref:0 w:5,35,-37,6,73,-17,70,-11 ;
in:424 out:424 type:P dur:2 cpbdur:2 q:34.15 aq:32.79 tex:248321 mv:27244 misc:4899 imb:5054 pmb:1311 smb:1795 d:s ref:0 w:6,71,-27,6,77,-26,76,-22 ;
in:425 out:425 type:P dur:2 cpbdur:2 q:34.11 aq:33.09 tex:149471 mv:13745 misc:5136 imb:1892 pmb:1036 smb:5232 d:s ref:0 w:5,37,-21,6,71,-14,69,-9 ;
in:427 out:426 type:P dur:2 cpbdur:2 q:37.26 aq:30.51 tex:663906 mv:29511 misc:719 imb:7495 pmb:633 smb:32 d:s ref:0 ;
in:426 out:427 type:b dur:2 cpbdur:2 q:37.44 aq:36.48 tex:2976 mv:6075 misc:1749 imb:321 pmb:335 smb:7504 d:s ref:0 ;
in:429 out:428 type:P dur:2 cpbdur:2 q:38.45 aq:29.98 tex:303734 mv:15225 misc:4977 imb:1682 pmb:3650 smb:2828 d:s ref:0 ;
in:428 out:429 type:b dur:2 cpbdur:2 q:38.94 aq:43.83 tex:11222 mv:3352 misc:1642 imb:74 pmb:634 smb:7452 d:s ref:0 ;
in:430 out:430 type:P dur:2 cpbdur:2 q:39.57 aq:32.74 tex:129392 mv:9435 misc:4677 imb:863 pmb:1904 smb:5393 d:s ref:0 ;
in:431 out:431 type:P dur:2 cpbdur:2 q:40.03 aq:33.80 tex:68415 mv:6686 misc:3011 imb:647 pmb:1010 smb:6503 d:s ref:0 ;
in:432 out:432 type:P dur:2 cpbdur:2 q:40.38 aq:35.60 tex:65576 mv:5312 misc:2712 imb:437 pmb:882 smb:6841 d:s ref:0 ;
in:435 out:433 type:P dur:2 cpbdur:2 q:39.77 aq:32.66 tex:87689 mv:7975 misc:3312 imb:626 pmb:1311 smb:6223 d:s ref:0 ;
in:433 out:434 type:B dur:2 cpbdur:2 q:40.98 aq:42.23 tex:922 mv:988 misc:946 imb:6 pmb:214 smb:7940 d:s ref:0 ;
in:434 out:435 type:b dur:2 cpbdur:2 q:41.38 aq:44.59 tex:650 mv:1019 misc:1131 imb:0 pmb:199 smb:7961 d:- ref:0 ;
in:437 out:436 type:P dur:2 cpbdur:2 q:39.52 aq:32.46 tex:65266 mv:5102 misc:3192 imb:214 pmb:1121 smb:6825 d:s ref:0 ;
in:436 out:437 type:b dur:2 cpbdur:2 q:40.20 aq:44.21 tex:6333 mv:2202 misc:1217 imb:3 pmb:391 smb:7766 d:t ref:0 ;
in:440 out:438 type:P dur:2 cpbdur:2 q:39.38 aq:32.45 tex:150008 mv:7694 misc:3114 imb:532 pmb:1745 smb:5883 d:s ref:0 ;
in:438 out:439 type:B dur:2 cpbdur:2 q:40.07 aq:42.18 tex:12118 mv:2167 misc:1195 imb:6 pmb:459 smb:7695 d:t ref:0 ;
in:439 out:440 type:b dur:2 cpbdur:2 q:40.27 aq:41.46 tex:111 mv:726 misc:1187 imb:1 pmb:278 smb:7881 d:- ref:0 ;
in:444 out:441 type:P dur:2 cpbdur:2 q:39.10 aq:32.33 tex:104935 mv:8002 misc:3039 imb:776 pmb:1117 smb:6267 d:s ref:0 ;
in:442 out:442 type:B dur:2 cpbdur:2 q:40.16 aq:33.72 tex:822 mv:1191 misc:1099 imb:5 pmb:269 smb:7886 d:s ref:0 ;
in:441 out:443 type:b dur:2 cpbdur:2 q:40.40 aq:33.12 tex:65 mv:658 misc:805 imb:1 pmb:142 smb:8017 d:s ref:0 ;
in:443 out:444 type:b dur:2 cpbdur:2 q:40.40 aq:34.78 tex:103 mv:659 misc:766 imb:0 pmb:161 smb:7999 d:- ref:0 ;
in:445 out:445 type:P dur:2 cpbdur:2 q:39.18 aq:32.69 tex:63302 mv:4372 misc:2654 imb:357 pmb:779 smb:7024 d:s ref:0 ;
in:446 out:446 type:P dur:2 cpbdur:2 q:39.32 aq:32.63 tex:66398 mv:4027 misc:2175 imb:327 pmb:739 smb:7094 d:s ref:0 ;
in:448 out:447 type:P dur:2 cpbdur:2 q:38.92 aq:31.37 tex:81880 mv:4688 misc:3464 imb:409 pmb:1224 smb:6527 d:s ref:0 ;
in:447 out:448 type:b dur:2 cpbdur:2 q:39.98 aq:37.59 tex:2065 mv:1473 misc:774 imb:52 pmb:164 smb:7944 d:t ref:0 ;
in:452 out:449 type:P dur:2 cpbdur:2 q:38.46 aq:31.14 tex:147651 mv:8661 misc:4000 imb:685 pmb:1596 smb:5879 d:s ref:0 ;
in:450 out:450 type:B dur:2 cpbdur:2 q:39.34 aq:38.67 tex:8642 mv:3202 misc:1452 imb:81 pmb:449 smb:7630 d:s ref:0 ;
in:449 out:451 type:b dur:2 cpbdur:2 q:39.51 aq:41.39 tex:513 mv:902 misc:1145 imb:6 pmb:245 smb:7909 d:s ref:0 ;
in:451 out:452 type:b dur:2 cpbdur:2 q:39.51 aq:40.71 tex:2693 mv:2120 misc:1139 imb:63 pmb:302 smb:7795 d:- ref:0 ;
in:456 out:453 type:P dur:2 cpbdur:2 q:37.28 aq:29.87 tex:284507 mv:8684 misc:4121 imb:427 pmb:2411 smb:5322 d:s ref:0 ;
in:454 out:454 type:B dur:2 cpbdur:2 q:38.75 aq:37.95 tex:1330 mv:1247 misc:1047 imb:17 pmb:256 smb:7887 d:s ref:0 ;
in:453 out:455 type:b dur:2 cpbdur:2 q:39.06 aq:42.11 tex:1827 mv:1386 misc:899 imb:46 pmb:228 smb:7886 d:s ref:0 ;
in:455 out:456 type:b dur:2 cpbdur:2 q:39.04 aq:41.41 tex:383 mv:723 misc:806 imb:0 pmb:161 smb:7999 d:- ref:0 ;
in:458 out:457 type:P dur:2 cpbdur:2 q:37.20 aq:29.71 tex:175178 mv:5874 misc:4452 imb:663 pmb:2129 smb:5368 d:s ref:0 ;
in:457 out:458 type:b dur:2 cpbdur:2 q:38.13 aq:32.10 tex:103 mv:634 misc:599 imb:1 pmb:103 smb:8056 d:t ref:0 ;
in:463 out:459 type:P dur:2 cpbdur:2 q:37.21 aq:29.13 tex:162756 mv:7481 misc:4715 imb:582 pmb:2018 smb:5560 d:s ref:0 ;
in:460 out:460 type:B dur:2 cpbdur:2 q:37.67 aq:35.87 tex:1111 mv:1185 misc:1072 imb:7 pmb:225 smb:7928 d:t ref:0 ;
in:459 out:461 type:b dur:2 cpbdur:2 q:37.99 aq:32.12 tex:140 mv:574 misc:574 imb:1 pmb:89 smb:8070 d:t ref:0 ;
in:461 out:462 type:b dur:2 cpbdur:2 q:37.99 aq:32.06 tex:76 mv:742 misc:878 imb:1 pmb:179 smb:7980 d:- ref:0 ;
in:462 out:463 type:b dur:2 cpbdur:2 q:37.99 aq:34.23 tex:163 mv:796 misc:761 imb:1 pmb:150 smb:8009 d:- ref:0 ;
in:466 out:464 type:P dur:2 cpbdur:2 q:36.49 aq:29.77 tex:242328 mv:7480 misc:3984 imb:680 pmb:2052 smb:5428 d:s ref:0 ;
in:464 out:465 type:B dur:2 cpbdur:2 q:37.60 aq:33.59 tex:1709 mv:787 misc:664 imb:8 pmb:101 smb:8051 d:t ref:0 ;
in:465 out:466 type:b dur:2 cpbdur:2 q:37.61 aq:34.97 tex:188 mv:685 misc:655 imb:1 pmb:114 smb:8045 d:- ref:0 ;
in:470 out:467 type:P dur:2 cpbdur:2 q:36.64 aq:30.29 tex:195453 mv:9230 misc:3285 imb:574 pmb:1787 smb:5799 d:s ref:0 ;
in:468 out:468 type:B dur:2 cpbdur:2 q:37.14 aq:36.53 tex:2335 mv:1609 misc:1376 imb:19 pmb:326 smb:7815 d:s ref:0 ;
in:467 out:469 type:b dur:2 cpbdur:2 q:37.58 aq:32.05 tex:141 mv:733 misc:646 imb:0 pmb:118 smb:8042 d:s ref:0 ;
in:469 out:470 type:b dur:2 cpbdur:2 q:37.58 aq:32.05 tex:264 mv:976 misc:1128 imb:0 pmb:259 smb:7901 d:- ref:0 ;
in:473 out:471 type:P dur:2 cpbdur:2 q:36.52 aq:29.57 tex:133565 mv:5898 misc:3945 imb:442 pmb:1487 smb:6231 d:s ref:0 ;
in:471 out:472 type:B dur:2 cpbdur:2 q:37.07 aq:37.77 tex:201 mv:723 misc:772 imb:0 pmb:145 smb:8015 d:t ref:0 ;
in:472 out:473 type:b dur:2 cpbdur:2 q:37.50 aq:35.67 tex:390 mv:630 misc:668 imb:1 pmb:116 smb:8043 d:- ref:0 ;
in:476 out:474 type:P dur:2 cpbdur:2 q:36.59 aq:29.35 tex:177622 mv:6743 misc:4555 imb:674 pmb:2000 smb:5486 d:s ref:0 ;
in:474 out:475 type:B dur:2 cpbdur:2 q:37.11 aq:34.64 tex:1196 mv:950 misc:774 imb:3 pmb:174 smb:7983 d:t ref:0 ;
in:475 out:476 type:b dur:2 cpbdur:2 q:37.55 aq:32.05 tex:93 mv:721 misc:634 imb:0 pmb:131 smb:8029 d:- ref:0 ;
in:478 out:477 type:P dur:2 cpbdur:2 q:35.49 aq:27.66 tex:242631 mv:6723 misc:5422 imb:432 pmb:2370 smb:5358 d:s ref:0 ;
in:477 out:478 type:b dur:2 cpbdur:2 q:36.78 aq:37.49 tex:284 mv:1076 misc:888 imb:34 pmb:184 smb:7942 d:t ref:0 ;
in:482 out:479 type:P dur:2 cpbdur:2 q:35.31 aq:27.92 tex:298689 mv:7831 misc:4720 imb:812 pmb:2761 smb:4587 d:s ref:0 ;
in:480 out:480 type:B dur:2 cpbdur:2 q:36.14 aq:34.74 tex:1408 mv:951 misc:777 imb:7 pmb:146 smb:8007 d:t ref:0 ;
in:479 out:481 type:b dur:2 cpbdur:2 q:36.43 aq:35.26 tex:100 mv:640 misc:668 imb:2 pmb:122 smb:8036 d:t ref:0 ;
in:481 out:482 type:b dur:2 cpbdur:2 q:36.43 aq:33.52 tex:252 mv:645 misc:607 imb:0 pmb:106 smb:8054 d:- ref:0 ;
in:486 out:483 type:P dur:2 cpbdur:2 q:35.05 aq:27.75 tex:241183 mv:9820 misc:5189 imb:732 pmb:2380 smb:5048 d:s ref:0 ;
in:484 out:484 type:B dur:2 cpbdur:2 q:35.73 aq:35.67 tex:893 mv:1033 misc:1130 imb:4 pmb:233 smb:7923 d:s ref:0 ;
in:483 out:485 type:b dur:2 cpbdur:2 q:36.16 aq:37.61 tex:504 mv:815 misc:905 imb:4 pmb:184 smb:7972 d:s ref:0 ;
in:485 out:486 type:b dur:2 cpbdur:2 q:36.16 aq:32.77 tex:228 mv:630 misc:614 imb:1 pmb:105 smb:8054 d:- ref:0 ;
in:489 out:487 type:P dur:2 cpbdur:2 q:34.92 aq:27.64 tex:251949 mv:6733 misc:5142 imb:597 pmb:2311 smb:5252 d:s ref:0 ;
in:487 out:488 type:B dur:2 cpbdur:2 q:35.64 aq:35.44 tex:424 mv:756 misc:748 imb:1 pmb:154 smb:8005 d:s ref:0 ;
in:488 out:489 type:b dur:2 cpbdur:2 q:35.89 aq:36.19 tex:148 mv:703 misc:637 imb:1 pmb:126 smb:8033 d:- ref:0 ;
in:491 out:490 type:P dur:2 cpbdur:2 q:34.49 aq:26.82 tex:250807 mv:6568 misc:5545 imb:432 pmb:2478 smb:5250 d:s ref:0 ;
in:490 out:491 type:b dur:2 cpbdur:2 q:35.26 aq:36.12 tex:276 mv:843 misc:1065 imb:3 pmb:288 smb:7869 d:t ref:0 ;
in:496 out:492 type:P dur:2 cpbdur:2 q:34.22 aq:27.23 tex:272233 mv:10589 misc:5322 imb:990 pmb:2238 smb:4932 d:s ref:0 ;
in:493 out:493 type:B dur:2 cpbdur:2 q:34.83 aq:33.70 tex:3403 mv:1546 misc:1579 imb:6 pmb:388 smb:7766 d:s ref:0 ;
in:492 out:494 type:b dur:2 cpbdur:2 q:35.19 aq:33.23 tex:876 mv:729 misc:683 imb:2 pmb:124 smb:8034 d:s ref:0 ;
in:494 out:495 type:b dur:2 cpbdur:2 q:35.19 aq:33.64 tex:833 mv:880 misc:951 imb:2 pmb:239 smb:7919 d:- ref:0 ;
in:495 out:496 type:b dur:2 cpbdur:2 q:35.19 aq:33.37 tex:455 mv:1046 misc:995 imb:4 pmb:246 smb:7910 d:- ref:0 ;
in:501 out:497 type:P dur:2 cpbdur:2 q:34.43 aq:27.76 tex:230108 mv:9524 misc:4704 imb:809 pmb:1873 smb:5478 d:s ref:0 ;
in:498 out:498 type:B dur:2 cpbdur:2 q:34.77 aq:33.68 tex:4841 mv:2238 misc:1833 imb:67 pmb:433 smb:7660 d:s ref:0 ;
in:497 out:499 type:b dur:2 cpbdur:2 q:34.98 aq:36.22 tex:610 mv:1368 misc:1014 imb:53 pmb:235 smb:7872 d:s ref:0 ;
in:499 out:500 type:b dur:2 cpbdur:2 q:34.98 aq:35.70 tex:150 mv:735 misc:843 imb:3 pmb:172 smb:7985 d:- ref:0 ;
in:500 out:501 type:b dur:2 cpbdur:2 q:34.98 aq:35.48 tex:517 mv:861 misc:926 imb:1 pmb:190 smb:7969 d:- ref:0 ;
in:505 out:502 type:P dur:2 cpbdur:2 q:34.01 aq:27.31 tex:252535 mv:8654 misc:5187 imb:700 pmb:2303 smb:5157 d:s ref:0 ;
in:503 out:503 type:B dur:2 cpbdur:2 q:34.87 aq:34.45 tex:3225 mv:1267 misc:1140 imb:12 pmb:219 smb:7929 d:s ref:0 ;
in:502 out:504 type:b dur:2 cpbdur:2 q:35.13 aq:32.92 tex:234 mv:642 misc:676 imb:1 pmb:121 smb:8038 d:s ref:0 ;
in:504 out:505 type:b dur:2 cpbdur:2 q:35.13 aq:36.87 tex:456 mv:658 misc:694 imb:2 pmb:122 smb:8036 d:- ref:0 ;
in:509 out:506 type:P dur:2 cpbdur:2 q:33.72 aq:27.30 tex:278492 mv:9008 misc:4564 imb:694 pmb:2016 smb:5450 d:s ref:0 ;
in:507 out:507 type:B dur:2 cpbdur:2 q:34.38 aq:33.42 tex:1281 mv:1228 misc:1347 imb:5 pmb:335 smb:7820 d:s ref:0 ;
in:506 out:508 type:b dur:2 cpbdur:2 q:34.72 aq:32.99 tex:229 mv:623 misc:604 imb:0 pmb:97 smb:8063 d:s ref:0 ;
in:508 out:509 type:b dur:2 cpbdur:2 q:34.72 aq:36.47 tex:482 mv:905 misc:1109 imb:3 pmb:281 smb:7876 d:- ref:0 ;
in:511 out:510 type:P dur:2 cpbdur:2 q:33.63 aq:27.09 tex:296208 mv:9307 misc:4989 imb:523 pmb:2222 smb:5415 d:s ref:0 ;
in:510 out:511 type:b dur:2 cpbdur:2 q:34.24 aq:36.56 tex:1403 mv:1049 misc:1540 imb:1 pmb:438 smb:7721 d:s ref:0 ;
in:513 out:512 type:P dur:2 cpbdur:2 q:33.74 aq:27.39 tex:173939 mv:5688 misc:4557 imb:438 pmb:1757 smb:5965 d:s ref:0 ;
in:512 out:513 type:b dur:2 cpbdur:2 q:34.09 aq:32.30 tex:735 mv:784 misc:849 imb:2 pmb:207 smb:7951 d:t ref:0 ;
in:518 out:514 type:P dur:2 cpbdur:2 q:33.60 aq:27.79 tex:213918 mv:8773 misc:4109 imb:884 pmb:1825 smb:5451 d:s ref:0 ;
in:515 out:515 type:B dur:2 cpbdur:2 q:34.13 aq:32.76 tex:7122 mv:1989 misc:1993 imb:31 pmb:506 smb:7623 d:s ref:0 ;
in:514 out:516 type:b dur:2 cpbdur:2 q:34.26 aq:33.70 tex:364 mv:702 misc:878 imb:1 pmb:177 smb:7982 d:s ref:0 ;
in:516 out:517 type:b dur:2 cpbdur:2 q:34.26 aq:34.41 tex:471 mv:716 misc:701 imb:4 pmb:116 smb:8040 d:- ref:0 ;
in:517 out:518 type:b dur:2 cpbdur:2 q:34.26 aq:34.66 tex:454 mv:761 misc:793 imb:3 pmb:134 smb:8023 d:- ref:0 ;
in:520 out:519 type:P dur:2 cpbdur:2 q:33.56 aq:27.71 tex:135489 mv:5441 misc:4238 imb:384 pmb:1502 smb:6274 d:s ref:0 ;
in:519 out:520 type:b dur:2 cpbdur:2 q:33.91 aq:33.68 tex:268 mv:738 misc:826 imb:0 pmb:185 smb:7975 d:s ref:0 ;
in:524 out:521 type:P dur:2 cpbdur:2 q:33.55 aq:28.13 tex:158461 mv:7879 misc:4180 imb:612 pmb:1655 smb:5893 d:s ref:0 ;
in:522 out:522 type:B dur:2 cpbdur:2 q:34.05 aq:33.83 tex:3312 mv:1413 misc:1443 imb:7 pmb:301 smb:7852 d:s ref:0 ;
in:521 out:523 type:b dur:2 cpbdur:2 q:34.11 aq:34.83 tex:395 mv:755 misc:762 imb:0 pmb:135 smb:8025 d:s ref:0 ;
in:523 out:524 type:b dur:2 cpbdur:2 q:34.11 aq:35.02 tex:465 mv:792 misc:911 imb:1 pmb:156 smb:8003 d:- ref:0 ;
in:526 out:525 type:P dur:2 cpbdur:2 q:33.68 aq:28.84 tex:127210 mv:6244 misc:4346 imb:529 pmb:1438 smb:6193 d:s ref:0 ;
in:525 out:526 type:b dur:2 cpbdur:2 q:33.99 aq:34.32 tex:364 mv:770 misc:1018 imb:2 pmb:209 smb:7949 d:s ref:0 ;
in:529 out:527 type:P dur:2 cpbdur:2 q:33.62 aq:29.19 tex:159678 mv:8792 misc:3922 imb:660 pmb:1530 smb:5970 d:s ref:0 ;
in:527 out:528 type:B dur:2 cpbdur:2 q:34.14 aq:34.72 tex:2261 mv:2015 misc:1724 imb:68 pmb:431 smb:7661 d:s ref:0 ;
in:528 out:529 type:b dur:2 cpbdur:2 q:34.50 aq:35.08 tex:2756 mv:2147 misc:1281 imb:47 pmb:336 smb:7777 d:- ref:0 ;
in:530 out:530 type:P dur:2 cpbdur:2 q:33.29 aq:28.09 tex:130718 mv:6112 misc:4122 imb:323 pmb:1467 smb:6370 d:s ref:0 ;
in:532 out:531 type:P dur:2 cpbdur:2 q:33.32 aq:28.88 tex:220689 mv:14061 misc:3042 imb:2196 pmb:1157 smb:4807 d:s ref:0 ;
in:531 out:532 type:b dur:2 cpbdur:2 q:33.70 aq:34.46 tex:4889 mv:2404 misc:1499 imb:101 pmb:376 smb:7683 d:s ref:0 ;
in:533 out:533 type:P dur:2 cpbdur:2 q:33.27 aq:28.52 tex:194477 mv:13502 misc:3077 imb:2076 pmb:1277 smb:4807 d:s ref:0 ;
in:534 out:534 type:P dur:2 cpbdur:2 q:33.36 aq:28.45 tex:161325 mv:11476 misc:3031 imb:1774 pmb:1345 smb:5041 d:s ref:0 ;
in:535 out:535 type:P dur:2 cpbdur:2 q:33.43 aq:29.03 tex:193207 mv:12794 misc:2927 imb:1978 pmb:1100 smb:5082 d:s ref:0 ;
in:536 out:536 type:P dur:2 cpbdur:2 q:34.13 aq:29.48 tex:202125 mv:12047 misc:2460 imb:1978 pmb:944 smb:5238 d:s ref:0 ;
in:539 out:537 type:P dur:2 cpbdur:2 q:35.01 aq:29.77 tex:229327 mv:14118 misc:2651 imb:1861 pmb:1290 smb:5009 d:s ref:0 ;
in:537 out:538 type:B dur:2 cpbdur:2 q:35.38 aq:35.48 tex:3045 mv:2147 misc:2208 imb:35 pmb:620 smb:7505 d:s ref:0 ;
in:538 out:539 type:b dur:2 cpbdur:2 q:35.66 aq:37.36 tex:698 mv:954 misc:844 imb:8 pmb:174 smb:7978 d:- ref:0 ;
in:541 out:540 type:P dur:2 cpbdur:2 q:34.43 aq:28.52 tex:159218 mv:6848 misc:4374 imb:565 pmb:1644 smb:5951 d:s ref:0 ;
in:540 out:541 type:b dur:2 cpbdur:2 q:35.43 aq:36.88 tex:1879 mv:1064 misc:873 imb:14 pmb:224 smb:7922 d:t ref:0 ;
in:543 out:542 type:P dur:2 cpbdur:2 q:34.53 aq:28.78 tex:142109 mv:6676 misc:4079 imb:512 pmb:1366 smb:6282 d:s ref:0 ;
in:542 out:543 type:b dur:2 cpbdur:2 q:34.99 aq:35.22 tex:2747 mv:1169 misc:884 imb:21 pmb:216 smb:7923 d:t ref:0 ;
in:546 out:544 type:P dur:2 cpbdur:2 q:34.53 aq:28.92 tex:171236 mv:8273 misc:3707 imb:660 pmb:1419 smb:6081 d:s ref:0 ;
in:544 out:545 type:B dur:2 cpbdur:2 q:35.22 aq:34.82 tex:919 mv:930 misc:991 imb:8 pmb:191 smb:7961 d:s ref:0 ;
in:545 out:546 type:b dur:2 cpbdur:2 q:35.30 aq:32.20 tex:171 mv:635 misc:578 imb:2 pmb:87 smb:8071 d:- ref:0 ;
in:548 out:547 type:P dur:2 cpbdur:2 q:34.45 aq:28.59 tex:122128 mv:5849 misc:3943 imb:436 pmb:1315 smb:6409 d:s ref:0 ;
in:547 out:548 type:b dur:2 cpbdur:2 q:34.91 aq:32.44 tex:186 mv:676 misc:826 imb:0 pmb:177 smb:7983 d:s ref:0 ;
in:551 out:549 type:P dur:2 cpbdur:2 q:35.07 aq:29.42 tex:173143 mv:8594 misc:4295 imb:652 pmb:1862 smb:5646 d:s ref:0 ;
in:549 out:550 type:B dur:2 cpbdur:2 q:35.53 aq:35.41 tex:534 mv:959 misc:1355 imb:3 pmb:351 smb:7806 d:s ref:0 ;
in:550 out:551 type:b dur:2 cpbdur:2 q:35.70 aq:37.17 tex:2895 mv:1115 misc:1166 imb:1 pmb:388 smb:7771 d:- ref:0 ;
in:553 out:552 type:P dur:2 cpbdur:2 q:34.81 aq:28.31 tex:216699 mv:9004 misc:4697 imb:607 pmb:2426 smb:5127 d:s ref:0 ;
in:552 out:553 type:b dur:2 cpbdur:2 q:35.33 aq:32.63 tex:4532 mv:2738 misc:1274 imb:60 pmb:387 smb:7713 d:s ref:0 ;
in:555 out:554 type:P dur:2 cpbdur:2 q:34.73 aq:28.13 tex:181458 mv:7132 misc:4058 imb:530 pmb:2241 smb:5389 d:s ref:0 ;
in:554 out:555 type:b dur:2 cpbdur:2 q:35.51 aq:33.13 tex:940 mv:1627 misc:777 imb:78 pmb:118 smb:7964 d:t ref:0 ;
in:557 out:556 type:P dur:2 cpbdur:2 q:34.45 aq:27.85 tex:187443 mv:7313 misc:4516 imb:515 pmb:2194 smb:5451 d:s ref:0 ;
in:556 out:557 type:b dur:2 cpbdur:2 q:35.15 aq:36.61 tex:394 mv:947 misc:787 imb:2 pmb:162 smb:7996 d:s ref:0 ;
in:560 out:558 type:P dur:2 cpbdur:2 q:34.82 aq:28.63 tex:179425 mv:10006 misc:4289 imb:696 pmb:1728 smb:5736 d:s ref:0 ;
in:558 out:559 type:B dur:2 cpbdur:2 q:35.05 aq:34.62 tex:3771 mv:2095 misc:1334 imb:81 pmb:264 smb:7815 d:s ref:0 ;
in:559 out:560 type:b dur:2 cpbdur:2 q:35.26 aq:33.90 tex:1156 mv:1930 misc:1202 imb:35 pmb:283 smb:7842 d:- ref:0 ;
in:563 out:561 type:P dur:2 cpbdur:2 q:34.94 aq:28.84 tex:145903 mv:8479 misc:4066 imb:682 pmb:1581 smb:5897 d:s ref:0 ;
in:561 out:562 type:B dur:2 cpbdur:2 q:35.39 aq:36.83 tex:1298 mv:1087 misc:855 imb:29 pmb:165 smb:7966 d:t ref:0 ;
in:562 out:563 type:b dur:2 cpbdur:2 q:35.67 aq:33.35 tex:330 mv:844 misc:682 imb:12 pmb:137 smb:8011 d:- ref:0 ;
in:565 out:564 type:P dur:2 cpbdur:2 q:34.39 aq:28.17 tex:136943 mv:6178 misc:4423 imb:445 pmb:1587 smb:6128 d:s ref:0 ;
in:564 out:565 type:b dur:2 cpbdur:2 q:35.29 aq:32.42 tex:139 mv:659 misc:666 imb:1 pmb:115 smb:8044 d:t ref:0 ;
in:567 out:566 type:P dur:2 cpbdur:2 q:34.68 aq:29.06 tex:138487 mv:6458 misc:4063 imb:412 pmb:1614 smb:6134 d:s ref:0 ;
in:566 out:567 type:b dur:2 cpbdur:2 q:35.20 aq:34.80 tex:491 mv:816 misc:837 imb:1 pmb:207 smb:7952 d:s ref:0 ;
in:571 out:568 type:P dur:2 cpbdur:2 q:34.66 aq:28.78 tex:198136 mv:10639 misc:3905 imb:822 pmb:1736 smb:5602 d:s ref:0 ;
in:569 out:569 type:B dur:2 cpbdur:2 q:35.31 aq:35.63 tex:2910 mv:1321 misc:1441 imb:11 pmb:337 smb:7812 d:s ref:0 ;
in:568 out:570 type:b dur:2 cpbdur:2 q:35.53 aq:36.41 tex:240 mv:852 misc:924 imb:0 pmb:202 smb:7958 d:s ref:0 ;
in:570 out:571 type:b dur:2 cpbdur:2 q:35.53 aq:36.08 tex:105 mv:752 misc:823 imb:1 pmb:169 smb:7990 d:- ref:0 ;
in:572 out:572 type:P dur:2 cpbdur:2 q:34.28 aq:27.10 tex:132416 mv:4063 misc:4865 imb:207 pmb:1837 smb:6116 d:s ref:0 ;
in:573 out:573 type:P dur:2 cpbdur:2 q:34.31 aq:27.76 tex:100661 mv:3193 misc:3962 imb:145 pmb:1311 smb:6704 d:s ref:0 ;
in:574 out:574 type:P dur:2 cpbdur:2 q:33.70 aq:27.34 tex:152504 mv:4729 misc:4663 imb:250 pmb:1752 smb:6158 d:s ref:0 ;
in:576 out:575 type:P dur:2 cpbdur:2 q:33.87 aq:27.59 tex:148952 mv:6707 misc:4181 imb:501 pmb:1453 smb:6206 d:s ref:0 ;
in:575 out:576 type:b dur:2 cpbdur:2 q:34.23 aq:35.04 tex:288 mv:835 misc:925 imb:1 pmb:206 smb:7953 d:s ref:0 ;
in:578 out:577 type:P dur:2 cpbdur:2 q:33.61 aq:27.17 tex:152610 mv:6280 misc:4278 imb:495 pmb:1627 smb:6038 d:s ref:0 ;
in:577 out:578 type:b dur:2 cpbdur:2 q:34.14 aq:33.50 tex:529 mv:687 misc:624 imb:0 pmb:104 smb:8056 d:t ref:0 ;
in:580 out:579 type:P dur:2 cpbdur:2 q:33.73 aq:27.59 tex:127023 mv:5175 misc:3730 imb:350 pmb:1366 smb:6444 d:s ref:0 ;
in:579 out:580 type:b dur:2 cpbdur:2 q:33.93 aq:32.27 tex:276 mv:615 misc:693 imb:0 pmb:115 smb:8045 d:t ref:0 ;
in:582 out:581 type:P dur:2 cpbdur:2 q:33.76 aq:27.35 tex:148774 mv:6025 misc:4153 imb:451 pmb:1555 smb:6154 d:s ref:0 ;
in:581 out:582 type:b dur:2 cpbdur:2 q:34.04 aq:36.82 tex:673 mv:891 misc:828 imb:2 pmb:177 smb:7981 d:t ref:0 ;
in:583 out:583 type:P dur:2 cpbdur:2 q:33.52 aq:26.85 tex:146160 mv:5144 misc:3984 imb:492 pmb:1450 smb:6218 d:s ref:0 ;
in:586 out:584 type:P dur:2 cpbdur:2 q:33.68 aq:27.85 tex:192359 mv:8170 misc:3919 imb:472 pmb:1726 smb:5962 d:s ref:0 ;
in:584 out:585 type:B dur:2 cpbdur:2 q:34.08 aq:34.92 tex:2556 mv:1161 misc:1179 imb:8 pmb:310 smb:7842 d:s ref:0 ;
in:585 out:586 type:b dur:2 cpbdur:2 q:34.39 aq:32.79 tex:180 mv:883 misc:985 imb:0 pmb:215 smb:7945 d:- ref:0 ;
in:587 out:587 type:P dur:2 cpbdur:2 q:33.66 aq:27.18 tex:127752 mv:3812 misc:3828 imb:153 pmb:1395 smb:6612 d:s ref:0 ;
in:590 out:588 type:P dur:2 cpbdur:2 q:34.10 aq:28.20 tex:204678 mv:9280 misc:3866 imb:747 pmb:1700 smb:5713 d:s ref:0 ;
in:588 out:589 type:B dur:2 cpbdur:2 q:34.51 aq:34.31 tex:1737 mv:1112 misc:1151 imb:2 pmb:250 smb:7908 d:s ref:0 ;
in:589 out:590 type:b dur:2 cpbdur:2 q:34.87 aq:33.39 tex:282 mv:801 misc:813 imb:1 pmb:146 smb:8013 d:- ref:0 ;
in:591 out:591 type:P dur:2 cpbdur:2 q:33.92 aq:27.72 tex:95807 mv:3588 misc:4069 imb:209 pmb:1344 smb:6607 d:s ref:0 ;
in:592 out:592 type:P dur:2 cpbdur:2 q:33.89 aq:27.63 tex:133934 mv:5192 misc:3706 imb:292 pmb:1300 smb:6568 d:s ref:0 ;
in:594 out:593 type:P dur:2 cpbdur:2 q:33.76 aq:27.74 tex:157808 mv:5692 misc:3996 imb:395 pmb:1475 smb:6290 d:s ref:0 ;
in:593 out:594 type:b dur:2 cpbdur:2 q:34.13 aq:33.06 tex:296 mv:669 misc:771 imb:1 pmb:146 smb:8013 d:s ref:0 ;
in:596 out:595 type:P dur:2 cpbdur:2 q:34.09 aq:27.76 tex:125673 mv:5941 misc:4258 imb:354 pmb:1702 smb:6104 d:s ref:0 ;
in:595 out:596 type:b dur:2 cpbdur:2 q:34.42 aq:32.33 tex:138 mv:724 misc:802 imb:1 pmb:153 smb:8006 d:t ref:0 ;
in:598 out:597 type:P dur:2 cpbdur:2 q:34.04 aq:27.66 tex:139617 mv:6262 misc:3865 imb:478 pmb:1386 smb:6296 d:s ref:0 ;
in:597 out:598 type:b dur:2 cpbdur:2 q:34.57 aq:32.05 tex:174 mv:681 misc:665 imb:3 pmb:117 smb:8040 d:t ref:0 ;
in:600 out:599 type:P dur:2 cpbdur:2 q:33.88 aq:27.87 tex:134634 mv:6528 misc:3990 imb:546 pmb:1447 smb:6167 d:s ref:0 ;
in:599 out:600 type:b dur:2 cpbdur:2 q:34.37 aq:32.11 tex:247 mv:663 misc:650 imb:0 pmb:123 smb:8037 d:t ref:0 ;
in:602 out:601 type:P dur:2 cpbdur:2 q:34.06 aq:27.63 tex:134221 mv:5498 misc:4161 imb:391 pmb:1584 smb:6185 d:s ref:0 ;
in:601 out:602 type:b dur:2 cpbdur:2 q:34.56 aq:36.25 tex:297 mv:678 misc:689 imb:1 pmb:112 smb:8047 d:t ref:0 ;
in:608 out:603 type:P dur:2 cpbdur:2 q:35.00 aq:29.48 tex:245787 mv:12847 misc:3598 imb:1040 pmb:1974 smb:5146 d:s ref:0 ;
in:605 out:604 type:B dur:2 cpbdur:2 q:35.35 aq:33.46 tex:14234 mv:3177 misc:1973 imb:27 pmb:583 smb:7550 d:s ref:0 ;
in:603 out:605 type:b dur:2 cpbdur:2 q:35.57 aq:36.72 tex:844 mv:823 misc:893 imb:2 pmb:176 smb:7982 d:s ref:0 ;
in:604 out:606 type:b dur:2 cpbdur:2 q:35.57 aq:35.57 tex:731 mv:825 misc:820 imb:5 pmb:149 smb:8006 d:s ref:0 ;
in:606 out:607 type:b dur:2 cpbdur:2 q:35.57 aq:37.95 tex:692 mv:1317 misc:1239 imb:37 pmb:281 smb:7842 d:- ref:0 ;
in:607 out:608 type:b dur:2 cpbdur:2 q:35.57 aq:37.08 tex:2206 mv:1708 misc:1422 imb:41 pmb:379 smb:7740 d:- ref:0 ;
in:610 out:609 type:P dur:2 cpbdur:2 q:34.67 aq:28.41 tex:142639 mv:6509 misc:4156 imb:407 pmb:1639 smb:6114 d:s ref:0 ;
in:609 out:610 type:b dur:2 cpbdur:2 q:35.72 aq:35.75 tex:312 mv:761 misc:1047 imb:1 pmb:247 smb:7912 d:t ref:0 ;
in:613 out:611 type:P dur:2 cpbdur:2 q:34.64 aq:28.52 tex:176341 mv:8439 misc:4268 imb:653 pmb:1845 smb:5662 d:s ref:0 ;
in:611 out:612 type:B dur:2 cpbdur:2 q:35.12 aq:35.51 tex:824 mv:1077 misc:1067 imb:2 pmb:256 smb:7902 d:s ref:0 ;
in:612 out:613 type:b dur:2 cpbdur:2 q:35.41 aq:32.88 tex:361 mv:832 misc:783 imb:0 pmb:172 smb:7988 d:- ref:0 ;
in:616 out:614 type:P dur:2 cpbdur:2 q:34.38 aq:28.53 tex:159926 mv:8674 misc:4256 imb:721 pmb:1791 smb:5648 d:s ref:0 ;
in:614 out:615 type:B dur:2 cpbdur:2 q:35.02 aq:35.27 tex:1115 mv:794 misc:883 imb:4 pmb:156 smb:8000 d:s ref:0 ;
in:615 out:616 type:b dur:2 cpbdur:2 q:35.28 aq:36.22 tex:141 mv:616 misc:571 imb:4 pmb:82 smb:8074 d:- ref:0 ;
in:620 out:617 type:P dur:2 cpbdur:2 q:34.51 aq:28.85 tex:194949 mv:10278 misc:3829 imb:786 pmb:1892 smb:5482 d:s ref:0 ;
in:618 out:618 type:B dur:2 cpbdur:2 q:34.92 aq:34.34 tex:2550 mv:1439 misc:1259 imb:23 pmb:256 smb:7881 d:s ref:0 ;
in:617 out:619 type:b dur:2 cpbdur:2 q:35.25 aq:37.08 tex:330 mv:796 misc:650 imb:15 pmb:91 smb:8054 d:s ref:0 ;
in:619 out:620 type:b dur:2 cpbdur:2 q:35.22 aq:36.68 tex:317 mv:953 misc:970 imb:11 pmb:211 smb:7938 d:- ref:0 ;
in:622 out:621 type:P dur:2 cpbdur:2 q:34.55 aq:28.60 tex:156157 mv:6293 misc:4166 imb:397 pmb:1603 smb:6160 d:s ref:0 ;
in:621 out:622 type:b dur:2 cpbdur:2 q:35.32 aq:32.63 tex:184 mv:839 misc:905 imb:5 pmb:192 smb:7963 d:s ref:0 ;
in:623 out:623 type:P dur:2 cpbdur:2 q:33.98 aq:27.76 tex:122567 mv:4280 misc:4465 imb:318 pmb:1560 smb:6282 d:s ref:0 ;
in:626 out:624 type:P dur:2 cpbdur:2 q:36.08 aq:30.56 tex:176404 mv:9054 misc:3406 imb:679 pmb:1566 smb:5915 d:s ref:0 ;
in:624 out:625 type:B dur:2 cpbdur:2 q:36.40 aq:36.44 tex:5233 mv:1953 misc:1302 imb:21 pmb:369 smb:7770 d:t ref:0 ;
in:625 out:626 type:b dur:2 cpbdur:2 q:36.60 aq:37.85 tex:240 mv:1004 misc:1028 imb:0 pmb:237 smb:7923 d:- ref:0 ;
in:629 out:627 type:P dur:2 cpbdur:2 q:36.33 aq:30.64 tex:108936 mv:7786 misc:3630 imb:627 pmb:1485 smb:6048 d:s ref:0 ;
in:627 out:628 type:B dur:2 cpbdur:2 q:37.10 aq:36.97 tex:278 mv:720 misc:738 imb:4 pmb:120 smb:8036 d:t ref:0 ;
in:628 out:629 type:b dur:2 cpbdur:2 q:37.10 aq:33.71 tex:201 mv:742 misc:705 imb:1 pmb:134 smb:8025 d:- ref:0 ;
in:631 out:630 type:P dur:2 cpbdur:2 q:35.64 aq:29.61 tex:135108 mv:7148 misc:3712 imb:537 pmb:1583 smb:6040 d:s ref:0 ;
in:630 out:631 type:b dur:2 cpbdur:2 q:36.67 aq:37.75 tex:290 mv:997 misc:905 imb:21 pmb:193 smb:7946 d:t ref:0 ;
in:635 out:632 type:P dur:2 cpbdur:2 q:35.92 aq:29.71 tex:151126 mv:8491 misc:3471 imb:645 pmb:1753 smb:5762 d:s ref:0 ;
in:633 out:633 type:B dur:2 cpbdur:2 q:36.87 aq:36.64 tex:1783 mv:1077 misc:924 imb:3 pmb:214 smb:7943 d:s ref:0 ;
in:632 out:634 type:b dur:2 cpbdur:2 q:37.02 aq:32.05 tex:50 mv:567 misc:583 imb:0 pmb:99 smb:8061 d:s ref:0 ;
in:634 out:635 type:b dur:2 cpbdur:2 q:37.02 aq:33.00 tex:576 mv:961 misc:783 imb:0 pmb:180 smb:7980 d:- ref:0 ;
in:638 out:636 type:P dur:2 cpbdur:2 q:34.50 aq:28.34 tex:210314 mv:9750 misc:4224 imb:809 pmb:2003 smb:5348 d:s ref:0 ;
in:636 out:637 type:B dur:2 cpbdur:2 q:36.12 aq:33.91 tex:1387 mv:1199 misc:1078 imb:3 pmb:240 smb:7917 d:s ref:0 ;
in:637 out:638 type:b dur:2 cpbdur:2 q:36.30 aq:32.59 tex:182 mv:655 misc:675 imb:2 pmb:117 smb:8041 d:- ref:0 ;
in:640 out:639 type:P dur:2 cpbdur:2 q:34.21 aq:27.80 tex:151976 mv:6233 misc:4271 imb:479 pmb:1775 smb:5906 d:s ref:0 ;
in:639 out:640 type:b dur:2 cpbdur:2 q:34.83 aq:35.00 tex:187 mv:677 misc:616 imb:1 pmb:99 smb:8060 d:t ref:0 ;
in:643 out:641 type:P dur:2 cpbdur:2 q:34.36 aq:28.67 tex:170034 mv:8729 misc:3765 imb:729 pmb:1705 smb:5726 d:s ref:0 ;
in:641 out:642 type:B dur:2 cpbdur:2 q:34.78 aq:35.26 tex:761 mv:922 misc:941 imb:4 pmb:196 smb:7960 d:s ref:0 ;
in:642 out:643 type:b dur:2 cpbdur:2 q:35.06 aq:32.05 tex:175 mv:603 misc:574 imb:0 pmb:94 smb:8066 d:- ref:0 ;
in:646 out:644 type:P dur:2 cpbdur:2 q:34.36 aq:28.50 tex:148973 mv:7888 misc:4019 imb:668 pmb:1592 smb:5900 d:s ref:0 ;
in:644 out:645 type:B dur:2 cpbdur:2 q:34.84 aq:35.10 tex:806 mv:897 misc:833 imb:1 pmb:162 smb:7997 d:t ref:0 ;
in:645 out:646 type:b dur:2 cpbdur:2 q:35.12 aq:33.32 tex:369 mv:852 misc:715 imb:2 pmb:137 smb:8021 d:- ref:0 ;
in:648 out:647 type:P dur:2 cpbdur:2 q:34.37 aq:28.14 tex:170313 mv:7295 misc:4144 imb:463 pmb:1672 smb:6025 d:s ref:0 ;
in:647 out:648 type:b dur:2 cpbdur:2 q:34.94 aq:33.97 tex:260 mv:875 misc:1033 imb:0 pmb:271 smb:7889 d:s ref:0 ;
in:651 out:649 type:P dur:2 cpbdur:2 q:34.23 aq:28.35 tex:213011 mv:10327 misc:3982 imb:813 pmb:1942 smb:5405 d:s ref:0 ;
in:649 out:650 type:B dur:2 cpbdur:2 q:34.92 aq:36.61 tex:1154 mv:841 misc:1013 imb:3 pmb:202 smb:7955 d:s ref:0 ;
in:650 out:651 type:b dur:2 cpbdur:2 q:35.26 aq:33.07 tex:287 mv:860 misc:973 imb:1 pmb:198 smb:7961 d:- ref:0 ;
in:653 out:652 type:P dur:2 cpbdur:2 q:34.12 aq:28.22 tex:132077 mv:5712 misc:3963 imb:425 pmb:1536 smb:6199 d:s ref:0 ;
in:652 out:653 type:b dur:2 cpbdur:2 q:34.61 aq:35.64 tex:237 mv:811 misc:880 imb:1 pmb:214 smb:7945 d:t ref:0 ;
in:655 out:654 type:P dur:2 cpbdur:2 q:33.83 aq:27.68 tex:122167 mv:5145 misc:4296 imb:358 pmb:1573 smb:6229 d:s ref:0 ;
in:654 out:655 type:b dur:2 cpbdur:2 q:34.39 aq:32.81 tex:477 mv:694 misc:605 imb:1 pmb:98 smb:8061 d:t ref:0 ;
in:657 out:656 type:P dur:2 cpbdur:2 q:34.61 aq:28.75 tex:152998 mv:6802 misc:3712 imb:567 pmb:1402 smb:6191 d:s ref:0 ;
in:656 out:657 type:b dur:2 cpbdur:2 q:34.95 aq:35.25 tex:307 mv:888 misc:901 imb:1 pmb:231 smb:7928 d:s ref:0 ;
in:660 out:658 type:P dur:2 cpbdur:2 q:34.19 aq:28.35 tex:177158 mv:8837 misc:4245 imb:622 pmb:1860 smb:5678 d:s ref:0 ;
in:658 out:659 type:B dur:2 cpbdur:2 q:35.21 aq:36.39 tex:1590 mv:1008 misc:1010 imb:5 pmb:203 smb:7952 d:s ref:0 ;
in:659 out:660 type:b dur:2 cpbdur:2 q:35.43 aq:38.95 tex:173 mv:704 misc:739 imb:2 pmb:149 smb:8009 d:- ref:0 ;
in:661 out:661 type:P dur:2 cpbdur:2 q:33.61 aq:27.22 tex:110329 mv:3518 misc:4377 imb:290 pmb:1438 smb:6432 d:s ref:0 ;
in:664 out:662 type:P dur:2 cpbdur:2 q:33.63 aq:27.79 tex:197926 mv:9303 misc:4019 imb:696 pmb:1693 smb:5771 d:s ref:0 ;
in:662 out:663 type:B dur:2 cpbdur:2 q:33.99 aq:33.90 tex:911 mv:1128 misc:1177 imb:24 pmb:233 smb:7903 d:s ref:0 ;
in:663 out:664 type:b dur:2 cpbdur:2 q:34.33 aq:36.89 tex:338 mv:856 misc:942 imb:4 pmb:193 smb:7963 d:- ref:0 ;
in:665 out:665 type:P dur:2 cpbdur:2 q:33.48 aq:25.35 tex:303087 mv:5870 misc:7315 imb:203 pmb:4344 smb:3613 d:s ref:0 ;
in:667 out:666 type:P dur:2 cpbdur:2 q:34.10 aq:26.53 tex:177474 mv:6060 misc:4986 imb:490 pmb:1901 smb:5769 d:s ref:0 ;
in:666 out:667 type:b dur:2 cpbdur:2 q:34.45 aq:36.09 tex:181 mv:700 misc:767 imb:1 pmb:152 smb:8007 d:t ref:0 ;
in:670 out:668 type:P dur:2 cpbdur:2 q:33.11 aq:35.12 tex:24453 mv:5083 misc:2704 imb:376 pmb:720 smb:7064 d:s ref:0 ;
in:668 out:669 type:B dur:2 cpbdur:2 q:34.36 aq:35.91 tex:2703 mv:1225 misc:1064 imb:11 pmb:226 smb:7923 d:s ref:0 ;
in:669 out:670 type:b dur:2 cpbdur:2 q:34.62 aq:35.85 tex:639 mv:782 misc:979 imb:1 pmb:190 smb:7969 d:- ref:0 ;
in:671 out:671 type:I dur:2 cpbdur:2 q:30.62 aq:22.99 tex:3643616 mv:173316 misc:308 imb:8160 pmb:0 smb:0 d:s ref:;
in:673 out:672 type:P dur:2 cpbdur:2 q:34.49 aq:29.23 tex:89051 mv:4701 misc:3040 imb:344 pmb:1072 smb:6744 d:s ref:0 ;
in:672 out:673 type:b dur:2 cpbdur:2 q:34.49 aq:33.74 tex:523 mv:845 misc:936 imb:2 pmb:241 smb:7917 d:t ref:0 ;
in:675 out:674 type:P dur:2 cpbdur:2 q:34.75 aq:29.31 tex:131367 mv:5949 misc:3356 imb:214 pmb:1526 smb:6420 d:s ref:0 ;
in:674 out:675 type:b dur:2 cpbdur:2 q:35.10 aq:34.19 tex:755 mv:818 misc:971 imb:1 pmb:212 smb:7947 d:s ref:0 ;
in:679 out:676 type:P dur:2 cpbdur:2 q:34.98 aq:29.42 tex:129438 mv:7950 misc:3788 imb:526 pmb:1800 smb:5834 d:s ref:0 ;
in:677 out:677 type:B dur:2 cpbdur:2 q:35.38 aq:35.13 tex:1060 mv:1148 misc:1072 imb:2 pmb:249 smb:7909 d:s ref:0 ;
in:676 out:678 type:b dur:2 cpbdur:2 q:35.72 aq:37.27 tex:182 mv:696 misc:690 imb:1 pmb:132 smb:8027 d:s ref:0 ;
in:678 out:679 type:b dur:2 cpbdur:2 q:35.72 aq:38.33 tex:216 mv:736 misc:736 imb:3 pmb:138 smb:8019 d:- ref:0 ;
in:682 out:680 type:P dur:2 cpbdur:2 q:35.18 aq:29.67 tex:122438 mv:7462 misc:3596 imb:549 pmb:1563 smb:6048 d:s ref:0 ;
in:680 out:681 type:B dur:2 cpbdur:2 q:35.63 aq:35.98 tex:379 mv:758 misc:887 imb:0 pmb:194 smb:7966 d:s ref:0 ;
in:681 out:682 type:b dur:2 cpbdur:2 q:35.95 aq:37.28 tex:240 mv:752 misc:728 imb:2 pmb:165 smb:7993 d:- ref:0 ;
in:686 out:683 type:P dur:2 cpbdur:2 q:35.57 aq:30.73 tex:146846 mv:8523 misc:3567 imb:598 pmb:1829 smb:5733 d:s ref:0 ;
in:684 out:684 type:B dur:2 cpbdur:2 q:36.03 aq:36.67 tex:1856 mv:1282 misc:1110 imb:3 pmb:264 smb:7893 d:s ref:0 ;
in:683 out:685 type:b dur:2 cpbdur:2 q:36.45 aq:33.00 tex:30 mv:741 misc:773 imb:0 pmb:167 smb:7993 d:s ref:0 ;
in:685 out:686 type:b dur:2 cpbdur:2 q:36.45 aq:38.54 tex:168 mv:648 misc:688 imb:1 pmb:132 smb:8027 d:- ref:0 ;
in:688 out:687 type:P dur:2 cpbdur:2 q:35.20 aq:29.79 tex:108003 mv:5892 misc:3761 imb:379 pmb:1452 smb:6329 d:s ref:0 ;
in:687 out:688 type:b dur:2 cpbdur:2 q:36.01 aq:33.79 tex:56 mv:781 misc:899 imb:2 pmb:198 smb:7960 d:t ref:0 ;
in:691 out:689 type:P dur:2 cpbdur:2 q:35.11 aq:29.79 tex:134286 mv:8250 misc:3936 imb:639 pmb:1719 smb:5802 d:s ref:0 ;
in:689 out:690 type:B dur:2 cpbdur:2 q:35.70 aq:36.62 tex:739 mv:929 misc:956 imb:5 pmb:168 smb:7987 d:t ref:0 ;
in:690 out:691 type:b dur:2 cpbdur:2 q:36.07 aq:37.19 tex:284 mv:868 misc:848 imb:1 pmb:178 smb:7981 d:- ref:0 ;
in:696 out:692 type:P dur:2 cpbdur:2 q:35.82 aq:30.83 tex:186966 mv:12147 misc:3687 imb:953 pmb:1855 smb:5352 d:s ref:0 ;
in:693 out:693 type:B dur:2 cpbdur:2 q:36.21 aq:36.17 tex:7805 mv:3033 misc:1802 imb:73 pmb:528 smb:7559 d:s ref:0 ;
in:692 out:694 type:b dur:2 cpbdur:2 q:36.48 aq:39.29 tex:292 mv:927 misc:1077 imb:1 pmb:287 smb:7872 d:s ref:0 ;
in:694 out:695 type:b dur:2 cpbdur:2 q:36.48 aq:38.03 tex:101 mv:732 misc:959 imb:1 pmb:241 smb:7918 d:- ref:0 ;
in:695 out:696 type:b dur:2 cpbdur:2 q:36.48 aq:37.37 tex:769 mv:956 misc:963 imb:2 pmb:235 smb:7923 d:- ref:0 ;
in:700 out:697 type:P dur:2 cpbdur:2 q:35.91 aq:31.38 tex:94196 mv:8591 misc:3661 imb:797 pmb:1450 smb:5913 d:s ref:0 ;
in:698 out:698 type:B dur:2 cpbdur:2 q:36.54 aq:38.12 tex:1092 mv:1321 misc:891 imb:6 pmb:194 smb:7960 d:s ref:0 ;
in:697 out:699 type:b dur:2 cpbdur:2 q:36.82 aq:37.47 tex:67 mv:635 misc:666 imb:0 pmb:129 smb:8031 d:t ref:0 ;
in:699 out:700 type:b dur:2 cpbdur:2 q:36.75 aq:33.86 tex:71 mv:632 misc:737 imb:1 pmb:146 smb:8013 d:- ref:0 ;
in:702 out:701 type:P dur:2 cpbdur:2 q:35.64 aq:31.22 tex:73912 mv:4742 misc:3250 imb:296 pmb:1148 smb:6716 d:s ref:0 ;
in:701 out:702 type:b dur:2 cpbdur:2 q:36.26 aq:33.07 tex:200 mv:793 misc:783 imb:0 pmb:151 smb:8009 d:t ref:0 ;
in:703 out:703 type:P dur:2 cpbdur:2 q:35.19 aq:30.96 tex:58451 mv:4086 misc:3463 imb:298 pmb:1104 smb:6758 d:s ref:0 ;
in:707 out:704 type:P dur:2 cpbdur:2 q:35.57 aq:32.12 tex:114818 mv:9909 misc:3505 imb:646 pmb:1622 smb:5892 d:s ref:0 ;
in:705 out:705 type:B dur:2 cpbdur:2 q:35.76 aq:36.14 tex:1250 mv:1503 misc:1487 imb:16 pmb:397 smb:7747 d:s ref:0 ;
in:704 out:706 type:b dur:2 cpbdur:2 q:36.03 aq:35.06 tex:110 mv:698 misc:720 imb:1 pmb:140 smb:8019 d:s ref:0 ;
in:706 out:707 type:b dur:2 cpbdur:2 q:36.03 aq:35.02 tex:190 mv:940 misc:1206 imb:2 pmb:301 smb:7857 d:- ref:0 ;
in:709 out:708 type:P dur:2 cpbdur:2 q:35.01 aq:31.80 tex:65287 mv:5000 misc:3665 imb:283 pmb:1225 smb:6652 d:s ref:0 ;
in:708 out:709 type:b dur:2 cpbdur:2 q:36.02 aq:33.00 tex:48 mv:671 misc:737 imb:2 pmb:156 smb:8002 d:s ref:0 ;
in:713 out:710 type:P dur:2 cpbdur:2 q:34.73 aq:33.67 tex:101764 mv:10424 misc:3164 imb:1073 pmb:1282 smb:5805 d:s ref:0 ;
in:711 out:711 type:B dur:2 cpbdur:2 q:35.32 aq:35.44 tex:5483 mv:1822 misc:1503 imb:25 pmb:313 smb:7822 d:s ref:0 ;
in:710 out:712 type:b dur:2 cpbdur:2 q:35.60 aq:36.00 tex:292 mv:674 misc:650 imb:4 pmb:99 smb:8057 d:s ref:0 ;
in:712 out:713 type:b dur:2 cpbdur:2 q:35.60 aq:38.57 tex:3653 mv:1333 misc:958 imb:18 pmb:231 smb:7911 d:- ref:0 ;
in:716 out:714 type:P dur:2 cpbdur:2 q:35.12 aq:34.69 tex:134623 mv:11770 misc:2599 imb:2130 pmb:551 smb:5479 d:s ref:0 ;
in:714 out:715 type:B dur:2 cpbdur:2 q:35.28 aq:37.43 tex:12082 mv:3310 misc:1696 imb:138 pmb:385 smb:7637 d:s ref:0 ;
in:715 out:716 type:b dur:2 cpbdur:2 q:35.29 aq:37.90 tex:8738 mv:2847 misc:1567 imb:62 pmb:430 smb:7668 d:- ref:0 ;
in:717 out:717 type:P dur:2 cpbdur:2 q:35.05 aq:34.05 tex:78111 mv:9087 misc:3002 imb:1194 pmb:552 smb:6414 d:s ref:0 ;
in:720 out:718 type:P dur:2 cpbdur:2 q:34.30 aq:30.60 tex:415148 mv:23493 misc:3335 imb:3878 pmb:1249 smb:3033 d:s ref:0 ;
in:718 out:719 type:B dur:2 cpbdur:2 q:35.26 aq:35.80 tex:16689 mv:4045 misc:1626 imb:197 pmb:384 smb:7579 d:s ref:0 ;
in:719 out:720 type:b dur:2 cpbdur:2 q:35.45 aq:36.17 tex:9955 mv:4117 misc:1376 imb:289 pmb:280 smb:7591 d:- ref:0 ;
in:721 out:721 type:P dur:2 cpbdur:2 q:35.04 aq:31.44 tex:84879 mv:7287 misc:3858 imb:704 pmb:748 smb:6708 d:s ref:0 ;
in:725 out:722 type:P dur:2 cpbdur:2 q:38.92 aq:36.83 tex:213606 mv:13762 misc:1232 imb:3372 pmb:102 smb:4686 d:s ref:0 ;
in:723 out:723 type:B dur:2 cpbdur:2 q:41.40 aq:41.02 tex:56312 mv:7332 misc:1452 imb:529 pmb:495 smb:7136 d:s ref:0 ;
in:722 out:724 type:b dur:2 cpbdur:2 q:41.42 aq:43.07 tex:3534 mv:2209 misc:1289 imb:72 pmb:295 smb:7793 d:s ref:0 ;
in:724 out:725 type:b dur:2 cpbdur:2 q:41.42 aq:43.72 tex:30258 mv:4945 misc:1437 imb:268 pmb:501 smb:7391 d:- ref:0 ;
in:728 out:726 type:P dur:2 cpbdur:2 q:40.64 aq:34.97 tex:489495 mv:25703 misc:1706 imb:4536 pmb:472 smb:3152 d:s ref:0 ;
in:726 out:727 type:B dur:2 cpbdur:2 q:41.32 aq:42.25 tex:20837 mv:8678 misc:2605 imb:726 pmb:645 smb:6789 d:s ref:0 ;
in:727 out:728 type:b dur:2 cpbdur:2 q:41.68 aq:43.40 tex:17310 mv:14259 misc:3015 imb:328 pmb:1120 smb:6712 d:- ref:0 ;
in:734 out:729 type:P dur:2 cpbdur:2 q:40.78 aq:31.87 tex:529196 mv:32243 misc:2913 imb:3178 pmb:1887 smb:3095 d:s ref:0 ;
in:731 out:730 type:B dur:2 cpbdur:2 q:41.73 aq:41.54 tex:7711 mv:2396 misc:1925 imb:79 pmb:550 smb:7531 d:s ref:0 ;
in:729 out:731 type:b dur:2 cpbdur:2 q:43.91 aq:45.38 tex:6409 mv:18205 misc:2674 imb:309 pmb:1491 smb:6360 d:s ref:0 ;
in:730 out:732 type:b dur:2 cpbdur:2 q:43.91 aq:45.50 tex:5843 mv:12707 misc:2658 imb:237 pmb:1370 smb:6553 d:s ref:0 ;
in:732 out:733 type:b dur:2 cpbdur:2 q:42.07 aq:43.29 tex:6357 mv:4713 misc:2066 imb:57 pmb:592 smb:7511 d:- ref:0 ;
in:733 out:734 type:b dur:2 cpbdur:2 q:42.07 aq:43.05 tex:4852 mv:3738 misc:1994 imb:32 pmb:579 smb:7549 d:- ref:0 ;
in:738 out:735 type:P dur:2 cpbdur:2 q:40.43 aq:30.68 tex:344251 mv:18756 misc:3529 imb:719 pmb:3463 smb:3978 d:s ref:0 ;
in:736 out:736 type:B dur:2 cpbdur:2 q:41.67 aq:41.70 tex:2191 mv:6019 misc:1830 imb:107 pmb:490 smb:7563 d:s ref:0 ;
in:735 out:737 type:b dur:2 cpbdur:2 q:41.91 aq:42.62 tex:2347 mv:3920 misc:1509 imb:59 pmb:402 smb:7699 d:s ref:0 ;
in:737 out:738 type:b dur:2 cpbdur:2 q:41.92 aq:42.21 tex:640 mv:1976 misc:1056 imb:2 pmb:224 smb:7934 d:- ref:0 ;
in:741 out:739 type:P dur:2 cpbdur:2 q:45.39 aq:37.11 tex:55054 mv:3076 misc:2358 imb:41 pmb:1041 smb:7078 d:s ref:0 ;
in:739 out:740 type:B dur:2 cpbdur:2 q:45.96 aq:32.00 tex:6 mv:224 misc:546 imb:0 pmb:32 smb:8128 d:t ref:0 ;
in:740 out:741 type:b dur:2 cpbdur:2 q:46.30 aq:34.00 tex:4 mv:103 misc:477 imb:0 pmb:18 smb:8142 d:- ref:0 ;
in:743 out:742 type:P dur:2 cpbdur:2 q:43.50 aq:34.15 tex:115990 mv:2311 misc:2147 imb:55 pmb:1141 smb:6964 d:s ref:0 ;
in:742 out:743 type:b dur:2 cpbdur:2 q:45.85 aq:34.00 tex:3 mv:137 misc:500 imb:0 pmb:27 smb:8133 d:t ref:0 ;
in:746 out:744 type:P dur:2 cpbdur:2 q:41.86 aq:30.11 tex:93629 mv:3058 misc:2905 imb:68 pmb:1142 smb:6950 d:s ref:0 ;
in:744 out:745 type:B dur:2 cpbdur:2 q:43.93 aq:32.00 tex:29 mv:724 misc:647 imb:3 pmb:106 smb:8051 d:t ref:0 ;
in:745 out:746 type:b dur:2 cpbdur:2 q:44.00 aq:39.38 tex:58 mv:595 misc:563 imb:4 pmb:82 smb:8074 d:- ref:0 ;
in:750 out:747 type:P dur:2 cpbdur:2 q:39.22 aq:29.98 tex:129886 mv:6515 misc:4367 imb:263 pmb:1842 smb:6055 d:s ref:0 ;
in:748 out:748 type:B dur:2 cpbdur:2 q:42.13 aq:37.52 tex:483 mv:959 misc:790 imb:9 pmb:157 smb:7994 d:s ref:0 ;
in:747 out:749 type:b dur:2 cpbdur:2 q:42.34 aq:33.07 tex:99 mv:564 misc:537 imb:0 pmb:82 smb:8078 d:t ref:0 ;
in:749 out:750 type:b dur:2 cpbdur:2 q:42.34 aq:39.09 tex:127 mv:727 misc:850 imb:3 pmb:167 smb:7990 d:- ref:0 ;
in:754 out:751 type:P dur:2 cpbdur:2 q:38.69 aq:29.24 tex:136896 mv:5325 misc:4811 imb:160 pmb:2220 smb:5780 d:s ref:0 ;
in:752 out:752 type:B dur:2 cpbdur:2 q:39.66 aq:35.52 tex:1037 mv:1066 misc:809 imb:11 pmb:164 smb:7985 d:s ref:0 ;
in:751 out:753 type:b dur:2 cpbdur:2 q:39.92 aq:35.76 tex:198 mv:778 misc:760 imb:4 pmb:147 smb:8009 d:s ref:0 ;
in:753 out:754 type:b dur:2 cpbdur:2 q:39.92 aq:35.63 tex:67 mv:615 misc:566 imb:3 pmb:88 smb:8069 d:- ref:0 ;
in:756 out:755 type:P dur:2 cpbdur:2 q:39.09 aq:28.87 tex:165388 mv:7326 misc:4038 imb:285 pmb:2093 smb:5782 d:s ref:0 ;
in:755 out:756 type:b dur:2 cpbdur:2 q:39.82 aq:37.55 tex:170 mv:678 misc:776 imb:3 pmb:149 smb:8008 d:s ref:0 ;
in:760 out:757 type:P dur:2 cpbdur:2 q:38.31 aq:28.24 tex:154983 mv:4483 misc:4574 imb:165 pmb:2083 smb:5912 d:s ref:0 ;
in:758 out:758 type:B dur:2 cpbdur:2 q:39.46 aq:33.47 tex:987 mv:1080 misc:853 imb:13 pmb:163 smb:7984 d:s ref:0 ;
in:757 out:759 type:b dur:2 cpbdur:2 q:39.76 aq:33.12 tex:71 mv:566 misc:595 imb:0 pmb:85 smb:8075 d:t ref:0 ;
in:759 out:760 type:b dur:2 cpbdur:2 q:39.76 aq:35.43 tex:117 mv:713 misc:826 imb:2 pmb:168 smb:7990 d:- ref:0 ;
in:765 out:761 type:P dur:2 cpbdur:2 q:37.76 aq:28.07 tex:117021 mv:4174 misc:3749 imb:133 pmb:1568 smb:6459 d:s ref:0 ;
in:762 out:762 type:B dur:2 cpbdur:2 q:38.66 aq:33.76 tex:213 mv:891 misc:768 imb:3 pmb:142 smb:8015 d:s ref:0 ;
in:761 out:763 type:b dur:2 cpbdur:2 q:38.97 aq:35.95 tex:247 mv:726 misc:771 imb:4 pmb:150 smb:8006 d:s ref:0 ;
in:763 out:764 type:b dur:2 cpbdur:2 q:38.97 aq:35.66 tex:595 mv:651 misc:506 imb:7 pmb:72 smb:8081 d:- ref:0 ;
in:764 out:765 type:b dur:2 cpbdur:2 q:38.97 aq:37.40 tex:633 mv:658 misc:509 imb:6 pmb:76 smb:8078 d:- ref:0 ;
in:767 out:766 type:P dur:2 cpbdur:2 q:37.19 aq:27.73 tex:221757 mv:3589 misc:4702 imb:75 pmb:2968 smb:5117 d:s ref:0 ;
in:766 out:767 type:b dur:2 cpbdur:2 q:38.41 aq:33.07 tex:89 mv:600 misc:575 imb:2 pmb:91 smb:8067 d:t ref:0 ;
in:770 out:768 type:P dur:2 cpbdur:2 q:36.40 aq:26.64 tex:129968 mv:2823 misc:4385 imb:56 pmb:1927 smb:6177 d:s ref:0 ;
in:768 out:769 type:B dur:2 cpbdur:2 q:37.54 aq:33.94 tex:682 mv:760 misc:694 imb:8 pmb:115 smb:8037 d:t ref:0 ;
in:769 out:770 type:b dur:2 cpbdur:2 q:37.88 aq:33.00 tex:18 mv:575 misc:583 imb:1 pmb:91 smb:8068 d:- ref:0 ;
in:771 out:771 type:P dur:2 cpbdur:2 q:36.03 aq:26.05 tex:162307 mv:1925 misc:3896 imb:52 pmb:2138 smb:5970 d:s ref:0 ;
in:772 out:772 type:P dur:2 cpbdur:2 q:35.89 aq:25.84 tex:166118 mv:1576 misc:3738 imb:27 pmb:1955 smb:6178 d:s ref:0 ;
in:775 out:773 type:P dur:2 cpbdur:2 q:35.27 aq:25.60 tex:187181 mv:1880 misc:4107 imb:32 pmb:2358 smb:5770 d:s ref:0 ;
in:773 out:774 type:B dur:2 cpbdur:2 q:36.19 aq:33.39 tex:646 mv:689 misc:593 imb:7 pmb:86 smb:8067 d:t ref:0 ;
in:774 out:775 type:b dur:2 cpbdur:2 q:36.59 aq:33.06 tex:36 mv:560 misc:572 imb:0 pmb:89 smb:8071 d:- ref:0 ;
in:778 out:776 type:P dur:2 cpbdur:2 q:34.96 aq:25.42 tex:152712 mv:1578 misc:4302 imb:18 pmb:1957 smb:6185 d:s ref:0 ;
in:776 out:777 type:B dur:2 cpbdur:2 q:35.72 aq:32.06 tex:160 mv:621 misc:571 imb:3 pmb:83 smb:8074 d:t ref:0 ;
in:777 out:778 type:b dur:2 cpbdur:2 q:36.12 aq:33.06 tex:52 mv:565 misc:535 imb:2 pmb:81 smb:8077 d:- ref:0 ;
in:780 out:779 type:P dur:2 cpbdur:2 q:34.59 aq:25.45 tex:121447 mv:2007 misc:3914 imb:30 pmb:1680 smb:6450 d:s ref:0 ;
in:779 out:780 type:b dur:2 cpbdur:2 q:35.30 aq:33.94 tex:293 mv:677 misc:678 imb:0 pmb:135 smb:8025 d:t ref:0 ;
in:782 out:781 type:P dur:2 cpbdur:2 q:34.53 aq:25.76 tex:60616 mv:1086 misc:2946 imb:10 pmb:958 smb:7192 d:s ref:0 ;
in:781 out:782 type:b dur:2 cpbdur:2 q:34.98 aq:33.06 tex:74 mv:543 misc:519 imb:2 pmb:73 smb:8085 d:t ref:0 ;
in:785 out:783 type:P dur:2 cpbdur:2 q:34.39 aq:26.96 tex:72964 mv:1250 misc:3130 imb:13 pmb:1296 smb:6851 d:s ref:0 ;
in:783 out:784 type:B dur:2 cpbdur:2 q:34.91 aq:33.77 tex:772 mv:697 misc:587 imb:6 pmb:83 smb:8071 d:t ref:0 ;
in:784 out:785 type:b dur:2 cpbdur:2 q:34.91 aq:34.15 tex:46 mv:590 misc:556 imb:1 pmb:84 smb:8075 d:- ref:0 ;
in:789 out:786 type:P dur:2 cpbdur:2 q:34.08 aq:26.32 tex:15857 mv:1348 misc:1147 imb:29 pmb:226 smb:7905 d:s ref:0 ;
in:787 out:787 type:B dur:2 cpbdur:2 q:34.39 aq:32.38 tex:981 mv:845 misc:590 imb:3 pmb:109 smb:8048 d:t ref:0 ;
in:786 out:788 type:b dur:2 cpbdur:2 q:34.39 aq:33.04 tex:225 mv:586 misc:565 imb:0 pmb:93 smb:8067 d:t ref:0 ;
in:788 out:789 type:b dur:2 cpbdur:2 q:34.39 aq:33.00 tex:76 mv:585 misc:555 imb:1 pmb:92 smb:8067 d:- ref:0 ;
in:794 out:790 type:P dur:2 cpbdur:2 q:34.02 aq:26.66 tex:10043 mv:1645 misc:992 imb:25 pmb:221 smb:7914 d:s ref:0 ;
in:791 out:791 type:B dur:2 cpbdur:2 q:34.08 aq:30.48 tex:17213 mv:3696 misc:859 imb:78 pmb:274 smb:7808 d:t ref:0 ;
in:790 out:792 type:b dur:2 cpbdur:2 q:34.08 aq:33.03 tex:208 mv:678 misc:762 imb:4 pmb:148 smb:8008 d:s ref:0 ;
in:792 out:793 type:b dur:2 cpbdur:2 q:34.08 aq:34.15 tex:666 mv:1127 misc:839 imb:6 pmb:210 smb:7944 d:- ref:0 ;
in:793 out:794 type:b dur:2 cpbdur:2 q:34.08 aq:33.85 tex:734 mv:1231 misc:819 imb:7 pmb:195 smb:7958 d:- ref:0 ;
in:798 out:795 type:P dur:2 cpbdur:2 q:33.91 aq:26.95 tex:29741 mv:3169 misc:922 imb:98 pmb:302 smb:7760 d:s ref:0 ;
in:796 out:796 type:B dur:2 cpbdur:2 q:34.02 aq:32.96 tex:1548 mv:1082 misc:834 imb:9 pmb:172 smb:7979 d:s ref:0 ;
in:795 out:797 type:b dur:2 cpbdur:2 q:34.02 aq:33.65 tex:857 mv:780 misc:779 imb:2 pmb:158 smb:8000 d:s ref:0 ;
in:797 out:798 type:b dur:2 cpbdur:2 q:34.02 aq:33.02 tex:139 mv:638 misc:647 imb:3 pmb:102 smb:8055 d:- ref:0 ;
in:801 out:799 type:P dur:2 cpbdur:2 q:33.86 aq:32.59 tex:6661 mv:1143 misc:700 imb:23 pmb:124 smb:8013 d:s ref:0 ;
in:799 out:800 type:B dur:2 cpbdur:2 q:33.91 aq:32.02 tex:221 mv:638 misc:581 imb:2 pmb:92 smb:8066 d:t ref:0 ;
in:800 out:801 type:b dur:2 cpbdur:2 q:33.91 aq:33.04 tex:185 mv:596 misc:587 imb:1 pmb:102 smb:8057 d:- ref:0 ;
in:803 out:802 type:P dur:2 cpbdur:2 q:34.25 aq:32.90 tex:92936 mv:7739 misc:1997 imb:219 pmb:1309 smb:6632 d:s ref:0 ;
in:802 out:803 type:b dur:2 cpbdur:2 q:34.26 aq:34.76 tex:1494 mv:2372 misc:1614 imb:4 pmb:461 smb:7695 d:s ref:0 ;
in:807 out:804 type:P dur:2 cpbdur:2 q:34.37 aq:33.05 tex:187212 mv:11975 misc:1245 imb:1929 pmb:407 smb:5824 d:s ref:0 ;
in:805 out:805 type:B dur:2 cpbdur:2 q:40.17 aq:38.99 tex:42376 mv:14313 misc:2495 imb:384 pmb:1137 smb:6639 d:s ref:0 ;
in:804 out:806 type:b dur:2 cpbdur:2 q:40.17 aq:39.90 tex:11524 mv:6893 misc:2135 imb:86 pmb:807 smb:7267 d:s ref:0 ;
in:806 out:807 type:b dur:2 cpbdur:2 q:40.17 aq:40.67 tex:35044 mv:12678 misc:2398 imb:409 pmb:1001 smb:6750 d:- ref:0 ;
in:809 out:808 type:P dur:2 cpbdur:2 q:33.77 aq:34.85 tex:28305 mv:7812 misc:1515 imb:1651 pmb:379 smb:6130 d:s ref:0 ;
in:808 out:809 type:b dur:2 cpbdur:2 q:35.02 aq:35.05 tex:68475 mv:11659 misc:1730 imb:780 pmb:808 smb:6572 d:s ref:0 ;
in:810 out:810 type:I dur:2 cpbdur:2 q:31.04 aq:31.26 tex:586351 mv:16578 misc:351 imb:8160 pmb:0 smb:0 d:s ref:;
in:812 out:811 type:P dur:2 cpbdur:2 q:35.61 aq:34.26 tex:199656 mv:27395 misc:1325 imb:7161 pmb:580 smb:419 d:s ref:0 w:5,31,-79,4,24,-62,19,-20 ;
in:811 out:812 type:b dur:2 cpbdur:2 q:36.03 aq:37.10 tex:5633 mv:4559 misc:1808 imb:594 pmb:217 smb:7349 d:s ref:0 ;
in:813 out:813 type:P dur:2 cpbdur:2 q:35.21 aq:33.32 tex:157373 mv:17566 misc:5101 imb:2285 pmb:1508 smb:4367 d:s ref:0 w:5,35,-37,6,73,-17,64,0 ;
in:814 out:814 type:P dur:2 cpbdur:2 q:35.50 aq:33.96 tex:161095 mv:24471 misc:5170 imb:4659 pmb:1153 smb:2348 d:s ref:0 w:6,71,-27,6,77,-26,77,-24 ;
in:815 out:815 type:P dur:2 cpbdur:2 q:35.58 aq:34.00 tex:98787 mv:12439 misc:5246 imb:1918 pmb:871 smb:5371 d:s ref:0 w:6,73,-20,6,70,-12,69,-9 ;
in:817 out:816 type:P dur:2 cpbdur:2 q:39.60 aq:32.21 tex:377189 mv:28742 misc:997 imb:7521 pmb:542 smb:97 d:s ref:0 ;
in:816 out:817 type:b dur:2 cpbdur:2 q:39.81 aq:42.37 tex:2112 mv:5014 misc:1474 imb:365 pmb:319 smb:7476 d:s ref:0 ;
in:823 out:818 type:P dur:2 cpbdur:2 q:42.20 aq:34.87 tex:392071 mv:19591 misc:2602 imb:2378 pmb:1215 smb:4567 d:s ref:0 ;
in:820 out:819 type:B dur:2 cpbdur:2 q:42.78 aq:41.75 tex:30019 mv:4224 misc:1709 imb:84 pmb:741 smb:7335 d:s ref:0 ;
in:818 out:820 type:b dur:2 cpbdur:2 q:43.16 aq:44.77 tex:4089 mv:2956 misc:1683 imb:48 pmb:522 smb:7590 d:s ref:0 ;
in:819 out:821 type:b dur:2 cpbdur:2 q:46.77 aq:47.07 tex:17149 mv:2938 misc:1737 imb:27 pmb:686 smb:7447 d:s ref:0 ;
in:821 out:822 type:b dur:2 cpbdur:2 q:43.13 aq:44.11 tex:7465 mv:2433 misc:1510 imb:33 pmb:545 smb:7582 d:- ref:0 ;
in:822 out:823 type:b dur:2 cpbdur:2 q:43.13 aq:44.71 tex:2848 mv:1789 misc:1443 imb:38 pmb:435 smb:7687 d:- ref:0 ;
in:827 out:824 type:P dur:2 cpbdur:2 q:42.70 aq:36.98 tex:86139 mv:7615 misc:3838 imb:316 pmb:1301 smb:6543 d:s ref:0 ;
in:825 out:825 type:B dur:2 cpbdur:2 q:43.33 aq:42.96 tex:263 mv:884 misc:829 imb:3 pmb:143 smb:8014 d:t ref:0 ;
in:824 out:826 type:b dur:2 cpbdur:2 q:43.33 aq:45.81 tex:16016 mv:1592 misc:1240 imb:8 pmb:481 smb:7671 d:s ref:0 ;
in:826 out:827 type:b dur:2 cpbdur:2 q:43.33 aq:46.00 tex:15250 mv:1322 misc:1124 imb:5 pmb:447 smb:7708 d:- ref:0 ;
in:829 out:828 type:P dur:2 cpbdur:2 q:42.03 aq:34.85 tex:121468 mv:8792 misc:4116 imb:489 pmb:1345 smb:6326 d:s ref:0 ;
in:828 out:829 type:b dur:2 cpbdur:2 q:43.09 aq:46.15 tex:183 mv:810 misc:1295 imb:1 pmb:298 smb:7861 d:s ref:0 ;
in:831 out:830 type:P dur:2 cpbdur:2 q:39.89 aq:31.52 tex:279280 mv:15606 misc:5938 imb:972 pmb:3412 smb:3776 d:s ref:0 ;
in:830 out:831 type:b dur:2 cpbdur:2 q:42.32 aq:33.00 tex:21 mv:682 misc:769 imb:0 pmb:128 smb:8032 d:t ref:0 ;
in:833 out:832 type:P dur:2 cpbdur:2 q:40.59 aq:32.90 tex:65542 mv:5038 misc:3940 imb:167 pmb:1616 smb:6377 d:s ref:0 ;
in:832 out:833 type:b dur:2 cpbdur:2 q:41.23 aq:33.00 tex:16 mv:511 misc:609 imb:0 pmb:77 smb:8083 d:t ref:0 ;
in:835 out:834 type:P dur:2 cpbdur:2 q:40.79 aq:35.09 tex:75625 mv:4426 misc:3781 imb:87 pmb:1517 smb:6556 d:s ref:0 ;
in:834 out:835 type:b dur:2 cpbdur:2 q:41.33 aq:33.00 tex:22 mv:573 misc:669 imb:0 pmb:103 smb:8057 d:t ref:0 ;
in:836 out:836 type:P dur:2 cpbdur:2 q:39.41 aq:30.56 tex:131282 mv:5239 misc:5983 imb:205 pmb:2084 smb:5871 d:s ref:0 ;
in:838 out:837 type:P dur:2 cpbdur:2 q:38.96 aq:30.09 tex:135894 mv:6884 misc:5886 imb:191 pmb:2496 smb:5473 d:s ref:0 ;
in:837 out:838 type:b dur:2 cpbdur:2 q:39.87 aq:33.05 tex:106 mv:556 misc:538 imb:1 pmb:78 smb:8081 d:t ref:0 ;
in:844 out:839 type:P dur:2 cpbdur:2 q:39.00 aq:32.80 tex:168763 mv:10219 misc:3642 imb:401 pmb:2256 smb:5503 d:s ref:0 ;
in:841 out:840 type:B dur:2 cpbdur:2 q:39.64 aq:37.17 tex:5092 mv:2384 misc:1156 imb:56 pmb:307 smb:7797 d:s ref:0 ;
in:839 out:841 type:b dur:2 cpbdur:2 q:39.86 aq:42.61 tex:461 mv:760 misc:763 imb:4 pmb:143 smb:8013 d:s ref:0 ;
in:840 out:842 type:b dur:2 cpbdur:2 q:39.86 aq:40.62 tex:625 mv:982 misc:921 imb:3 pmb:205 smb:7952 d:s ref:0 ;
in:842 out:843 type:b dur:2 cpbdur:2 q:39.86 aq:42.90 tex:5334 mv:2049 misc:673 imb:57 pmb:158 smb:7945 d:- ref:0 ;
in:843 out:844 type:b dur:2 cpbdur:2 q:39.86 aq:39.41 tex:1375 mv:1094 misc:683 imb:32 pmb:135 smb:7993 d:- ref:0 ;
in:845 out:845 type:P dur:2 cpbdur:2 q:38.74 aq:31.01 tex:162548 mv:5463 misc:4781 imb:125 pmb:2179 smb:5856 d:s ref:0 ;
in:847 out:846 type:P dur:2 cpbdur:2 q:38.35 aq:30.89 tex:141913 mv:6976 misc:5031 imb:326 pmb:2523 smb:5311 d:s ref:0 ;
in:846 out:847 type:b dur:2 cpbdur:2 q:39.26 aq:33.08 tex:98 mv:574 misc:560 imb:0 pmb:86 smb:8074 d:t ref:0 ;
in:849 out:848 type:P dur:2 cpbdur:2 q:38.22 aq:30.44 tex:141518 mv:6810 misc:4880 imb:108 pmb:2369 smb:5683 d:s ref:0 ;
in:848 out:849 type:b dur:2 cpbdur:2 q:38.84 aq:33.11 tex:160 mv:603 misc:741 imb:0 pmb:127 smb:8033 d:t ref:0 ;
in:850 out:850 type:P dur:2 cpbdur:2 q:37.93 aq:29.40 tex:171825 mv:3951 misc:4792 imb:65 pmb:2491 smb:5604 d:s ref:0 ;
in:851 out:851 type:P dur:2 cpbdur:2 q:37.73 aq:29.59 tex:133064 mv:4627 misc:5429 imb:57 pmb:2335 smb:5768 d:s ref:0 ;
in:852 out:852 type:P dur:2 cpbdur:2 q:37.19 aq:28.87 tex:140109 mv:5760 misc:5731 imb:138 pmb:2415 smb:5607 d:s ref:0 ;
in:854 out:853 type:P dur:2 cpbdur:2 q:37.09 aq:29.19 tex:136131 mv:6557 misc:4632 imb:174 pmb:2302 smb:5684 d:s ref:0 ;
in:853 out:854 type:b dur:2 cpbdur:2 q:37.84 aq:36.71 tex:168 mv:662 misc:658 imb:1 pmb:125 smb:8034 d:t ref:0 ;
in:855 out:855 type:P dur:2 cpbdur:2 q:36.74 aq:28.67 tex:136837 mv:4821 misc:5214 imb:147 pmb:2350 smb:5663 d:s ref:0 ;
in:856 out:856 type:P dur:2 cpbdur:2 q:36.66 aq:28.42 tex:115372 mv:4659 misc:4969 imb:82 pmb:2082 smb:5996 d:s ref:0 ;
in:860 out:857 type:P dur:2 cpbdur:2 q:36.41 aq:29.28 tex:222563 mv:10747 misc:4762 imb:210 pmb:2839 smb:5111 d:s ref:0 ;
in:858 out:858 type:B dur:2 cpbdur:2 q:37.18 aq:34.59 tex:1639 mv:1189 misc:1156 imb:8 pmb:264 smb:7888 d:s ref:0 ;
in:857 out:859 type:b dur:2 cpbdur:2 q:37.44 aq:34.91 tex:500 mv:757 misc:615 imb:1 pmb:112 smb:8047 d:t ref:0 ;
in:859 out:860 type:b dur:2 cpbdur:2 q:37.44 aq:35.73 tex:122 mv:880 misc:1062 imb:1 pmb:233 smb:7926 d:- ref:0 ;
in:861 out:861 type:P dur:2 cpbdur:2 q:36.09 aq:28.74 tex:176883 mv:4090 misc:5411 imb:78 pmb:2559 smb:5523 d:s ref:0 ;
in:862 out:862 type:P dur:2 cpbdur:2 q:35.87 aq:27.79 tex:168887 mv:5125 misc:5452 imb:157 pmb:2639 smb:5364 d:s ref:0 ;
in:863 out:863 type:P dur:2 cpbdur:2 q:35.94 aq:28.43 tex:107973 mv:3673 misc:4618 imb:100 pmb:1895 smb:6165 d:s ref:0 ;
in:864 out:864 type:P dur:2 cpbdur:2 q:35.81 aq:28.73 tex:144300 mv:5179 misc:4569 imb:131 pmb:1927 smb:6102 d:s ref:0 ;
in:866 out:865 type:P dur:2 cpbdur:2 q:35.95 aq:29.22 tex:124843 mv:5558 misc:4311 imb:105 pmb:2075 smb:5980 d:s ref:0 ;
in:865 out:866 type:b dur:2 cpbdur:2 q:36.36 aq:36.52 tex:176 mv:671 misc:697 imb:1 pmb:138 smb:8021 d:t ref:0 ;
in:868 out:867 type:P dur:2 cpbdur:2 q:35.81 aq:28.91 tex:131025 mv:6279 misc:4160 imb:121 pmb:2030 smb:6009 d:s ref:0 ;
in:867 out:868 type:b dur:2 cpbdur:2 q:36.40 aq:38.80 tex:237 mv:907 misc:872 imb:21 pmb:195 smb:7944 d:t ref:0 ;
in:870 out:869 type:P dur:2 cpbdur:2 q:35.70 aq:29.28 tex:145995 mv:6004 misc:3649 imb:162 pmb:2191 smb:5807 d:s ref:0 ;
in:869 out:870 type:b dur:2 cpbdur:2 q:36.28 aq:33.00 tex:20 mv:613 misc:575 imb:2 pmb:94 smb:8064 d:t ref:0 ;
in:871 out:871 type:P dur:2 cpbdur:2 q:35.50 aq:28.36 tex:108914 mv:3745 misc:4485 imb:112 pmb:1863 smb:6185 d:s ref:0 ;
in:872 out:872 type:P dur:2 cpbdur:2 q:35.54 aq:28.61 tex:141706 mv:4005 misc:3929 imb:70 pmb:1687 smb:6403 d:s ref:0 ;
in:875 out:873 type:P dur:2 cpbdur:2 q:35.76 aq:30.07 tex:172489 mv:7586 misc:3621 imb:92 pmb:2291 smb:5777 d:s ref:0 ;
in:873 out:874 type:B dur:2 cpbdur:2 q:36.27 aq:37.72 tex:1983 mv:1121 misc:896 imb:6 pmb:205 smb:7949 d:s ref:0 ;
in:874 out:875 type:b dur:2 cpbdur:2 q:36.60 aq:34.85 tex:122 mv:615 misc:607 imb:0 pmb:105 smb:8055 d:- ref:0 ;
in:876 out:876 type:P dur:2 cpbdur:2 q:35.54 aq:28.71 tex:99004 mv:3403 misc:4353 imb:75 pmb:1813 smb:6272 d:s ref:0 ;
in:877 out:877 type:P dur:2 cpbdur:2 q:35.52 aq:28.91 tex:108678 mv:3723 misc:4015 imb:47 pmb:1897 smb:6216 d:s ref:0 ;
in:881 out:878 type:P dur:2 cpbdur:2 q:35.58 aq:29.71 tex:224327 mv:9554 misc:3239 imb:210 pmb:2491 smb:5459 d:s ref:0 ;
in:879 out:879 type:B dur:2 cpbdur:2 q:35.82 aq:35.43 tex:1617 mv:1357 misc:1258 imb:8 pmb:269 smb:7883 d:s ref:0 ;
in:878 out:880 type:b dur:2 cpbdur:2 q:36.04 aq:37.53 tex:191 mv:710 misc:675 imb:4 pmb:125 smb:8031 d:s ref:0 ;
in:880 out:881 type:b dur:2 cpbdur:2 q:36.04 aq:38.34 tex:210 mv:790 misc:1064 imb:3 pmb:207 smb:7950 d:- ref:0 ;
in:882 out:882 type:P dur:2 cpbdur:2 q:35.54 aq:28.39 tex:81564 mv:2573 misc:4119 imb:21 pmb:1559 smb:6580 d:s ref:0 ;
in:883 out:883 type:P dur:2 cpbdur:2 q:35.34 aq:27.82 tex:79728 mv:3295 misc:4089 imb:63 pmb:1657 smb:6440 d:s ref:0 ;
in:884 out:884 type:P dur:2 cpbdur:2 q:35.46 aq:29.43 tex:120116 mv:5257 misc:3603 imb:141 pmb:1973 smb:6046 d:s ref:0 ;
in:885 out:885 type:P dur:2 cpbdur:2 q:35.35 aq:28.93 tex:92846 mv:3475 misc:3839 imb:69 pmb:1705 smb:6386 d:s ref:0 ;
in:886 out:886 type:P dur:2 cpbdur:2 q:35.23 aq:28.98 tex:80328 mv:3478 misc:3698 imb:46 pmb:1580 smb:6534 d:s ref:0 ;
in:887 out:887 type:P dur:2 cpbdur:2 q:35.43 aq:29.53 tex:111025 mv:5477 misc:3450 imb:184 pmb:1621 smb:6355 d:s ref:0 ;
in:888 out:888 type:P dur:2 cpbdur:2 q:35.31 aq:29.36 tex:94658 mv:4005 misc:3929 imb:105 pmb:1712 smb:6343 d:s ref:0 ;
in:889 out:889 type:P dur:2 cpbdur:2 q:35.30 aq:28.44 tex:68435 mv:2529 misc:3724 imb:25 pmb:1414 smb:6721 d:s ref:0 ;
in:890 out:890 type:P dur:2 cpbdur:2 q:35.83 aq:30.46 tex:82914 mv:3830 misc:3192 imb:27 pmb:1532 smb:6601 d:s ref:0 ;
in:891 out:891 type:P dur:2 cpbdur:2 q:35.47 aq:28.89 tex:73125 mv:3625 misc:3626 imb:95 pmb:1441 smb:6624 d:s ref:0 ;
in:892 out:892 type:P dur:2 cpbdur:2 q:35.41 aq:28.97 tex:100252 mv:4599 misc:4029 imb:75 pmb:1721 smb:6364 d:s ref:0 ;
in:893 out:893 type:P dur:2 cpbdur:2 q:35.35 aq:28.41 tex:86795 mv:4146 misc:3851 imb:85 pmb:1704 smb:6371 d:s ref:0 ;
in:894 out:894 type:P dur:2 cpbdur:2 q:35.36 aq:28.11 tex:86170 mv:3666 misc:4164 imb:68 pmb:1714 smb:6378 d:s ref:0 ;
in:895 out:895 type:P dur:2 cpbdur:2 q:35.26 aq:28.69 tex:87958 mv:3838 misc:3748 imb:82 pmb:1660 smb:6418 d:s ref:0 ;
in:896 out:896 type:P dur:2 cpbdur:2 q:35.22 aq:28.33 tex:122482 mv:4521 misc:3701 imb:46 pmb:1866 smb:6248 d:s ref:0 ;
in:897 out:897 type:P dur:2 cpbdur:2 q:35.26 aq:28.43 tex:74923 mv:3287 misc:3518 imb:32 pmb:1531 smb:6597 d:s ref:0 ;
in:898 out:898 type:P dur:2 cpbdur:2 q:35.40 aq:28.35 tex:85360 mv:3159 misc:3729 imb:17 pmb:1440 smb:6703 d:s ref:0 ;
in:899 out:899 type:P dur:2 cpbdur:2 q:35.50 aq:28.88 tex:98888 mv:4277 misc:3779 imb:45 pmb:1646 smb:6469 d:s ref:0 ;
in:900 out:900 type:P dur:2 cpbdur:2 q:35.73 aq:28.98 tex:83923 mv:4150 misc:3871 imb:77 pmb:1441 smb:6642 d:s ref:0 ;
in:901 out:901 type:P dur:2 cpbdur:2 q:36.10 aq:30.01 tex:143283 mv:5766 misc:3751 imb:120 pmb:1603 smb:6437 d:s ref:0 ;
in:902 out:902 type:P dur:2 cpbdur:2 q:35.92 aq:29.66 tex:115643 mv:5416 misc:3653 imb:90 pmb:1874 smb:6196 d:s ref:0 ;
in:905 out:903 type:P dur:2 cpbdur:2 q:36.46 aq:30.00 tex:229768 mv:9639 misc:3241 imb:365 pmb:2173 smb:5622 d:s ref:0 ;
in:903 out:904 type:B dur:2 cpbdur:2 q:36.70 aq:37.13 tex:14192 mv:2549 misc:1059 imb:23 pmb:329 smb:7808 d:t ref:0 ;
in:904 out:905 type:b dur:2 cpbdur:2 q:36.79 aq:37.97 tex:5276 mv:3398 misc:902 imb:2 pmb:319 smb:7839 d:- ref:0 ;
in:909 out:906 type:P dur:2 cpbdur:2 q:36.54 aq:30.07 tex:110327 mv:8956 misc:3773 imb:196 pmb:2088 smb:5876 d:s ref:0 ;
in:907 out:907 type:B dur:2 cpbdur:2 q:37.07 aq:36.49 tex:1221 mv:1891 misc:1072 imb:55 pmb:240 smb:7865 d:s ref:0 ;
in:906 out:908 type:b dur:2 cpbdur:2 q:37.07 aq:37.39 tex:919 mv:1456 misc:873 imb:2 pmb:214 smb:7944 d:s ref:0 ;
in:908 out:909 type:b dur:2 cpbdur:2 q:37.07 aq:37.34 tex:273 mv:1179 misc:892 imb:12 pmb:218 smb:7930 d:- ref:0 ;
in:913 out:910 type:P dur:2 cpbdur:2 q:36.73 aq:30.55 tex:126631 mv:10036 misc:3941 imb:202 pmb:2288 smb:5670 d:s ref:0 ;
in:911 out:911 type:B dur:2 cpbdur:2 q:36.87 aq:37.11 tex:2675 mv:1722 misc:1067 imb:11 pmb:264 smb:7885 d:s ref:0 ;
in:910 out:912 type:b dur:2 cpbdur:2 q:36.94 aq:37.95 tex:1775 mv:1445 misc:796 imb:7 pmb:192 smb:7961 d:t ref:0 ;
in:912 out:913 type:b dur:2 cpbdur:2 q:36.94 aq:39.08 tex:1266 mv:1121 misc:917 imb:2 pmb:211 smb:7947 d:- ref:0 ;
in:919 out:914 type:P dur:2 cpbdur:2 q:37.69 aq:32.15 tex:127997 mv:11661 misc:3854 imb:268 pmb:2187 smb:5705 d:s ref:0 ;
in:916 out:915 type:B dur:2 cpbdur:2 q:37.89 aq:36.99 tex:5058 mv:2282 misc:1956 imb:23 pmb:524 smb:7613 d:s ref:0 ;
in:914 out:916 type:b dur:2 cpbdur:2 q:37.97 aq:37.88 tex:1452 mv:915 misc:673 imb:8 pmb:117 smb:8035 d:s ref:0 ;
in:915 out:917 type:b dur:2 cpbdur:2 q:37.97 aq:37.31 tex:775 mv:901 misc:796 imb:2 pmb:146 smb:8012 d:s ref:0 ;
in:917 out:918 type:b dur:2 cpbdur:2 q:37.97 aq:38.70 tex:1374 mv:1179 misc:1087 imb:7 pmb:226 smb:7927 d:- ref:0 ;
in:918 out:919 type:b dur:2 cpbdur:2 q:37.97 aq:40.28 tex:3505 mv:1739 misc:1396 imb:19 pmb:380 smb:7761 d:- ref:0 ;
in:924 out:920 type:P dur:2 cpbdur:2 q:38.43 aq:33.19 tex:291082 mv:18939 misc:2867 imb:627 pmb:2600 smb:4933 d:s ref:0 ;
in:921 out:921 type:B dur:2 cpbdur:2 q:38.96 aq:37.56 tex:6383 mv:4425 misc:2024 imb:47 pmb:604 smb:7509 d:s ref:0 ;
in:920 out:922 type:b dur:2 cpbdur:2 q:38.96 aq:39.37 tex:11628 mv:3198 misc:1094 imb:118 pmb:295 smb:7747 d:s ref:0 ;
in:922 out:923 type:b dur:2 cpbdur:2 q:38.96 aq:38.84 tex:16755 mv:11380 misc:2809 imb:162 pmb:1144 smb:6854 d:- ref:0 ;
in:923 out:924 type:b dur:2 cpbdur:2 q:38.96 aq:40.61 tex:3570 mv:4148 misc:1754 imb:24 pmb:434 smb:7702 d:- ref:0 ;
in:928 out:925 type:P dur:2 cpbdur:2 q:39.02 aq:33.63 tex:212266 mv:15187 misc:2411 imb:261 pmb:2462 smb:5437 d:s ref:0 ;
in:926 out:926 type:B dur:2 cpbdur:2 q:39.14 aq:39.80 tex:8738 mv:6856 misc:2662 imb:29 pmb:1051 smb:7080 d:s ref:0 ;
in:925 out:927 type:b dur:2 cpbdur:2 q:39.14 aq:40.11 tex:13513 mv:9686 misc:2537 imb:185 pmb:929 smb:7046 d:s ref:0 ;
in:927 out:928 type:b dur:2 cpbdur:2 q:39.14 aq:39.93 tex:195 mv:1030 misc:1303 imb:0 pmb:297 smb:7863 d:- ref:0 ;
in:929 out:929 type:P dur:2 cpbdur:2 q:37.79 aq:31.42 tex:73517 mv:4800 misc:4187 imb:68 pmb:1455 smb:6637 d:s ref:0 ;
in:931 out:930 type:P dur:2 cpbdur:2 q:36.90 aq:30.78 tex:92917 mv:5203 misc:4496 imb:121 pmb:1736 smb:6303 d:s ref:0 ;
in:930 out:931 type:b dur:2 cpbdur:2 q:37.94 aq:34.00 tex:96 mv:767 misc:665 imb:9 pmb:120 smb:8031 d:t ref:0 ;
in:933 out:932 type:P dur:2 cpbdur:2 q:36.90 aq:30.64 tex:113550 mv:6958 misc:4156 imb:95 pmb:2119 smb:5946 d:s ref:0 ;
in:932 out:933 type:b dur:2 cpbdur:2 q:37.43 aq:34.03 tex:120 mv:666 misc:814 imb:2 pmb:159 smb:7999 d:t ref:0 ;
in:934 out:934 type:P dur:2 cpbdur:2 q:36.08 aq:29.31 tex:104417 mv:5229 misc:4458 imb:104 pmb:2076 smb:5980 d:s ref:0 ;
in:936 out:935 type:P dur:2 cpbdur:2 q:37.10 aq:31.23 tex:121377 mv:6116 misc:4139 imb:94 pmb:2194 smb:5872 d:s ref:0 ;
in:935 out:936 type:b dur:2 cpbdur:2 q:37.62 aq:36.02 tex:40 mv:577 misc:679 imb:0 pmb:114 smb:8046 d:s ref:0 ;
in:937 out:937 type:P dur:2 cpbdur:2 q:36.43 aq:30.19 tex:82057 mv:3454 misc:4265 imb:32 pmb:1594 smb:6534 d:s ref:0 ;
in:938 out:938 type:P dur:2 cpbdur:2 q:36.04 aq:29.78 tex:87469 mv:3919 misc:4428 imb:78 pmb:1689 smb:6393 d:s ref:0 ;
in:942 out:939 type:P dur:2 cpbdur:2 q:36.88 aq:30.82 tex:135175 mv:8589 misc:4620 imb:167 pmb:2684 smb:5309 d:s ref:0 ;
in:940 out:940 type:B dur:2 cpbdur:2 q:37.24 aq:36.51 tex:2893 mv:1349 misc:1310 imb:7 pmb:409 smb:7744 d:t ref:0 ;
in:939 out:941 type:b dur:2 cpbdur:2 q:37.44 aq:35.91 tex:91 mv:677 misc:808 imb:2 pmb:159 smb:7999 d:s ref:0 ;
in:941 out:942 type:b dur:2 cpbdur:2 q:37.44 aq:38.16 tex:2894 mv:1885 misc:925 imb:7 pmb:300 smb:7853 d:- ref:0 ;
in:943 out:943 type:P dur:2 cpbdur:2 q:36.99 aq:30.15 tex:125725 mv:6132 misc:4359 imb:220 pmb:2156 smb:5784 d:s ref:0 ;
in:944 out:944 type:P dur:2 cpbdur:2 q:36.22 aq:29.72 tex:143598 mv:6536 misc:4346 imb:215 pmb:2701 smb:5244 d:s ref:0 ;
in:949 out:945 type:P dur:2 cpbdur:2 q:36.42 aq:30.35 tex:143270 mv:10007 misc:4491 imb:164 pmb:2500 smb:5496 d:s ref:0 ;
in:946 out:946 type:B dur:2 cpbdur:2 q:36.92 aq:35.48 tex:3886 mv:2933 misc:1525 imb:120 pmb:364 smb:7676 d:s ref:0 ;
in:945 out:947 type:b dur:2 cpbdur:2 q:37.19 aq:38.90 tex:319 mv:902 misc:707 imb:2 pmb:121 smb:8037 d:s ref:0 ;
in:947 out:948 type:b dur:2 cpbdur:2 q:37.17 aq:38.00 tex:468 mv:1027 misc:937 imb:1 pmb:189 smb:7970 d:- ref:0 ;
in:948 out:949 type:b dur:2 cpbdur:2 q:37.17 aq:35.54 tex:746 mv:1487 misc:1063 imb:16 pmb:246 smb:7898 d:- ref:0 ;
in:953 out:950 type:P dur:2 cpbdur:2 q:36.45 aq:30.42 tex:240084 mv:12908 misc:4368 imb:499 pmb:2556 smb:5105 d:s ref:0 ;
in:951 out:951 type:B dur:2 cpbdur:2 q:37.20 aq:37.84 tex:5881 mv:1760 misc:1391 imb:40 pmb:539 smb:7581 d:s ref:0 ;
in:950 out:952 type:b dur:2 cpbdur:2 q:37.55 aq:37.54 tex:1577 mv:1319 misc:1128 imb:7 pmb:245 smb:7908 d:s ref:0 ;
in:952 out:953 type:b dur:2 cpbdur:2 q:37.54 aq:39.24 tex:682 mv:1147 misc:915 imb:27 pmb:202 smb:7931 d:- ref:0 ;
in:954 out:954 type:P dur:2 cpbdur:2 q:35.64 aq:28.95 tex:145466 mv:4443 misc:5251 imb:29 pmb:2711 smb:5420 d:s ref:0 ;
in:956 out:955 type:P dur:2 cpbdur:2 q:36.31 aq:31.89 tex:125316 mv:6000 misc:4028 imb:71 pmb:2182 smb:5907 d:s ref:0 ;
in:955 out:956 type:b dur:2 cpbdur:2 q:36.83 aq:36.64 tex:300 mv:879 misc:797 imb:2 pmb:160 smb:7998 d:t ref:0 ;
in:957 out:957 type:P dur:2 cpbdur:2 q:36.42 aq:30.70 tex:92195 mv:4703 misc:4374 imb:69 pmb:1784 smb:6307 d:s ref:0 ;
in:958 out:958 type:P dur:2 cpbdur:2 q:35.56 aq:28.87 tex:100955 mv:4468 misc:5065 imb:50 pmb:2108 smb:6002 d:s ref:0 ;
in:959 out:959 type:P dur:2 cpbdur:2 q:35.66 aq:29.46 tex:105717 mv:5016 misc:4275 imb:57 pmb:2019 smb:6084 d:s ref:0 ;
in:960 out:960 type:P dur:2 cpbdur:2 q:35.42 aq:29.33 tex:92147 mv:4466 misc:4227 imb:63 pmb:1645 smb:6452 d:s ref:0 ;
in:961 out:961 type:P dur:2 cpbdur:2 q:35.30 aq:29.03 tex:89488 mv:4380 misc:4404 imb:61 pmb:1852 smb:6247 d:s ref:0 ;
in:962 out:962 type:P dur:2 cpbdur:2 q:35.53 aq:29.91 tex:96000 mv:4422 misc:4066 imb:21 pmb:1877 smb:6262 d:s ref:0 ;
in:963 out:963 type:P dur:2 cpbdur:2 q:35.67 aq:29.86 tex:96471 mv:4473 misc:3576 imb:50 pmb:1775 smb:6335 d:s ref:0 ;
in:964 out:964 type:P dur:2 cpbdur:2 q:35.27 aq:29.52 tex:84291 mv:3954 misc:4211 imb:32 pmb:1825 smb:6303 d:s ref:0 ;
in:965 out:965 type:P dur:2 cpbdur:2 q:35.18 aq:29.07 tex:86917 mv:4487 misc:4068 imb:80 pmb:1845 smb:6235 d:s ref:0 ;
in:966 out:966 type:P dur:2 cpbdur:2 q:35.60 aq:29.30 tex:101972 mv:5066 misc:4034 imb:49 pmb:1602 smb:6509 d:s ref:0 ;
in:967 out:967 type:P dur:2 cpbdur:2 q:35.15 aq:29.19 tex:103663 mv:4957 misc:4284 imb:101 pmb:2034 smb:6025 d:s ref:0 ;
in:968 out:968 type:P dur:2 cpbdur:2 q:35.13 aq:29.17 tex:92943 mv:4159 misc:4026 imb:27 pmb:1871 smb:6262 d:s ref:0 ;
in:969 out:969 type:P dur:2 cpbdur:2 q:35.02 aq:28.97 tex:108435 mv:4105 misc:4044 imb:72 pmb:1968 smb:6120 d:s ref:0 ;
in:970 out:970 type:P dur:2 cpbdur:2 q:35.07 aq:29.70 tex:91496 mv:3716 misc:3844 imb:22 pmb:1767 smb:6371 d:s ref:0 ;
in:971 out:971 type:P dur:2 cpbdur:2 q:35.20 aq:29.01 tex:142334 mv:5586 misc:3720 imb:69 pmb:2142 smb:5949 d:s ref:0 ;
in:972 out:972 type:P dur:2 cpbdur:2 q:35.11 aq:29.43 tex:96965 mv:3987 misc:4296 imb:54 pmb:1959 smb:6147 d:s ref:0 ;
in:973 out:973 type:P dur:2 cpbdur:2 q:35.12 aq:29.59 tex:87636 mv:4613 misc:4183 imb:67 pmb:1750 smb:6343 d:s ref:0 ;
in:974 out:974 type:P dur:2 cpbdur:2 q:35.13 aq:29.02 tex:110305 mv:5205 misc:4050 imb:99 pmb:1864 smb:6197 d:s ref:0 ;
in:975 out:975 type:P dur:2 cpbdur:2 q:35.16 aq:29.63 tex:87091 mv:4096 misc:4085 imb:57 pmb:1723 smb:6380 d:s ref:0 ;
in:976 out:976 type:P dur:2 cpbdur:2 q:35.14 aq:29.21 tex:103164 mv:4750 misc:3622 imb:79 pmb:1863 smb:6218 d:s ref:0 ;
in:977 out:977 type:P dur:2 cpbdur:2 q:35.26 aq:28.83 tex:105336 mv:4514 misc:4022 imb:22 pmb:1872 smb:6266 d:s ref:0 ;
in:978 out:978 type:P dur:2 cpbdur:2 q:35.21 aq:29.66 tex:118367 mv:5375 misc:4050 imb:80 pmb:1846 smb:6234 d:s ref:0 ;
in:979 out:979 type:P dur:2 cpbdur:2 q:35.14 aq:29.05 tex:87553 mv:4006 misc:3993 imb:23 pmb:1813 smb:6324 d:s ref:0 ;
in:980 out:980 type:P dur:2 cpbdur:2 q:35.03 aq:28.99 tex:125402 mv:5114 misc:3876 imb:86 pmb:2111 smb:5963 d:s ref:0 ;
in:981 out:981 type:P dur:2 cpbdur:2 q:35.03 aq:28.85 tex:112111 mv:4231 misc:4186 imb:39 pmb:2037 smb:6084 d:s ref:0 ;
in:982 out:982 type:P dur:2 cpbdur:2 q:35.15 aq:29.42 tex:131221 mv:5622 misc:4029 imb:124 pmb:1978 smb:6058 d:s ref:0 ;
in:983 out:983 type:P dur:2 cpbdur:2 q:35.09 aq:29.20 tex:106099 mv:4546 misc:4187 imb:22 pmb:2038 smb:6100 d:s ref:0 ;
in:984 out:984 type:P dur:2 cpbdur:2 q:35.09 aq:28.90 tex:98627 mv:4167 misc:3974 imb:46 pmb:1865 smb:6249 d:s ref:0 ;
in:985 out:985 type:P dur:2 cpbdur:2 q:35.31 aq:29.39 tex:102634 mv:4796 misc:4122 imb:47 pmb:1826 smb:6287 d:s ref:0 ;
in:986 out:986 type:P dur:2 cpbdur:2 q:35.18 aq:29.69 tex:110162 mv:4646 misc:4064 imb:46 pmb:2089 smb:6025 d:s ref:0 ;
in:987 out:987 type:P dur:2 cpbdur:2 q:35.17 aq:29.14 tex:91958 mv:3458 misc:4136 imb:17 pmb:1779 smb:6364 d:s ref:0 ;
in:988 out:988 type:P dur:2 cpbdur:2 q:35.77 aq:29.83 tex:72024 mv:3535 misc:3625 imb:24 pmb:1405 smb:6731 d:s ref:0 ;
in:989 out:989 type:P dur:2 cpbdur:2 q:35.62 aq:29.71 tex:75601 mv:4543 misc:3808 imb:65 pmb:1664 smb:6431 d:s ref:0 ;
in:990 out:990 type:P dur:2 cpbdur:2 q:35.28 aq:29.27 tex:101132 mv:4931 misc:4265 imb:88 pmb:1945 smb:6127 d:s ref:0 ;
in:991 out:991 type:P dur:2 cpbdur:2 q:35.27 aq:28.64 tex:108319 mv:4261 misc:4580 imb:50 pmb:2053 smb:6057 d:s ref:0 ;
in:992 out:992 type:P dur:2 cpbdur:2 q:35.40 aq:29.24 tex:82841 mv:4260 misc:4067 imb:52 pmb:1717 smb:6391 d:s ref:0 ;
in:993 out:993 type:P dur:2 cpbdur:2 q:35.24 aq:29.28 tex:105997 mv:4402 misc:4073 imb:34 pmb:1952 smb:6174 d:s ref:0 ;
in:994 out:994 type:P dur:2 cpbdur:2 q:35.15 aq:29.10 tex:117039 mv:4141 misc:3988 imb:91 pmb:1920 smb:6149 d:s ref:0 ;
in:995 out:995 type:P dur:2 cpbdur:2 q:35.30 aq:29.18 tex:127111 mv:4824 misc:3889 imb:70 pmb:2036 smb:6054 d:s ref:0 ;
in:999 out:996 type:P dur:2 cpbdur:2 q:36.49 aq:30.28 tex:207078 mv:11041 misc:4449 imb:340 pmb:2344 smb:5476 d:s ref:0 ;
in:997 out:997 type:B dur:2 cpbdur:2 q:36.82 aq:37.21 tex:8782 mv:3988 misc:1798 imb:21 pmb:691 smb:7448 d:s ref:0 ;
in:996 out:998 type:b dur:2 cpbdur:2 q:37.15 aq:38.02 tex:2132 mv:1317 misc:911 imb:9 pmb:241 smb:7910 d:s ref:0 ;
in:998 out:999 type:b dur:2 cpbdur:2 q:37.15 aq:40.10 tex:1836 mv:1808 misc:1620 imb:38 pmb:448 smb:7674 d:- ref:0 ;
in:1004 out:1000 type:P dur:2 cpbdur:2 q:36.91 aq:31.26 tex:183563 mv:12299 misc:4098 imb:235 pmb:2720 smb:5205 d:s ref:0 ;
in:1001 out:1001 type:B dur:2 cpbdur:2 q:37.28 aq:36.16 tex:2294 mv:2005 misc:1357 imb:6 pmb:329 smb:7825 d:s ref:0 ;
in:1000 out:1002 type:b dur:2 cpbdur:2 q:37.69 aq:40.32 tex:1474 mv:1393 misc:901 imb:0 pmb:217 smb:7943 d:s ref:0 ;
in:1002 out:1003 type:b dur:2 cpbdur:2 q:37.69 aq:38.30 tex:257 mv:1048 misc:831 imb:1 pmb:168 smb:7991 d:- ref:0 ;
in:1003 out:1004 type:b dur:2 cpbdur:2 q:37.69 aq:39.45 tex:206 mv:939 misc:807 imb:1 pmb:167 smb:7992 d:- ref:0 ;
in:1006 out:1005 type:P dur:2 cpbdur:2 q:36.28 aq:30.10 tex:91409 mv:5328 misc:4895 imb:109 pmb:1906 smb:6145 d:s ref:0 ;
in:1005 out:1006 type:b dur:2 cpbdur:2 q:37.35 aq:34.69 tex:108 mv:599 misc:605 imb:0 pmb:97 smb:8063 d:t ref:0 ;
in:1008 out:1007 type:P dur:2 cpbdur:2 q:36.03 aq:29.90 tex:102518 mv:6356 misc:4742 imb:70 pmb:2216 smb:5874 d:s ref:0 ;
in:1007 out:1008 type:b dur:2 cpbdur:2 q:36.50 aq:37.14 tex:325 mv:699 misc:664 imb:2 pmb:111 smb:8047 d:t ref:0 ;
in:1010 out:1009 type:P dur:2 cpbdur:2 q:35.81 aq:30.12 tex:145098 mv:7715 misc:4411 imb:124 pmb:2476 smb:5560 d:s ref:0 ;
in:1009 out:1010 type:b dur:2 cpbdur:2 q:36.33 aq:38.11 tex:560 mv:877 misc:827 imb:3 pmb:176 smb:7981 d:t ref:0 ;
in:1012 out:1011 type:P dur:2 cpbdur:2 q:36.48 aq:30.74 tex:133545 mv:7599 misc:4384 imb:90 pmb:2217 smb:5853 d:s ref:0 ;
in:1011 out:1012 type:b dur:2 cpbdur:2 q:36.90 aq:37.14 tex:381 mv:798 misc:1045 imb:2 pmb:237 smb:7921 d:s ref:0 ;
in:1013 out:1013 type:P dur:2 cpbdur:2 q:36.08 aq:29.99 tex:86710 mv:4715 misc:4503 imb:92 pmb:1817 smb:6251 d:s ref:0 ;
in:1014 out:1014 type:P dur:2 cpbdur:2 q:35.87 aq:29.84 tex:109980 mv:4704 misc:4524 imb:43 pmb:1893 smb:6224 d:s ref:0 ;
in:1015 out:1015 type:P dur:2 cpbdur:2 q:35.96 aq:29.83 tex:115563 mv:4759 misc:4062 imb:61 pmb:1959 smb:6140 d:s ref:0 ;
in:1017 out:1016 type:P dur:2 cpbdur:2 q:35.72 aq:29.81 tex:125867 mv:6643 misc:4522 imb:138 pmb:2251 smb:5771 d:s ref:0 ;
in:1016 out:1017 type:b dur:2 cpbdur:2 q:36.39 aq:35.09 tex:932 mv:797 misc:719 imb:5 pmb:130 smb:8025 d:t ref:0 ;
in:1018 out:1018 type:P dur:2 cpbdur:2 q:35.80 aq:29.51 tex:96680 mv:4648 misc:4304 imb:96 pmb:1778 smb:6286 d:s ref:0 ;
in:1019 out:1019 type:P dur:2 cpbdur:2 q:35.65 aq:29.31 tex:113699 mv:4988 misc:4209 imb:45 pmb:2069 smb:6046 d:s ref:0 ;
in:1023 out:1020 type:P dur:2 cpbdur:2 q:35.84 aq:30.02 tex:176294 mv:10196 misc:4526 imb:214 pmb:2675 smb:5271 d:s ref:0 ;
in:1021 out:1021 type:B dur:2 cpbdur:2 q:36.14 aq:35.69 tex:6515 mv:2091 misc:1394 imb:18 pmb:386 smb:7756 d:s ref:0 ;
in:1020 out:1022 type:b dur:2 cpbdur:2 q:36.43 aq:35.48 tex:278 mv:919 misc:1131 imb:2 pmb:256 smb:7902 d:s ref:0 ;
in:1022 out:1023 type:b dur:2 cpbdur:2 q:36.43 aq:38.59 tex:203 mv:734 misc:743 imb:3 pmb:128 smb:8029 d:- ref:0 ;
in:1025 out:1024 type:P dur:2 cpbdur:2 q:36.53 aq:30.95 tex:125477 mv:7075 misc:3920 imb:100 pmb:2124 smb:5936 d:s ref:0 ;
in:1024 out:1025 type:b dur:2 cpbdur:2 q:36.89 aq:35.07 tex:163 mv:817 misc:908 imb:1 pmb:186 smb:7973 d:s ref:0 ;
in:1026 out:1026 type:P dur:2 cpbdur:2 q:36.41 aq:30.17 tex:77240 mv:4486 misc:4442 imb:39 pmb:1638 smb:6483 d:s ref:0 ;
in:1027 out:1027 type:P dur:2 cpbdur:2 q:35.73 aq:29.74 tex:109153 mv:5357 misc:4098 imb:117 pmb:2092 smb:5951 d:s ref:0 ;
in:1028 out:1028 type:P dur:2 cpbdur:2 q:35.76 aq:29.49 tex:67599 mv:3083 misc:4342 imb:28 pmb:1401 smb:6731 d:s ref:0 ;
in:1029 out:1029 type:P dur:2 cpbdur:2 q:35.49 aq:29.31 tex:95210 mv:4569 misc:4317 imb:35 pmb:1935 smb:6190 d:s ref:0 ;
in:1030 out:1030 type:P dur:2 cpbdur:2 q:35.37 aq:29.02 tex:123898 mv:4555 misc:4643 imb:100 pmb:1983 smb:6077 d:s ref:0 ;
in:1031 out:1031 type:P dur:2 cpbdur:2 q:35.56 aq:29.12 tex:100773 mv:4423 misc:4308 imb:30 pmb:1837 smb:6293 d:s ref:0 ;
in:1032 out:1032 type:P dur:2 cpbdur:2 q:35.45 aq:28.93 tex:93138 mv:4525 misc:4473 imb:91 pmb:1846 smb:6223 d:s ref:0 ;
in:1033 out:1033 type:P dur:2 cpbdur:2 q:35.32 aq:29.73 tex:101439 mv:3949 misc:3956 imb:45 pmb:1862 smb:6253 d:s ref:0 ;
in:1034 out:1034 type:P dur:2 cpbdur:2 q:35.37 aq:28.94 tex:112084 mv:5315 misc:4025 imb:44 pmb:1975 smb:6141 d:s ref:0 ;
in:1035 out:1035 type:P dur:2 cpbdur:2 q:35.37 aq:29.23 tex:89187 mv:3859 misc:4338 imb:49 pmb:1822 smb:6289 d:s ref:0 ;
in:1036 out:1036 type:P dur:2 cpbdur:2 q:35.34 aq:29.87 tex:98517 mv:4309 misc:4022 imb:44 pmb:1825 smb:6291 d:s ref:0 ;
in:1037 out:1037 type:P dur:2 cpbdur:2 q:35.92 aq:29.69 tex:75680 mv:3612 misc:3780 imb:17 pmb:1538 smb:6605 d:s ref:0 ;
in:1039 out:1038 type:P dur:2 cpbdur:2 q:35.64 aq:29.90 tex:136486 mv:8229 misc:4469 imb:158 pmb:2211 smb:5791 d:s ref:0 ;
in:1038 out:1039 type:b dur:2 cpbdur:2 q:36.38 aq:38.15 tex:600 mv:789 misc:907 imb:0 pmb:190 smb:7970 d:s ref:0 ;
in:1040 out:1040 type:P dur:2 cpbdur:2 q:35.84 aq:29.83 tex:98656 mv:5043 misc:4557 imb:29 pmb:1897 smb:6234 d:s ref:0 ;
in:1042 out:1041 type:P dur:2 cpbdur:2 q:35.92 aq:30.08 tex:162040 mv:7870 misc:4226 imb:168 pmb:2464 smb:5528 d:s ref:0 ;
in:1041 out:1042 type:b dur:2 cpbdur:2 q:36.77 aq:36.94 tex:468 mv:784 misc:836 imb:6 pmb:171 smb:7983 d:t ref:0 ;
in:1043 out:1043 type:P dur:2 cpbdur:2 q:36.02 aq:30.29 tex:87007 mv:3932 misc:3941 imb:24 pmb:1739 smb:6397 d:s ref:0 ;
in:1044 out:1044 type:P dur:2 cpbdur:2 q:35.65 aq:29.44 tex:89916 mv:4513 misc:4611 imb:83 pmb:1784 smb:6293 d:s ref:0 ;
in:1046 out:1045 type:P dur:2 cpbdur:2 q:35.87 aq:30.44 tex:115372 mv:6477 misc:4143 imb:109 pmb:2040 smb:6011 d:s ref:0 ;
in:1045 out:1046 type:b dur:2 cpbdur:2 q:36.04 aq:35.68 tex:107 mv:743 misc:838 imb:0 pmb:185 smb:7975 d:t ref:0 ;
in:1047 out:1047 type:P dur:2 cpbdur:2 q:35.94 aq:29.42 tex:87305 mv:3889 misc:4142 imb:51 pmb:1586 smb:6523 d:s ref:0 ;
in:1048 out:1048 type:P dur:2 cpbdur:2 q:35.80 aq:29.84 tex:84746 mv:3841 misc:4149 imb:53 pmb:1518 smb:6589 d:s ref:0 ;
in:1049 out:1049 type:P dur:2 cpbdur:2 q:35.86 aq:29.94 tex:86087 mv:4542 misc:4131 imb:52 pmb:1802 smb:6306 d:s ref:0 ;
in:1050 out:1050 type:P dur:2 cpbdur:2 q:35.57 aq:29.78 tex:103452 mv:4366 misc:4750 imb:63 pmb:2059 smb:6038 d:s ref:0 ;
in:1051 out:1051 type:P dur:2 cpbdur:2 q:35.53 aq:29.74 tex:84687 mv:4090 misc:4231 imb:26 pmb:1816 smb:6318 d:s ref:0 ;
in:1052 out:1052 type:P dur:2 cpbdur:2 q:35.53 aq:29.35 tex:86124 mv:4289 misc:3947 imb:49 pmb:1764 smb:6347 d:s ref:0 ;
in:1053 out:1053 type:P dur:2 cpbdur:2 q:35.47 aq:29.35 tex:90376 mv:3664 misc:3912 imb:22 pmb:1770 smb:6368 d:s ref:0 ;
in:1057 out:1054 type:P dur:2 cpbdur:2 q:35.88 aq:29.80 tex:219664 mv:11017 misc:3935 imb:169 pmb:2871 smb:5120 d:s ref:0 ;
in:1055 out:1055 type:B dur:2 cpbdur:2 q:36.14 aq:36.73 tex:858 mv:1278 misc:1232 imb:7 pmb:311 smb:7842 d:s ref:0 ;
in:1054 out:1056 type:b dur:2 cpbdur:2 q:36.40 aq:39.00 tex:251 mv:1038 misc:935 imb:1 pmb:238 smb:7921 d:s ref:0 ;
in:1056 out:1057 type:b dur:2 cpbdur:2 q:36.40 aq:38.65 tex:271 mv:801 misc:848 imb:0 pmb:164 smb:7996 d:- ref:0 ;
in:1058 out:1058 type:P dur:2 cpbdur:2 q:35.74 aq:29.61 tex:111357 mv:4540 misc:4479 imb:49 pmb:1985 smb:6126 d:s ref:0 ;
in:1059 out:1059 type:P dur:2 cpbdur:2 q:35.55 aq:28.94 tex:82480 mv:3835 misc:4261 imb:72 pmb:1720 smb:6368 d:s ref:0 ;
in:1060 out:1060 type:I dur:2 cpbdur:2 q:33.24 aq:25.76 tex:2964450 mv:193643 misc:363 imb:8160 pmb:0 smb:0 d:s ref:;
in:1061 out:1061 type:P dur:2 cpbdur:2 q:36.32 aq:29.97 tex:24754 mv:1799 misc:2047 imb:45 pmb:536 smb:7579 d:s ref:0 ;
in:1062 out:1062 type:P dur:2 cpbdur:2 q:35.79 aq:30.34 tex:26298 mv:2184 misc:2886 imb:52 pmb:750 smb:7358 d:s ref:0 ;
in:1063 out:1063 type:P dur:2 cpbdur:2 q:35.83 aq:30.77 tex:33679 mv:2984 misc:3337 imb:61 pmb:1061 smb:7038 d:s ref:0 ;
in:1064 out:1064 type:P dur:2 cpbdur:2 q:36.26 aq:30.97 tex:54806 mv:4159 misc:3355 imb:42 pmb:1193 smb:6925 d:s ref:0 ;
in:1065 out:1065 type:P dur:2 cpbdur:2 q:36.13 aq:30.99 tex:50706 mv:4084 misc:3394 imb:75 pmb:1338 smb:6747 d:s ref:0 ;
in:1066 out:1066 type:P dur:2 cpbdur:2 q:36.14 aq:31.11 tex:69976 mv:4411 misc:3677 imb:53 pmb:1484 smb:6623 d:s ref:0 ;
in:1067 out:1067 type:P dur:2 cpbdur:2 q:36.40 aq:31.69 tex:43464 mv:3224 misc:3392 imb:20 pmb:1202 smb:6938 d:s ref:0 ;
in:1068 out:1068 type:P dur:2 cpbdur:2 q:36.54 aq:30.92 tex:93625 mv:6082 misc:3789 imb:128 pmb:1623 smb:6409 d:s ref:0 ;
in:1069 out:1069 type:P dur:2 cpbdur:2 q:36.36 aq:31.04 tex:49438 mv:3356 misc:4006 imb:27 pmb:1381 smb:6752 d:s ref:0 ;
in:1073 out:1070 type:P dur:2 cpbdur:2 q:36.69 aq:31.61 tex:112502 mv:8991 misc:4027 imb:143 pmb:2309 smb:5708 d:s ref:0 ;
in:1071 out:1071 type:B dur:2 cpbdur:2 q:36.93 aq:38.28 tex:4611 mv:1994 misc:1171 imb:15 pmb:320 smb:7825 d:s ref:0 ;
in:1070 out:1072 type:b dur:2 cpbdur:2 q:36.94 aq:36.57 tex:219 mv:705 misc:756 imb:3 pmb:126 smb:8031 d:s ref:0 ;
in:1072 out:1073 type:b dur:2 cpbdur:2 q:36.94 aq:39.05 tex:324 mv:752 misc:972 imb:1 pmb:205 smb:7954 d:- ref:0 ;
in:1074 out:1074 type:P dur:2 cpbdur:2 q:37.03 aq:31.84 tex:54912 mv:3520 misc:3568 imb:28 pmb:1239 smb:6893 d:s ref:0 ;
in:1075 out:1075 type:P dur:2 cpbdur:2 q:36.63 aq:31.52 tex:56893 mv:3747 misc:3760 imb:48 pmb:1298 smb:6814 d:s ref:0 ;
in:1076 out:1076 type:P dur:2 cpbdur:2 q:36.48 aq:31.57 tex:68820 mv:4068 misc:3584 imb:29 pmb:1614 smb:6517 d:s ref:0 ;
in:1077 out:1077 type:P dur:2 cpbdur:2 q:36.64 aq:31.48 tex:74448 mv:3648 misc:3376 imb:34 pmb:1335 smb:6791 d:s ref:0 ;
in:1078 out:1078 type:P dur:2 cpbdur:2 q:36.42 aq:31.58 tex:63971 mv:4445 misc:3752 imb:39 pmb:1563 smb:6558 d:s ref:0 ;
in:1079 out:1079 type:P dur:2 cpbdur:2 q:36.46 aq:31.28 tex:68599 mv:4216 misc:4105 imb:47 pmb:1654 smb:6459 d:s ref:0 ;
in:1080 out:1080 type:P dur:2 cpbdur:2 q:36.46 aq:30.70 tex:118096 mv:6921 misc:4719 imb:128 pmb:2022 smb:6010 d:s ref:0 ;
in:1082 out:1081 type:P dur:2 cpbdur:2 q:36.82 aq:31.36 tex:111860 mv:7168 misc:4260 imb:77 pmb:2031 smb:6052 d:s ref:0 ;
in:1081 out:1082 type:b dur:2 cpbdur:2 q:37.13 aq:36.77 tex:192 mv:857 misc:991 imb:4 pmb:239 smb:7917 d:t ref:0 ;
in:1084 out:1083 type:P dur:2 cpbdur:2 q:36.56 aq:31.30 tex:75184 mv:5848 misc:4008 imb:105 pmb:1814 smb:6241 d:s ref:0 ;
in:1083 out:1084 type:b dur:2 cpbdur:2 q:37.18 aq:38.73 tex:82 mv:853 misc:673 imb:20 pmb:103 smb:8037 d:t ref:0 ;
in:1085 out:1085 type:P dur:2 cpbdur:2 q:37.06 aq:31.79 tex:48196 mv:3896 misc:3580 imb:81 pmb:1303 smb:6776 d:s ref:0 ;
in:1086 out:1086 type:P dur:2 cpbdur:2 q:37.84 aq:32.79 tex:45201 mv:3527 misc:3056 imb:60 pmb:977 smb:7123 d:s ref:0 ;
in:1087 out:1087 type:P dur:2 cpbdur:2 q:37.59 aq:32.21 tex:21805 mv:2794 misc:3193 imb:33 pmb:874 smb:7253 d:s ref:0 ;
in:1089 out:1088 type:P dur:2 cpbdur:2 q:37.87 aq:33.27 tex:41607 mv:5845 misc:3812 imb:121 pmb:1385 smb:6654 d:s ref:0 ;
in:1088 out:1089 type:b dur:2 cpbdur:2 q:37.95 aq:38.80 tex:743 mv:852 misc:773 imb:4 pmb:141 smb:8015 d:t ref:0 ;
in:1090 out:1090 type:P dur:2 cpbdur:2 q:37.49 aq:33.01 tex:35607 mv:4405 misc:3796 imb:73 pmb:1259 smb:6828 d:s ref:0 ;
in:1091 out:1091 type:P dur:2 cpbdur:2 q:37.62 aq:32.93 tex:26578 mv:3472 misc:3126 imb:64 pmb:891 smb:7205 d:s ref:0 ;
in:1092 out:1092 type:P dur:2 cpbdur:2 q:36.90 aq:32.25 tex:54545 mv:4911 misc:3832 imb:58 pmb:1383 smb:6719 d:s ref:0 ;
in:1093 out:1093 type:P dur:2 cpbdur:2 q:36.40 aq:32.06 tex:77966 mv:5469 misc:4029 imb:68 pmb:1924 smb:6168 d:s ref:0 ;
in:1094 out:1094 type:P dur:2 cpbdur:2 q:36.25 aq:31.80 tex:83908 mv:4915 misc:3577 imb:53 pmb:1795 smb:6312 d:s ref:0 ;
in:1095 out:1095 type:P dur:2 cpbdur:2 q:36.25 aq:32.35 tex:40027 mv:3031 misc:3286 imb:33 pmb:1137 smb:6990 d:s ref:0 ;
in:1096 out:1096 type:P dur:2 cpbdur:2 q:36.49 aq:32.42 tex:62389 mv:4777 misc:3514 imb:47 pmb:1450 smb:6663 d:s ref:0 ;
in:1097 out:1097 type:P dur:2 cpbdur:2 q:36.29 aq:32.45 tex:56189 mv:4943 misc:3876 imb:92 pmb:1544 smb:6524 d:s ref:0 ;
in:1098 out:1098 type:P dur:2 cpbdur:2 q:36.12 aq:32.71 tex:54237 mv:4340 misc:3727 imb:88 pmb:1362 smb:6710 d:s ref:0 ;
in:1099 out:1099 type:P dur:2 cpbdur:2 q:36.24 aq:33.39 tex:34080 mv:3589 misc:3651 imb:60 pmb:1157 smb:6943 d:s ref:0 ;
in:1100 out:1100 type:P dur:2 cpbdur:2 q:36.35 aq:33.49 tex:28690 mv:3369 misc:3341 imb:31 pmb:971 smb:7158 d:s ref:0 ;
in:1101 out:1101 type:P dur:2 cpbdur:2 q:36.14 aq:34.05 tex:32065 mv:3780 misc:3363 imb:34 pmb:1164 smb:6962 d:s ref:0 ;
in:1102 out:1102 type:P dur:2 cpbdur:2 q:36.02 aq:34.41 tex:42126 mv:4511 misc:3115 imb:129 pmb:1108 smb:6923 d:s ref:0 ;
in:1103 out:1103 type:P dur:2 cpbdur:2 q:35.68 aq:34.38 tex:51354 mv:5758 misc:3656 imb:219 pmb:1232 smb:6709 d:s ref:0 ;
in:1104 out:1104 type:P dur:2 cpbdur:2 q:36.13 aq:35.26 tex:47348 mv:5630 misc:2790 imb:381 pmb:659 smb:7120 d:s ref:0 ;
in:1106 out:1105 type:P dur:2 cpbdur:2 q:36.54 aq:36.55 tex:56280 mv:11348 misc:2948 imb:1500 pmb:569 smb:6091 d:s ref:0 ;
in:1105 out:1106 type:b dur:2 cpbdur:2 q:36.61 aq:39.27 tex:10204 mv:2590 misc:1462 imb:74 pmb:356 smb:7730 d:s ref:0 ;
in:1107 out:1107 type:P dur:2 cpbdur:2 q:36.28 aq:35.53 tex:55140 mv:10174 misc:3502 imb:1412 pmb:478 smb:6270 d:s ref:0 ;
in:1110 out:1108 type:P dur:2 cpbdur:2 q:36.05 aq:32.61 tex:208161 mv:21572 misc:3123 imb:4085 pmb:779 smb:3296 d:s ref:0 ;
in:1108 out:1109 type:B dur:2 cpbdur:2 q:36.57 aq:37.47 tex:14884 mv:4347 misc:1681 imb:174 pmb:407 smb:7579 d:s ref:0 ;
in:1109 out:1110 type:b dur:2 cpbdur:2 q:36.57 aq:37.70 tex:8868 mv:4670 misc:1494 imb:303 pmb:301 smb:7556 d:- ref:0 ;
in:1114 out:1111 type:P dur:2 cpbdur:2 q:39.50 aq:37.14 tex:145676 mv:13084 misc:1856 imb:3154 pmb:134 smb:4872 d:s ref:0 ;
in:1112 out:1112 type:B dur:2 cpbdur:2 q:39.83 aq:39.96 tex:4350 mv:3216 misc:1698 imb:169 pmb:318 smb:7673 d:s ref:0 ;
in:1111 out:1113 type:b dur:2 cpbdur:2 q:40.27 aq:41.72 tex:2440 mv:2556 misc:1308 imb:101 pmb:350 smb:7709 d:s ref:0 ;
in:1113 out:1114 type:b dur:2 cpbdur:2 q:40.27 aq:43.47 tex:2534 mv:1707 misc:1055 imb:73 pmb:193 smb:7894 d:- ref:0 ;
in:1119 out:1115 type:P dur:2 cpbdur:2 q:40.58 aq:33.55 tex:487900 mv:31145 misc:2163 imb:5360 pmb:743 smb:2057 d:s ref:0 ;
in:1116 out:1116 type:B dur:2 cpbdur:2 q:41.77 aq:41.82 tex:16661 mv:8393 misc:2706 imb:874 pmb:409 smb:6877 d:s ref:0 ;
in:1115 out:1117 type:b dur:2 cpbdur:2 q:41.89 aq:42.47 tex:3458 mv:5175 misc:2455 imb:236 pmb:863 smb:7061 d:s ref:0 ;
in:1117 out:1118 type:b dur:2 cpbdur:2 q:41.88 aq:43.47 tex:14729 mv:7371 misc:2516 imb:384 pmb:615 smb:7161 d:- ref:0 ;
in:1118 out:1119 type:b dur:2 cpbdur:2 q:41.87 aq:42.60 tex:10667 mv:8123 misc:2626 imb:306 pmb:714 smb:7140 d:- ref:0 ;
in:1125 out:1120 type:P dur:2 cpbdur:2 q:41.05 aq:32.19 tex:213554 mv:16963 misc:3123 imb:2092 pmb:1119 smb:4949 d:s ref:0 ;
in:1122 out:1121 type:B dur:2 cpbdur:2 q:41.69 aq:40.18 tex:13012 mv:10733 misc:3039 imb:339 pmb:1028 smb:6793 d:s ref:0 ;
in:1120 out:1122 type:b dur:2 cpbdur:2 q:42.13 aq:43.96 tex:4509 mv:9275 misc:2816 imb:171 pmb:804 smb:7185 d:s ref:0 ;
in:1121 out:1123 type:b dur:2 cpbdur:2 q:42.13 aq:43.44 tex:4615 mv:5423 misc:2418 imb:58 pmb:727 smb:7375 d:s ref:0 ;
in:1123 out:1124 type:b dur:2 cpbdur:2 q:42.13 aq:43.08 tex:760 mv:2247 misc:1489 imb:17 pmb:392 smb:7751 d:- ref:0 ;
in:1124 out:1125 type:b dur:2 cpbdur:2 q:42.13 aq:42.36 tex:3749 mv:4389 misc:1806 imb:47 pmb:516 smb:7597 d:- ref:0 ;
in:1129 out:1126 type:P dur:2 cpbdur:2 q:41.38 aq:31.55 tex:148278 mv:13219 misc:3423 imb:888 pmb:1541 smb:5731 d:s ref:0 ;
in:1127 out:1127 type:B dur:2 cpbdur:2 q:41.80 aq:41.23 tex:499 mv:2667 misc:1394 imb:4 pmb:370 smb:7786 d:s ref:0 ;
in:1126 out:1128 type:b dur:2 cpbdur:2 q:42.22 aq:42.75 tex:1348 mv:3167 misc:1229 imb:19 pmb:300 smb:7841 d:s ref:0 ;
in:1128 out:1129 type:b dur:2 cpbdur:2 q:42.22 aq:38.16 tex:129 mv:690 misc:1117 imb:1 pmb:234 smb:7925 d:- ref:0 ;
in:1133 out:1130 type:P dur:2 cpbdur:2 q:39.81 aq:29.53 tex:135594 mv:6691 misc:6107 imb:412 pmb:2109 smb:5639 d:s ref:0 ;
in:1131 out:1131 type:B dur:2 cpbdur:2 q:41.73 aq:37.51 tex:398 mv:785 misc:569 imb:8 pmb:89 smb:8063 d:t ref:0 ;
in:1130 out:1132 type:b dur:2 cpbdur:2 q:42.07 aq:35.09 tex:88 mv:595 misc:637 imb:1 pmb:97 smb:8062 d:t ref:0 ;
in:1132 out:1133 type:b dur:2 cpbdur:2 q:42.07 aq:35.08 tex:54 mv:585 misc:585 imb:2 pmb:83 smb:8075 d:- ref:0 ;
in:1135 out:1134 type:P dur:2 cpbdur:2 q:39.55 aq:29.05 tex:132267 mv:5990 misc:4991 imb:277 pmb:1716 smb:6167 d:s ref:0 ;
in:1134 out:1135 type:b dur:2 cpbdur:2 q:40.31 aq:36.62 tex:112 mv:710 misc:826 imb:3 pmb:152 smb:8005 d:s ref:0 ;
in:1138 out:1136 type:P dur:2 cpbdur:2 q:39.21 aq:28.90 tex:162978 mv:5685 misc:4361 imb:285 pmb:1753 smb:6122 d:s ref:0 ;
in:1136 out:1137 type:B dur:2 cpbdur:2 q:40.06 aq:36.12 tex:270 mv:783 misc:811 imb:6 pmb:153 smb:8001 d:s ref:0 ;
in:1137 out:1138 type:b dur:2 cpbdur:2 q:40.20 aq:37.33 tex:217 mv:847 misc:856 imb:7 pmb:174 smb:7979 d:- ref:0 ;
in:1142 out:1139 type:P dur:2 cpbdur:2 q:38.83 aq:28.46 tex:130472 mv:4413 misc:5347 imb:220 pmb:1889 smb:6051 d:s ref:0 ;
in:1140 out:1140 type:B dur:2 cpbdur:2 q:39.50 aq:35.77 tex:4000 mv:2791 misc:873 imb:72 pmb:253 smb:7835 d:t ref:0 ;
in:1139 out:1141 type:b dur:2 cpbdur:2 q:39.53 aq:37.62 tex:84 mv:644 misc:872 imb:1 pmb:172 smb:7987 d:s ref:0 ;
in:1141 out:1142 type:b dur:2 cpbdur:2 q:39.53 aq:37.73 tex:104 mv:702 misc:802 imb:0 pmb:167 smb:7993 d:- ref:0 ;
in:1146 out:1143 type:P dur:2 cpbdur:2 q:38.75 aq:28.07 tex:155030 mv:6530 misc:3856 imb:312 pmb:1644 smb:6204 d:s ref:0 ;
in:1144 out:1144 type:B dur:2 cpbdur:2 q:39.32 aq:35.45 tex:533 mv:1095 misc:812 imb:15 pmb:158 smb:7987 d:s ref:0 ;
in:1143 out:1145 type:b dur:2 cpbdur:2 q:39.54 aq:35.00 tex:21 mv:576 misc:587 imb:1 pmb:96 smb:8063 d:t ref:0 ;
in:1145 out:1146 type:b dur:2 cpbdur:2 q:39.54 aq:37.22 tex:1100 mv:1704 misc:1028 imb:9 pmb:281 smb:7870 d:- ref:0 ;
in:1148 out:1147 type:P dur:2 cpbdur:2 q:38.28 aq:26.92 tex:139276 mv:3362 misc:4810 imb:90 pmb:1992 smb:6078 d:s ref:0 ;
in:1147 out:1148 type:b dur:2 cpbdur:2 q:39.24 aq:35.03 tex:136 mv:600 misc:576 imb:3 pmb:92 smb:8065 d:t ref:0 ;
in:1150 out:1149 type:P dur:2 cpbdur:2 q:38.00 aq:27.59 tex:140153 mv:4790 misc:4297 imb:197 pmb:1706 smb:6257 d:s ref:0 ;
in:1149 out:1150 type:b dur:2 cpbdur:2 q:38.73 aq:36.55 tex:108 mv:690 misc:794 imb:1 pmb:165 smb:7994 d:s ref:0 ;
in:1154 out:1151 type:P dur:2 cpbdur:2 q:37.74 aq:27.10 tex:120216 mv:3097 misc:3727 imb:91 pmb:1668 smb:6401 d:s ref:0 ;
in:1152 out:1152 type:B dur:2 cpbdur:2 q:38.57 aq:36.25 tex:928 mv:852 misc:644 imb:4 pmb:127 smb:8029 d:t ref:0 ;
in:1151 out:1153 type:b dur:2 cpbdur:2 q:38.99 aq:35.00 tex:20 mv:638 misc:694 imb:2 pmb:117 smb:8041 d:s ref:0 ;
in:1153 out:1154 type:b dur:2 cpbdur:2 q:38.98 aq:38.53 tex:139 mv:606 misc:543 imb:3 pmb:82 smb:8075 d:- ref:0 ;
in:1156 out:1155 type:P dur:2 cpbdur:2 q:37.21 aq:25.47 tex:116888 mv:2325 misc:4051 imb:56 pmb:1620 smb:6484 d:s ref:0 ;
in:1155 out:1156 type:b dur:2 cpbdur:2 q:38.15 aq:35.68 tex:56 mv:636 misc:596 imb:5 pmb:91 smb:8064 d:t ref:0 ;
in:1159 out:1157 type:P dur:2 cpbdur:2 q:36.78 aq:26.58 tex:112064 mv:2225 misc:3943 imb:46 pmb:1477 smb:6637 d:s ref:0 ;
in:1157 out:1158 type:B dur:2 cpbdur:2 q:37.61 aq:35.72 tex:51 mv:602 misc:595 imb:2 pmb:90 smb:8068 d:t ref:0 ;
in:1158 out:1159 type:b dur:2 cpbdur:2 q:37.69 aq:34.07 tex:194 mv:588 misc:578 imb:0 pmb:95 smb:8065 d:- ref:0 ;
in:1163 out:1160 type:P dur:2 cpbdur:2 q:36.19 aq:26.63 tex:131309 mv:4476 misc:4143 imb:139 pmb:1692 smb:6329 d:s ref:0 ;
in:1161 out:1161 type:B dur:2 cpbdur:2 q:37.15 aq:34.31 tex:1215 mv:1008 misc:873 imb:10 pmb:184 smb:7966 d:s ref:0 ;
in:1160 out:1162 type:b dur:2 cpbdur:2 q:37.51 aq:37.10 tex:575 mv:705 misc:616 imb:2 pmb:111 smb:8047 d:t ref:0 ;
in:1162 out:1163 type:b dur:2 cpbdur:2 q:37.51 aq:35.92 tex:151 mv:653 misc:772 imb:4 pmb:143 smb:8013 d:- ref:0 ;
in:1165 out:1164 type:P dur:2 cpbdur:2 q:35.98 aq:26.86 tex:117130 mv:2339 misc:4155 imb:50 pmb:1649 smb:6461 d:s ref:0 ;
in:1164 out:1165 type:b dur:2 cpbdur:2 q:36.50 aq:34.00 tex:30 mv:659 misc:687 imb:3 pmb:120 smb:8037 d:t ref:0 ;
in:1167 out:1166 type:P dur:2 cpbdur:2 q:35.80 aq:26.22 tex:89862 mv:1515 misc:4055 imb:24 pmb:1419 smb:6717 d:s ref:0 ;
in:1166 out:1167 type:b dur:2 cpbdur:2 q:36.24 aq:34.03 tex:95 mv:586 misc:551 imb:1 pmb:87 smb:8072 d:t ref:0 ;
in:1170 out:1168 type:P dur:2 cpbdur:2 q:35.71 aq:26.29 tex:40023 mv:1318 misc:2659 imb:21 pmb:734 smb:7405 d:s ref:0 ;
in:1168 out:1169 type:B dur:2 cpbdur:2 q:36.16 aq:34.78 tex:1044 mv:762 misc:626 imb:10 pmb:95 smb:8055 d:t ref:0 ;
in:1169 out:1170 type:b dur:2 cpbdur:2 q:36.53 aq:34.05 tex:40 mv:591 misc:585 imb:1 pmb:98 smb:8061 d:- ref:0 ;
in:1175 out:1171 type:P dur:2 cpbdur:2 q:35.26 aq:27.29 tex:37502 mv:3420 misc:2142 imb:108 pmb:606 smb:7446 d:s ref:0 ;
in:1172 out:1172 type:B dur:2 cpbdur:2 q:35.71 aq:32.05 tex:183 mv:935 misc:794 imb:5 pmb:138 smb:8017 d:s ref:0 ;
in:1171 out:1173 type:b dur:2 cpbdur:2 q:35.71 aq:34.83 tex:238 mv:581 misc:549 imb:2 pmb:80 smb:8078 d:t ref:0 ;
in:1173 out:1174 type:b dur:2 cpbdur:2 q:35.71 aq:35.07 tex:747 mv:896 misc:797 imb:10 pmb:151 smb:7999 d:- ref:0 ;
in:1174 out:1175 type:b dur:2 cpbdur:2 q:35.71 aq:35.45 tex:969 mv:909 misc:802 imb:7 pmb:155 smb:7998 d:- ref:0 ;
in:1179 out:1176 type:P dur:2 cpbdur:2 q:35.21 aq:27.80 tex:24335 mv:3274 misc:1071 imb:128 pmb:295 smb:7737 d:s ref:0 ;
in:1177 out:1177 type:B dur:2 cpbdur:2 q:35.26 aq:33.29 tex:1601 mv:1385 misc:886 imb:21 pmb:185 smb:7954 d:s ref:0 ;
in:1176 out:1178 type:b dur:2 cpbdur:2 q:35.26 aq:34.89 tex:67 mv:662 misc:679 imb:1 pmb:130 smb:8029 d:t ref:0 ;
in:1178 out:1179 type:b dur:2 cpbdur:2 q:35.26 aq:34.89 tex:281 mv:780 misc:771 imb:3 pmb:158 smb:7999 d:- ref:0 ;
in:1181 out:1180 type:P dur:2 cpbdur:2 q:35.15 aq:28.85 tex:37906 mv:3081 misc:981 imb:105 pmb:294 smb:7761 d:s ref:0 ;
in:1180 out:1181 type:b dur:2 cpbdur:2 q:35.21 aq:35.35 tex:696 mv:748 misc:820 imb:3 pmb:161 smb:7996 d:s ref:0 ;
in:1183 out:1182 type:P dur:2 cpbdur:2 q:35.16 aq:26.86 tex:5167 mv:877 misc:948 imb:16 pmb:160 smb:7984 d:s ref:0 ;
in:1182 out:1183 type:b dur:2 cpbdur:2 q:35.16 aq:34.03 tex:137 mv:630 misc:545 imb:1 pmb:93 smb:8066 d:t ref:0 ;
in:1186 out:1184 type:P dur:2 cpbdur:2 q:35.12 aq:29.19 tex:6218 mv:1215 misc:711 imb:31 pmb:108 smb:8021 d:s ref:0 ;
in:1184 out:1185 type:B dur:2 cpbdur:2 q:35.16 aq:34.41 tex:263 mv:683 misc:622 imb:1 pmb:102 smb:8057 d:t ref:0 ;
in:1185 out:1186 type:b dur:2 cpbdur:2 q:35.16 aq:34.02 tex:50 mv:615 misc:575 imb:1 pmb:94 smb:8065 d:- ref:0 ;
in:1192 out:1187 type:P dur:2 cpbdur:2 q:35.07 aq:33.26 tex:35659 mv:5178 misc:1899 imb:175 pmb:602 smb:7383 d:s ref:0 ;
in:1189 out:1188 type:B dur:2 cpbdur:2 q:35.12 aq:31.14 tex:4990 mv:2069 misc:1805 imb:30 pmb:554 smb:7576 d:s ref:0 ;
in:1187 out:1189 type:b dur:2 cpbdur:2 q:35.12 aq:34.79 tex:183 mv:663 misc:738 imb:0 pmb:145 smb:8015 d:s ref:0 ;
in:1188 out:1190 type:b dur:2 cpbdur:2 q:35.12 aq:34.04 tex:290 mv:697 misc:733 imb:2 pmb:138 smb:8020 d:t ref:0 ;
in:1190 out:1191 type:b dur:2 cpbdur:2 q:35.12 aq:35.09 tex:1348 mv:1039 misc:1509 imb:10 pmb:375 smb:7775 d:- ref:0 ;
in:1191 out:1192 type:b dur:2 cpbdur:2 q:35.12 aq:36.76 tex:1035 mv:1178 misc:1731 imb:10 pmb:498 smb:7652 d:- ref:0 ;
in:1193 out:1193 type:P dur:2 cpbdur:2 q:35.33 aq:32.82 tex:28847 mv:5502 misc:2131 imb:210 pmb:715 smb:7235 d:s ref:0 ;
in:1199 out:1194 type:P dur:2 cpbdur:2 q:34.89 aq:35.93 tex:15336 mv:6776 misc:2184 imb:1640 pmb:370 smb:6150 d:s ref:0 ;
in:1196 out:1195 type:B dur:2 cpbdur:2 q:36.38 aq:34.86 tex:66076 mv:9020 misc:2688 imb:556 pmb:1003 smb:6601 d:s ref:0 ;
in:1194 out:1196 type:b dur:2 cpbdur:2 q:36.75 aq:38.52 tex:15770 mv:8703 misc:2095 imb:225 pmb:869 smb:7066 d:s ref:0 ;
in:1195 out:1197 type:b dur:2 cpbdur:2 q:36.79 aq:39.17 tex:53239 mv:10876 misc:2109 imb:492 pmb:725 smb:6943 d:s ref:0 ;
in:1197 out:1198 type:b dur:2 cpbdur:2 q:36.78 aq:38.91 tex:34412 mv:5740 misc:2448 imb:245 pmb:834 smb:7081 d:- ref:0 ;
in:1198 out:1199 type:b dur:2 cpbdur:2 q:36.77 aq:38.25 tex:19228 mv:3476 misc:2208 imb:156 pmb:709 smb:7295 d:- ref:0 ;
in:1200 out:1200 type:I dur:2 cpbdur:2 q:32.22 aq:32.20 tex:398321 mv:18539 misc:284 imb:8160 pmb:0 smb:0 d:s ref:;
in:1202 out:1201 type:P dur:2 cpbdur:2 q:36.43 aq:34.61 tex:187571 mv:28027 misc:1202 imb:7355 pmb:521 smb:284 d:s ref:0 w:6,63,-82,6,97,-63,76,-20 ;
in:1201 out:1202 type:b dur:2 cpbdur:2 q:36.81 aq:36.49 tex:7169 mv:5783 misc:2416 imb:716 pmb:276 smb:7168 d:s ref:0 ;
in:1203 out:1203 type:P dur:2 cpbdur:2 q:35.97 aq:33.01 tex:185477 mv:22200 misc:5595 imb:2823 pmb:2145 smb:3192 d:s ref:0 w:5,35,-37,3,9,-15,8,0 ;
in:1204 out:1204 type:P dur:2 cpbdur:2 q:37.50 aq:33.31 tex:164134 mv:25392 misc:5554 imb:4348 pmb:1246 smb:2566 d:s ref:0 w:5,35,-26,6,77,-26,75,-20 ;
in:1205 out:1205 type:P dur:2 cpbdur:2 q:37.55 aq:31.77 tex:189176 mv:18344 misc:6600 imb:2420 pmb:1353 smb:4387 d:s ref:0 w:4,17,-17,6,70,-12,69,-9 ;
in:1206 out:1206 type:P dur:2 cpbdur:2 q:38.07 aq:30.95 tex:189695 mv:15483 misc:6438 imb:1853 pmb:1273 smb:5034 d:s ref:0 w:6,67,-10,6,68,-8,67,-6 ;
in:1207 out:1207 type:P dur:2 cpbdur:2 q:41.69 aq:32.15 tex:150899 mv:10516 misc:3833 imb:889 pmb:1149 smb:6122 d:s ref:0 w:6,67,-6 ;
in:1209 out:1208 type:P dur:2 cpbdur:2 q:42.12 aq:33.61 tex:181306 mv:12445 misc:4921 imb:1517 pmb:1230 smb:5413 d:s ref:0 ;
in:1208 out:1209 type:b dur:2 cpbdur:2 q:43.46 aq:44.33 tex:5499 mv:2752 misc:1901 imb:33 pmb:581 smb:7546 d:s ref:0 ;
in:1215 out:1210 type:P dur:2 cpbdur:2 q:43.27 aq:36.74 tex:138192 mv:12235 misc:3573 imb:1045 pmb:1347 smb:5768 d:s ref:0 ;
in:1212 out:1211 type:B dur:2 cpbdur:2 q:44.18 aq:42.15 tex:16558 mv:4333 misc:1893 imb:30 pmb:757 smb:7373 d:s ref:0 ;
in:1210 out:1212 type:b dur:2 cpbdur:2 q:44.51 aq:45.15 tex:4100 mv:2661 misc:1671 imb:21 pmb:519 smb:7620 d:s ref:0 ;
in:1211 out:1213 type:b dur:2 cpbdur:2 q:44.96 aq:46.14 tex:9769 mv:2006 misc:1361 imb:10 pmb:470 smb:7680 d:s ref:0 ;
in:1213 out:1214 type:b dur:2 cpbdur:2 q:44.45 aq:46.02 tex:7138 mv:1564 misc:1354 imb:4 pmb:485 smb:7671 d:- ref:0 ;
in:1214 out:1215 type:b dur:2 cpbdur:2 q:44.45 aq:45.95 tex:6767 mv:1643 misc:1270 imb:3 pmb:476 smb:7681 d:- ref:0 ;
in:1217 out:1216 type:P dur:2 cpbdur:2 q:43.43 aq:36.25 tex:36299 mv:4397 misc:2968 imb:185 pmb:864 smb:7111 d:s ref:0 ;
in:1216 out:1217 type:b dur:2 cpbdur:2 q:43.94 aq:45.76 tex:15687 mv:2085 misc:1236 imb:17 pmb:506 smb:7637 d:t ref:0 ;
in:1223 out:1218 type:P dur:2 cpbdur:2 q:42.83 aq:36.06 tex:132980 mv:12344 misc:4244 imb:513 pmb:1822 smb:5825 d:s ref:0 ;
in:1220 out:1219 type:B dur:2 cpbdur:2 q:44.47 aq:44.61 tex:3282 mv:3192 misc:1590 imb:36 pmb:452 smb:7672 d:s ref:0 ;
in:1218 out:1220 type:b dur:2 cpbdur:2 q:44.47 aq:46.65 tex:421 mv:1175 misc:1388 imb:8 pmb:332 smb:7820 d:s ref:0 ;
in:1219 out:1221 type:b dur:2 cpbdur:2 q:44.47 aq:46.48 tex:347 mv:848 misc:1173 imb:2 pmb:221 smb:7937 d:s ref:0 ;
in:1221 out:1222 type:b dur:2 cpbdur:2 q:44.47 aq:43.80 tex:423 mv:839 misc:834 imb:10 pmb:128 smb:8022 d:- ref:0 ;
in:1222 out:1223 type:b dur:2 cpbdur:2 q:44.47 aq:37.51 tex:288 mv:489 misc:727 imb:2 pmb:90 smb:8068 d:- ref:0 ;
in:1229 out:1224 type:P dur:2 cpbdur:2 q:41.39 aq:33.95 tex:168801 mv:11741 misc:5170 imb:512 pmb:2038 smb:5610 d:s ref:0 ;
in:1226 out:1225 type:B dur:2 cpbdur:2 q:43.23 aq:40.79 tex:1370 mv:1636 misc:1018 imb:9 pmb:243 smb:7908 d:s ref:0 ;
in:1224 out:1226 type:b dur:2 cpbdur:2 q:43.37 aq:41.16 tex:220 mv:975 misc:805 imb:9 pmb:141 smb:8010 d:s ref:0 ;
in:1225 out:1227 type:b dur:2 cpbdur:2 q:43.37 aq:44.33 tex:452 mv:1058 misc:754 imb:10 pmb:127 smb:8023 d:s ref:0 ;
in:1227 out:1228 type:b dur:2 cpbdur:2 q:43.37 aq:43.62 tex:61 mv:647 misc:620 imb:0 pmb:97 smb:8063 d:- ref:0 ;
in:1228 out:1229 type:b dur:2 cpbdur:2 q:43.37 aq:44.42 tex:141 mv:659 misc:632 imb:0 pmb:103 smb:8057 d:- ref:0 ;
in:1233 out:1230 type:P dur:2 cpbdur:2 q:40.46 aq:32.24 tex:186409 mv:10628 misc:4651 imb:663 pmb:2223 smb:5274 d:s ref:0 ;
in:1231 out:1231 type:B dur:2 cpbdur:2 q:41.72 aq:42.39 tex:4047 mv:2181 misc:900 imb:36 pmb:240 smb:7884 d:s ref:0 ;
in:1230 out:1232 type:b dur:2 cpbdur:2 q:41.97 aq:45.99 tex:541 mv:1188 misc:767 imb:10 pmb:151 smb:7999 d:t ref:0 ;
in:1232 out:1233 type:b dur:2 cpbdur:2 q:41.97 aq:45.18 tex:2168 mv:1677 misc:747 imb:59 pmb:161 smb:7940 d:- ref:0 ;
in:1238 out:1234 type:P dur:2 cpbdur:2 q:39.69 aq:31.88 tex:128216 mv:10757 misc:4651 imb:550 pmb:1896 smb:5714 d:s ref:0 ;
in:1235 out:1235 type:B dur:2 cpbdur:2 q:41.04 aq:42.05 tex:3654 mv:2164 misc:1086 imb:24 pmb:275 smb:7861 d:s ref:0 ;
in:1234 out:1236 type:b dur:2 cpbdur:2 q:41.32 aq:43.83 tex:441 mv:1169 misc:862 imb:19 pmb:167 smb:7974 d:s ref:0 ;
in:1236 out:1237 type:b dur:2 cpbdur:2 q:41.32 aq:36.39 tex:239 mv:753 misc:728 imb:4 pmb:130 smb:8026 d:- ref:0 ;
in:1237 out:1238 type:b dur:2 cpbdur:2 q:41.32 aq:36.44 tex:163 mv:835 misc:770 imb:1 pmb:149 smb:8010 d:- ref:0 ;
in:1244 out:1239 type:P dur:2 cpbdur:2 q:38.56 aq:30.56 tex:180535 mv:11696 misc:5489 imb:443 pmb:2502 smb:5215 d:s ref:0 ;
in:1241 out:1240 type:B dur:2 cpbdur:2 q:40.09 aq:38.42 tex:1997 mv:1889 misc:1218 imb:12 pmb:297 smb:7851 d:s ref:0 ;
in:1239 out:1241 type:b dur:2 cpbdur:2 q:40.44 aq:34.10 tex:85 mv:703 misc:700 imb:0 pmb:116 smb:8044 d:s ref:0 ;
in:1240 out:1242 type:b dur:2 cpbdur:2 q:40.44 aq:35.21 tex:224 mv:807 misc:953 imb:2 pmb:187 smb:7971 d:s ref:0 ;
in:1242 out:1243 type:b dur:2 cpbdur:2 q:40.44 aq:35.99 tex:386 mv:725 misc:713 imb:5 pmb:126 smb:8029 d:- ref:0 ;
in:1243 out:1244 type:b dur:2 cpbdur:2 q:40.44 aq:36.90 tex:217 mv:730 misc:717 imb:2 pmb:131 smb:8027 d:- ref:0 ;
in:1245 out:1245 type:P dur:2 cpbdur:2 q:38.22 aq:28.69 tex:236295 mv:10295 misc:7306 imb:578 pmb:3650 smb:3932 d:s ref:0 ;
in:1251 out:1246 type:P dur:2 cpbdur:2 q:38.09 aq:29.26 tex:219232 mv:12476 misc:5652 imb:486 pmb:2670 smb:5004 d:s ref:0 ;
in:1248 out:1247 type:B dur:2 cpbdur:2 q:38.66 aq:37.49 tex:1726 mv:1812 misc:1422 imb:21 pmb:351 smb:7788 d:s ref:0 ;
in:1246 out:1248 type:b dur:2 cpbdur:2 q:38.99 aq:36.19 tex:252 mv:950 misc:790 imb:2 pmb:151 smb:8007 d:s ref:0 ;
in:1247 out:1249 type:b dur:2 cpbdur:2 q:38.99 aq:35.51 tex:298 mv:937 misc:765 imb:5 pmb:153 smb:8002 d:s ref:0 ;
in:1249 out:1250 type:b dur:2 cpbdur:2 q:38.99 aq:35.70 tex:252 mv:718 misc:854 imb:2 pmb:165 smb:7993 d:- ref:0 ;
in:1250 out:1251 type:b dur:2 cpbdur:2 q:38.99 aq:39.46 tex:653 mv:988 misc:895 imb:17 pmb:177 smb:7966 d:- ref:0 ;
in:1252 out:1252 type:P dur:2 cpbdur:2 q:37.85 aq:28.61 tex:161115 mv:4657 misc:5644 imb:136 pmb:2482 smb:5542 d:s ref:0 ;
in:1257 out:1253 type:P dur:2 cpbdur:2 q:37.23 aq:28.97 tex:308979 mv:9915 misc:5530 imb:399 pmb:3410 smb:4351 d:s ref:0 ;
in:1254 out:1254 type:B dur:2 cpbdur:2 q:38.17 aq:37.70 tex:1087 mv:1202 misc:823 imb:9 pmb:164 smb:7987 d:t ref:0 ;
in:1253 out:1255 type:b dur:2 cpbdur:2 q:38.49 aq:34.04 tex:22 mv:580 misc:550 imb:1 pmb:85 smb:8074 d:t ref:0 ;
in:1255 out:1256 type:b dur:2 cpbdur:2 q:38.49 aq:34.07 tex:228 mv:719 misc:765 imb:4 pmb:128 smb:8028 d:- ref:0 ;
in:1256 out:1257 type:b dur:2 cpbdur:2 q:38.49 aq:36.86 tex:453 mv:697 misc:754 imb:4 pmb:137 smb:8019 d:- ref:0 ;
in:1260 out:1258 type:P dur:2 cpbdur:2 q:37.48 aq:29.10 tex:170652 mv:8119 misc:5197 imb:217 pmb:2378 smb:5565 d:s ref:0 ;
in:1258 out:1259 type:B dur:2 cpbdur:2 q:37.73 aq:37.15 tex:558 mv:883 misc:951 imb:1 pmb:215 smb:7944 d:s ref:0 ;
in:1259 out:1260 type:b dur:2 cpbdur:2 q:37.91 aq:36.74 tex:88 mv:714 misc:710 imb:1 pmb:139 smb:8020 d:- ref:0 ;
in:1264 out:1261 type:P dur:2 cpbdur:2 q:37.06 aq:28.64 tex:232125 mv:9611 misc:5760 imb:312 pmb:2851 smb:4997 d:s ref:0 ;
in:1262 out:1262 type:B dur:2 cpbdur:2 q:37.94 aq:39.91 tex:405 mv:912 misc:859 imb:3 pmb:179 smb:7978 d:s ref:0 ;
in:1261 out:1263 type:b dur:2 cpbdur:2 q:38.13 aq:34.00 tex:18 mv:622 misc:656 imb:0 pmb:123 smb:8037 d:s ref:0 ;
in:1263 out:1264 type:b dur:2 cpbdur:2 q:38.13 aq:34.07 tex:182 mv:809 misc:729 imb:2 pmb:146 smb:8012 d:- ref:0 ;
in:1270 out:1265 type:P dur:2 cpbdur:2 q:36.62 aq:27.74 tex:258751 mv:12352 misc:5849 imb:396 pmb:3090 smb:4674 d:s ref:0 ;
in:1267 out:1266 type:B dur:2 cpbdur:2 q:37.38 aq:35.60 tex:2361 mv:2068 misc:1483 imb:5 pmb:369 smb:7786 d:s ref:0 ;
in:1265 out:1267 type:b dur:2 cpbdur:2 q:37.61 aq:36.78 tex:216 mv:730 misc:630 imb:2 pmb:109 smb:8049 d:s ref:0 ;
in:1266 out:1268 type:b dur:2 cpbdur:2 q:37.61 aq:35.25 tex:302 mv:690 misc:640 imb:1 pmb:115 smb:8044 d:t ref:0 ;
in:1268 out:1269 type:b dur:2 cpbdur:2 q:37.61 aq:37.80 tex:638 mv:887 misc:899 imb:4 pmb:189 smb:7967 d:- ref:0 ;
in:1269 out:1270 type:b dur:2 cpbdur:2 q:37.61 aq:37.93 tex:589 mv:1004 misc:1143 imb:3 pmb:273 smb:7884 d:- ref:0 ;
in:1275 out:1271 type:P dur:2 cpbdur:2 q:36.45 aq:28.34 tex:226042 mv:12000 misc:5158 imb:334 pmb:2678 smb:5148 d:s ref:0 ;
in:1272 out:1272 type:B dur:2 cpbdur:2 q:37.05 aq:36.63 tex:868 mv:1367 misc:1245 imb:7 pmb:279 smb:7874 d:s ref:0 ;
in:1271 out:1273 type:b dur:2 cpbdur:2 q:37.41 aq:36.74 tex:111 mv:645 misc:612 imb:2 pmb:103 smb:8055 d:s ref:0 ;
in:1273 out:1274 type:b dur:2 cpbdur:2 q:37.41 aq:38.49 tex:674 mv:781 misc:913 imb:2 pmb:165 smb:7993 d:- ref:0 ;
in:1274 out:1275 type:b dur:2 cpbdur:2 q:37.41 aq:37.64 tex:895 mv:840 misc:937 imb:4 pmb:190 smb:7966 d:- ref:0 ;
in:1276 out:1276 type:P dur:2 cpbdur:2 q:36.52 aq:27.60 tex:150446 mv:3171 misc:5263 imb:61 pmb:2230 smb:5869 d:s ref:0 ;
in:1277 out:1277 type:P dur:2 cpbdur:2 q:36.11 aq:27.01 tex:185121 mv:5726 misc:5913 imb:141 pmb:2628 smb:5391 d:s ref:0 ;
in:1283 out:1278 type:P dur:2 cpbdur:2 q:35.66 aq:26.54 tex:369671 mv:11687 misc:5674 imb:288 pmb:3868 smb:4004 d:s ref:0 ;
in:1280 out:1279 type:B dur:2 cpbdur:2 q:36.40 aq:34.54 tex:2402 mv:1888 misc:1478 imb:5 pmb:362 smb:7793 d:s ref:0 ;
in:1278 out:1280 type:b dur:2 cpbdur:2 q:36.74 aq:38.82 tex:868 mv:1001 misc:939 imb:1 pmb:230 smb:7929 d:s ref:0 ;
in:1279 out:1281 type:b dur:2 cpbdur:2 q:36.74 aq:37.75 tex:562 mv:764 misc:786 imb:2 pmb:161 smb:7997 d:s ref:0 ;
in:1281 out:1282 type:b dur:2 cpbdur:2 q:36.74 aq:36.78 tex:276 mv:659 misc:641 imb:2 pmb:109 smb:8049 d:- ref:0 ;
in:1282 out:1283 type:b dur:2 cpbdur:2 q:36.74 aq:35.72 tex:762 mv:754 misc:652 imb:3 pmb:111 smb:8046 d:- ref:0 ;
in:1289 out:1284 type:P dur:2 cpbdur:2 q:35.55 aq:27.01 tex:249913 mv:11352 misc:5071 imb:261 pmb:2793 smb:5106 d:s ref:0 ;
in:1286 out:1285 type:B dur:2 cpbdur:2 q:36.08 aq:35.27 tex:4011 mv:2071 misc:1646 imb:10 pmb:433 smb:7717 d:s ref:0 ;
in:1284 out:1286 type:b dur:2 cpbdur:2 q:36.47 aq:35.76 tex:831 mv:787 misc:646 imb:3 pmb:126 smb:8031 d:s ref:0 ;
in:1285 out:1287 type:b dur:2 cpbdur:2 q:36.47 aq:34.63 tex:791 mv:725 misc:668 imb:4 pmb:117 smb:8039 d:s ref:0 ;
in:1287 out:1288 type:b dur:2 cpbdur:2 q:36.47 aq:38.97 tex:193 mv:792 misc:871 imb:0 pmb:189 smb:7971 d:- ref:0 ;
in:1288 out:1289 type:b dur:2 cpbdur:2 q:36.47 aq:38.30 tex:357 mv:892 misc:1055 imb:1 pmb:260 smb:7899 d:- ref:0 ;
in:1295 out:1290 type:P dur:2 cpbdur:2 q:35.65 aq:28.24 tex:300245 mv:13518 misc:4517 imb:309 pmb:2781 smb:5070 d:s ref:0 ;
in:1292 out:1291 type:B dur:2 cpbdur:2 q:36.17 aq:35.02 tex:2702 mv:2406 misc:1908 imb:8 pmb:540 smb:7612 d:s ref:0 ;
in:1290 out:1292 type:b dur:2 cpbdur:2 q:36.45 aq:40.24 tex:281 mv:1084 misc:1203 imb:2 pmb:284 smb:7874 d:s ref:0 ;
in:1291 out:1293 type:b dur:2 cpbdur:2 q:36.45 aq:38.32 tex:150 mv:828 misc:1238 imb:2 pmb:311 smb:7847 d:s ref:0 ;
in:1293 out:1294 type:b dur:2 cpbdur:2 q:36.45 aq:35.21 tex:828 mv:755 misc:697 imb:3 pmb:133 smb:8024 d:- ref:0 ;
in:1294 out:1295 type:b dur:2 cpbdur:2 q:36.45 aq:34.92 tex:1163 mv:738 misc:747 imb:3 pmb:135 smb:8022 d:- ref:0 ;
in:1301 out:1296 type:P dur:2 cpbdur:2 q:35.35 aq:26.86 tex:247797 mv:10456 misc:5299 imb:199 pmb:2935 smb:5026 d:s ref:0 ;
in:1298 out:1297 type:B dur:2 cpbdur:2 q:36.02 aq:34.42 tex:3643 mv:1848 misc:1309 imb:13 pmb:260 smb:7887 d:s ref:0 ;
in:1296 out:1298 type:b dur:2 cpbdur:2 q:36.21 aq:38.87 tex:292 mv:697 misc:619 imb:1 pmb:114 smb:8045 d:s ref:0 ;
in:1297 out:1299 type:b dur:2 cpbdur:2 q:36.21 aq:34.03 tex:111 mv:586 misc:607 imb:3 pmb:95 smb:8062 d:s ref:0 ;
in:1299 out:1300 type:b dur:2 cpbdur:2 q:36.21 aq:34.03 tex:188 mv:685 misc:687 imb:4 pmb:114 smb:8042 d:- ref:0 ;
in:1300 out:1301 type:b dur:2 cpbdur:2 q:36.21 aq:36.39 tex:270 mv:717 misc:709 imb:2 pmb:126 smb:8032 d:- ref:0 ;
in:1306 out:1302 type:P dur:2 cpbdur:2 q:35.26 aq:27.15 tex:250128 mv:10216 misc:4840 imb:171 pmb:2837 smb:5152 d:s ref:0 ;
in:1303 out:1303 type:B dur:2 cpbdur:2 q:35.81 aq:35.83 tex:8369 mv:2670 misc:1465 imb:26 pmb:427 smb:7707 d:s ref:0 ;
in:1302 out:1304 type:b dur:2 cpbdur:2 q:36.21 aq:34.74 tex:312 mv:735 misc:713 imb:3 pmb:128 smb:8029 d:s ref:0 ;
in:1304 out:1305 type:b dur:2 cpbdur:2 q:36.21 aq:36.86 tex:311 mv:940 misc:1093 imb:0 pmb:238 smb:7922 d:- ref:0 ;
in:1305 out:1306 type:b dur:2 cpbdur:2 q:36.21 aq:35.72 tex:340 mv:778 misc:1098 imb:1 pmb:251 smb:7908 d:- ref:0 ;
in:1311 out:1307 type:P dur:2 cpbdur:2 q:35.17 aq:27.06 tex:311076 mv:12034 misc:4746 imb:285 pmb:2997 smb:4878 d:s ref:0 ;
in:1308 out:1308 type:B dur:2 cpbdur:2 q:35.69 aq:35.25 tex:6505 mv:2345 misc:1910 imb:32 pmb:527 smb:7601 d:s ref:0 ;
in:1307 out:1309 type:b dur:2 cpbdur:2 q:36.10 aq:37.66 tex:205 mv:820 misc:879 imb:1 pmb:193 smb:7966 d:s ref:0 ;
in:1309 out:1310 type:b dur:2 cpbdur:2 q:36.10 aq:37.74 tex:9023 mv:1906 misc:1263 imb:39 pmb:365 smb:7756 d:- ref:0 ;
in:1310 out:1311 type:b dur:2 cpbdur:2 q:36.10 aq:38.09 tex:12966 mv:2775 misc:1123 imb:67 pmb:298 smb:7795 d:- ref:0 ;
in:1317 out:1312 type:P dur:2 cpbdur:2 q:35.56 aq:28.42 tex:217067 mv:10683 misc:4186 imb:177 pmb:2536 smb:5447 d:s ref:0 ;
in:1314 out:1313 type:B dur:2 cpbdur:2 q:36.54 aq:35.21 tex:34985 mv:12727 misc:2616 imb:262 pmb:1318 smb:6580 d:s ref:0 ;
in:1312 out:1314 type:b dur:2 cpbdur:2 q:36.86 aq:37.02 tex:20598 mv:10463 misc:2339 imb:447 pmb:784 smb:6929 d:s ref:0 ;
in:1313 out:1315 type:b dur:2 cpbdur:2 q:36.86 aq:38.56 tex:2198 mv:4393 misc:1561 imb:4 pmb:456 smb:7700 d:s ref:0 ;
in:1315 out:1316 type:b dur:2 cpbdur:2 q:36.86 aq:38.02 tex:20287 mv:12908 misc:2453 imb:402 pmb:1088 smb:6670 d:- ref:0 ;
in:1316 out:1317 type:b dur:2 cpbdur:2 q:36.86 aq:36.99 tex:4545 mv:6649 misc:2254 imb:26 pmb:918 smb:7216 d:- ref:0 ;
in:1323 out:1318 type:P dur:2 cpbdur:2 q:35.55 aq:28.11 tex:210720 mv:11762 misc:4382 imb:234 pmb:2523 smb:5403 d:s ref:0 ;
in:1320 out:1319 type:B dur:2 cpbdur:2 q:36.03 aq:34.81 tex:2120 mv:2025 misc:1575 imb:11 pmb:366 smb:7783 d:s ref:0 ;
in:1318 out:1320 type:b dur:2 cpbdur:2 q:36.35 aq:36.37 tex:400 mv:707 misc:773 imb:1 pmb:143 smb:8016 d:s ref:0 ;
in:1319 out:1321 type:b dur:2 cpbdur:2 q:36.35 aq:35.47 tex:365 mv:713 misc:834 imb:2 pmb:168 smb:7990 d:s ref:0 ;
in:1321 out:1322 type:b dur:2 cpbdur:2 q:36.35 aq:34.33 tex:112 mv:796 misc:796 imb:1 pmb:157 smb:8002 d:- ref:0 ;
in:1322 out:1323 type:b dur:2 cpbdur:2 q:36.35 aq:38.93 tex:273 mv:851 misc:724 imb:1 pmb:155 smb:8004 d:- ref:0 ;
in:1325 out:1324 type:P dur:2 cpbdur:2 q:35.58 aq:27.23 tex:126878 mv:4430 misc:4804 imb:37 pmb:2070 smb:6053 d:s ref:0 ;
in:1324 out:1325 type:b dur:2 cpbdur:2 q:36.15 aq:33.53 tex:222 mv:545 misc:553 imb:0 pmb:84 smb:8076 d:t ref:0 ;
in:1331 out:1326 type:P dur:2 cpbdur:2 q:35.56 aq:28.46 tex:266508 mv:12255 misc:5061 imb:305 pmb:2731 smb:5124 d:s ref:0 ;
in:1328 out:1327 type:B dur:2 cpbdur:2 q:36.21 aq:34.11 tex:10936 mv:3455 misc:1969 imb:28 pmb:625 smb:7507 d:s ref:0 ;
in:1326 out:1328 type:b dur:2 cpbdur:2 q:36.62 aq:35.18 tex:1263 mv:1190 misc:891 imb:7 pmb:223 smb:7930 d:s ref:0 ;
in:1327 out:1329 type:b dur:2 cpbdur:2 q:36.62 aq:34.29 tex:1301 mv:1098 misc:921 imb:7 pmb:228 smb:7925 d:s ref:0 ;
in:1329 out:1330 type:b dur:2 cpbdur:2 q:36.62 aq:34.76 tex:240 mv:829 misc:1075 imb:1 pmb:256 smb:7903 d:- ref:0 ;
in:1330 out:1331 type:b dur:2 cpbdur:2 q:36.62 aq:33.80 tex:1843 mv:989 misc:1192 imb:2 pmb:291 smb:7867 d:- ref:0 ;
in:1337 out:1332 type:P dur:2 cpbdur:2 q:35.47 aq:27.75 tex:357323 mv:13976 misc:4517 imb:456 pmb:3414 smb:4290 d:s ref:0 ;
in:1334 out:1333 type:B dur:2 cpbdur:2 q:35.97 aq:34.96 tex:6252 mv:3761 misc:1971 imb:70 pmb:562 smb:7528 d:s ref:0 ;
in:1332 out:1334 type:b dur:2 cpbdur:2 q:36.19 aq:38.90 tex:2980 mv:3163 misc:1377 imb:111 pmb:374 smb:7675 d:s ref:0 ;
in:1333 out:1335 type:b dur:2 cpbdur:2 q:36.16 aq:33.86 tex:2086 mv:2101 misc:1357 imb:66 pmb:359 smb:7735 d:s ref:0 ;
in:1335 out:1336 type:b dur:2 cpbdur:2 q:36.16 aq:37.38 tex:242 mv:1134 misc:792 imb:16 pmb:172 smb:7972 d:- ref:0 ;
in:1336 out:1337 type:b dur:2 cpbdur:2 q:36.16 aq:37.40 tex:446 mv:1431 misc:763 imb:13 pmb:177 smb:7970 d:- ref:0 ;
in:1343 out:1338 type:P dur:2 cpbdur:2 q:35.92 aq:28.98 tex:226166 mv:12579 misc:4479 imb:309 pmb:2505 smb:5346 d:s ref:0 ;
in:1340 out:1339 type:B dur:2 cpbdur:2 q:36.44 aq:35.20 tex:2578 mv:2867 misc:1755 imb:12 pmb:483 smb:7665 d:s ref:0 ;
in:1338 out:1340 type:b dur:2 cpbdur:2 q:36.85 aq:36.12 tex:850 mv:1687 misc:1007 imb:38 pmb:199 smb:7923 d:s ref:0 ;
in:1339 out:1341 type:b dur:2 cpbdur:2 q:36.85 aq:34.82 tex:901 mv:1433 misc:1026 imb:43 pmb:208 smb:7909 d:s ref:0 ;
in:1341 out:1342 type:b dur:2 cpbdur:2 q:36.85 aq:35.41 tex:980 mv:809 misc:755 imb:3 pmb:157 smb:8000 d:- ref:0 ;
in:1342 out:1343 type:b dur:2 cpbdur:2 q:36.85 aq:34.80 tex:291 mv:732 misc:761 imb:1 pmb:142 smb:8017 d:- ref:0 ;
in:1344 out:1344 type:P dur:2 cpbdur:2 q:35.49 aq:27.56 tex:129515 mv:3025 misc:5460 imb:18 pmb:2211 smb:5931 d:s ref:0 ;
in:1345 out:1345 type:P dur:2 cpbdur:2 q:35.45 aq:27.66 tex:105495 mv:3202 misc:4903 imb:25 pmb:1761 smb:6374 d:s ref:0 ;
in:1346 out:1346 type:P dur:2 cpbdur:2 q:35.56 aq:27.79 tex:110686 mv:3390 misc:4236 imb:30 pmb:1529 smb:6601 d:s ref:0 ;
in:1347 out:1347 type:P dur:2 cpbdur:2 q:35.62 aq:27.56 tex:120836 mv:4364 misc:4728 imb:52 pmb:1804 smb:6304 d:s ref:0 ;
in:1353 out:1348 type:P dur:2 cpbdur:2 q:35.64 aq:28.71 tex:219559 mv:12114 misc:4511 imb:246 pmb:2534 smb:5380 d:s ref:0 ;
in:1350 out:1349 type:B dur:2 cpbdur:2 q:36.09 aq:35.19 tex:3213 mv:2320 misc:1683 imb:9 pmb:405 smb:7746 d:s ref:0 ;
in:1348 out:1350 type:b dur:2 cpbdur:2 q:36.45 aq:34.44 tex:1075 mv:746 misc:667 imb:2 pmb:109 smb:8049 d:s ref:0 ;
in:1349 out:1351 type:b dur:2 cpbdur:2 q:36.45 aq:36.51 tex:1037 mv:698 misc:633 imb:4 pmb:102 smb:8054 d:s ref:0 ;
in:1351 out:1352 type:b dur:2 cpbdur:2 q:36.45 aq:36.06 tex:99 mv:674 misc:803 imb:1 pmb:150 smb:8009 d:- ref:0 ;
in:1352 out:1353 type:b dur:2 cpbdur:2 q:36.45 aq:33.08 tex:208 mv:861 misc:795 imb:1 pmb:169 smb:7990 d:- ref:0 ;
in:1359 out:1354 type:P dur:2 cpbdur:2 q:35.66 aq:28.74 tex:203786 mv:10609 misc:4637 imb:192 pmb:2479 smb:5489 d:s ref:0 ;
in:1356 out:1355 type:B dur:2 cpbdur:2 q:36.23 aq:35.95 tex:4450 mv:1840 misc:1510 imb:8 pmb:360 smb:7792 d:s ref:0 ;
in:1354 out:1356 type:b dur:2 cpbdur:2 q:36.63 aq:36.77 tex:1075 mv:849 misc:812 imb:3 pmb:150 smb:8007 d:s ref:0 ;
in:1355 out:1357 type:b dur:2 cpbdur:2 q:36.63 aq:39.09 tex:1699 mv:903 misc:902 imb:8 pmb:200 smb:7952 d:s ref:0 ;
in:1357 out:1358 type:b dur:2 cpbdur:2 q:36.59 aq:38.52 tex:296 mv:602 misc:590 imb:1 pmb:96 smb:8063 d:- ref:0 ;
in:1358 out:1359 type:b dur:2 cpbdur:2 q:36.59 aq:38.97 tex:146 mv:781 misc:753 imb:1 pmb:156 smb:8003 d:- ref:0 ;
in:1360 out:1360 type:P dur:2 cpbdur:2 q:35.34 aq:27.91 tex:153380 mv:4410 misc:4610 imb:57 pmb:2131 smb:5972 d:s ref:0 ;
in:1361 out:1361 type:P dur:2 cpbdur:2 q:35.24 aq:27.29 tex:166829 mv:4155 misc:5104 imb:61 pmb:2263 smb:5836 d:s ref:0 ;
in:1366 out:1362 type:P dur:2 cpbdur:2 q:35.53 aq:28.78 tex:210578 mv:10324 misc:4258 imb:193 pmb:2462 smb:5505 d:s ref:0 ;
in:1363 out:1363 type:B dur:2 cpbdur:2 q:36.08 aq:36.30 tex:2739 mv:1535 misc:1214 imb:9 pmb:288 smb:7863 d:s ref:0 ;
in:1362 out:1364 type:b dur:2 cpbdur:2 q:36.47 aq:38.06 tex:612 mv:680 misc:628 imb:2 pmb:119 smb:8039 d:s ref:0 ;
in:1364 out:1365 type:b dur:2 cpbdur:2 q:36.47 aq:35.41 tex:498 mv:978 misc:820 imb:2 pmb:197 smb:7961 d:- ref:0 ;
in:1365 out:1366 type:b dur:2 cpbdur:2 q:36.47 aq:38.92 tex:353 mv:857 misc:862 imb:2 pmb:200 smb:7958 d:- ref:0 ;
in:1367 out:1367 type:P dur:2 cpbdur:2 q:35.33 aq:27.72 tex:143569 mv:3873 misc:5270 imb:28 pmb:2072 smb:6060 d:s ref:0 ;
in:1371 out:1368 type:P dur:2 cpbdur:2 q:35.06 aq:27.50 tex:215538 mv:9695 misc:5079 imb:217 pmb:2565 smb:5378 d:s ref:0 ;
in:1369 out:1369 type:B dur:2 cpbdur:2 q:35.60 aq:34.81 tex:925 mv:1048 misc:1091 imb:2 pmb:235 smb:7923 d:s ref:0 ;
in:1368 out:1370 type:b dur:2 cpbdur:2 q:35.69 aq:37.60 tex:352 mv:838 misc:866 imb:0 pmb:187 smb:7973 d:s ref:0 ;
in:1370 out:1371 type:b dur:2 cpbdur:2 q:35.69 aq:35.42 tex:224 mv:656 misc:704 imb:0 pmb:132 smb:8028 d:- ref:0 ;
in:1375 out:1372 type:P dur:2 cpbdur:2 q:35.09 aq:27.65 tex:229678 mv:11634 misc:4448 imb:416 pmb:2506 smb:5238 d:s ref:0 ;
in:1373 out:1373 type:B dur:2 cpbdur:2 q:35.48 aq:35.60 tex:4262 mv:2621 misc:1589 imb:143 pmb:372 smb:7645 d:s ref:0 ;
in:1372 out:1374 type:b dur:2 cpbdur:2 q:35.68 aq:37.65 tex:253 mv:1245 misc:1238 imb:11 pmb:344 smb:7805 d:s ref:0 ;
in:1374 out:1375 type:b dur:2 cpbdur:2 q:35.68 aq:35.99 tex:1081 mv:1030 misc:873 imb:8 pmb:215 smb:7937 d:- ref:0 ;
in:1379 out:1376 type:P dur:2 cpbdur:2 q:35.54 aq:28.75 tex:192440 mv:9441 misc:4511 imb:288 pmb:2187 smb:5685 d:s ref:0 ;
in:1377 out:1377 type:B dur:2 cpbdur:2 q:35.88 aq:36.10 tex:3497 mv:1849 misc:1094 imb:43 pmb:243 smb:7874 d:s ref:0 ;
in:1376 out:1378 type:b dur:2 cpbdur:2 q:36.33 aq:33.04 tex:76 mv:684 misc:656 imb:1 pmb:120 smb:8039 d:s ref:0 ;
in:1378 out:1379 type:b dur:2 cpbdur:2 q:36.33 aq:35.47 tex:2118 mv:1413 misc:869 imb:21 pmb:214 smb:7925 d:- ref:0 ;
in:1385 out:1380 type:P dur:2 cpbdur:2 q:35.74 aq:28.99 tex:239441 mv:11702 misc:4225 imb:417 pmb:2497 smb:5246 d:s ref:0 ;
in:1382 out:1381 type:B dur:2 cpbdur:2 q:36.43 aq:35.57 tex:3469 mv:2054 misc:1509 imb:21 pmb:381 smb:7758 d:s ref:0 ;
in:1380 out:1382 type:b dur:2 cpbdur:2 q:36.87 aq:37.68 tex:602 mv:1233 misc:845 imb:20 pmb:167 smb:7973 d:s ref:0 ;
in:1381 out:1383 type:b dur:2 cpbdur:2 q:36.87 aq:33.98 tex:196 mv:875 misc:777 imb:1 pmb:166 smb:7993 d:s ref:0 ;
in:1383 out:1384 type:b dur:2 cpbdur:2 q:36.87 aq:38.28 tex:375 mv:639 misc:602 imb:2 pmb:103 smb:8055 d:- ref:0 ;
in:1384 out:1385 type:b dur:2 cpbdur:2 q:36.87 aq:34.51 tex:437 mv:781 misc:742 imb:2 pmb:166 smb:7992 d:- ref:0 ;
in:1389 out:1386 type:P dur:2 cpbdur:2 q:35.39 aq:27.97 tex:257528 mv:11938 misc:4622 imb:249 pmb:2727 smb:5184 d:s ref:0 ;
in:1387 out:1387 type:B dur:2 cpbdur:2 q:36.28 aq:35.51 tex:6584 mv:2498 misc:1614 imb:21 pmb:481 smb:7658 d:s ref:0 ;
in:1386 out:1388 type:b dur:2 cpbdur:2 q:36.68 aq:35.19 tex:264 mv:811 misc:773 imb:2 pmb:157 smb:8001 d:s ref:0 ;
in:1388 out:1389 type:b dur:2 cpbdur:2 q:36.64 aq:38.91 tex:240 mv:1005 misc:1331 imb:1 pmb:346 smb:7813 d:- ref:0 ;
in:1390 out:1390 type:P dur:2 cpbdur:2 q:35.39 aq:27.63 tex:129544 mv:3936 misc:5192 imb:81 pmb:2016 smb:6063 d:s ref:0 ;
in:1391 out:1391 type:P dur:2 cpbdur:2 q:35.25 aq:27.39 tex:156244 mv:4285 misc:5359 imb:35 pmb:2273 smb:5852 d:s ref:0 ;
in:1393 out:1392 type:P dur:2 cpbdur:2 q:35.22 aq:27.77 tex:122942 mv:5734 misc:5092 imb:125 pmb:2140 smb:5895 d:s ref:0 ;
in:1392 out:1393 type:b dur:2 cpbdur:2 q:35.66 aq:33.05 tex:96 mv:614 misc:570 imb:0 pmb:101 smb:8059 d:t ref:0 ;
in:1399 out:1394 type:P dur:2 cpbdur:2 q:34.98 aq:27.92 tex:217342 mv:10817 misc:4289 imb:373 pmb:2708 smb:5079 d:s ref:0 ;
in:1396 out:1395 type:B dur:2 cpbdur:2 q:35.52 aq:32.90 tex:1515 mv:1398 misc:1119 imb:6 pmb:205 smb:7949 d:s ref:0 ;
in:1394 out:1396 type:b dur:2 cpbdur:2 q:35.84 aq:34.26 tex:1114 mv:846 misc:688 imb:6 pmb:107 smb:8047 d:s ref:0 ;
in:1395 out:1397 type:b dur:2 cpbdur:2 q:35.84 aq:34.19 tex:915 mv:742 misc:575 imb:7 pmb:89 smb:8064 d:s ref:0 ;
in:1397 out:1398 type:b dur:2 cpbdur:2 q:35.82 aq:37.01 tex:360 mv:603 misc:549 imb:3 pmb:82 smb:8075 d:- ref:0 ;
in:1398 out:1399 type:b dur:2 cpbdur:2 q:35.82 aq:34.36 tex:185 mv:629 misc:530 imb:3 pmb:80 smb:8077 d:- ref:0 ;
in:1403 out:1400 type:P dur:2 cpbdur:2 q:35.40 aq:28.39 tex:204249 mv:9875 misc:4588 imb:234 pmb:2560 smb:5366 d:s ref:0 ;
in:1401 out:1401 type:B dur:2 cpbdur:2 q:35.75 aq:36.17 tex:1755 mv:1388 misc:1153 imb:5 pmb:298 smb:7857 d:s ref:0 ;
in:1400 out:1402 type:b dur:2 cpbdur:2 q:36.12 aq:35.42 tex:122 mv:683 misc:763 imb:0 pmb:173 smb:7987 d:s ref:0 ;
in:1402 out:1403 type:b dur:2 cpbdur:2 q:36.12 aq:36.72 tex:204 mv:761 misc:883 imb:1 pmb:196 smb:7963 d:- ref:0 ;
in:1409 out:1404 type:P dur:2 cpbdur:2 q:35.67 aq:29.30 tex:266429 mv:13785 misc:4274 imb:455 pmb:2573 smb:5132 d:s ref:0 ;
in:1406 out:1405 type:B dur:2 cpbdur:2 q:36.16 aq:34.94 tex:11152 mv:3413 misc:1947 imb:31 pmb:595 smb:7534 d:s ref:0 ;
in:1404 out:1406 type:b dur:2 cpbdur:2 q:36.40 aq:37.19 tex:795 mv:1248 misc:1253 imb:1 pmb:316 smb:7843 d:s ref:0 ;
in:1405 out:1407 type:b dur:2 cpbdur:2 q:36.40 aq:34.59 tex:456 mv:1047 misc:1193 imb:4 pmb:314 smb:7842 d:s ref:0 ;
in:1407 out:1408 type:b dur:2 cpbdur:2 q:36.40 aq:36.70 tex:278 mv:818 misc:840 imb:1 pmb:158 smb:8001 d:- ref:0 ;
in:1408 out:1409 type:b dur:2 cpbdur:2 q:36.40 aq:37.37 tex:307 mv:952 misc:893 imb:5 pmb:183 smb:7972 d:- ref:0 ;
in:1410 out:1410 type:P dur:2 cpbdur:2 q:35.74 aq:28.40 tex:146817 mv:5311 misc:4872 imb:75 pmb:1915 smb:6170 d:s ref:0 ;
in:1411 out:1411 type:P dur:2 cpbdur:2 q:35.63 aq:28.11 tex:83383 mv:3280 misc:4465 imb:57 pmb:1540 smb:6563 d:s ref:0 ;
in:1417 out:1412 type:P dur:2 cpbdur:2 q:35.55 aq:28.52 tex:240195 mv:11997 misc:4488 imb:355 pmb:2768 smb:5037 d:s ref:0 ;
in:1414 out:1413 type:B dur:2 cpbdur:2 q:36.21 aq:34.93 tex:9987 mv:3307 misc:1874 imb:21 pmb:528 smb:7611 d:s ref:0 ;
in:1412 out:1414 type:b dur:2 cpbdur:2 q:36.63 aq:33.00 tex:29 mv:808 misc:771 imb:0 pmb:181 smb:7979 d:s ref:0 ;
in:1413 out:1415 type:b dur:2 cpbdur:2 q:36.63 aq:33.86 tex:149 mv:743 misc:788 imb:1 pmb:154 smb:8005 d:s ref:0 ;
in:1415 out:1416 type:b dur:2 cpbdur:2 q:36.63 aq:36.70 tex:174 mv:830 misc:948 imb:2 pmb:212 smb:7946 d:- ref:0 ;
in:1416 out:1417 type:b dur:2 cpbdur:2 q:36.63 aq:40.46 tex:269 mv:819 misc:960 imb:1 pmb:210 smb:7949 d:- ref:0 ;
in:1421 out:1418 type:P dur:2 cpbdur:2 q:35.29 aq:27.74 tex:196765 mv:9855 misc:4852 imb:288 pmb:2544 smb:5328 d:s ref:0 ;
in:1419 out:1419 type:B dur:2 cpbdur:2 q:36.04 aq:37.31 tex:1723 mv:1096 misc:901 imb:6 pmb:201 smb:7953 d:s ref:0 ;
in:1418 out:1420 type:b dur:2 cpbdur:2 q:36.38 aq:36.75 tex:273 mv:617 misc:574 imb:0 pmb:98 smb:8062 d:t ref:0 ;
in:1420 out:1421 type:b dur:2 cpbdur:2 q:36.38 aq:38.83 tex:210 mv:801 misc:837 imb:2 pmb:180 smb:7978 d:- ref:0 ;
in:1426 out:1422 type:P dur:2 cpbdur:2 q:35.27 aq:27.99 tex:179859 mv:9932 misc:4937 imb:257 pmb:2517 smb:5386 d:s ref:0 ;
in:1423 out:1423 type:B dur:2 cpbdur:2 q:35.72 aq:34.92 tex:4232 mv:1284 misc:1068 imb:6 pmb:220 smb:7934 d:s ref:0 ;
in:1422 out:1424 type:b dur:2 cpbdur:2 q:35.93 aq:33.91 tex:184 mv:604 misc:548 imb:2 pmb:90 smb:8068 d:t ref:0 ;
in:1424 out:1425 type:b dur:2 cpbdur:2 q:35.93 aq:36.41 tex:1210 mv:887 misc:743 imb:5 pmb:142 smb:8013 d:- ref:0 ;
in:1425 out:1426 type:b dur:2 cpbdur:2 q:35.93 aq:37.40 tex:510 mv:788 misc:750 imb:1 pmb:146 smb:8013 d:- ref:0 ;
in:1427 out:1427 type:P dur:2 cpbdur:2 q:35.61 aq:28.08 tex:125390 mv:4248 misc:4042 imb:80 pmb:1862 smb:6218 d:s ref:0 ;
in:1431 out:1428 type:P dur:2 cpbdur:2 q:35.13 aq:27.92 tex:287658 mv:13123 misc:4851 imb:421 pmb:2939 smb:4800 d:s ref:0 ;
in:1429 out:1429 type:B dur:2 cpbdur:2 q:36.07 aq:33.39 tex:1793 mv:1345 misc:1446 imb:6 pmb:375 smb:7779 d:s ref:0 ;
in:1428 out:1430 type:b dur:2 cpbdur:2 q:36.39 aq:34.20 tex:127 mv:742 misc:1011 imb:2 pmb:218 smb:7940 d:s ref:0 ;
in:1430 out:1431 type:b dur:2 cpbdur:2 q:36.39 aq:40.38 tex:309 mv:721 misc:866 imb:1 pmb:189 smb:7970 d:- ref:0 ;
in:1432 out:1432 type:P dur:2 cpbdur:2 q:34.89 aq:26.89 tex:121373 mv:3362 misc:5433 imb:55 pmb:2037 smb:6068 d:s ref:0 ;
in:1436 out:1433 type:P dur:2 cpbdur:2 q:35.04 aq:28.22 tex:217494 mv:10028 misc:4742 imb:299 pmb:2623 smb:5238 d:s ref:0 ;
in:1434 out:1434 type:B dur:2 cpbdur:2 q:35.41 aq:35.07 tex:1328 mv:1320 misc:1176 imb:4 pmb:301 smb:7855 d:s ref:0 ;
in:1433 out:1435 type:b dur:2 cpbdur:2 q:35.74 aq:35.48 tex:504 mv:733 misc:659 imb:2 pmb:118 smb:8040 d:s ref:0 ;
in:1435 out:1436 type:b dur:2 cpbdur:2 q:35.74 aq:35.95 tex:341 mv:811 misc:808 imb:1 pmb:185 smb:7974 d:- ref:0 ;
in:1440 out:1437 type:P dur:2 cpbdur:2 q:35.88 aq:29.22 tex:224747 mv:10877 misc:4400 imb:267 pmb:2321 smb:5572 d:s ref:0 ;
in:1438 out:1438 type:B dur:2 cpbdur:2 q:36.33 aq:35.62 tex:1209 mv:1299 misc:1292 imb:4 pmb:352 smb:7804 d:s ref:0 ;
in:1437 out:1439 type:b dur:2 cpbdur:2 q:36.77 aq:38.76 tex:135 mv:743 misc:834 imb:1 pmb:178 smb:7981 d:s ref:0 ;
in:1439 out:1440 type:b dur:2 cpbdur:2 q:36.77 aq:40.01 tex:1636 mv:987 misc:1009 imb:1 pmb:257 smb:7902 d:- ref:0 ;
in:1441 out:1441 type:P dur:2 cpbdur:2 q:35.23 aq:27.73 tex:118961 mv:3453 misc:4986 imb:61 pmb:1997 smb:6102 d:s ref:0 ;
in:1446 out:1442 type:P dur:2 cpbdur:2 q:35.13 aq:28.00 tex:227144 mv:11923 misc:4485 imb:386 pmb:2588 smb:5186 d:s ref:0 ;
in:1443 out:1443 type:B dur:2 cpbdur:2 q:35.71 aq:34.71 tex:1588 mv:1416 misc:1148 imb:5 pmb:255 smb:7900 d:s ref:0 ;
in:1442 out:1444 type:b dur:2 cpbdur:2 q:36.06 aq:33.05 tex:205 mv:553 misc:530 imb:1 pmb:79 smb:8080 d:s ref:0 ;
in:1444 out:1445 type:b dur:2 cpbdur:2 q:36.06 aq:36.49 tex:266 mv:1008 misc:902 imb:4 pmb:218 smb:7938 d:- ref:0 ;
in:1445 out:1446 type:b dur:2 cpbdur:2 q:36.07 aq:36.23 tex:291 mv:960 misc:933 imb:6 pmb:218 smb:7936 d:- ref:0 ;
in:1447 out:1447 type:P dur:2 cpbdur:2 q:34.87 aq:27.16 tex:134806 mv:3030 misc:5092 imb:39 pmb:2008 smb:6113 d:s ref:0 ;
in:1449 out:1448 type:P dur:2 cpbdur:2 q:33.79 aq:33.41 tex:26989 mv:3603 misc:2504 imb:92 pmb:756 smb:7312 d:s ref:0 ;
in:1448 out:1449 type:b dur:2 cpbdur:2 q:35.10 aq:33.00 tex:98 mv:727 misc:831 imb:3 pmb:163 smb:7994 d:t ref:0 ;
in:1450 out:1450 type:I dur:2 cpbdur:2 q:33.66 aq:25.01 tex:2914918 mv:171222 misc:332 imb:8160 pmb:0 smb:0 d:s ref:;
in:1455 out:1451 type:P dur:2 cpbdur:2 q:35.01 aq:28.64 tex:196415 mv:9984 misc:4633 imb:330 pmb:2301 smb:5529 d:s ref:0 ;
in:1452 out:1452 type:B dur:2 cpbdur:2 q:35.42 aq:34.78 tex:2701 mv:1958 misc:1773 imb:15 pmb:472 smb:7673 d:s ref:0 ;
in:1451 out:1453 type:b dur:2 cpbdur:2 q:35.85 aq:33.06 tex:95 mv:653 misc:700 imb:0 pmb:139 smb:8021 d:s ref:0 ;
in:1453 out:1454 type:b dur:2 cpbdur:2 q:35.85 aq:38.08 tex:352 mv:716 misc:764 imb:3 pmb:150 smb:8007 d:- ref:0 ;
in:1454 out:1455 type:b dur:2 cpbdur:2 q:35.85 aq:34.27 tex:355 mv:827 misc:898 imb:2 pmb:183 smb:7975 d:- ref:0 ;
in:1461 out:1456 type:P dur:2 cpbdur:2 q:34.79 aq:28.42 tex:226623 mv:11177 misc:4112 imb:395 pmb:2534 smb:5231 d:s ref:0 ;
in:1458 out:1457 type:B dur:2 cpbdur:2 q:35.45 aq:34.02 tex:3654 mv:2280 misc:1626 imb:9 pmb:348 smb:7803 d:s ref:0 ;
in:1456 out:1458 type:b dur:2 cpbdur:2 q:35.90 aq:39.29 tex:243 mv:937 misc:836 imb:1 pmb:175 smb:7984 d:s ref:0 ;
in:1457 out:1459 type:b dur:2 cpbdur:2 q:35.98 aq:40.98 tex:209 mv:801 misc:846 imb:1 pmb:185 smb:7974 d:s ref:0 ;
in:1459 out:1460 type:b dur:2 cpbdur:2 q:35.87 aq:34.31 tex:140 mv:592 misc:580 imb:2 pmb:91 smb:8067 d:- ref:0 ;
in:1460 out:1461 type:b dur:2 cpbdur:2 q:35.87 aq:34.74 tex:165 mv:709 misc:614 imb:0 pmb:101 smb:8059 d:- ref:0 ;
in:1467 out:1462 type:P dur:2 cpbdur:2 q:35.15 aq:28.99 tex:287460 mv:13446 misc:4006 imb:405 pmb:2640 smb:5115 d:s ref:0 ;
in:1464 out:1463 type:B dur:2 cpbdur:2 q:35.45 aq:35.34 tex:3828 mv:2675 misc:2185 imb:6 pmb:631 smb:7523 d:s ref:0 ;
in:1462 out:1464 type:b dur:2 cpbdur:2 q:35.87 aq:37.52 tex:419 mv:1044 misc:1081 imb:1 pmb:277 smb:7882 d:s ref:0 ;
in:1463 out:1465 type:b dur:2 cpbdur:2 q:35.87 aq:37.21 tex:253 mv:920 misc:1139 imb:2 pmb:292 smb:7866 d:s ref:0 ;
in:1465 out:1466 type:b dur:2 cpbdur:2 q:35.87 aq:37.13 tex:256 mv:845 misc:915 imb:0 pmb:184 smb:7976 d:- ref:0 ;
in:1466 out:1467 type:b dur:2 cpbdur:2 q:35.87 aq:34.32 tex:332 mv:955 misc:961 imb:2 pmb:228 smb:7930 d:- ref:0 ;
in:1469 out:1468 type:P dur:2 cpbdur:2 q:34.98 aq:29.13 tex:149712 mv:6130 misc:4830 imb:168 pmb:1946 smb:6046 d:s ref:0 ;
in:1468 out:1469 type:b dur:2 cpbdur:2 q:35.46 aq:38.09 tex:297 mv:782 misc:817 imb:0 pmb:170 smb:7990 d:s ref:0 ;
in:1475 out:1470 type:P dur:2 cpbdur:2 q:35.26 aq:29.70 tex:220341 mv:12661 misc:4118 imb:417 pmb:2495 smb:5248 d:s ref:0 ;
in:1472 out:1471 type:B dur:2 cpbdur:2 q:35.56 aq:34.53 tex:8917 mv:2944 misc:1995 imb:21 pmb:558 smb:7581 d:s ref:0 ;
in:1470 out:1472 type:b dur:2 cpbdur:2 q:35.90 aq:38.93 tex:234 mv:1043 misc:1187 imb:3 pmb:304 smb:7853 d:s ref:0 ;
in:1471 out:1473 type:b dur:2 cpbdur:2 q:35.90 aq:39.28 tex:446 mv:1158 misc:1244 imb:3 pmb:341 smb:7816 d:s ref:0 ;
in:1473 out:1474 type:b dur:2 cpbdur:2 q:35.90 aq:34.50 tex:857 mv:631 misc:656 imb:1 pmb:107 smb:8052 d:- ref:0 ;
in:1474 out:1475 type:b dur:2 cpbdur:2 q:35.90 aq:34.51 tex:968 mv:726 misc:674 imb:3 pmb:108 smb:8049 d:- ref:0 ;
in:1478 out:1476 type:P dur:2 cpbdur:2 q:35.34 aq:30.31 tex:112652 mv:6937 misc:4219 imb:195 pmb:1824 smb:6141 d:s ref:0 ;
in:1476 out:1477 type:B dur:2 cpbdur:2 q:35.82 aq:36.09 tex:284 mv:887 misc:837 imb:3 pmb:185 smb:7972 d:t ref:0 ;
in:1477 out:1478 type:b dur:2 cpbdur:2 q:36.17 aq:37.71 tex:167 mv:662 misc:579 imb:1 pmb:96 smb:8063 d:- ref:0 ;
in:1481 out:1479 type:P dur:2 cpbdur:2 q:35.28 aq:30.63 tex:104435 mv:7803 misc:4602 imb:240 pmb:1962 smb:5958 d:s ref:0 ;
in:1479 out:1480 type:B dur:2 cpbdur:2 q:35.67 aq:34.59 tex:168 mv:811 misc:869 imb:2 pmb:146 smb:8012 d:t ref:0 ;
in:1480 out:1481 type:b dur:2 cpbdur:2 q:36.11 aq:33.00 tex:69 mv:871 misc:708 imb:3 pmb:118 smb:8039 d:- ref:0 ;
in:1487 out:1482 type:P dur:2 cpbdur:2 q:35.70 aq:31.95 tex:131858 mv:12468 misc:4242 imb:385 pmb:2133 smb:5642 d:s ref:0 ;
in:1484 out:1483 type:B dur:2 cpbdur:2 q:35.90 aq:35.50 tex:4339 mv:2455 misc:1998 imb:10 pmb:558 smb:7592 d:s ref:0 ;
in:1482 out:1484 type:b dur:2 cpbdur:2 q:35.90 aq:37.65 tex:167 mv:878 misc:827 imb:1 pmb:180 smb:7979 d:s ref:0 ;
in:1483 out:1485 type:b dur:2 cpbdur:2 q:35.90 aq:38.06 tex:287 mv:834 misc:823 imb:1 pmb:172 smb:7987 d:s ref:0 ;
in:1485 out:1486 type:b dur:2 cpbdur:2 q:35.90 aq:36.77 tex:303 mv:788 misc:1005 imb:2 pmb:207 smb:7951 d:- ref:0 ;
in:1486 out:1487 type:b dur:2 cpbdur:2 q:35.90 aq:37.57 tex:509 mv:1194 misc:1313 imb:4 pmb:327 smb:7829 d:- ref:0 ;
in:1493 out:1488 type:P dur:2 cpbdur:2 q:35.38 aq:34.15 tex:92495 mv:11309 misc:4124 imb:609 pmb:1541 smb:6010 d:s ref:0 ;
in:1490 out:1489 type:B dur:2 cpbdur:2 q:36.04 aq:35.29 tex:14912 mv:3649 misc:2319 imb:46 pmb:605 smb:7509 d:s ref:0 ;
in:1488 out:1490 type:b dur:2 cpbdur:2 q:36.10 aq:34.52 tex:542 mv:824 misc:922 imb:3 pmb:188 smb:7969 d:s ref:0 ;
in:1489 out:1491 type:b dur:2 cpbdur:2 q:36.10 aq:35.87 tex:695 mv:904 misc:985 imb:5 pmb:203 smb:7952 d:s ref:0 ;
in:1491 out:1492 type:b dur:2 cpbdur:2 q:36.10 aq:36.99 tex:1546 mv:1337 misc:933 imb:16 pmb:198 smb:7946 d:- ref:0 ;
in:1492 out:1493 type:b dur:2 cpbdur:2 q:36.10 aq:38.76 tex:4076 mv:1627 misc:1161 imb:23 pmb:286 smb:7851 d:- ref:0 ;
in:1496 out:1494 type:P dur:2 cpbdur:2 q:35.47 aq:34.39 tex:91530 mv:12895 misc:3063 imb:2090 pmb:781 smb:5289 d:s ref:0 ;
in:1494 out:1495 type:B dur:2 cpbdur:2 q:36.25 aq:37.69 tex:8104 mv:2431 misc:1425 imb:55 pmb:355 smb:7750 d:s ref:0 ;
in:1495 out:1496 type:b dur:2 cpbdur:2 q:36.40 aq:39.57 tex:7360 mv:2831 misc:1449 imb:69 pmb:362 smb:7729 d:- ref:0 ;
in:1497 out:1497 type:P dur:2 cpbdur:2 q:35.24 aq:34.17 tex:83338 mv:10894 misc:3440 imb:1681 pmb:548 smb:5931 d:s ref:0 ;
in:1498 out:1498 type:P dur:2 cpbdur:2 q:34.92 aq:33.85 tex:96968 mv:11907 misc:4157 imb:1512 pmb:653 smb:5995 d:s ref:0 ;
in:1499 out:1499 type:P dur:2 cpbdur:2 q:34.47 aq:32.92 tex:91394 mv:10612 misc:4346 imb:1339 pmb:779 smb:6042 d:s ref:0 ;
in:1500 out:1500 type:P dur:2 cpbdur:2 q:34.21 aq:30.79 tex:338040 mv:18570 misc:3486 imb:2653 pmb:1289 smb:4218 d:s ref:0 ;
in:1502 out:1501 type:P dur:2 cpbdur:2 q:35.77 aq:32.94 tex:119699 mv:9540 misc:2113 imb:1259 pmb:416 smb:6485 d:s ref:0 ;
in:1501 out:1502 type:b dur:2 cpbdur:2 q:36.21 aq:39.26 tex:4160 mv:2478 misc:1202 imb:59 pmb:304 smb:7797 d:s ref:0 ;
in:1504 out:1503 type:P dur:2 cpbdur:2 q:37.45 aq:37.72 tex:126286 mv:10348 misc:1318 imb:1763 pmb:182 smb:6215 d:s ref:0 ;
in:1503 out:1504 type:b dur:2 cpbdur:2 q:37.97 aq:40.49 tex:5157 mv:1851 misc:1208 imb:59 pmb:258 smb:7843 d:s ref:0 ;
in:1507 out:1505 type:P dur:2 cpbdur:2 q:39.41 aq:35.50 tex:384078 mv:23146 misc:1448 imb:4345 pmb:395 smb:3420 d:s ref:0 ;
in:1505 out:1506 type:B dur:2 cpbdur:2 q:39.66 aq:40.58 tex:11132 mv:9979 misc:1841 imb:1187 pmb:370 smb:6603 d:s ref:0 ;
in:1506 out:1507 type:b dur:2 cpbdur:2 q:39.82 aq:40.93 tex:17463 mv:9188 misc:2397 imb:453 pmb:664 smb:7043 d:- ref:0 ;
in:1512 out:1508 type:P dur:2 cpbdur:2 q:40.06 aq:31.95 tex:473587 mv:30355 misc:2202 imb:4781 pmb:846 smb:2533 d:s ref:0 ;
in:1509 out:1509 type:B dur:2 cpbdur:2 q:40.33 aq:40.60 tex:23540 mv:15224 misc:3524 imb:807 pmb:1124 smb:6229 d:s ref:0 ;
in:1508 out:1510 type:b dur:2 cpbdur:2 q:40.42 aq:41.66 tex:10180 mv:11681 misc:2795 imb:427 pmb:903 smb:6830 d:s ref:0 ;
in:1510 out:1511 type:b dur:2 cpbdur:2 q:40.42 aq:41.83 tex:9896 mv:11029 misc:3211 imb:419 pmb:910 smb:6831 d:- ref:0 ;
in:1511 out:1512 type:b dur:2 cpbdur:2 q:40.42 aq:41.69 tex:7095 mv:7432 misc:2793 imb:194 pmb:838 smb:7128 d:- ref:0 ;
in:1518 out:1513 type:P dur:2 cpbdur:2 q:40.11 aq:30.13 tex:251669 mv:19498 misc:3009 imb:1581 pmb:2077 smb:4502 d:s ref:0 ;
in:1515 out:1514 type:B dur:2 cpbdur:2 q:40.98 aq:39.55 tex:6699 mv:10083 misc:2418 imb:302 pmb:750 smb:7108 d:s ref:0 ;
in:1513 out:1515 type:b dur:2 cpbdur:2 q:41.35 aq:39.18 tex:1509 mv:2031 misc:1628 imb:28 pmb:424 smb:7708 d:s ref:0 ;
in:1514 out:1516 type:b dur:2 cpbdur:2 q:41.35 aq:42.17 tex:4188 mv:4601 misc:1899 imb:103 pmb:501 smb:7556 d:s ref:0 ;
in:1516 out:1517 type:b dur:2 cpbdur:2 q:41.35 aq:41.84 tex:4347 mv:5098 misc:1819 imb:175 pmb:442 smb:7543 d:- ref:0 ;
in:1517 out:1518 type:b dur:2 cpbdur:2 q:41.35 aq:41.55 tex:1015 mv:2425 misc:1432 imb:22 pmb:355 smb:7783 d:- ref:0 ;
in:1523 out:1519 type:P dur:2 cpbdur:2 q:40.44 aq:31.18 tex:41071 mv:4227 misc:3526 imb:170 pmb:973 smb:7017 d:s ref:0 ;
in:1520 out:1520 type:B dur:2 cpbdur:2 q:40.60 aq:34.77 tex:1004 mv:1005 misc:791 imb:13 pmb:154 smb:7993 d:s ref:0 ;
in:1519 out:1521 type:b dur:2 cpbdur:2 q:40.94 aq:33.13 tex:97 mv:571 misc:596 imb:0 pmb:93 smb:8067 d:t ref:0 ;
in:1521 out:1522 type:b dur:2 cpbdur:2 q:40.94 aq:36.56 tex:137 mv:721 misc:846 imb:6 pmb:157 smb:7997 d:- ref:0 ;
in:1522 out:1523 type:b dur:2 cpbdur:2 q:40.94 aq:37.53 tex:222 mv:818 misc:832 imb:5 pmb:163 smb:7992 d:- ref:0 ;
in:1527 out:1524 type:P dur:2 cpbdur:2 q:39.14 aq:28.17 tex:129208 mv:6796 misc:4540 imb:282 pmb:1866 smb:6012 d:s ref:0 ;
in:1525 out:1525 type:B dur:2 cpbdur:2 q:40.87 aq:34.82 tex:1030 mv:1129 misc:857 imb:17 pmb:181 smb:7962 d:s ref:0 ;
in:1524 out:1526 type:b dur:2 cpbdur:2 q:41.19 aq:36.24 tex:98 mv:718 misc:864 imb:2 pmb:172 smb:7986 d:s ref:0 ;
in:1526 out:1527 type:b dur:2 cpbdur:2 q:41.19 aq:33.00 tex:23 mv:575 misc:634 imb:1 pmb:97 smb:8062 d:- ref:0 ;
in:1532 out:1528 type:P dur:2 cpbdur:2 q:38.66 aq:28.49 tex:162835 mv:4548 misc:4801 imb:135 pmb:2247 smb:5778 d:s ref:0 ;
in:1529 out:1529 type:B dur:2 cpbdur:2 q:39.65 aq:34.85 tex:1492 mv:1152 misc:636 imb:17 pmb:105 smb:8038 d:t ref:0 ;
in:1528 out:1530 type:b dur:2 cpbdur:2 q:39.85 aq:33.13 tex:57 mv:523 misc:596 imb:0 pmb:91 smb:8069 d:t ref:0 ;
in:1530 out:1531 type:b dur:2 cpbdur:2 q:39.85 aq:33.12 tex:53 mv:543 misc:636 imb:1 pmb:95 smb:8064 d:- ref:0 ;
in:1531 out:1532 type:b dur:2 cpbdur:2 q:39.85 aq:33.15 tex:45 mv:614 misc:653 imb:0 pmb:103 smb:8057 d:- ref:0 ;
in:1536 out:1533 type:P dur:2 cpbdur:2 q:38.34 aq:27.92 tex:169995 mv:5282 misc:4667 imb:187 pmb:2322 smb:5651 d:s ref:0 ;
in:1534 out:1534 type:B dur:2 cpbdur:2 q:39.08 aq:35.30 tex:1162 mv:1212 misc:834 imb:14 pmb:175 smb:7971 d:s ref:0 ;
in:1533 out:1535 type:b dur:2 cpbdur:2 q:39.33 aq:36.55 tex:119 mv:693 misc:788 imb:1 pmb:161 smb:7998 d:s ref:0 ;
in:1535 out:1536 type:b dur:2 cpbdur:2 q:39.33 aq:33.09 tex:90 mv:714 misc:684 imb:4 pmb:125 smb:8031 d:- ref:0 ;
in:1540 out:1537 type:P dur:2 cpbdur:2 q:38.04 aq:27.54 tex:170917 mv:6857 misc:4202 imb:278 pmb:2003 smb:5879 d:s ref:0 ;
in:1538 out:1538 type:B dur:2 cpbdur:2 q:38.78 aq:34.13 tex:1232 mv:1206 misc:1050 imb:18 pmb:240 smb:7902 d:s ref:0 ;
in:1537 out:1539 type:b dur:2 cpbdur:2 q:38.93 aq:33.08 tex:59 mv:560 misc:605 imb:0 pmb:91 smb:8069 d:t ref:0 ;
in:1539 out:1540 type:b dur:2 cpbdur:2 q:38.93 aq:36.35 tex:84 mv:722 misc:994 imb:2 pmb:235 smb:7923 d:- ref:0 ;
in:1544 out:1541 type:P dur:2 cpbdur:2 q:37.41 aq:26.93 tex:152906 mv:2743 misc:3887 imb:61 pmb:1711 smb:6388 d:s ref:0 ;
in:1542 out:1542 type:B dur:2 cpbdur:2 q:38.35 aq:32.74 tex:146 mv:739 misc:555 imb:6 pmb:81 smb:8073 d:t ref:0 ;
in:1541 out:1543 type:b dur:2 cpbdur:2 q:38.44 aq:33.12 tex:68 mv:512 misc:524 imb:0 pmb:76 smb:8084 d:t ref:0 ;
in:1543 out:1544 type:b dur:2 cpbdur:2 q:38.44 aq:33.10 tex:89 mv:591 misc:568 imb:3 pmb:86 smb:8071 d:- ref:0 ;
in:1546 out:1545 type:P dur:2 cpbdur:2 q:37.42 aq:27.07 tex:135054 mv:3924 misc:2966 imb:115 pmb:1486 smb:6559 d:s ref:0 ;
in:1545 out:1546 type:b dur:2 cpbdur:2 q:37.93 aq:35.43 tex:745 mv:882 misc:765 imb:4 pmb:160 smb:7996 d:s ref:0 ;
in:1548 out:1547 type:P dur:2 cpbdur:2 q:37.32 aq:26.88 tex:135016 mv:1955 misc:2573 imb:49 pmb:1499 smb:6612 d:s ref:0 ;
in:1547 out:1548 type:b dur:2 cpbdur:2 q:37.85 aq:33.05 tex:102 mv:587 misc:663 imb:0 pmb:117 smb:8043 d:t ref:0 ;
in:1551 out:1549 type:P dur:2 cpbdur:2 q:37.08 aq:25.87 tex:123759 mv:2436 misc:3189 imb:39 pmb:1606 smb:6515 d:s ref:0 ;
in:1549 out:1550 type:B dur:2 cpbdur:2 q:37.82 aq:32.06 tex:298 mv:663 misc:607 imb:3 pmb:97 smb:8060 d:t ref:0 ;
in:1550 out:1551 type:b dur:2 cpbdur:2 q:37.96 aq:33.05 tex:168 mv:591 misc:601 imb:0 pmb:103 smb:8057 d:- ref:0 ;
in:1556 out:1552 type:P dur:2 cpbdur:2 q:35.45 aq:25.87 tex:171326 mv:3004 misc:4894 imb:56 pmb:2441 smb:5663 d:s ref:0 ;
in:1553 out:1553 type:B dur:2 cpbdur:2 q:37.33 aq:32.99 tex:1293 mv:1068 misc:591 imb:11 pmb:106 smb:8043 d:t ref:0 ;
in:1552 out:1554 type:b dur:2 cpbdur:2 q:37.57 aq:35.70 tex:128 mv:610 misc:566 imb:2 pmb:96 smb:8062 d:t ref:0 ;
in:1554 out:1555 type:b dur:2 cpbdur:2 q:37.57 aq:33.05 tex:151 mv:619 misc:590 imb:1 pmb:98 smb:8061 d:- ref:0 ;
in:1555 out:1556 type:b dur:2 cpbdur:2 q:37.57 aq:36.09 tex:531 mv:713 misc:604 imb:3 pmb:109 smb:8048 d:- ref:0 ;
in:1561 out:1557 type:P dur:2 cpbdur:2 q:34.94 aq:25.76 tex:174600 mv:3320 misc:4000 imb:92 pmb:2127 smb:5941 d:s ref:0 ;
in:1558 out:1558 type:B dur:2 cpbdur:2 q:35.77 aq:31.90 tex:903 mv:1044 misc:781 imb:12 pmb:145 smb:8003 d:t ref:0 ;
in:1557 out:1559 type:b dur:2 cpbdur:2 q:36.02 aq:34.37 tex:73 mv:582 misc:569 imb:1 pmb:94 smb:8065 d:t ref:0 ;
in:1559 out:1560 type:b dur:2 cpbdur:2 q:36.02 aq:35.22 tex:89 mv:677 misc:746 imb:2 pmb:144 smb:8014 d:- ref:0 ;
in:1560 out:1561 type:b dur:2 cpbdur:2 q:36.02 aq:33.05 tex:93 mv:687 misc:732 imb:2 pmb:141 smb:8017 d:- ref:0 ;
in:1565 out:1562 type:P dur:2 cpbdur:2 q:34.65 aq:26.31 tex:92130 mv:2026 misc:3372 imb:43 pmb:1310 smb:6807 d:s ref:0 ;
in:1563 out:1563 type:B dur:2 cpbdur:2 q:35.51 aq:33.01 tex:997 mv:981 misc:662 imb:10 pmb:112 smb:8038 d:t ref:0 ;
in:1562 out:1564 type:b dur:2 cpbdur:2 q:35.93 aq:33.05 tex:109 mv:583 misc:572 imb:1 pmb:91 smb:8068 d:t ref:0 ;
in:1564 out:1565 type:b dur:2 cpbdur:2 q:35.93 aq:33.05 tex:74 mv:691 misc:699 imb:1 pmb:123 smb:8036 d:- ref:0 ;
in:1568 out:1566 type:P dur:2 cpbdur:2 q:33.94 aq:25.35 tex:94730 mv:1749 misc:3865 imb:27 pmb:1545 smb:6588 d:s ref:0 ;
in:1566 out:1567 type:B dur:2 cpbdur:2 q:35.10 aq:33.10 tex:1000 mv:766 misc:570 imb:5 pmb:91 smb:8064 d:t ref:0 ;
in:1567 out:1568 type:b dur:2 cpbdur:2 q:35.26 aq:33.79 tex:139 mv:605 misc:576 imb:1 pmb:97 smb:8062 d:- ref:0 ;
in:1570 out:1569 type:P dur:2 cpbdur:2 q:33.75 aq:25.89 tex:40933 mv:1293 misc:2870 imb:24 pmb:801 smb:7335 d:s ref:0 ;
in:1569 out:1570 type:b dur:2 cpbdur:2 q:34.23 aq:33.27 tex:101 mv:658 misc:609 imb:2 pmb:97 smb:8061 d:t ref:0 ;
in:1572 out:1571 type:P dur:2 cpbdur:2 q:33.67 aq:27.38 tex:48540 mv:1565 misc:2591 imb:30 pmb:857 smb:7273 d:s ref:0 ;
in:1571 out:1572 type:b dur:2 cpbdur:2 q:34.11 aq:32.86 tex:193 mv:704 misc:647 imb:1 pmb:122 smb:8037 d:t ref:0 ;
in:1575 out:1573 type:P dur:2 cpbdur:2 q:33.37 aq:26.32 tex:8430 mv:1035 misc:1127 imb:15 pmb:209 smb:7936 d:s ref:0 ;
in:1573 out:1574 type:B dur:2 cpbdur:2 q:33.68 aq:32.82 tex:1056 mv:707 misc:557 imb:9 pmb:80 smb:8071 d:t ref:0 ;
in:1574 out:1575 type:b dur:2 cpbdur:2 q:33.68 aq:32.05 tex:181 mv:607 misc:556 imb:1 pmb:91 smb:8068 d:- ref:0 ;
in:1578 out:1576 type:P dur:2 cpbdur:2 q:33.33 aq:26.91 tex:9995 mv:1219 misc:714 imb:33 pmb:122 smb:8005 d:s ref:0 ;
in:1576 out:1577 type:B dur:2 cpbdur:2 q:33.37 aq:32.77 tex:1001 mv:781 misc:570 imb:4 pmb:106 smb:8050 d:t ref:0 ;
in:1577 out:1578 type:b dur:2 cpbdur:2 q:33.37 aq:32.05 tex:279 mv:616 misc:585 imb:3 pmb:94 smb:8063 d:- ref:0 ;
in:1580 out:1579 type:P dur:2 cpbdur:2 q:33.30 aq:27.61 tex:29402 mv:3142 misc:904 imb:110 pmb:287 smb:7763 d:s ref:0 ;
in:1579 out:1580 type:b dur:2 cpbdur:2 q:33.33 aq:33.29 tex:256 mv:686 misc:762 imb:0 pmb:159 smb:8001 d:s ref:0 ;
in:1583 out:1581 type:P dur:2 cpbdur:2 q:33.31 aq:30.44 tex:68071 mv:10540 misc:2029 imb:658 pmb:916 smb:6586 d:s ref:0 ;
in:1581 out:1582 type:B dur:2 cpbdur:2 q:33.31 aq:33.28 tex:608 mv:970 misc:1942 imb:4 pmb:565 smb:7591 d:s ref:0 ;
in:1582 out:1583 type:b dur:2 cpbdur:2 q:33.31 aq:34.70 tex:1856 mv:2614 misc:2066 imb:10 pmb:644 smb:7506 d:- ref:0 ;
in:1586 out:1584 type:P dur:2 cpbdur:2 q:34.22 aq:32.02 tex:94609 mv:12921 misc:1190 imb:1894 pmb:365 smb:5901 d:s ref:0 ;
in:1584 out:1585 type:B dur:2 cpbdur:2 q:35.07 aq:34.45 tex:28557 mv:12074 misc:2121 imb:605 pmb:845 smb:6710 d:s ref:0 ;
in:1585 out:1586 type:b dur:2 cpbdur:2 q:39.09 aq:41.21 tex:38861 mv:13328 misc:2019 imb:689 pmb:717 smb:6754 d:- ref:0 ;
in:1587 out:1587 type:P dur:2 cpbdur:2 q:33.99 aq:32.41 tex:66249 mv:10254 misc:1121 imb:1515 pmb:361 smb:6284 d:s ref:0 ;
in:1589 out:1588 type:P dur:2 cpbdur:2 q:33.47 aq:33.72 tex:23034 mv:6728 misc:1622 imb:1312 pmb:339 smb:6509 d:s ref:0 ;
in:1588 out:1589 type:b dur:2 cpbdur:2 q:35.32 aq:35.61 tex:27515 mv:9020 misc:1865 imb:688 pmb:658 smb:6814 d:s ref:0 ;
in:1590 out:1590 type:I dur:2 cpbdur:2 q:31.09 aq:31.26 tex:578820 mv:17363 misc:369 imb:8160 pmb:0 smb:0 d:s ref:;
in:1592 out:1591 type:P dur:2 cpbdur:2 q:33.69 aq:32.26 tex:302176 mv:30530 misc:758 imb:7641 pmb:519 smb:0 d:s ref:0 w:7,123,-78,5,49,-65,39,-23 ;
in:1591 out:1592 type:b dur:2 cpbdur:2 q:33.69 aq:35.71 tex:17902 mv:7598 misc:3292 imb:959 pmb:636 smb:6565 d:s ref:0 ;
in:1593 out:1593 type:P dur:2 cpbdur:2 q:33.84 aq:31.97 tex:201356 mv:16884 misc:5824 imb:1774 pmb:1925 smb:4461 d:s ref:0 w:5,35,-37,3,9,-15,8,0 ;
in:1594 out:1594 type:P dur:2 cpbdur:2 q:33.94 aq:32.50 tex:259656 mv:30710 misc:3954 imb:5807 pmb:1224 smb:1129 d:s ref:0 w:5,35,-26,6,78,-28,77,-24 ;
in:1595 out:1595 type:P dur:2 cpbdur:2 q:33.98 aq:32.71 tex:129433 mv:11884 misc:4835 imb:1349 pmb:1090 smb:5721 d:s ref:0 w:6,71,-19,6,72,-16,73,-17 ;
in:1597 out:1596 type:P dur:2 cpbdur:2 q:37.32 aq:29.72 tex:862691 mv:29547 misc:770 imb:7444 pmb:670 smb:46 d:s ref:0 ;
in:1596 out:1597 type:b dur:2 cpbdur:2 q:37.52 aq:36.95 tex:2849 mv:6211 misc:1548 imb:313 pmb:348 smb:7499 d:s ref:0 ;
in:1600 out:1598 type:P dur:2 cpbdur:2 q:38.49 aq:30.55 tex:376387 mv:18845 misc:5016 imb:1922 pmb:2492 smb:3746 d:s ref:0 ;
in:1598 out:1599 type:B dur:2 cpbdur:2 q:39.04 aq:39.20 tex:16069 mv:5354 misc:2025 imb:82 pmb:797 smb:7281 d:s ref:0 ;
in:1599 out:1600 type:b dur:2 cpbdur:2 q:39.35 aq:41.32 tex:17169 mv:3549 misc:1714 imb:59 pmb:722 smb:7379 d:- ref:0 ;
in:1602 out:1601 type:P dur:2 cpbdur:2 q:40.08 aq:34.70 tex:101599 mv:9203 misc:3622 imb:673 pmb:1466 smb:6021 d:s ref:0 ;
in:1601 out:1602 type:b dur:2 cpbdur:2 q:40.58 aq:42.85 tex:12739 mv:2500 misc:1393 imb:51 pmb:522 smb:7587 d:s ref:0 ;
in:1604 out:1603 type:P dur:2 cpbdur:2 q:39.97 aq:31.94 tex:94821 mv:5762 misc:4009 imb:278 pmb:1573 smb:6309 d:s ref:0 ;
in:1603 out:1604 type:b dur:2 cpbdur:2 q:41.43 aq:42.50 tex:4957 mv:2242 misc:1289 imb:2 pmb:443 smb:7715 d:t ref:0 ;
in:1608 out:1605 type:P dur:2 cpbdur:2 q:39.61 aq:32.13 tex:89399 mv:7609 misc:4008 imb:220 pmb:1592 smb:6348 d:s ref:0 ;
in:1606 out:1606 type:B dur:2 cpbdur:2 q:40.46 aq:41.39 tex:1024 mv:1380 misc:972 imb:6 pmb:186 smb:7968 d:t ref:0 ;
in:1605 out:1607 type:b dur:2 cpbdur:2 q:40.67 aq:44.79 tex:167 mv:779 misc:782 imb:2 pmb:129 smb:8029 d:s ref:0 ;
in:1607 out:1608 type:b dur:2 cpbdur:2 q:40.67 aq:35.31 tex:367 mv:723 misc:750 imb:2 pmb:125 smb:8033 d:- ref:0 ;
in:1612 out:1609 type:P dur:2 cpbdur:2 q:39.44 aq:31.73 tex:114296 mv:7152 misc:4264 imb:275 pmb:1798 smb:6087 d:s ref:0 ;
in:1610 out:1610 type:B dur:2 cpbdur:2 q:40.33 aq:36.74 tex:3402 mv:2225 misc:1349 imb:17 pmb:342 smb:7801 d:t ref:0 ;
in:1609 out:1611 type:b dur:2 cpbdur:2 q:40.60 aq:33.07 tex:73 mv:778 misc:829 imb:0 pmb:147 smb:8013 d:s ref:0 ;
in:1611 out:1612 type:b dur:2 cpbdur:2 q:40.60 aq:34.55 tex:88 mv:744 misc:824 imb:2 pmb:143 smb:8015 d:- ref:0 ;
in:1616 out:1613 type:P dur:2 cpbdur:2 q:39.36 aq:33.11 tex:73403 mv:10169 misc:3412 imb:535 pmb:1269 smb:6356 d:s ref:0 ;
in:1614 out:1614 type:B dur:2 cpbdur:2 q:40.19 aq:37.50 tex:742 mv:2086 misc:1092 imb:2 pmb:233 smb:7925 d:s ref:0 ;
in:1613 out:1615 type:b dur:2 cpbdur:2 q:40.50 aq:33.00 tex:33 mv:739 misc:676 imb:0 pmb:101 smb:8059 d:s ref:0 ;
in:1615 out:1616 type:b dur:2 cpbdur:2 q:40.50 aq:33.05 tex:61 mv:878 misc:757 imb:1 pmb:127 smb:8032 d:- ref:0 ;
in:1620 out:1617 type:P dur:2 cpbdur:2 q:38.42 aq:30.74 tex:183808 mv:11505 misc:4735 imb:754 pmb:2253 smb:5153 d:s ref:0 ;
in:1618 out:1618 type:B dur:2 cpbdur:2 q:39.79 aq:36.31 tex:900 mv:1573 misc:1287 imb:1 pmb:301 smb:7858 d:s ref:0 ;
in:1617 out:1619 type:b dur:2 cpbdur:2 q:40.20 aq:35.75 tex:195 mv:696 misc:685 imb:2 pmb:117 smb:8041 d:s ref:0 ;
in:1619 out:1620 type:b dur:2 cpbdur:2 q:40.20 aq:40.52 tex:429 mv:971 misc:880 imb:6 pmb:178 smb:7976 d:- ref:0 ;
in:1625 out:1621 type:P dur:2 cpbdur:2 q:37.02 aq:29.20 tex:351926 mv:13480 misc:5490 imb:592 pmb:3608 smb:3960 d:s ref:0 ;
in:1622 out:1622 type:B dur:2 cpbdur:2 q:38.93 aq:37.90 tex:12394 mv:4740 misc:1514 imb:108 pmb:468 smb:7584 d:s ref:0 ;
in:1621 out:1623 type:b dur:2 cpbdur:2 q:39.10 aq:41.67 tex:2200 mv:1127 misc:905 imb:15 pmb:214 smb:7931 d:s ref:0 ;
in:1623 out:1624 type:b dur:2 cpbdur:2 q:39.10 aq:41.15 tex:2527 mv:1517 misc:1028 imb:42 pmb:264 smb:7854 d:- ref:0 ;
in:1624 out:1625 type:b dur:2 cpbdur:2 q:39.10 aq:41.27 tex:656 mv:1073 misc:1023 imb:5 pmb:229 smb:7926 d:- ref:0 ;
in:1631 out:1626 type:P dur:2 cpbdur:2 q:36.18 aq:28.30 tex:264166 mv:15299 misc:5815 imb:1014 pmb:3314 smb:3832 d:s ref:0 ;
in:1628 out:1627 type:B dur:2 cpbdur:2 q:37.44 aq:33.72 tex:9358 mv:3973 misc:1709 imb:30 pmb:498 smb:7632 d:s ref:0 ;
in:1626 out:1628 type:b dur:2 cpbdur:2 q:37.66 aq:37.59 tex:666 mv:1023 misc:831 imb:4 pmb:159 smb:7997 d:s ref:0 ;
in:1627 out:1629 type:b dur:2 cpbdur:2 q:37.66 aq:37.03 tex:788 mv:992 misc:892 imb:3 pmb:189 smb:7968 d:s ref:0 ;
in:1629 out:1630 type:b dur:2 cpbdur:2 q:37.66 aq:36.07 tex:491 mv:1222 misc:1007 imb:1 pmb:190 smb:7969 d:- ref:0 ;
in:1630 out:1631 type:b dur:2 cpbdur:2 q:37.66 aq:36.55 tex:422 mv:1688 misc:1242 imb:3 pmb:288 smb:7869 d:- ref:0 ;
in:1634 out:1632 type:P dur:2 cpbdur:2 q:35.81 aq:28.25 tex:183867 mv:8753 misc:5972 imb:292 pmb:2849 smb:5019 d:s ref:0 ;
in:1632 out:1633 type:B dur:2 cpbdur:2 q:36.63 aq:36.96 tex:1186 mv:957 misc:1081 imb:5 pmb:219 smb:7936 d:t ref:0 ;
in:1633 out:1634 type:b dur:2 cpbdur:2 q:37.00 aq:35.08 tex:77 mv:604 misc:655 imb:0 pmb:109 smb:8051 d:- ref:0 ;
in:1640 out:1635 type:P dur:2 cpbdur:2 q:35.98 aq:29.50 tex:209322 mv:14415 misc:4583 imb:672 pmb:2333 smb:5155 d:s ref:0 ;
in:1637 out:1636 type:B dur:2 cpbdur:2 q:36.67 aq:33.96 tex:4299 mv:3039 misc:2222 imb:19 pmb:571 smb:7570 d:s ref:0 ;
in:1635 out:1637 type:b dur:2 cpbdur:2 q:37.03 aq:38.10 tex:700 mv:1089 misc:859 imb:1 pmb:158 smb:8001 d:s ref:0 ;
in:1636 out:1638 type:b dur:2 cpbdur:2 q:37.03 aq:35.84 tex:296 mv:960 misc:1032 imb:0 pmb:209 smb:7951 d:s ref:0 ;
in:1638 out:1639 type:b dur:2 cpbdur:2 q:37.03 aq:36.82 tex:886 mv:1028 misc:878 imb:3 pmb:176 smb:7981 d:- ref:0 ;
in:1639 out:1640 type:b dur:2 cpbdur:2 q:37.03 aq:36.19 tex:581 mv:1058 misc:1041 imb:2 pmb:241 smb:7917 d:- ref:0 ;
in:1642 out:1641 type:P dur:2 cpbdur:2 q:35.49 aq:27.83 tex:176284 mv:7217 misc:5987 imb:324 pmb:2555 smb:5281 d:s ref:0 ;
in:1641 out:1642 type:b dur:2 cpbdur:2 q:36.28 aq:33.33 tex:109 mv:714 misc:777 imb:1 pmb:132 smb:8027 d:t ref:0 ;
in:1644 out:1643 type:P dur:2 cpbdur:2 q:35.33 aq:28.04 tex:164114 mv:6759 misc:5447 imb:282 pmb:2155 smb:5723 d:s ref:0 ;
in:1643 out:1644 type:b dur:2 cpbdur:2 q:35.87 aq:37.21 tex:302 mv:704 misc:690 imb:1 pmb:129 smb:8030 d:s ref:0 ;
in:1648 out:1645 type:P dur:2 cpbdur:2 q:34.62 aq:27.14 tex:337692 mv:12239 misc:6141 imb:532 pmb:3714 smb:3914 d:s ref:0 ;
in:1646 out:1646 type:B dur:2 cpbdur:2 q:35.70 aq:35.14 tex:1484 mv:2197 misc:1735 imb:7 pmb:431 smb:7722 d:s ref:0 ;
in:1645 out:1647 type:b dur:2 cpbdur:2 q:35.96 aq:37.02 tex:469 mv:1000 misc:1043 imb:2 pmb:243 smb:7915 d:s ref:0 ;
in:1647 out:1648 type:b dur:2 cpbdur:2 q:35.94 aq:36.78 tex:955 mv:1204 misc:1041 imb:3 pmb:234 smb:7923 d:- ref:0 ;
in:1654 out:1649 type:P dur:2 cpbdur:2 q:34.40 aq:27.30 tex:262823 mv:14442 misc:5743 imb:698 pmb:3095 smb:4367 d:s ref:0 ;
in:1651 out:1650 type:B dur:2 cpbdur:2 q:35.04 aq:32.95 tex:12142 mv:5866 misc:2736 imb:54 pmb:848 smb:7258 d:s ref:0 ;
in:1649 out:1651 type:b dur:2 cpbdur:2 q:35.49 aq:35.41 tex:629 mv:1567 misc:1172 imb:2 pmb:257 smb:7901 d:s ref:0 ;
in:1650 out:1652 type:b dur:2 cpbdur:2 q:35.49 aq:35.62 tex:770 mv:1242 misc:1020 imb:5 pmb:199 smb:7956 d:s ref:0 ;
in:1652 out:1653 type:b dur:2 cpbdur:2 q:35.49 aq:35.10 tex:5869 mv:2123 misc:1200 imb:21 pmb:324 smb:7815 d:- ref:0 ;
in:1653 out:1654 type:b dur:2 cpbdur:2 q:35.49 aq:38.21 tex:5822 mv:2155 misc:1055 imb:23 pmb:303 smb:7834 d:- ref:0 ;
in:1660 out:1655 type:P dur:2 cpbdur:2 q:34.56 aq:27.12 tex:387100 mv:20477 misc:5719 imb:1393 pmb:3378 smb:3389 d:s ref:0 ;
in:1657 out:1656 type:B dur:2 cpbdur:2 q:34.91 aq:33.02 tex:14796 mv:5629 misc:3071 imb:46 pmb:949 smb:7165 d:s ref:0 ;
in:1655 out:1657 type:b dur:2 cpbdur:2 q:35.32 aq:36.41 tex:365 mv:1240 misc:1099 imb:20 pmb:246 smb:7894 d:s ref:0 ;
in:1656 out:1658 type:b dur:2 cpbdur:2 q:35.32 aq:36.51 tex:1241 mv:1313 misc:1246 imb:6 pmb:315 smb:7839 d:s ref:0 ;
in:1658 out:1659 type:b dur:2 cpbdur:2 q:35.32 aq:36.52 tex:11970 mv:5192 misc:1710 imb:177 pmb:649 smb:7334 d:- ref:0 ;
in:1659 out:1660 type:b dur:2 cpbdur:2 q:35.32 aq:35.69 tex:7275 mv:3303 misc:2086 imb:53 pmb:611 smb:7496 d:- ref:0 ;
in:1665 out:1661 type:P dur:2 cpbdur:2 q:34.72 aq:27.67 tex:259949 mv:17826 misc:4441 imb:1085 pmb:2424 smb:4651 d:s ref:0 ;
in:1662 out:1662 type:B dur:2 cpbdur:2 q:35.24 aq:34.46 tex:9631 mv:6745 misc:2728 imb:73 pmb:867 smb:7220 d:s ref:0 ;
in:1661 out:1663 type:b dur:2 cpbdur:2 q:35.61 aq:35.74 tex:2406 mv:3161 misc:1353 imb:43 pmb:337 smb:7780 d:s ref:0 ;
in:1663 out:1664 type:b dur:2 cpbdur:2 q:35.61 aq:36.13 tex:2180 mv:2328 misc:1564 imb:13 pmb:356 smb:7791 d:- ref:0 ;
in:1664 out:1665 type:b dur:2 cpbdur:2 q:35.61 aq:35.73 tex:1607 mv:2166 misc:1635 imb:5 pmb:390 smb:7765 d:- ref:0 ;
in:1667 out:1666 type:P dur:2 cpbdur:2 q:34.34 aq:26.29 tex:209095 mv:5618 misc:6095 imb:303 pmb:2607 smb:5250 d:s ref:0 ;
in:1666 out:1667 type:b dur:2 cpbdur:2 q:35.14 aq:36.87 tex:481 mv:996 misc:851 imb:8 pmb:203 smb:7949 d:t ref:0 ;
in:1673 out:1668 type:P dur:2 cpbdur:2 q:34.59 aq:28.04 tex:217035 mv:15675 misc:4826 imb:1013 pmb:2365 smb:4782 d:s ref:0 ;
in:1670 out:1669 type:B dur:2 cpbdur:2 q:34.86 aq:33.20 tex:25595 mv:9031 misc:2982 imb:157 pmb:1039 smb:6964 d:s ref:0 ;
in:1668 out:1670 type:b dur:2 cpbdur:2 q:35.32 aq:36.65 tex:2346 mv:2358 misc:1424 imb:10 pmb:350 smb:7800 d:s ref:0 ;
in:1669 out:1671 type:b dur:2 cpbdur:2 q:35.32 aq:36.80 tex:2285 mv:2959 misc:1556 imb:42 pmb:419 smb:7699 d:s ref:0 ;
in:1671 out:1672 type:b dur:2 cpbdur:2 q:35.32 aq:35.48 tex:3026 mv:3446 misc:1440 imb:88 pmb:378 smb:7694 d:- ref:0 ;
in:1672 out:1673 type:b dur:2 cpbdur:2 q:35.32 aq:36.05 tex:4586 mv:3806 misc:1328 imb:143 pmb:332 smb:7685 d:- ref:0 ;
in:1676 out:1674 type:P dur:2 cpbdur:2 q:34.54 aq:27.82 tex:172475 mv:13294 misc:4903 imb:663 pmb:2308 smb:5189 d:s ref:0 ;
in:1674 out:1675 type:B dur:2 cpbdur:2 q:34.98 aq:34.03 tex:4560 mv:4301 misc:1267 imb:83 pmb:377 smb:7700 d:t ref:0 ;
in:1675 out:1676 type:b dur:2 cpbdur:2 q:35.16 aq:34.40 tex:3586 mv:3869 misc:1153 imb:77 pmb:318 smb:7765 d:- ref:0 ;
in:1681 out:1677 type:P dur:2 cpbdur:2 q:34.67 aq:28.86 tex:283362 mv:19054 misc:4120 imb:900 pmb:2362 smb:4898 d:s ref:0 ;
in:1678 out:1678 type:B dur:2 cpbdur:2 q:34.87 aq:33.84 tex:4939 mv:2644 misc:2561 imb:7 pmb:765 smb:7388 d:s ref:0 ;
in:1677 out:1679 type:b dur:2 cpbdur:2 q:35.07 aq:34.67 tex:344 mv:817 misc:871 imb:1 pmb:211 smb:7948 d:s ref:0 ;
in:1679 out:1680 type:b dur:2 cpbdur:2 q:35.07 aq:36.90 tex:4774 mv:4028 misc:2054 imb:87 pmb:594 smb:7479 d:- ref:0 ;
in:1680 out:1681 type:b dur:2 cpbdur:2 q:35.07 aq:37.78 tex:4145 mv:3565 misc:2130 imb:60 pmb:618 smb:7482 d:- ref:0 ;
in:1684 out:1682 type:P dur:2 cpbdur:2 q:34.69 aq:28.47 tex:162375 mv:12771 misc:4718 imb:563 pmb:2190 smb:5407 d:s ref:0 ;
in:1682 out:1683 type:B dur:2 cpbdur:2 q:35.16 aq:34.99 tex:2818 mv:2877 misc:1409 imb:40 pmb:365 smb:7755 d:s ref:0 ;
in:1683 out:1684 type:b dur:2 cpbdur:2 q:35.36 aq:35.40 tex:1286 mv:1819 misc:967 imb:15 pmb:209 smb:7936 d:- ref:0 ;
in:1687 out:1685 type:P dur:2 cpbdur:2 q:34.22 aq:27.64 tex:194416 mv:13350 misc:4754 imb:582 pmb:2335 smb:5243 d:s ref:0 ;
in:1685 out:1686 type:B dur:2 cpbdur:2 q:35.14 aq:34.60 tex:2575 mv:2661 misc:1372 imb:27 pmb:325 smb:7808 d:s ref:0 ;
in:1686 out:1687 type:b dur:2 cpbdur:2 q:35.44 aq:35.14 tex:849 mv:1578 misc:1037 imb:11 pmb:207 smb:7942 d:- ref:0 ;
in:1690 out:1688 type:P dur:2 cpbdur:2 q:33.95 aq:27.51 tex:139766 mv:8963 misc:5287 imb:386 pmb:2189 smb:5585 d:s ref:0 ;
in:1688 out:1689 type:B dur:2 cpbdur:2 q:34.63 aq:33.99 tex:2041 mv:1067 misc:1284 imb:4 pmb:257 smb:7899 d:s ref:0 ;
in:1689 out:1690 type:b dur:2 cpbdur:2 q:35.06 aq:34.00 tex:244 mv:1181 misc:1247 imb:3 pmb:251 smb:7906 d:- ref:0 ;
in:1694 out:1691 type:P dur:2 cpbdur:2 q:33.90 aq:27.89 tex:187745 mv:15469 misc:4578 imb:769 pmb:2287 smb:5104 d:s ref:0 ;
in:1692 out:1692 type:B dur:2 cpbdur:2 q:34.40 aq:33.53 tex:14301 mv:6536 misc:2371 imb:57 pmb:747 smb:7356 d:t ref:0 ;
in:1691 out:1693 type:b dur:2 cpbdur:2 q:34.73 aq:36.51 tex:1802 mv:2563 misc:1595 imb:13 pmb:378 smb:7769 d:s ref:0 ;
in:1693 out:1694 type:b dur:2 cpbdur:2 q:34.73 aq:36.39 tex:1355 mv:2216 misc:1341 imb:4 pmb:303 smb:7853 d:- ref:0 ;
in:1698 out:1695 type:P dur:2 cpbdur:2 q:34.35 aq:29.01 tex:223501 mv:17419 misc:3768 imb:822 pmb:2187 smb:5151 d:s ref:0 ;
in:1696 out:1696 type:B dur:2 cpbdur:2 q:34.75 aq:33.80 tex:6906 mv:6320 misc:2670 imb:45 pmb:841 smb:7274 d:s ref:0 ;
in:1695 out:1697 type:b dur:2 cpbdur:2 q:34.75 aq:34.67 tex:1021 mv:2124 misc:1607 imb:2 pmb:381 smb:7777 d:s ref:0 ;
in:1697 out:1698 type:b dur:2 cpbdur:2 q:34.75 aq:35.46 tex:1675 mv:2295 misc:1414 imb:10 pmb:355 smb:7795 d:- ref:0 ;
in:1704 out:1699 type:P dur:2 cpbdur:2 q:35.23 aq:30.01 tex:204451 mv:19065 misc:3364 imb:1491 pmb:1858 smb:4811 d:s ref:0 ;
in:1701 out:1700 type:B dur:2 cpbdur:2 q:35.65 aq:34.55 tex:5403 mv:5077 misc:2896 imb:113 pmb:805 smb:7242 d:s ref:0 ;
in:1699 out:1701 type:b dur:2 cpbdur:2 q:35.98 aq:38.29 tex:5444 mv:2061 misc:1247 imb:59 pmb:338 smb:7763 d:s ref:0 ;
in:1700 out:1702 type:b dur:2 cpbdur:2 q:35.98 aq:36.74 tex:10426 mv:2203 misc:1331 imb:81 pmb:306 smb:7773 d:s ref:0 ;
in:1702 out:1703 type:b dur:2 cpbdur:2 q:35.98 aq:36.11 tex:17065 mv:13212 misc:2643 imb:589 pmb:831 smb:6740 d:- ref:0 ;
in:1703 out:1704 type:b dur:2 cpbdur:2 q:35.98 aq:36.77 tex:2969 mv:3965 misc:1826 imb:34 pmb:437 smb:7689 d:- ref:0 ;
in:1708 out:1705 type:P dur:2 cpbdur:2 q:35.76 aq:29.68 tex:232833 mv:19434 misc:3085 imb:1495 pmb:1752 smb:4913 d:s ref:0 ;
in:1706 out:1706 type:B dur:2 cpbdur:2 q:36.04 aq:35.61 tex:12134 mv:9304 misc:2922 imb:332 pmb:957 smb:6871 d:s ref:0 ;
in:1705 out:1707 type:b dur:2 cpbdur:2 q:36.43 aq:36.59 tex:17216 mv:14818 misc:2414 imb:785 pmb:894 smb:6481 d:s ref:0 ;
in:1707 out:1708 type:b dur:2 cpbdur:2 q:36.43 aq:39.24 tex:332 mv:1181 misc:1159 imb:2 pmb:277 smb:7881 d:- ref:0 ;
in:1712 out:1709 type:P dur:2 cpbdur:2 q:34.92 aq:28.35 tex:135028 mv:9079 misc:5061 imb:369 pmb:2091 smb:5700 d:s ref:0 ;
in:1710 out:1710 type:B dur:2 cpbdur:2 q:36.20 aq:35.57 tex:1692 mv:1218 misc:1066 imb:12 pmb:227 smb:7921 d:s ref:0 ;
in:1709 out:1711 type:b dur:2 cpbdur:2 q:36.29 aq:36.96 tex:437 mv:831 misc:828 imb:0 pmb:160 smb:8000 d:s ref:0 ;
in:1711 out:1712 type:b dur:2 cpbdur:2 q:36.29 aq:32.05 tex:82 mv:646 misc:624 imb:1 pmb:108 smb:8051 d:- ref:0 ;
in:1714 out:1713 type:P dur:2 cpbdur:2 q:34.71 aq:28.03 tex:132566 mv:8236 misc:5254 imb:300 pmb:2145 smb:5715 d:s ref:0 ;
in:1713 out:1714 type:b dur:2 cpbdur:2 q:35.54 aq:34.50 tex:267 mv:793 misc:868 imb:3 pmb:169 smb:7988 d:t ref:0 ;
in:1718 out:1715 type:P dur:2 cpbdur:2 q:34.91 aq:28.96 tex:170746 mv:13752 misc:4206 imb:605 pmb:2188 smb:5367 d:s ref:0 ;
in:1716 out:1716 type:B dur:2 cpbdur:2 q:35.43 aq:34.60 tex:3763 mv:2078 misc:1519 imb:9 pmb:378 smb:7773 d:s ref:0 ;
in:1715 out:1717 type:b dur:2 cpbdur:2 q:35.81 aq:36.00 tex:333 mv:922 misc:897 imb:1 pmb:169 smb:7990 d:s ref:0 ;
in:1717 out:1718 type:b dur:2 cpbdur:2 q:35.81 aq:37.73 tex:576 mv:911 misc:913 imb:5 pmb:199 smb:7956 d:- ref:0 ;
in:1722 out:1719 type:P dur:2 cpbdur:2 q:35.38 aq:29.54 tex:183111 mv:13999 misc:4738 imb:615 pmb:2438 smb:5107 d:s ref:0 ;
in:1720 out:1720 type:B dur:2 cpbdur:2 q:35.53 aq:34.11 tex:3340 mv:2129 misc:2523 imb:11 pmb:738 smb:7411 d:s ref:0 ;
in:1719 out:1721 type:b dur:2 cpbdur:2 q:35.95 aq:36.03 tex:357 mv:1215 misc:1332 imb:2 pmb:315 smb:7843 d:s ref:0 ;
in:1721 out:1722 type:b dur:2 cpbdur:2 q:35.95 aq:33.12 tex:2950 mv:1610 misc:920 imb:8 pmb:294 smb:7858 d:- ref:0 ;
in:1728 out:1723 type:P dur:2 cpbdur:2 q:35.28 aq:29.05 tex:223931 mv:14523 misc:4522 imb:767 pmb:2647 smb:4746 d:s ref:0 ;
in:1725 out:1724 type:B dur:2 cpbdur:2 q:35.85 aq:33.42 tex:16662 mv:6860 misc:2454 imb:44 pmb:887 smb:7229 d:s ref:0 ;
in:1723 out:1725 type:b dur:2 cpbdur:2 q:36.30 aq:36.23 tex:3449 mv:1742 misc:1089 imb:42 pmb:291 smb:7827 d:s ref:0 ;
in:1724 out:1726 type:b dur:2 cpbdur:2 q:36.30 aq:36.64 tex:3098 mv:1526 misc:1088 imb:10 pmb:280 smb:7870 d:s ref:0 ;
in:1726 out:1727 type:b dur:2 cpbdur:2 q:36.30 aq:35.84 tex:1173 mv:2045 misc:1382 imb:4 pmb:328 smb:7828 d:- ref:0 ;
in:1727 out:1728 type:b dur:2 cpbdur:2 q:36.30 aq:36.60 tex:872 mv:1593 misc:1319 imb:5 pmb:299 smb:7856 d:- ref:0 ;
in:1731 out:1729 type:P dur:2 cpbdur:2 q:35.15 aq:28.61 tex:214975 mv:14128 misc:5265 imb:553 pmb:2719 smb:4888 d:s ref:0 ;
in:1729 out:1730 type:B dur:2 cpbdur:2 q:35.65 aq:36.14 tex:2788 mv:3266 misc:1562 imb:81 pmb:378 smb:7701 d:t ref:0 ;
in:1730 out:1731 type:b dur:2 cpbdur:2 q:35.67 aq:37.20 tex:1935 mv:1766 misc:1155 imb:9 pmb:254 smb:7897 d:- ref:0 ;
in:1733 out:1732 type:P dur:2 cpbdur:2 q:34.54 aq:27.46 tex:147565 mv:6114 misc:5521 imb:318 pmb:2078 smb:5764 d:s ref:0 ;
in:1732 out:1733 type:b dur:2 cpbdur:2 q:35.31 aq:36.52 tex:536 mv:817 misc:695 imb:5 pmb:148 smb:8007 d:t ref:0 ;
in:1737 out:1734 type:P dur:2 cpbdur:2 q:34.89 aq:28.60 tex:225422 mv:17160 misc:4562 imb:939 pmb:2308 smb:4913 d:s ref:0 ;
in:1735 out:1735 type:B dur:2 cpbdur:2 q:35.52 aq:34.87 tex:6427 mv:5650 misc:2035 imb:96 pmb:624 smb:7440 d:s ref:0 ;
in:1734 out:1736 type:b dur:2 cpbdur:2 q:35.79 aq:37.53 tex:1498 mv:2219 misc:1083 imb:24 pmb:230 smb:7906 d:s ref:0 ;
in:1736 out:1737 type:b dur:2 cpbdur:2 q:35.79 aq:34.98 tex:2821 mv:3938 misc:1409 imb:84 pmb:407 smb:7669 d:- ref:0 ;
in:1742 out:1738 type:P dur:2 cpbdur:2 q:35.76 aq:29.75 tex:206584 mv:16740 misc:4204 imb:1067 pmb:1959 smb:5134 d:s ref:0 ;
in:1739 out:1739 type:B dur:2 cpbdur:2 q:36.12 aq:34.90 tex:25296 mv:8396 misc:1948 imb:252 pmb:723 smb:7185 d:s ref:0 ;
in:1738 out:1740 type:b dur:2 cpbdur:2 q:36.31 aq:37.68 tex:3833 mv:3694 misc:1409 imb:98 pmb:419 smb:7643 d:s ref:0 ;
in:1740 out:1741 type:b dur:2 cpbdur:2 q:36.31 aq:37.44 tex:8178 mv:4915 misc:1339 imb:117 pmb:515 smb:7528 d:- ref:0 ;
in:1741 out:1742 type:b dur:2 cpbdur:2 q:36.31 aq:37.82 tex:9112 mv:3550 misc:1306 imb:87 pmb:448 smb:7625 d:- ref:0 ;
in:1746 out:1743 type:P dur:2 cpbdur:2 q:35.53 aq:29.18 tex:183042 mv:14029 misc:4761 imb:614 pmb:2287 smb:5259 d:s ref:0 ;
in:1744 out:1744 type:B dur:2 cpbdur:2 q:36.61 aq:35.68 tex:11661 mv:2411 misc:1664 imb:36 pmb:573 smb:7551 d:s ref:0 ;
in:1743 out:1745 type:b dur:2 cpbdur:2 q:36.79 aq:37.24 tex:392 mv:789 misc:803 imb:2 pmb:185 smb:7973 d:t ref:0 ;
in:1745 out:1746 type:b dur:2 cpbdur:2 q:36.79 aq:36.49 tex:1091 mv:1720 misc:1133 imb:5 pmb:274 smb:7881 d:- ref:0 ;
in:1750 out:1747 type:P dur:2 cpbdur:2 q:35.82 aq:29.71 tex:192653 mv:14803 misc:4064 imb:807 pmb:2143 smb:5210 d:s ref:0 ;
in:1748 out:1748 type:B dur:2 cpbdur:2 q:37.04 aq:36.15 tex:8520 mv:3536 misc:1424 imb:29 pmb:396 smb:7735 d:s ref:0 ;
in:1747 out:1749 type:b dur:2 cpbdur:2 q:37.23 aq:37.58 tex:1313 mv:1338 misc:1053 imb:6 pmb:268 smb:7886 d:s ref:0 ;
in:1749 out:1750 type:b dur:2 cpbdur:2 q:37.23 aq:36.69 tex:151 mv:838 misc:787 imb:0 pmb:143 smb:8017 d:- ref:0 ;
in:1754 out:1751 type:P dur:2 cpbdur:2 q:35.01 aq:28.72 tex:227297 mv:16359 misc:4856 imb:721 pmb:2530 smb:4909 d:s ref:0 ;
in:1752 out:1752 type:B dur:2 cpbdur:2 q:36.28 aq:36.06 tex:2648 mv:2590 misc:1730 imb:6 pmb:475 smb:7679 d:s ref:0 ;
in:1751 out:1753 type:b dur:2 cpbdur:2 q:36.52 aq:38.12 tex:959 mv:1390 misc:947 imb:2 pmb:230 smb:7928 d:s ref:0 ;
in:1753 out:1754 type:b dur:2 cpbdur:2 q:36.47 aq:37.28 tex:547 mv:917 misc:1048 imb:1 pmb:245 smb:7914 d:- ref:0 ;
in:1758 out:1755 type:P dur:2 cpbdur:2 q:35.12 aq:29.11 tex:177086 mv:12720 misc:4962 imb:493 pmb:2198 smb:5469 d:s ref:0 ;
in:1756 out:1756 type:B dur:2 cpbdur:2 q:35.61 aq:35.65 tex:4086 mv:2085 misc:1693 imb:6 pmb:424 smb:7730 d:s ref:0 ;
in:1755 out:1757 type:b dur:2 cpbdur:2 q:35.72 aq:33.30 tex:271 mv:763 misc:902 imb:1 pmb:187 smb:7972 d:s ref:0 ;
in:1757 out:1758 type:b dur:2 cpbdur:2 q:35.72 aq:36.17 tex:515 mv:1146 misc:1099 imb:2 pmb:232 smb:7926 d:- ref:0 ;
in:1762 out:1759 type:P dur:2 cpbdur:2 q:34.69 aq:28.42 tex:210565 mv:15904 misc:4811 imb:769 pmb:2601 smb:4790 d:s ref:0 ;
in:1760 out:1760 type:B dur:2 cpbdur:2 q:35.40 aq:34.91 tex:2300 mv:2815 misc:2125 imb:9 pmb:543 smb:7608 d:s ref:0 ;
in:1759 out:1761 type:b dur:2 cpbdur:2 q:35.63 aq:35.06 tex:853 mv:1217 misc:1162 imb:2 pmb:236 smb:7922 d:s ref:0 ;
in:1761 out:1762 type:b dur:2 cpbdur:2 q:35.63 aq:39.17 tex:413 mv:786 misc:905 imb:0 pmb:203 smb:7957 d:- ref:0 ;
in:1766 out:1763 type:P dur:2 cpbdur:2 q:34.27 aq:27.92 tex:183229 mv:12719 misc:5300 imb:521 pmb:2521 smb:5118 d:s ref:0 ;
in:1764 out:1764 type:B dur:2 cpbdur:2 q:35.14 aq:34.89 tex:2328 mv:1612 misc:1956 imb:7 pmb:484 smb:7669 d:s ref:0 ;
in:1763 out:1765 type:b dur:2 cpbdur:2 q:35.44 aq:35.86 tex:621 mv:928 misc:883 imb:1 pmb:171 smb:7988 d:s ref:0 ;
in:1765 out:1766 type:b dur:2 cpbdur:2 q:35.44 aq:35.91 tex:538 mv:738 misc:740 imb:1 pmb:141 smb:8018 d:- ref:0 ;
in:1770 out:1767 type:P dur:2 cpbdur:2 q:34.33 aq:28.19 tex:193922 mv:16183 misc:4727 imb:800 pmb:2440 smb:4920 d:s ref:0 ;
in:1768 out:1768 type:B dur:2 cpbdur:2 q:34.73 aq:34.21 tex:4630 mv:3311 misc:2179 imb:10 pmb:592 smb:7558 d:s ref:0 ;
in:1767 out:1769 type:b dur:2 cpbdur:2 q:35.17 aq:35.83 tex:466 mv:1245 misc:953 imb:1 pmb:184 smb:7975 d:s ref:0 ;
in:1769 out:1770 type:b dur:2 cpbdur:2 q:35.17 aq:35.83 tex:1521 mv:977 misc:1030 imb:1 pmb:201 smb:7958 d:- ref:0 ;
in:1773 out:1771 type:P dur:2 cpbdur:2 q:33.99 aq:27.54 tex:254305 mv:14834 misc:5565 imb:630 pmb:3141 smb:4389 d:s ref:0 ;
in:1771 out:1772 type:B dur:2 cpbdur:2 q:34.61 aq:33.55 tex:1563 mv:1661 misc:1432 imb:3 pmb:317 smb:7840 d:s ref:0 ;
in:1772 out:1773 type:b dur:2 cpbdur:2 q:34.88 aq:36.28 tex:414 mv:1292 misc:998 imb:2 pmb:206 smb:7952 d:- ref:0 ;
in:1775 out:1774 type:P dur:2 cpbdur:2 q:34.04 aq:27.13 tex:181924 mv:11881 misc:5315 imb:449 pmb:2720 smb:4991 d:s ref:0 ;
in:1774 out:1775 type:b dur:2 cpbdur:2 q:34.24 aq:34.73 tex:515 mv:1152 misc:925 imb:1 pmb:191 smb:7968 d:t ref:0 ;
in:1779 out:1776 type:P dur:2 cpbdur:2 q:34.41 aq:28.50 tex:229119 mv:12944 misc:5017 imb:430 pmb:2390 smb:5340 d:s ref:0 ;
in:1777 out:1777 type:B dur:2 cpbdur:2 q:34.71 aq:34.38 tex:1939 mv:1680 misc:2181 imb:3 pmb:584 smb:7573 d:s ref:0 ;
in:1776 out:1778 type:b dur:2 cpbdur:2 q:35.06 aq:36.01 tex:434 mv:726 misc:840 imb:1 pmb:173 smb:7986 d:s ref:0 ;
in:1778 out:1779 type:b dur:2 cpbdur:2 q:35.06 aq:36.24 tex:1236 mv:1048 misc:1308 imb:0 pmb:326 smb:7834 d:- ref:0 ;
in:1781 out:1780 type:P dur:2 cpbdur:2 q:34.50 aq:28.50 tex:162084 mv:11038 misc:4774 imb:391 pmb:2307 smb:5462 d:s ref:0 ;
in:1780 out:1781 type:b dur:2 cpbdur:2 q:35.02 aq:35.97 tex:2288 mv:1236 misc:924 imb:0 pmb:212 smb:7948 d:t ref:0 ;
in:1783 out:1782 type:P dur:2 cpbdur:2 q:34.14 aq:27.85 tex:138249 mv:9163 misc:5164 imb:289 pmb:2299 smb:5572 d:s ref:0 ;
in:1782 out:1783 type:b dur:2 cpbdur:2 q:34.95 aq:32.77 tex:301 mv:698 misc:673 imb:1 pmb:109 smb:8050 d:t ref:0 ;
in:1785 out:1784 type:P dur:2 cpbdur:2 q:34.24 aq:27.75 tex:160964 mv:12001 misc:4635 imb:408 pmb:2438 smb:5314 d:s ref:0 ;
in:1784 out:1785 type:b dur:2 cpbdur:2 q:34.61 aq:35.82 tex:713 mv:1286 misc:1169 imb:3 pmb:254 smb:7903 d:s ref:0 ;
in:1788 out:1786 type:P dur:2 cpbdur:2 q:33.91 aq:27.38 tex:133477 mv:7502 misc:5389 imb:307 pmb:2236 smb:5617 d:s ref:0 ;
in:1786 out:1787 type:B dur:2 cpbdur:2 q:34.51 aq:32.72 tex:712 mv:907 misc:1029 imb:1 pmb:209 smb:7950 d:t ref:0 ;
in:1787 out:1788 type:b dur:2 cpbdur:2 q:34.65 aq:32.09 tex:629 mv:619 misc:632 imb:1 pmb:108 smb:8051 d:- ref:0 ;
in:1791 out:1789 type:P dur:2 cpbdur:2 q:34.14 aq:27.86 tex:228474 mv:13648 misc:4894 imb:450 pmb:2836 smb:4874 d:s ref:0 ;
in:1789 out:1790 type:B dur:2 cpbdur:2 q:34.45 aq:35.96 tex:1481 mv:1154 misc:1237 imb:2 pmb:275 smb:7883 d:s ref:0 ;
in:1790 out:1791 type:b dur:2 cpbdur:2 q:34.65 aq:37.18 tex:980 mv:1123 misc:1273 imb:1 pmb:306 smb:7853 d:- ref:0 ;
in:1794 out:1792 type:P dur:2 cpbdur:2 q:34.41 aq:28.43 tex:201869 mv:11721 misc:4562 imb:286 pmb:2643 smb:5231 d:s ref:0 ;
in:1792 out:1793 type:B dur:2 cpbdur:2 q:34.84 aq:36.33 tex:1697 mv:1319 misc:1320 imb:3 pmb:338 smb:7819 d:s ref:0 ;
in:1793 out:1794 type:b dur:2 cpbdur:2 q:35.07 aq:37.66 tex:425 mv:903 misc:904 imb:0 pmb:211 smb:7949 d:- ref:0 ;
in:1797 out:1795 type:P dur:2 cpbdur:2 q:34.13 aq:28.10 tex:218094 mv:10309 misc:5149 imb:285 pmb:2572 smb:5303 d:s ref:0 ;
in:1795 out:1796 type:B dur:2 cpbdur:2 q:34.77 aq:36.58 tex:1061 mv:1027 misc:1176 imb:1 pmb:284 smb:7875 d:s ref:0 ;
in:1796 out:1797 type:b dur:2 cpbdur:2 q:35.16 aq:37.63 tex:847 mv:881 misc:816 imb:2 pmb:166 smb:7992 d:- ref:0 ;
in:1800 out:1798 type:P dur:2 cpbdur:2 q:34.48 aq:28.33 tex:184868 mv:8673 misc:4907 imb:262 pmb:2036 smb:5862 d:s ref:0 ;
in:1798 out:1799 type:B dur:2 cpbdur:2 q:34.92 aq:35.59 tex:1386 mv:1346 misc:1556 imb:3 pmb:391 smb:7766 d:s ref:0 ;
in:1799 out:1800 type:b dur:2 cpbdur:2 q:35.27 aq:33.56 tex:971 mv:1153 misc:1172 imb:1 pmb:277 smb:7882 d:- ref:0 ;
in:1805 out:1801 type:P dur:2 cpbdur:2 q:34.56 aq:28.56 tex:210093 mv:15731 misc:4224 imb:799 pmb:2413 smb:4948 d:s ref:0 ;
in:1802 out:1802 type:B dur:2 cpbdur:2 q:35.25 aq:34.87 tex:8497 mv:5912 misc:2479 imb:36 pmb:741 smb:7383 d:t ref:0 ;
in:1801 out:1803 type:b dur:2 cpbdur:2 q:35.70 aq:36.79 tex:634 mv:1360 misc:966 imb:3 pmb:194 smb:7963 d:s ref:0 ;
in:1803 out:1804 type:b dur:2 cpbdur:2 q:35.70 aq:36.53 tex:1578 mv:2323 misc:1171 imb:7 pmb:274 smb:7879 d:- ref:0 ;
in:1804 out:1805 type:b dur:2 cpbdur:2 q:35.70 aq:37.52 tex:1301 mv:2332 misc:1223 imb:5 pmb:283 smb:7872 d:- ref:0 ;
in:1807 out:1806 type:P dur:2 cpbdur:2 q:34.45 aq:28.01 tex:160868 mv:11864 misc:4668 imb:356 pmb:2314 smb:5490 d:s ref:0 ;
in:1806 out:1807 type:b dur:2 cpbdur:2 q:34.97 aq:37.83 tex:527 mv:1425 misc:960 imb:1 pmb:219 smb:7940 d:s ref:0 ;
in:1811 out:1808 type:P dur:2 cpbdur:2 q:34.31 aq:27.77 tex:155593 mv:8926 misc:5241 imb:314 pmb:2275 smb:5571 d:s ref:0 ;
in:1809 out:1809 type:B dur:2 cpbdur:2 q:34.83 aq:34.29 tex:3066 mv:1639 misc:1567 imb:7 pmb:342 smb:7811 d:s ref:0 ;
in:1808 out:1810 type:b dur:2 cpbdur:2 q:35.23 aq:38.36 tex:563 mv:836 misc:681 imb:0 pmb:131 smb:8029 d:s ref:0 ;
in:1810 out:1811 type:b dur:2 cpbdur:2 q:35.23 aq:37.02 tex:388 mv:792 misc:788 imb:3 pmb:166 smb:7991 d:- ref:0 ;
in:1815 out:1812 type:P dur:2 cpbdur:2 q:34.59 aq:28.13 tex:204537 mv:14747 misc:4796 imb:553 pmb:2634 smb:4973 d:s ref:0 ;
in:1813 out:1813 type:B dur:2 cpbdur:2 q:34.91 aq:34.64 tex:2514 mv:2279 misc:1375 imb:6 pmb:301 smb:7853 d:s ref:0 ;
in:1812 out:1814 type:b dur:2 cpbdur:2 q:34.98 aq:35.51 tex:746 mv:966 misc:936 imb:0 pmb:172 smb:7988 d:s ref:0 ;
in:1814 out:1815 type:b dur:2 cpbdur:2 q:34.98 aq:37.30 tex:660 mv:866 misc:890 imb:1 pmb:186 smb:7973 d:- ref:0 ;
in:1817 out:1816 type:P dur:2 cpbdur:2 q:34.62 aq:28.20 tex:132974 mv:6081 misc:4897 imb:156 pmb:2113 smb:5891 d:s ref:0 ;
in:1816 out:1817 type:b dur:2 cpbdur:2 q:35.44 aq:36.82 tex:548 mv:854 misc:758 imb:1 pmb:156 smb:8003 d:t ref:0 ;
in:1821 out:1818 type:P dur:2 cpbdur:2 q:34.68 aq:28.66 tex:184185 mv:11215 misc:5064 imb:404 pmb:2302 smb:5454 d:s ref:0 ;
in:1819 out:1819 type:B dur:2 cpbdur:2 q:35.11 aq:33.64 tex:11806 mv:3307 misc:2143 imb:53 pmb:597 smb:7510 d:s ref:0 ;
in:1818 out:1820 type:b dur:2 cpbdur:2 q:35.45 aq:32.92 tex:319 mv:915 misc:1118 imb:2 pmb:226 smb:7932 d:s ref:0 ;
in:1820 out:1821 type:b dur:2 cpbdur:2 q:35.45 aq:35.62 tex:241 mv:791 misc:920 imb:2 pmb:213 smb:7945 d:- ref:0 ;
in:1826 out:1822 type:P dur:2 cpbdur:2 q:34.64 aq:28.72 tex:229442 mv:17113 misc:4533 imb:715 pmb:2792 smb:4653 d:s ref:0 ;
in:1823 out:1823 type:B dur:2 cpbdur:2 q:35.06 aq:34.27 tex:6281 mv:3999 misc:2288 imb:10 pmb:642 smb:7508 d:s ref:0 ;
in:1822 out:1824 type:b dur:2 cpbdur:2 q:35.43 aq:37.75 tex:367 mv:902 misc:851 imb:1 pmb:163 smb:7996 d:s ref:0 ;
in:1824 out:1825 type:b dur:2 cpbdur:2 q:35.43 aq:36.65 tex:996 mv:1152 misc:1052 imb:3 pmb:241 smb:7916 d:- ref:0 ;
in:1825 out:1826 type:b dur:2 cpbdur:2 q:35.43 aq:36.88 tex:585 mv:1458 misc:1189 imb:3 pmb:293 smb:7864 d:- ref:0 ;
in:1828 out:1827 type:P dur:2 cpbdur:2 q:34.44 aq:27.46 tex:172555 mv:9385 misc:5556 imb:250 pmb:2588 smb:5322 d:s ref:0 ;
in:1827 out:1828 type:b dur:2 cpbdur:2 q:35.16 aq:37.04 tex:276 mv:903 misc:1005 imb:2 pmb:221 smb:7937 d:s ref:0 ;
in:1830 out:1829 type:P dur:2 cpbdur:2 q:34.39 aq:27.91 tex:171260 mv:10621 misc:5223 imb:278 pmb:2705 smb:5177 d:s ref:0 ;
in:1829 out:1830 type:b dur:2 cpbdur:2 q:34.88 aq:36.67 tex:609 mv:963 misc:852 imb:2 pmb:169 smb:7989 d:t ref:0 ;
in:1832 out:1831 type:P dur:2 cpbdur:2 q:33.71 aq:26.86 tex:132283 mv:4731 misc:5394 imb:175 pmb:2033 smb:5952 d:s ref:0 ;
in:1831 out:1832 type:b dur:2 cpbdur:2 q:34.77 aq:35.63 tex:281 mv:670 misc:601 imb:1 pmb:95 smb:8064 d:t ref:0 ;
in:1838 out:1833 type:P dur:2 cpbdur:2 q:34.53 aq:28.64 tex:274033 mv:19617 misc:4526 imb:942 pmb:2656 smb:4562 d:s ref:0 ;
in:1835 out:1834 type:B dur:2 cpbdur:2 q:34.94 aq:33.51 tex:7547 mv:6470 misc:3319 imb:39 pmb:1033 smb:7088 d:s ref:0 ;
in:1833 out:1835 type:b dur:2 cpbdur:2 q:35.30 aq:36.96 tex:1265 mv:1297 misc:1086 imb:4 pmb:234 smb:7922 d:s ref:0 ;
in:1834 out:1836 type:b dur:2 cpbdur:2 q:35.30 aq:36.62 tex:1738 mv:1721 misc:1285 imb:5 pmb:283 smb:7872 d:s ref:0 ;
in:1836 out:1837 type:b dur:2 cpbdur:2 q:35.30 aq:37.06 tex:1572 mv:2221 misc:1423 imb:6 pmb:343 smb:7811 d:- ref:0 ;
in:1837 out:1838 type:b dur:2 cpbdur:2 q:35.30 aq:36.44 tex:1556 mv:2537 misc:1763 imb:9 pmb:426 smb:7725 d:- ref:0 ;
in:1839 out:1839 type:P dur:2 cpbdur:2 q:32.52 aq:32.96 tex:32454 mv:6541 misc:2861 imb:251 pmb:935 smb:6974 d:s ref:0 ;
in:1840 out:1840 type:I dur:2 cpbdur:2 q:32.39 aq:24.87 tex:2906037 mv:164760 misc:323 imb:8160 pmb:0 smb:0 d:s ref:;
in:1844 out:1841 type:P dur:2 cpbdur:2 q:34.13 aq:28.63 tex:159529 mv:10811 misc:4884 imb:240 pmb:2396 smb:5524 d:s ref:0 ;
in:1842 out:1842 type:B dur:2 cpbdur:2 q:34.56 aq:33.71 tex:6290 mv:2746 misc:2228 imb:15 pmb:636 smb:7509 d:s ref:0 ;
in:1841 out:1843 type:b dur:2 cpbdur:2 q:35.00 aq:35.53 tex:776 mv:1339 misc:1173 imb:32 pmb:243 smb:7885 d:s ref:0 ;
in:1843 out:1844 type:b dur:2 cpbdur:2 q:35.00 aq:35.65 tex:298 mv:984 misc:1214 imb:2 pmb:266 smb:7892 d:- ref:0 ;
in:1850 out:1845 type:P dur:2 cpbdur:2 q:34.55 aq:29.30 tex:229478 mv:17432 misc:4634 imb:665 pmb:2668 smb:4827 d:s ref:0 ;
in:1847 out:1846 type:B dur:2 cpbdur:2 q:35.16 aq:34.28 tex:10269 mv:6989 misc:3182 imb:37 pmb:1015 smb:7108 d:s ref:0 ;
in:1845 out:1847 type:b dur:2 cpbdur:2 q:35.44 aq:35.28 tex:1652 mv:2385 misc:1571 imb:3 pmb:405 smb:7752 d:s ref:0 ;
in:1846 out:1848 type:b dur:2 cpbdur:2 q:35.44 aq:36.09 tex:1798 mv:2383 misc:1523 imb:7 pmb:385 smb:7768 d:s ref:0 ;
in:1848 out:1849 type:b dur:2 cpbdur:2 q:35.44 aq:36.57 tex:2418 mv:2339 misc:1587 imb:4 pmb:374 smb:7782 d:- ref:0 ;
in:1849 out:1850 type:b dur:2 cpbdur:2 q:35.44 aq:37.48 tex:2198 mv:2482 misc:1600 imb:12 pmb:382 smb:7766 d:- ref:0 ;
in:1852 out:1851 type:P dur:2 cpbdur:2 q:34.42 aq:28.77 tex:165976 mv:12262 misc:4658 imb:377 pmb:2526 smb:5257 d:s ref:0 ;
in:1851 out:1852 type:b dur:2 cpbdur:2 q:35.10 aq:37.02 tex:758 mv:1592 misc:1258 imb:1 pmb:328 smb:7831 d:s ref:0 ;
in:1854 out:1853 type:P dur:2 cpbdur:2 q:34.08 aq:28.65 tex:128939 mv:5459 misc:4802 imb:171 pmb:1794 smb:6195 d:s ref:0 ;
in:1853 out:1854 type:b dur:2 cpbdur:2 q:34.94 aq:32.12 tex:283 mv:818 misc:867 imb:1 pmb:178 smb:7981 d:t ref:0 ;
in:1860 out:1855 type:P dur:2 cpbdur:2 q:34.67 aq:29.22 tex:250002 mv:19439 misc:3775 imb:853 pmb:2670 smb:4637 d:s ref:0 ;
in:1857 out:1856 type:B dur:2 cpbdur:2 q:35.03 aq:33.78 tex:17250 mv:8684 misc:3378 imb:54 pmb:1188 smb:6918 d:s ref:0 ;
in:1855 out:1857 type:b dur:2 cpbdur:2 q:35.20 aq:36.25 tex:678 mv:1685 misc:1253 imb:4 pmb:286 smb:7870 d:s ref:0 ;
in:1856 out:1858 type:b dur:2 cpbdur:2 q:35.20 aq:35.90 tex:1317 mv:2057 misc:1570 imb:5 pmb:379 smb:7776 d:s ref:0 ;
in:1858 out:1859 type:b dur:2 cpbdur:2 q:35.20 aq:37.40 tex:3202 mv:3389 misc:1793 imb:15 pmb:457 smb:7688 d:- ref:0 ;
in:1859 out:1860 type:b dur:2 cpbdur:2 q:35.20 aq:36.50 tex:2249 mv:2581 misc:1602 imb:13 pmb:405 smb:7742 d:- ref:0 ;
in:1861 out:1861 type:P dur:2 cpbdur:2 q:34.25 aq:28.60 tex:111144 mv:7910 misc:4682 imb:168 pmb:2199 smb:5793 d:s ref:0 ;
in:1864 out:1862 type:P dur:2 cpbdur:2 q:34.41 aq:29.17 tex:178936 mv:11565 misc:4195 imb:332 pmb:2498 smb:5330 d:s ref:0 ;
in:1862 out:1863 type:B dur:2 cpbdur:2 q:34.82 aq:36.51 tex:1338 mv:1465 misc:1309 imb:15 pmb:327 smb:7818 d:s ref:0 ;
in:1863 out:1864 type:b dur:2 cpbdur:2 q:34.99 aq:35.69 tex:207 mv:783 misc:746 imb:3 pmb:135 smb:8022 d:- ref:0 ;
in:1866 out:1865 type:P dur:2 cpbdur:2 q:34.47 aq:29.12 tex:72640 mv:4564 misc:4132 imb:135 pmb:1353 smb:6672 d:s ref:0 ;
in:1865 out:1866 type:b dur:2 cpbdur:2 q:35.03 aq:34.77 tex:267 mv:705 misc:772 imb:1 pmb:161 smb:7998 d:t ref:0 ;
in:1870 out:1867 type:P dur:2 cpbdur:2 q:34.92 aq:29.75 tex:159278 mv:14360 misc:4178 imb:490 pmb:2408 smb:5262 d:s ref:0 ;
in:1868 out:1868 type:B dur:2 cpbdur:2 q:35.30 aq:35.26 tex:1784 mv:1789 misc:1147 imb:4 pmb:227 smb:7929 d:s ref:0 ;
in:1867 out:1869 type:b dur:2 cpbdur:2 q:35.70 aq:37.36 tex:158 mv:629 misc:621 imb:2 pmb:96 smb:8062 d:s ref:0 ;
in:1869 out:1870 type:b dur:2 cpbdur:2 q:35.70 aq:33.00 tex:82 mv:751 misc:871 imb:3 pmb:178 smb:7979 d:- ref:0 ;
in:1872 out:1871 type:P dur:2 cpbdur:2 q:34.62 aq:29.18 tex:129290 mv:6402 misc:4484 imb:149 pmb:1866 smb:6145 d:s ref:0 ;
in:1871 out:1872 type:b dur:2 cpbdur:2 q:35.16 aq:34.04 tex:367 mv:781 misc:908 imb:2 pmb:209 smb:7949 d:s ref:0 ;
in:1874 out:1873 type:P dur:2 cpbdur:2 q:34.44 aq:29.36 tex:89321 mv:5087 misc:4152 imb:186 pmb:1558 smb:6416 d:s ref:0 ;
in:1873 out:1874 type:b dur:2 cpbdur:2 q:34.88 aq:34.17 tex:504 mv:757 misc:771 imb:1 pmb:154 smb:8005 d:t ref:0 ;
in:1876 out:1875 type:P dur:2 cpbdur:2 q:34.45 aq:29.64 tex:84386 mv:5320 misc:4134 imb:145 pmb:1536 smb:6479 d:s ref:0 ;
in:1875 out:1876 type:b dur:2 cpbdur:2 q:34.90 aq:36.64 tex:194 mv:704 misc:878 imb:2 pmb:192 smb:7966 d:s ref:0 ;
in:1882 out:1877 type:P dur:2 cpbdur:2 q:34.02 aq:31.73 tex:94166 mv:9053 misc:4277 imb:396 pmb:1889 smb:5875 d:s ref:0 ;
in:1879 out:1878 type:B dur:2 cpbdur:2 q:34.75 aq:33.19 tex:11688 mv:2574 misc:2258 imb:29 pmb:580 smb:7551 d:s ref:0 ;
in:1877 out:1879 type:b dur:2 cpbdur:2 q:34.91 aq:35.20 tex:196 mv:839 misc:949 imb:0 pmb:211 smb:7949 d:s ref:0 ;
in:1878 out:1880 type:b dur:2 cpbdur:2 q:34.91 aq:34.06 tex:174 mv:743 misc:819 imb:2 pmb:158 smb:8000 d:s ref:0 ;
in:1880 out:1881 type:b dur:2 cpbdur:2 q:34.91 aq:36.63 tex:673 mv:871 misc:856 imb:6 pmb:170 smb:7984 d:- ref:0 ;
in:1881 out:1882 type:b dur:2 cpbdur:2 q:34.91 aq:36.83 tex:1797 mv:1123 misc:912 imb:11 pmb:185 smb:7964 d:- ref:0 ;
in:1885 out:1883 type:P dur:2 cpbdur:2 q:34.36 aq:33.80 tex:101868 mv:8464 misc:2852 imb:1219 pmb:695 smb:6246 d:s ref:0 ;
in:1883 out:1884 type:B dur:2 cpbdur:2 q:34.57 aq:35.84 tex:7349 mv:2459 misc:1520 imb:41 pmb:372 smb:7747 d:s ref:0 ;
in:1884 out:1885 type:b dur:2 cpbdur:2 q:34.88 aq:37.83 tex:7698 mv:2439 misc:1271 imb:34 pmb:347 smb:7779 d:- ref:0 ;
in:1886 out:1886 type:P dur:2 cpbdur:2 q:34.35 aq:34.11 tex:69738 mv:8805 misc:2865 imb:892 pmb:577 smb:6691 d:s ref:0 ;
in:1887 out:1887 type:P dur:2 cpbdur:2 q:33.93 aq:33.51 tex:97918 mv:10073 misc:3385 imb:1056 pmb:688 smb:6416 d:s ref:0 ;
in:1889 out:1888 type:P dur:2 cpbdur:2 q:33.45 aq:32.39 tex:118899 mv:12474 misc:4195 imb:1268 pmb:913 smb:5979 d:s ref:0 ;
in:1888 out:1889 type:b dur:2 cpbdur:2 q:34.20 aq:35.72 tex:11899 mv:3254 misc:1663 imb:94 pmb:434 smb:7632 d:s ref:0 ;
in:1890 out:1890 type:P dur:2 cpbdur:2 q:33.57 aq:30.40 tex:322359 mv:18916 misc:3085 imb:2465 pmb:1211 smb:4484 d:s ref:0 ;
in:1891 out:1891 type:P dur:2 cpbdur:2 q:34.69 aq:32.57 tex:79022 mv:5511 misc:1667 imb:444 pmb:358 smb:7358 d:s ref:0 ;
in:1892 out:1892 type:P dur:2 cpbdur:2 q:35.28 aq:34.94 tex:83861 mv:6417 misc:1458 imb:615 pmb:320 smb:7225 d:s ref:0 ;
in:1894 out:1893 type:P dur:2 cpbdur:2 q:38.44 aq:39.49 tex:144345 mv:9876 misc:1083 imb:1672 pmb:220 smb:6268 d:s ref:0 ;
in:1893 out:1894 type:b dur:2 cpbdur:2 q:39.14 aq:40.67 tex:5683 mv:1713 misc:1348 imb:55 pmb:290 smb:7815 d:s ref:0 ;
in:1895 out:1895 type:P dur:2 cpbdur:2 q:37.74 aq:37.00 tex:132111 mv:9457 misc:1456 imb:2516 pmb:231 smb:5413 d:s ref:0 ;
in:1896 out:1896 type:P dur:2 cpbdur:2 q:38.27 aq:36.36 tex:211230 mv:13347 misc:1767 imb:2185 pmb:409 smb:5566 d:s ref:0 ;
in:1897 out:1897 type:P dur:2 cpbdur:2 q:38.49 aq:36.72 tex:260240 mv:16764 misc:2164 imb:2337 pmb:591 smb:5232 d:s ref:0 ;
in:1898 out:1898 type:P dur:2 cpbdur:2 q:38.48 aq:34.88 tex:328375 mv:19911 misc:2386 imb:2355 pmb:826 smb:4979 d:s ref:0 ;
in:1899 out:1899 type:P dur:2 cpbdur:2 q:39.07 aq:35.27 tex:286268 mv:20382 misc:2438 imb:2108 pmb:1068 smb:4984 d:s ref:0 ;
in:1905 out:1900 type:P dur:2 cpbdur:2 q:39.33 aq:31.32 tex:305718 mv:20037 misc:2141 imb:2274 pmb:1166 smb:4720 d:s ref:0 ;
in:1902 out:1901 type:B dur:2 cpbdur:2 q:39.81 aq:38.66 tex:34825 mv:19128 misc:2975 imb:727 pmb:1335 smb:6098 d:s ref:0 ;
in:1900 out:1902 type:b dur:2 cpbdur:2 q:40.20 aq:42.24 tex:12649 mv:13224 misc:3119 imb:394 pmb:1054 smb:6712 d:s ref:0 ;
in:1901 out:1903 type:b dur:2 cpbdur:2 q:40.19 aq:42.41 tex:11114 mv:9761 misc:3165 imb:228 pmb:1043 smb:6889 d:s ref:0 ;
in:1903 out:1904 type:b dur:2 cpbdur:2 q:40.15 aq:41.68 tex:3489 mv:3852 misc:2243 imb:81 pmb:617 smb:7462 d:- ref:0 ;
in:1904 out:1905 type:b dur:2 cpbdur:2 q:40.15 aq:41.41 tex:7965 mv:5943 misc:2156 imb:166 pmb:575 smb:7419 d:- ref:0 ;
in:1909 out:1906 type:P dur:2 cpbdur:2 q:39.72 aq:30.73 tex:222908 mv:17804 misc:2184 imb:1149 pmb:1483 smb:5528 d:s ref:0 ;
in:1907 out:1907 type:B dur:2 cpbdur:2 q:40.28 aq:39.74 tex:1368 mv:4185 misc:2063 imb:60 pmb:614 smb:7486 d:s ref:0 ;
in:1906 out:1908 type:b dur:2 cpbdur:2 q:40.72 aq:41.86 tex:4639 mv:5509 misc:1804 imb:179 pmb:453 smb:7528 d:s ref:0 ;
in:1908 out:1909 type:b dur:2 cpbdur:2 q:40.67 aq:33.17 tex:117 mv:690 misc:1017 imb:2 pmb:203 smb:7955 d:- ref:0 ;
in:1912 out:1910 type:P dur:2 cpbdur:2 q:39.26 aq:29.14 tex:128220 mv:5365 misc:6055 imb:203 pmb:2335 smb:5622 d:s ref:0 ;
in:1910 out:1911 type:B dur:2 cpbdur:2 q:40.33 aq:36.34 tex:507 mv:736 misc:637 imb:5 pmb:102 smb:8053 d:t ref:0 ;
in:1911 out:1912 type:b dur:2 cpbdur:2 q:40.72 aq:33.12 tex:135 mv:574 misc:587 imb:3 pmb:82 smb:8075 d:- ref:0 ;
in:1913 out:1913 type:P dur:2 cpbdur:2 q:39.40 aq:30.06 tex:41633 mv:1801 misc:2614 imb:65 pmb:829 smb:7266 d:s ref:0 ;
in:1915 out:1914 type:P dur:2 cpbdur:2 q:38.84 aq:29.02 tex:129525 mv:3356 misc:3687 imb:168 pmb:1614 smb:6378 d:s ref:0 ;
in:1914 out:1915 type:b dur:2 cpbdur:2 q:39.81 aq:33.00 tex:27 mv:573 misc:576 imb:2 pmb:86 smb:8072 d:t ref:0 ;
in:1918 out:1916 type:P dur:2 cpbdur:2 q:38.39 aq:28.88 tex:155924 mv:4364 misc:3464 imb:150 pmb:1767 smb:6243 d:s ref:0 ;
in:1916 out:1917 type:B dur:2 cpbdur:2 q:39.24 aq:33.79 tex:209 mv:772 misc:819 imb:3 pmb:171 smb:7986 d:s ref:0 ;
in:1917 out:1918 type:b dur:2 cpbdur:2 q:39.54 aq:36.12 tex:180 mv:812 misc:792 imb:10 pmb:147 smb:8003 d:- ref:0 ;
in:1920 out:1919 type:P dur:2 cpbdur:2 q:37.89 aq:27.61 tex:145457 mv:3964 misc:4843 imb:160 pmb:2137 smb:5863 d:s ref:0 ;
in:1919 out:1920 type:b dur:2 cpbdur:2 q:38.99 aq:36.61 tex:151 mv:618 misc:647 imb:1 pmb:115 smb:8044 d:t ref:0 ;
in:1924 out:1921 type:P dur:2 cpbdur:2 q:37.66 aq:27.10 tex:145619 mv:3182 misc:4383 imb:97 pmb:1902 smb:6161 d:s ref:0 ;
in:1922 out:1922 type:B dur:2 cpbdur:2 q:38.36 aq:33.39 tex:646 mv:841 misc:585 imb:9 pmb:91 smb:8060 d:t ref:0 ;
in:1921 out:1923 type:b dur:2 cpbdur:2 q:38.51 aq:33.05 tex:60 mv:583 misc:541 imb:1 pmb:85 smb:8074 d:t ref:0 ;
in:1923 out:1924 type:b dur:2 cpbdur:2 q:38.51 aq:33.08 tex:99 mv:576 misc:581 imb:3 pmb:87 smb:8070 d:- ref:0 ;
in:1926 out:1925 type:P dur:2 cpbdur:2 q:37.38 aq:27.30 tex:169306 mv:5639 misc:4535 imb:217 pmb:2001 smb:5942 d:s ref:0 ;
in:1925 out:1926 type:b dur:2 cpbdur:2 q:38.00 aq:35.49 tex:203 mv:803 misc:954 imb:4 pmb:214 smb:7942 d:s ref:0 ;
in:1928 out:1927 type:P dur:2 cpbdur:2 q:36.97 aq:26.93 tex:128358 mv:2386 misc:4256 imb:35 pmb:1719 smb:6406 d:s ref:0 ;
in:1927 out:1928 type:b dur:2 cpbdur:2 q:37.87 aq:33.00 tex:26 mv:569 misc:549 imb:2 pmb:83 smb:8075 d:t ref:0 ;
in:1932 out:1929 type:P dur:2 cpbdur:2 q:36.77 aq:27.20 tex:153066 mv:3073 misc:3461 imb:104 pmb:1692 smb:6364 d:s ref:0 ;
in:1930 out:1930 type:B dur:2 cpbdur:2 q:37.39 aq:32.37 tex:361 mv:921 misc:774 imb:5 pmb:156 smb:7999 d:t ref:0 ;
in:1929 out:1931 type:b dur:2 cpbdur:2 q:37.73 aq:33.04 tex:88 mv:566 misc:546 imb:0 pmb:90 smb:8070 d:t ref:0 ;
in:1931 out:1932 type:b dur:2 cpbdur:2 q:37.73 aq:32.04 tex:52 mv:621 misc:695 imb:2 pmb:132 smb:8026 d:- ref:0 ;
in:1935 out:1933 type:P dur:2 cpbdur:2 q:36.55 aq:27.41 tex:107438 mv:3650 misc:2800 imb:120 pmb:1514 smb:6526 d:s ref:0 ;
in:1933 out:1934 type:B dur:2 cpbdur:2 q:37.18 aq:35.16 tex:614 mv:862 misc:796 imb:7 pmb:152 smb:8001 d:s ref:0 ;
in:1934 out:1935 type:b dur:2 cpbdur:2 q:37.25 aq:34.36 tex:194 mv:798 misc:784 imb:3 pmb:166 smb:7991 d:- ref:0 ;
in:1938 out:1936 type:P dur:2 cpbdur:2 q:36.19 aq:26.68 tex:134092 mv:4320 misc:4004 imb:129 pmb:1857 smb:6174 d:s ref:0 ;
in:1936 out:1937 type:B dur:2 cpbdur:2 q:36.95 aq:33.62 tex:1619 mv:1218 misc:875 imb:11 pmb:199 smb:7950 d:t ref:0 ;
in:1937 out:1938 type:b dur:2 cpbdur:2 q:37.10 aq:34.80 tex:145 mv:792 misc:767 imb:8 pmb:140 smb:8012 d:- ref:0 ;
in:1940 out:1939 type:P dur:2 cpbdur:2 q:35.67 aq:25.67 tex:200500 mv:4345 misc:4395 imb:105 pmb:2243 smb:5812 d:s ref:0 ;
in:1939 out:1940 type:b dur:2 cpbdur:2 q:36.54 aq:34.67 tex:270 mv:771 misc:767 imb:3 pmb:167 smb:7990 d:s ref:0 ;
in:1945 out:1941 type:P dur:2 cpbdur:2 q:35.12 aq:25.69 tex:122856 mv:2741 misc:3747 imb:55 pmb:1618 smb:6487 d:s ref:0 ;
in:1942 out:1942 type:B dur:2 cpbdur:2 q:35.83 aq:32.22 tex:9348 mv:3186 misc:842 imb:76 pmb:252 smb:7832 d:t ref:0 ;
in:1941 out:1943 type:b dur:2 cpbdur:2 q:36.12 aq:35.19 tex:206 mv:652 misc:790 imb:0 pmb:152 smb:8008 d:s ref:0 ;
in:1943 out:1944 type:b dur:2 cpbdur:2 q:36.12 aq:33.83 tex:858 mv:876 misc:762 imb:9 pmb:157 smb:7994 d:- ref:0 ;
in:1944 out:1945 type:b dur:2 cpbdur:2 q:36.12 aq:35.12 tex:728 mv:780 misc:772 imb:6 pmb:158 smb:7996 d:- ref:0 ;
in:1949 out:1946 type:P dur:2 cpbdur:2 q:34.60 aq:25.00 tex:162435 mv:1975 misc:3246 imb:25 pmb:1874 smb:6261 d:s ref:0 ;
in:1947 out:1947 type:B dur:2 cpbdur:2 q:35.55 aq:30.06 tex:171 mv:753 misc:596 imb:2 pmb:92 smb:8066 d:t ref:0 ;
in:1946 out:1948 type:b dur:2 cpbdur:2 q:35.95 aq:32.07 tex:183 mv:547 misc:494 imb:1 pmb:75 smb:8084 d:t ref:0 ;
in:1948 out:1949 type:b dur:2 cpbdur:2 q:35.95 aq:32.00 tex:23 mv:574 misc:531 imb:0 pmb:91 smb:8069 d:- ref:0 ;
in:1952 out:1950 type:P dur:2 cpbdur:2 q:34.13 aq:25.17 tex:149532 mv:1957 misc:3959 imb:31 pmb:1888 smb:6241 d:s ref:0 ;
in:1950 out:1951 type:B dur:2 cpbdur:2 q:34.92 aq:32.92 tex:883 mv:762 misc:587 imb:2 pmb:104 smb:8054 d:t ref:0 ;
in:1951 out:1952 type:b dur:2 cpbdur:2 q:35.12 aq:32.07 tex:91 mv:591 misc:582 imb:0 pmb:98 smb:8062 d:- ref:0 ;
in:1955 out:1953 type:P dur:2 cpbdur:2 q:33.52 aq:25.27 tex:92862 mv:1599 misc:3267 imb:18 pmb:1328 smb:6814 d:s ref:0 ;
in:1953 out:1954 type:B dur:2 cpbdur:2 q:34.44 aq:31.93 tex:1297 mv:790 misc:569 imb:9 pmb:90 smb:8061 d:t ref:0 ;
in:1954 out:1955 type:b dur:2 cpbdur:2 q:34.66 aq:33.34 tex:160 mv:609 misc:559 imb:2 pmb:89 smb:8069 d:- ref:0 ;
in:1959 out:1956 type:P dur:2 cpbdur:2 q:33.55 aq:26.18 tex:73426 mv:3803 misc:2643 imb:126 pmb:1020 smb:7014 d:s ref:0 ;
in:1957 out:1957 type:B dur:2 cpbdur:2 q:33.88 aq:31.19 tex:1489 mv:1048 misc:847 imb:10 pmb:179 smb:7971 d:s ref:0 ;
in:1956 out:1958 type:b dur:2 cpbdur:2 q:33.88 aq:32.83 tex:134 mv:652 misc:694 imb:1 pmb:132 smb:8027 d:s ref:0 ;
in:1958 out:1959 type:b dur:2 cpbdur:2 q:33.88 aq:32.04 tex:103 mv:594 misc:559 imb:2 pmb:85 smb:8073 d:- ref:0 ;
in:1961 out:1960 type:P dur:2 cpbdur:2 q:33.04 aq:25.66 tex:29431 mv:1273 misc:2240 imb:21 pmb:593 smb:7546 d:s ref:0 ;
in:1960 out:1961 type:b dur:2 cpbdur:2 q:33.70 aq:32.05 tex:156 mv:646 misc:558 imb:1 pmb:100 smb:8059 d:t ref:0 ;
in:1963 out:1962 type:P dur:2 cpbdur:2 q:33.03 aq:25.70 tex:38374 mv:3134 misc:1404 imb:96 pmb:392 smb:7672 d:s ref:0 ;
in:1962 out:1963 type:b dur:2 cpbdur:2 q:33.04 aq:32.58 tex:453 mv:704 misc:739 imb:1 pmb:148 smb:8011 d:s ref:0 ;
in:1965 out:1964 type:P dur:2 cpbdur:2 q:33.05 aq:27.42 tex:8219 mv:918 misc:903 imb:17 pmb:173 smb:7970 d:s ref:0 ;
in:1964 out:1965 type:b dur:2 cpbdur:2 q:33.05 aq:32.04 tex:260 mv:624 misc:556 imb:0 pmb:93 smb:8067 d:t ref:0 ;
in:1967 out:1966 type:P dur:2 cpbdur:2 q:33.03 aq:27.71 tex:54420 mv:2895 misc:837 imb:96 pmb:275 smb:7789 d:s ref:0 ;
in:1966 out:1967 type:b dur:2 cpbdur:2 q:33.05 aq:32.03 tex:231 mv:692 misc:733 imb:2 pmb:136 smb:8022 d:s ref:0 ;
in:1970 out:1968 type:P dur:2 cpbdur:2 q:33.04 aq:27.72 tex:16290 mv:1677 misc:817 imb:26 pmb:198 smb:7936 d:s ref:0 ;
in:1968 out:1969 type:B dur:2 cpbdur:2 q:33.04 aq:32.30 tex:1842 mv:885 misc:713 imb:11 pmb:132 smb:8017 d:t ref:0 ;
in:1969 out:1970 type:b dur:2 cpbdur:2 q:33.04 aq:32.04 tex:140 mv:626 misc:570 imb:1 pmb:100 smb:8059 d:- ref:0 ;
in:1973 out:1971 type:P dur:2 cpbdur:2 q:33.44 aq:31.58 tex:84996 mv:7778 misc:1578 imb:530 pmb:866 smb:6764 d:s ref:0 ;
in:1971 out:1972 type:B dur:2 cpbdur:2 q:33.44 aq:34.29 tex:426 mv:698 misc:1140 imb:3 pmb:319 smb:7838 d:s ref:0 ;
in:1972 out:1973 type:b dur:2 cpbdur:2 q:33.44 aq:35.80 tex:3103 mv:2436 misc:1509 imb:4 pmb:482 smb:7674 d:- ref:0 ;
in:1975 out:1974 type:P dur:2 cpbdur:2 q:33.45 aq:32.31 tex:174574 mv:12880 misc:1138 imb:1321 pmb:758 smb:6081 d:s ref:0 ;
in:1974 out:1975 type:b dur:2 cpbdur:2 q:37.82 aq:37.98 tex:33261 mv:10672 misc:1755 imb:351 pmb:865 smb:6944 d:s ref:0 ;
in:1976 out:1976 type:P dur:2 cpbdur:2 q:33.50 aq:33.40 tex:165533 mv:12753 misc:1130 imb:1338 pmb:663 smb:6159 d:s ref:0 ;
in:1977 out:1977 type:P dur:2 cpbdur:2 q:33.78 aq:33.99 tex:130208 mv:11462 misc:1026 imb:1583 pmb:327 smb:6250 d:s ref:0 ;
in:1978 out:1978 type:P dur:2 cpbdur:2 q:33.82 aq:33.01 tex:78046 mv:8626 misc:1000 imb:1501 pmb:316 smb:6343 d:s ref:0 ;
in:1979 out:1979 type:P dur:2 cpbdur:2 q:33.18 aq:33.01 tex:32289 mv:6837 misc:1370 imb:1326 pmb:313 smb:6521 d:s ref:0 ;
in:1980 out:1980 type:I dur:2 cpbdur:2 q:30.67 aq:31.05 tex:627169 mv:17217 misc:390 imb:8160 pmb:0 smb:0 d:s ref:;
in:1982 out:1981 type:P dur:2 cpbdur:2 q:34.12 aq:33.09 tex:233071 mv:29356 misc:749 imb:7615 pmb:545 smb:0 d:s ref:0 w:4,15,-74,5,48,-62,39,-23 ;
in:1981 out:1982 type:b dur:2 cpbdur:2 q:34.55 aq:35.22 tex:15723 mv:7455 misc:4038 imb:961 pmb:809 smb:6390 d:s ref:0 ;
in:1983 out:1983 type:P dur:2 cpbdur:2 q:33.98 aq:32.59 tex:170660 mv:15522 misc:4770 imb:1737 pmb:1499 smb:4924 d:s ref:0 w:6,69,-36,3,9,-15,8,0 ;
in:1984 out:1984 type:P dur:2 cpbdur:2 q:34.05 aq:32.32 tex:266579 mv:30842 misc:3147 imb:6020 pmb:1094 smb:1046 d:s ref:0 w:6,71,-27,6,77,-26,77,-24 ;
in:1985 out:1985 type:P dur:2 cpbdur:2 q:34.03 aq:33.02 tex:148330 mv:11494 misc:4136 imb:1330 pmb:989 smb:5841 d:s ref:0 w:6,75,-22,5,35,-12,35,-11 ;
in:1987 out:1986 type:P dur:2 cpbdur:2 q:38.73 aq:31.20 tex:481767 mv:29500 misc:1037 imb:7504 pmb:531 smb:125 d:s ref:0 ;
in:1986 out:1987 type:b dur:2 cpbdur:2 q:39.12 aq:40.54 tex:1344 mv:4782 misc:1402 imb:310 pmb:274 smb:7576 d:s ref:0 ;
in:1993 out:1988 type:P dur:2 cpbdur:2 q:39.67 aq:32.74 tex:303426 mv:21501 misc:5145 imb:2576 pmb:2329 smb:3255 d:s ref:0 ;
in:1990 out:1989 type:B dur:2 cpbdur:2 q:40.25 aq:38.06 tex:41832 mv:7055 misc:2593 imb:185 pmb:1475 smb:6500 d:s ref:0 ;
in:1988 out:1990 type:b dur:2 cpbdur:2 q:40.52 aq:41.21 tex:4274 mv:3544 misc:1998 imb:33 pmb:706 smb:7421 d:s ref:0 ;
in:1989 out:1991 type:b dur:2 cpbdur:2 q:43.48 aq:44.50 tex:15394 mv:3202 misc:1740 imb:47 pmb:663 smb:7450 d:s ref:0 ;
in:1991 out:1992 type:b dur:2 cpbdur:2 q:40.44 aq:43.45 tex:6760 mv:2514 misc:1614 imb:64 pmb:564 smb:7532 d:- ref:0 ;
in:1992 out:1993 type:b dur:2 cpbdur:2 q:40.44 aq:43.17 tex:3613 mv:2140 misc:1543 imb:62 pmb:469 smb:7629 d:- ref:0 ;
in:1995 out:1994 type:P dur:2 cpbdur:2 q:40.02 aq:32.72 tex:99460 mv:12207 misc:4109 imb:1644 pmb:1087 smb:5429 d:s ref:0 ;
in:1994 out:1995 type:b dur:2 cpbdur:2 q:40.54 aq:43.10 tex:16400 mv:2199 misc:1737 imb:23 pmb:681 smb:7456 d:s ref:0 ;
in:1997 out:1996 type:P dur:2 cpbdur:2 q:40.10 aq:33.46 tex:111253 mv:13989 misc:2886 imb:1479 pmb:1127 smb:5554 d:s ref:0 ;
in:1996 out:1997 type:b dur:2 cpbdur:2 q:40.51 aq:42.32 tex:17708 mv:2060 misc:1824 imb:21 pmb:678 smb:7461 d:s ref:0 ;
in:2001 out:1998 type:P dur:2 cpbdur:2 q:39.66 aq:32.84 tex:266090 mv:16508 misc:4194 imb:1286 pmb:2438 smb:4436 d:s ref:0 ;
in:1999 out:1999 type:B dur:2 cpbdur:2 q:40.59 aq:40.76 tex:2880 mv:2905 misc:2311 imb:21 pmb:697 smb:7442 d:s ref:0 ;
in:1998 out:2000 type:b dur:2 cpbdur:2 q:41.18 aq:42.66 tex:14952 mv:2867 misc:1933 imb:23 pmb:722 smb:7415 d:s ref:0 ;
in:2000 out:2001 type:b dur:2 cpbdur:2 q:41.04 aq:33.10 tex:83 mv:718 misc:767 imb:1 pmb:132 smb:8027 d:- ref:0 ;
in:2006 out:2002 type:P dur:2 cpbdur:2 q:39.56 aq:32.20 tex:203781 mv:13742 misc:3733 imb:1051 pmb:2006 smb:5103 d:s ref:0 ;
in:2003 out:2003 type:B dur:2 cpbdur:2 q:40.07 aq:37.37 tex:21477 mv:8209 misc:2058 imb:231 pmb:713 smb:7216 d:s ref:0 ;
in:2002 out:2004 type:b dur:2 cpbdur:2 q:40.21 aq:39.17 tex:292 mv:951 misc:1293 imb:8 pmb:325 smb:7827 d:s ref:0 ;
in:2004 out:2005 type:b dur:2 cpbdur:2 q:40.21 aq:39.63 tex:485 mv:1318 misc:1485 imb:11 pmb:382 smb:7767 d:- ref:0 ;
in:2005 out:2006 type:b dur:2 cpbdur:2 q:40.21 aq:39.97 tex:349 mv:972 misc:1351 imb:2 pmb:331 smb:7827 d:- ref:0 ;
in:2012 out:2007 type:P dur:2 cpbdur:2 q:39.68 aq:32.75 tex:148426 mv:12387 misc:3731 imb:894 pmb:1593 smb:5673 d:s ref:0 ;
in:2009 out:2008 type:B dur:2 cpbdur:2 q:40.11 aq:39.30 tex:11931 mv:5770 misc:1987 imb:62 pmb:645 smb:7453 d:s ref:0 ;
in:2007 out:2009 type:b dur:2 cpbdur:2 q:40.29 aq:40.92 tex:277 mv:1341 misc:1478 imb:8 pmb:382 smb:7770 d:s ref:0 ;
in:2008 out:2010 type:b dur:2 cpbdur:2 q:40.29 aq:40.17 tex:369 mv:1103 misc:1312 imb:1 pmb:295 smb:7864 d:s ref:0 ;
in:2010 out:2011 type:b dur:2 cpbdur:2 q:40.29 aq:41.66 tex:2283 mv:1732 misc:1505 imb:10 pmb:405 smb:7745 d:- ref:0 ;
in:2011 out:2012 type:b dur:2 cpbdur:2 q:40.29 aq:40.90 tex:3309 mv:1860 misc:1135 imb:25 pmb:267 smb:7868 d:- ref:0 ;
in:2016 out:2013 type:P dur:2 cpbdur:2 q:38.35 aq:29.89 tex:241083 mv:11546 misc:5659 imb:553 pmb:2951 smb:4656 d:s ref:0 ;
in:2014 out:2014 type:B dur:2 cpbdur:2 q:40.09 aq:39.42 tex:1480 mv:1464 misc:1056 imb:26 pmb:229 smb:7905 d:s ref:0 ;
in:2013 out:2015 type:b dur:2 cpbdur:2 q:40.29 aq:40.79 tex:1276 mv:1575 misc:1029 imb:40 pmb:221 smb:7899 d:s ref:0 ;
in:2015 out:2016 type:b dur:2 cpbdur:2 q:40.29 aq:42.12 tex:561 mv:799 misc:776 imb:3 pmb:155 smb:8002 d:- ref:0 ;
in:2019 out:2017 type:P dur:2 cpbdur:2 q:37.76 aq:29.47 tex:219912 mv:9193 misc:5335 imb:685 pmb:2773 smb:4702 d:s ref:0 ;
in:2017 out:2018 type:B dur:2 cpbdur:2 q:38.79 aq:33.42 tex:128 mv:606 misc:570 imb:0 pmb:90 smb:8070 d:t ref:0 ;
in:2018 out:2019 type:b dur:2 cpbdur:2 q:38.96 aq:32.06 tex:42 mv:551 misc:543 imb:0 pmb:81 smb:8079 d:- ref:0 ;
in:2023 out:2020 type:P dur:2 cpbdur:2 q:37.32 aq:29.81 tex:165593 mv:8735 misc:4560 imb:419 pmb:2082 smb:5659 d:s ref:0 ;
in:2021 out:2021 type:B dur:2 cpbdur:2 q:38.28 aq:39.00 tex:1175 mv:1157 misc:1092 imb:7 pmb:244 smb:7909 d:s ref:0 ;
in:2020 out:2022 type:b dur:2 cpbdur:2 q:38.58 aq:32.12 tex:106 mv:637 misc:777 imb:0 pmb:137 smb:8023 d:s ref:0 ;
in:2022 out:2023 type:b dur:2 cpbdur:2 q:38.58 aq:34.46 tex:120 mv:753 misc:839 imb:0 pmb:168 smb:7992 d:- ref:0 ;
in:2024 out:2024 type:P dur:2 cpbdur:2 q:36.75 aq:28.23 tex:170814 mv:5281 misc:5153 imb:184 pmb:2532 smb:5444 d:s ref:0 ;
in:2026 out:2025 type:P dur:2 cpbdur:2 q:36.81 aq:29.24 tex:205216 mv:4500 misc:4060 imb:229 pmb:2067 smb:5864 d:s ref:0 ;
in:2025 out:2026 type:b dur:2 cpbdur:2 q:37.71 aq:37.43 tex:152 mv:649 misc:631 imb:0 pmb:106 smb:8054 d:t ref:0 ;
in:2028 out:2027 type:P dur:2 cpbdur:2 q:36.28 aq:28.41 tex:251419 mv:7203 misc:4762 imb:464 pmb:2737 smb:4959 d:s ref:0 ;
in:2027 out:2028 type:b dur:2 cpbdur:2 q:37.32 aq:32.07 tex:149 mv:833 misc:794 imb:3 pmb:197 smb:7960 d:s ref:0 ;
in:2030 out:2029 type:P dur:2 cpbdur:2 q:35.99 aq:28.00 tex:275320 mv:9388 misc:5572 imb:531 pmb:2758 smb:4871 d:s ref:0 ;
in:2029 out:2030 type:b dur:2 cpbdur:2 q:36.79 aq:35.74 tex:3672 mv:2906 misc:1222 imb:162 pmb:302 smb:7696 d:s ref:0 ;
in:2033 out:2031 type:P dur:2 cpbdur:2 q:35.63 aq:27.77 tex:222992 mv:7126 misc:4978 imb:536 pmb:2224 smb:5400 d:s ref:0 ;
in:2031 out:2032 type:B dur:2 cpbdur:2 q:36.34 aq:35.67 tex:5473 mv:2136 misc:815 imb:115 pmb:217 smb:7828 d:t ref:0 ;
in:2032 out:2033 type:b dur:2 cpbdur:2 q:36.51 aq:35.47 tex:748 mv:937 misc:875 imb:21 pmb:167 smb:7972 d:- ref:0 ;
in:2036 out:2034 type:P dur:2 cpbdur:2 q:35.69 aq:27.76 tex:280026 mv:9301 misc:4745 imb:612 pmb:2668 smb:4880 d:s ref:0 ;
in:2034 out:2035 type:B dur:2 cpbdur:2 q:36.35 aq:35.15 tex:5822 mv:2326 misc:1164 imb:109 pmb:306 smb:7745 d:s ref:0 ;
in:2035 out:2036 type:b dur:2 cpbdur:2 q:36.66 aq:37.73 tex:2828 mv:1861 misc:935 imb:99 pmb:261 smb:7800 d:- ref:0 ;
in:2040 out:2037 type:P dur:2 cpbdur:2 q:35.17 aq:27.34 tex:250235 mv:9023 misc:5118 imb:533 pmb:2523 smb:5104 d:s ref:0 ;
in:2038 out:2038 type:B dur:2 cpbdur:2 q:36.12 aq:34.36 tex:973 mv:999 misc:1092 imb:4 pmb:272 smb:7884 d:s ref:0 ;
in:2037 out:2039 type:b dur:2 cpbdur:2 q:36.48 aq:33.07 tex:136 mv:728 misc:872 imb:3 pmb:172 smb:7985 d:s ref:0 ;
in:2039 out:2040 type:b dur:2 cpbdur:2 q:36.48 aq:36.07 tex:451 mv:691 misc:682 imb:1 pmb:130 smb:8029 d:- ref:0 ;
in:2044 out:2041 type:P dur:2 cpbdur:2 q:34.76 aq:27.21 tex:292887 mv:9120 misc:5289 imb:484 pmb:2814 smb:4862 d:s ref:0 ;
in:2042 out:2042 type:B dur:2 cpbdur:2 q:35.51 aq:35.33 tex:1630 mv:1100 misc:1150 imb:2 pmb:265 smb:7893 d:s ref:0 ;
in:2041 out:2043 type:b dur:2 cpbdur:2 q:35.79 aq:34.27 tex:374 mv:720 misc:722 imb:1 pmb:126 smb:8033 d:s ref:0 ;
in:2043 out:2044 type:b dur:2 cpbdur:2 q:35.79 aq:36.98 tex:739 mv:935 misc:878 imb:4 pmb:200 smb:7956 d:- ref:0 ;
in:2048 out:2045 type:P dur:2 cpbdur:2 q:34.56 aq:26.94 tex:296043 mv:8571 misc:5554 imb:518 pmb:2810 smb:4832 d:s ref:0 ;
in:2046 out:2046 type:B dur:2 cpbdur:2 q:35.17 aq:34.37 tex:1396 mv:1317 misc:1015 imb:5 pmb:253 smb:7902 d:s ref:0 ;
in:2045 out:2047 type:b dur:2 cpbdur:2 q:35.48 aq:35.96 tex:846 mv:906 misc:808 imb:11 pmb:169 smb:7980 d:s ref:0 ;
in:2047 out:2048 type:b dur:2 cpbdur:2 q:35.48 aq:33.69 tex:121 mv:734 misc:657 imb:1 pmb:133 smb:8026 d:- ref:0 ;
in:2052 out:2049 type:P dur:2 cpbdur:2 q:34.15 aq:26.80 tex:296932 mv:9261 misc:5247 imb:447 pmb:2696 smb:5017 d:s ref:0 ;
in:2050 out:2050 type:B dur:2 cpbdur:2 q:34.95 aq:33.40 tex:1505 mv:1272 misc:1255 imb:3 pmb:276 smb:7881 d:s ref:0 ;
in:2049 out:2051 type:b dur:2 cpbdur:2 q:35.37 aq:35.75 tex:234 mv:808 misc:1014 imb:2 pmb:209 smb:7949 d:s ref:0 ;
in:2051 out:2052 type:b dur:2 cpbdur:2 q:35.37 aq:33.05 tex:84 mv:607 misc:605 imb:0 pmb:98 smb:8062 d:- ref:0 ;
in:2056 out:2053 type:P dur:2 cpbdur:2 q:34.05 aq:27.27 tex:242896 mv:7873 misc:4703 imb:439 pmb:2210 smb:5511 d:s ref:0 ;
in:2054 out:2054 type:B dur:2 cpbdur:2 q:34.50 aq:33.84 tex:11486 mv:2695 misc:1595 imb:45 pmb:416 smb:7699 d:s ref:0 ;
in:2053 out:2055 type:b dur:2 cpbdur:2 q:34.82 aq:34.50 tex:337 mv:783 misc:992 imb:1 pmb:213 smb:7946 d:s ref:0 ;
in:2055 out:2056 type:b dur:2 cpbdur:2 q:34.82 aq:34.78 tex:688 mv:964 misc:924 imb:3 pmb:218 smb:7939 d:- ref:0 ;
in:2058 out:2057 type:P dur:2 cpbdur:2 q:33.93 aq:26.93 tex:196819 mv:5240 misc:4765 imb:237 pmb:2046 smb:5877 d:s ref:0 ;
in:2057 out:2058 type:b dur:2 cpbdur:2 q:34.44 aq:35.74 tex:467 mv:902 misc:823 imb:1 pmb:189 smb:7970 d:t ref:0 ;
in:2061 out:2059 type:P dur:2 cpbdur:2 q:33.91 aq:27.61 tex:175970 mv:5486 misc:4208 imb:297 pmb:1767 smb:6096 d:s ref:0 ;
in:2059 out:2060 type:B dur:2 cpbdur:2 q:34.36 aq:33.87 tex:777 mv:927 misc:936 imb:4 pmb:193 smb:7963 d:t ref:0 ;
in:2060 out:2061 type:b dur:2 cpbdur:2 q:34.82 aq:36.49 tex:304 mv:752 misc:720 imb:2 pmb:141 smb:8017 d:- ref:0 ;
in:2063 out:2062 type:P dur:2 cpbdur:2 q:34.16 aq:27.67 tex:100555 mv:3922 misc:3843 imb:198 pmb:1376 smb:6586 d:s ref:0 ;
in:2062 out:2063 type:b dur:2 cpbdur:2 q:34.36 aq:34.87 tex:462 mv:632 misc:594 imb:0 pmb:107 smb:8053 d:t ref:0 ;
in:2065 out:2064 type:P dur:2 cpbdur:2 q:34.11 aq:27.89 tex:92685 mv:4186 misc:4153 imb:206 pmb:1398 smb:6556 d:s ref:0 ;
in:2064 out:2065 type:b dur:2 cpbdur:2 q:34.28 aq:35.79 tex:361 mv:732 misc:739 imb:2 pmb:135 smb:8023 d:t ref:0 ;
in:2067 out:2066 type:P dur:2 cpbdur:2 q:34.02 aq:27.92 tex:129393 mv:4751 misc:4264 imb:314 pmb:1489 smb:6357 d:s ref:0 ;
in:2066 out:2067 type:b dur:2 cpbdur:2 q:34.46 aq:34.62 tex:415 mv:728 misc:817 imb:0 pmb:172 smb:7988 d:t ref:0 ;
in:2071 out:2068 type:P dur:2 cpbdur:2 q:33.95 aq:28.20 tex:307582 mv:11821 misc:3885 imb:482 pmb:2175 smb:5503 d:s ref:0 ;
in:2069 out:2069 type:B dur:2 cpbdur:2 q:34.37 aq:34.48 tex:6657 mv:2888 misc:2231 imb:8 pmb:723 smb:7429 d:s ref:0 ;
in:2068 out:2070 type:b dur:2 cpbdur:2 q:34.64 aq:35.36 tex:335 mv:927 misc:1098 imb:1 pmb:284 smb:7875 d:s ref:0 ;
in:2070 out:2071 type:b dur:2 cpbdur:2 q:34.64 aq:36.11 tex:807 mv:1302 misc:1499 imb:1 pmb:441 smb:7718 d:- ref:0 ;
in:2074 out:2072 type:P dur:2 cpbdur:2 q:33.94 aq:28.50 tex:140338 mv:6696 misc:4062 imb:442 pmb:1655 smb:6063 d:s ref:0 ;
in:2072 out:2073 type:B dur:2 cpbdur:2 q:34.41 aq:34.63 tex:8942 mv:2148 misc:1238 imb:36 pmb:317 smb:7807 d:t ref:0 ;
in:2073 out:2074 type:b dur:2 cpbdur:2 q:34.53 aq:33.43 tex:309 mv:836 misc:911 imb:0 pmb:176 smb:7984 d:- ref:0 ;
in:2076 out:2075 type:P dur:2 cpbdur:2 q:34.23 aq:26.02 tex:256223 mv:6805 misc:7324 imb:279 pmb:3932 smb:3949 d:s ref:0 ;
in:2075 out:2076 type:b dur:2 cpbdur:2 q:34.40 aq:35.62 tex:381 mv:713 misc:794 imb:0 pmb:149 smb:8011 d:t ref:0 ;
in:2078 out:2077 type:P dur:2 cpbdur:2 q:34.18 aq:26.47 tex:203267 mv:6112 misc:6045 imb:296 pmb:2698 smb:5166 d:s ref:0 ;
in:2077 out:2078 type:b dur:2 cpbdur:2 q:34.43 aq:34.57 tex:378 mv:796 misc:842 imb:8 pmb:158 smb:7994 d:s ref:0 ;
in:2080 out:2079 type:P dur:2 cpbdur:2 q:34.06 aq:26.73 tex:172514 mv:5142 misc:5248 imb:223 pmb:2156 smb:5781 d:s ref:0 ;
in:2079 out:2080 type:b dur:2 cpbdur:2 q:34.39 aq:33.52 tex:325 mv:741 misc:798 imb:1 pmb:160 smb:7999 d:s ref:0 ;
in:2083 out:2081 type:P dur:2 cpbdur:2 q:34.01 aq:27.45 tex:141528 mv:5899 misc:4925 imb:259 pmb:2120 smb:5781 d:s ref:0 ;
in:2081 out:2082 type:B dur:2 cpbdur:2 q:34.36 aq:34.35 tex:723 mv:817 misc:892 imb:3 pmb:152 smb:8005 d:t ref:0 ;
in:2082 out:2083 type:b dur:2 cpbdur:2 q:34.36 aq:33.75 tex:232 mv:762 misc:702 imb:1 pmb:114 smb:8045 d:- ref:0 ;
in:2085 out:2084 type:P dur:2 cpbdur:2 q:34.26 aq:27.98 tex:126549 mv:5618 misc:4369 imb:305 pmb:1598 smb:6257 d:s ref:0 ;
in:2084 out:2085 type:b dur:2 cpbdur:2 q:34.69 aq:36.52 tex:306 mv:759 misc:831 imb:1 pmb:188 smb:7971 d:s ref:0 ;
in:2090 out:2086 type:P dur:2 cpbdur:2 q:35.15 aq:30.64 tex:174539 mv:9366 misc:3647 imb:718 pmb:1372 smb:6070 d:s ref:0 ;
in:2087 out:2087 type:B dur:2 cpbdur:2 q:35.26 aq:34.50 tex:19267 mv:3971 misc:2218 imb:65 pmb:809 smb:7286 d:s ref:0 ;
in:2086 out:2088 type:b dur:2 cpbdur:2 q:35.26 aq:35.53 tex:103 mv:797 misc:900 imb:2 pmb:190 smb:7968 d:s ref:0 ;
in:2088 out:2089 type:b dur:2 cpbdur:2 q:35.26 aq:36.14 tex:9023 mv:2617 misc:1424 imb:63 pmb:480 smb:7617 d:- ref:0 ;
in:2089 out:2090 type:b dur:2 cpbdur:2 q:35.26 aq:36.93 tex:17583 mv:3533 misc:1540 imb:132 pmb:446 smb:7582 d:- ref:0 ;
in:2093 out:2091 type:P dur:2 cpbdur:2 q:36.37 aq:31.66 tex:181176 mv:13976 misc:3488 imb:1337 pmb:1665 smb:5158 d:s ref:0 ;
in:2091 out:2092 type:B dur:2 cpbdur:2 q:36.76 aq:38.11 tex:1545 mv:1750 misc:1465 imb:19 pmb:374 smb:7767 d:s ref:0 ;
in:2092 out:2093 type:b dur:2 cpbdur:2 q:37.05 aq:37.65 tex:28099 mv:14102 misc:2215 imb:782 pmb:828 smb:6550 d:- ref:0 ;
in:2099 out:2094 type:P dur:2 cpbdur:2 q:35.62 aq:30.16 tex:197870 mv:14963 misc:3479 imb:1141 pmb:1857 smb:5162 d:s ref:0 ;
in:2096 out:2095 type:B dur:2 cpbdur:2 q:37.26 aq:36.34 tex:27353 mv:8902 misc:2977 imb:295 pmb:1001 smb:6864 d:s ref:0 ;
in:2094 out:2096 type:b dur:2 cpbdur:2 q:37.60 aq:38.98 tex:6377 mv:4760 misc:2223 imb:140 pmb:597 smb:7423 d:s ref:0 ;
in:2095 out:2097 type:b dur:2 cpbdur:2 q:37.60 aq:38.20 tex:36411 mv:15866 misc:1939 imb:1119 pmb:799 smb:6242 d:s ref:0 ;
in:2097 out:2098 type:b dur:2 cpbdur:2 q:37.60 aq:39.13 tex:382 mv:1438 misc:1476 imb:1 pmb:391 smb:7768 d:- ref:0 ;
in:2098 out:2099 type:b dur:2 cpbdur:2 q:37.60 aq:38.81 tex:344 mv:1276 misc:1292 imb:2 pmb:290 smb:7868 d:- ref:0 ;
in:2101 out:2100 type:P dur:2 cpbdur:2 q:35.16 aq:29.32 tex:137663 mv:6620 misc:4277 imb:583 pmb:1490 smb:6087 d:s ref:0 ;
in:2100 out:2101 type:b dur:2 cpbdur:2 q:36.01 aq:36.29 tex:578 mv:851 misc:1083 imb:14 pmb:243 smb:7903 d:s ref:0 ;
in:2106 out:2102 type:P dur:2 cpbdur:2 q:35.12 aq:29.94 tex:229329 mv:15143 misc:3944 imb:1591 pmb:1578 smb:4991 d:s ref:0 ;
in:2103 out:2103 type:B dur:2 cpbdur:2 q:35.81 aq:35.24 tex:36034 mv:6032 misc:2054 imb:351 pmb:617 smb:7192 d:s ref:0 ;
in:2102 out:2104 type:b dur:2 cpbdur:2 q:35.98 aq:36.38 tex:652 mv:1089 misc:1219 imb:13 pmb:304 smb:7843 d:s ref:0 ;
in:2104 out:2105 type:b dur:2 cpbdur:2 q:35.96 aq:36.94 tex:1986 mv:1491 misc:1347 imb:29 pmb:355 smb:7776 d:- ref:0 ;
in:2105 out:2106 type:b dur:2 cpbdur:2 q:35.96 aq:36.86 tex:2144 mv:1460 misc:1476 imb:37 pmb:384 smb:7739 d:- ref:0 ;
in:2109 out:2107 type:P dur:2 cpbdur:2 q:35.60 aq:30.27 tex:186436 mv:12335 misc:3869 imb:998 pmb:1530 smb:5632 d:s ref:0 ;
in:2107 out:2108 type:B dur:2 cpbdur:2 q:35.98 aq:36.10 tex:854 mv:1518 misc:1580 imb:17 pmb:443 smb:7700 d:s ref:0 ;
in:2108 out:2109 type:b dur:2 cpbdur:2 q:36.19 aq:36.28 tex:392 mv:1278 misc:1266 imb:8 pmb:354 smb:7798 d:- ref:0 ;
in:2111 out:2110 type:P dur:2 cpbdur:2 q:35.44 aq:30.20 tex:182234 mv:11232 misc:4246 imb:1114 pmb:1656 smb:5390 d:s ref:0 ;
in:2110 out:2111 type:b dur:2 cpbdur:2 q:36.32 aq:37.01 tex:3218 mv:1683 misc:1387 imb:35 pmb:408 smb:7717 d:s ref:0 ;
in:2113 out:2112 type:P dur:2 cpbdur:2 q:34.76 aq:28.92 tex:186180 mv:8105 misc:4851 imb:484 pmb:2373 smb:5303 d:s ref:0 ;
in:2112 out:2113 type:b dur:2 cpbdur:2 q:35.87 aq:35.12 tex:2594 mv:2559 misc:1095 imb:51 pmb:335 smb:7774 d:s ref:0 ;
in:2114 out:2114 type:P dur:2 cpbdur:2 q:34.32 aq:28.07 tex:178302 mv:7222 misc:4540 imb:424 pmb:2530 smb:5206 d:s ref:0 ;
in:2118 out:2115 type:P dur:2 cpbdur:2 q:34.83 aq:30.10 tex:193014 mv:15412 misc:3614 imb:1761 pmb:1398 smb:5001 d:s ref:0 ;
in:2116 out:2116 type:B dur:2 cpbdur:2 q:34.90 aq:34.10 tex:8862 mv:3851 misc:2447 imb:113 pmb:691 smb:7356 d:s ref:0 ;
in:2115 out:2117 type:b dur:2 cpbdur:2 q:34.90 aq:35.29 tex:676 mv:1330 misc:962 imb:11 pmb:184 smb:7965 d:s ref:0 ;
in:2117 out:2118 type:b dur:2 cpbdur:2 q:34.90 aq:36.35 tex:4160 mv:2114 misc:1998 imb:39 pmb:539 smb:7582 d:- ref:0 ;
in:2120 out:2119 type:P dur:2 cpbdur:2 q:36.65 aq:31.96 tex:259623 mv:16400 misc:2777 imb:1623 pmb:1030 smb:5507 d:s ref:0 ;
in:2119 out:2120 type:b dur:2 cpbdur:2 q:36.67 aq:38.13 tex:2038 mv:1984 misc:1874 imb:37 pmb:517 smb:7606 d:s ref:0 ;
in:2123 out:2121 type:P dur:2 cpbdur:2 q:36.88 aq:32.15 tex:223767 mv:17361 misc:3408 imb:1147 pmb:1777 smb:5236 d:s ref:0 ;
in:2121 out:2122 type:B dur:2 cpbdur:2 q:37.12 aq:38.50 tex:793 mv:1578 misc:2013 imb:6 pmb:556 smb:7598 d:s ref:0 ;
in:2122 out:2123 type:b dur:2 cpbdur:2 q:37.15 aq:37.87 tex:652 mv:1194 misc:1738 imb:8 pmb:454 smb:7698 d:- ref:0 ;
in:2125 out:2124 type:P dur:2 cpbdur:2 q:36.62 aq:31.33 tex:175704 mv:11118 misc:3794 imb:606 pmb:1714 smb:5840 d:s ref:0 ;
in:2124 out:2125 type:b dur:2 cpbdur:2 q:36.98 aq:37.77 tex:490 mv:1476 misc:1610 imb:2 pmb:419 smb:7739 d:s ref:0 ;
in:2127 out:2126 type:P dur:2 cpbdur:2 q:36.49 aq:30.52 tex:137953 mv:7528 misc:4191 imb:285 pmb:1872 smb:6003 d:s ref:0 ;
in:2126 out:2127 type:b dur:2 cpbdur:2 q:37.04 aq:38.32 tex:395 mv:855 misc:982 imb:1 pmb:247 smb:7912 d:s ref:0 ;
in:2128 out:2128 type:P dur:2 cpbdur:2 q:35.06 aq:28.51 tex:145704 mv:4956 misc:5060 imb:257 pmb:2078 smb:5825 d:s ref:0 ;
in:2129 out:2129 type:P dur:2 cpbdur:2 q:35.14 aq:29.02 tex:114426 mv:4632 misc:4126 imb:149 pmb:1721 smb:6290 d:s ref:0 ;
in:2131 out:2130 type:P dur:2 cpbdur:2 q:35.08 aq:29.26 tex:123034 mv:5608 misc:4534 imb:237 pmb:1915 smb:6008 d:s ref:0 ;
in:2130 out:2131 type:b dur:2 cpbdur:2 q:35.49 aq:33.03 tex:75 mv:668 misc:681 imb:0 pmb:136 smb:8024 d:t ref:0 ;
in:2132 out:2132 type:P dur:2 cpbdur:2 q:34.86 aq:28.17 tex:104326 mv:4080 misc:4650 imb:156 pmb:1677 smb:6327 d:s ref:0 ;
in:2133 out:2133 type:P dur:2 cpbdur:2 q:34.93 aq:28.26 tex:89216 mv:3521 misc:3967 imb:117 pmb:1280 smb:6763 d:s ref:0 ;
in:2135 out:2134 type:P dur:2 cpbdur:2 q:34.47 aq:28.33 tex:144006 mv:6611 misc:4743 imb:349 pmb:1938 smb:5873 d:s ref:0 ;
in:2134 out:2135 type:b dur:2 cpbdur:2 q:35.32 aq:32.55 tex:850 mv:723 misc:667 imb:0 pmb:130 smb:8030 d:t ref:0 ;
in:2136 out:2136 type:P dur:2 cpbdur:2 q:34.59 aq:28.00 tex:135610 mv:5080 misc:4526 imb:131 pmb:1704 smb:6325 d:s ref:0 ;
in:2137 out:2137 type:P dur:2 cpbdur:2 q:34.25 aq:28.29 tex:90857 mv:4021 misc:4146 imb:185 pmb:1477 smb:6498 d:s ref:0 ;
in:2138 out:2138 type:P dur:2 cpbdur:2 q:34.13 aq:27.72 tex:101616 mv:4184 misc:4160 imb:171 pmb:1634 smb:6355 d:s ref:0 ;
in:2140 out:2139 type:P dur:2 cpbdur:2 q:34.04 aq:27.92 tex:140373 mv:6096 misc:4459 imb:220 pmb:1907 smb:6033 d:s ref:0 ;
in:2139 out:2140 type:b dur:2 cpbdur:2 q:34.45 aq:34.08 tex:164 mv:721 misc:715 imb:2 pmb:134 smb:8024 d:s ref:0 ;
in:2141 out:2141 type:P dur:2 cpbdur:2 q:34.44 aq:28.19 tex:95714 mv:4213 misc:3945 imb:164 pmb:1334 smb:6662 d:s ref:0 ;
in:2142 out:2142 type:P dur:2 cpbdur:2 q:33.88 aq:27.22 tex:110847 mv:3825 misc:4592 imb:130 pmb:1737 smb:6293 d:s ref:0 ;
in:2143 out:2143 type:P dur:2 cpbdur:2 q:33.92 aq:27.30 tex:112687 mv:4303 misc:4098 imb:237 pmb:1501 smb:6422 d:s ref:0 ;
in:2145 out:2144 type:P dur:2 cpbdur:2 q:34.23 aq:28.67 tex:127102 mv:5408 misc:4178 imb:158 pmb:1641 smb:6361 d:s ref:0 ;
in:2144 out:2145 type:b dur:2 cpbdur:2 q:34.34 aq:35.75 tex:1622 mv:994 misc:840 imb:18 pmb:208 smb:7934 d:s ref:0 ;
in:2146 out:2146 type:P dur:2 cpbdur:2 q:34.41 aq:28.53 tex:70883 mv:3289 misc:3532 imb:145 pmb:1197 smb:6818 d:s ref:0 ;
in:2147 out:2147 type:P dur:2 cpbdur:2 q:34.17 aq:28.39 tex:134554 mv:4947 misc:4107 imb:144 pmb:1844 smb:6172 d:s ref:0 ;
in:2149 out:2148 type:P dur:2 cpbdur:2 q:34.42 aq:28.91 tex:177057 mv:8487 misc:3864 imb:504 pmb:1746 smb:5910 d:s ref:0 ;
in:2148 out:2149 type:b dur:2 cpbdur:2 q:34.62 aq:35.32 tex:4893 mv:1147 misc:1112 imb:18 pmb:362 smb:7780 d:s ref:0 ;
in:2150 out:2150 type:P dur:2 cpbdur:2 q:34.15 aq:28.00 tex:108888 mv:4689 misc:4471 imb:250 pmb:1752 smb:6158 d:s ref:0 ;
in:2151 out:2151 type:P dur:2 cpbdur:2 q:34.04 aq:27.67 tex:91116 mv:3376 misc:4364 imb:105 pmb:1477 smb:6578 d:s ref:0 ;
in:2153 out:2152 type:P dur:2 cpbdur:2 q:34.13 aq:28.46 tex:222799 mv:9921 misc:4096 imb:483 pmb:2155 smb:5522 d:s ref:0 ;
in:2152 out:2153 type:b dur:2 cpbdur:2 q:34.45 aq:35.88 tex:14936 mv:3685 misc:2363 imb:195 pmb:650 smb:7315 d:s ref:0 ;
in:2155 out:2154 type:P dur:2 cpbdur:2 q:34.52 aq:28.88 tex:166582 mv:7200 misc:3962 imb:355 pmb:1784 smb:6021 d:s ref:0 ;
in:2154 out:2155 type:b dur:2 cpbdur:2 q:34.87 aq:36.41 tex:10286 mv:2395 misc:943 imb:92 pmb:273 smb:7795 d:t ref:0 ;
in:2156 out:2156 type:P dur:2 cpbdur:2 q:34.32 aq:27.96 tex:115786 mv:4259 misc:4491 imb:186 pmb:1631 smb:6343 d:s ref:0 ;
in:2157 out:2157 type:P dur:2 cpbdur:2 q:34.27 aq:28.66 tex:77485 mv:3814 misc:3797 imb:180 pmb:1299 smb:6681 d:s ref:0 ;
in:2158 out:2158 type:P dur:2 cpbdur:2 q:34.85 aq:28.25 tex:100801 mv:4954 misc:3589 imb:208 pmb:1272 smb:6680 d:s ref:0 ;
in:2159 out:2159 type:P dur:2 cpbdur:2 q:34.53 aq:28.39 tex:105136 mv:4467 misc:3789 imb:229 pmb:1351 smb:6580 d:s ref:0 ;
in:2161 out:2160 type:P dur:2 cpbdur:2 q:34.60 aq:29.05 tex:153488 mv:6940 misc:4492 imb:312 pmb:1972 smb:5876 d:s ref:0 ;
in:2160 out:2161 type:b dur:2 cpbdur:2 q:35.06 aq:37.63 tex:2157 mv:1414 misc:1085 imb:18 pmb:270 smb:7872 d:s ref:0 ;
in:2162 out:2162 type:P dur:2 cpbdur:2 q:34.28 aq:28.18 tex:115139 mv:4691 misc:4386 imb:128 pmb:1809 smb:6223 d:s ref:0 ;
in:2163 out:2163 type:P dur:2 cpbdur:2 q:34.30 aq:28.32 tex:80997 mv:3677 misc:3958 imb:125 pmb:1253 smb:6782 d:s ref:0 ;
in:2165 out:2164 type:P dur:2 cpbdur:2 q:34.65 aq:28.72 tex:140442 mv:7059 misc:4203 imb:338 pmb:1774 smb:6048 d:s ref:0 ;
in:2164 out:2165 type:b dur:2 cpbdur:2 q:34.88 aq:35.98 tex:323 mv:713 misc:820 imb:0 pmb:162 smb:7998 d:s ref:0 ;
in:2166 out:2166 type:P dur:2 cpbdur:2 q:34.54 aq:28.43 tex:100865 mv:3580 misc:4179 imb:179 pmb:1397 smb:6584 d:s ref:0 ;
in:2167 out:2167 type:P dur:2 cpbdur:2 q:34.43 aq:28.45 tex:76058 mv:2848 misc:3862 imb:83 pmb:1302 smb:6775 d:s ref:0 ;
in:2169 out:2168 type:P dur:2 cpbdur:2 q:35.47 aq:29.74 tex:153295 mv:7890 misc:4151 imb:294 pmb:1864 smb:6002 d:s ref:0 ;
in:2168 out:2169 type:b dur:2 cpbdur:2 q:35.85 aq:34.97 tex:165 mv:1019 misc:1200 imb:1 pmb:297 smb:7862 d:s ref:0 ;
in:2171 out:2170 type:P dur:2 cpbdur:2 q:35.39 aq:29.46 tex:124599 mv:6006 misc:4363 imb:173 pmb:1899 smb:6088 d:s ref:0 ;
in:2170 out:2171 type:b dur:2 cpbdur:2 q:36.13 aq:38.03 tex:1306 mv:1090 misc:764 imb:2 pmb:175 smb:7983 d:t ref:0 ;
in:2173 out:2172 type:P dur:2 cpbdur:2 q:35.26 aq:29.37 tex:99786 mv:5472 misc:4334 imb:247 pmb:1619 smb:6294 d:s ref:0 ;
in:2172 out:2173 type:b dur:2 cpbdur:2 q:35.85 aq:33.62 tex:416 mv:652 misc:716 imb:1 pmb:136 smb:8023 d:t ref:0 ;
in:2174 out:2174 type:P dur:2 cpbdur:2 q:34.95 aq:28.68 tex:86055 mv:4602 misc:4607 imb:297 pmb:1508 smb:6355 d:s ref:0 ;
in:2176 out:2175 type:P dur:2 cpbdur:2 q:34.62 aq:28.45 tex:111493 mv:5745 misc:4538 imb:282 pmb:1786 smb:6092 d:s ref:0 ;
in:2175 out:2176 type:b dur:2 cpbdur:2 q:35.21 aq:33.43 tex:234 mv:670 misc:640 imb:0 pmb:141 smb:8019 d:t ref:0 ;
in:2177 out:2177 type:P dur:2 cpbdur:2 q:34.38 aq:27.80 tex:103318 mv:4239 misc:4515 imb:181 pmb:1681 smb:6298 d:s ref:0 ;
in:2178 out:2178 type:P dur:2 cpbdur:2 q:34.44 aq:27.75 tex:62426 mv:3159 misc:4095 imb:122 pmb:1267 smb:6771 d:s ref:0 ;
in:2180 out:2179 type:P dur:2 cpbdur:2 q:34.62 aq:28.79 tex:156584 mv:7995 misc:4213 imb:378 pmb:1932 smb:5850 d:s ref:0 ;
in:2179 out:2180 type:b dur:2 cpbdur:2 q:35.06 aq:34.17 tex:252 mv:855 misc:981 imb:5 pmb:240 smb:7915 d:s ref:0 ;
in:2182 out:2181 type:P dur:2 cpbdur:2 q:35.08 aq:29.46 tex:152038 mv:6916 misc:4190 imb:259 pmb:1846 smb:6055 d:s ref:0 ;
in:2181 out:2182 type:b dur:2 cpbdur:2 q:35.58 aq:37.64 tex:147 mv:712 misc:877 imb:1 pmb:191 smb:7968 d:s ref:0 ;
in:2183 out:2183 type:P dur:2 cpbdur:2 q:34.76 aq:28.63 tex:87902 mv:3505 misc:4265 imb:115 pmb:1540 smb:6505 d:s ref:0 ;
in:2184 out:2184 type:P dur:2 cpbdur:2 q:34.45 aq:28.25 tex:131050 mv:4550 misc:4568 imb:143 pmb:1723 smb:6294 d:s ref:0 ;
in:2186 out:2185 type:P dur:2 cpbdur:2 q:34.70 aq:28.66 tex:166027 mv:7435 misc:4578 imb:324 pmb:1999 smb:5837 d:s ref:0 ;
in:2185 out:2186 type:b dur:2 cpbdur:2 q:35.07 aq:36.53 tex:455 mv:868 misc:1021 imb:2 pmb:258 smb:7900 d:s ref:0 ;
in:2188 out:2187 type:P dur:2 cpbdur:2 q:34.70 aq:28.48 tex:134673 mv:6714 misc:4349 imb:317 pmb:1896 smb:5947 d:s ref:0 ;
in:2187 out:2188 type:b dur:2 cpbdur:2 q:35.25 aq:37.39 tex:138 mv:885 misc:857 imb:9 pmb:180 smb:7971 d:t ref:0 ;
in:2189 out:2189 type:P dur:2 cpbdur:2 q:34.57 aq:27.95 tex:88023 mv:3494 misc:4243 imb:124 pmb:1505 smb:6531 d:s ref:0 ;
in:2191 out:2190 type:P dur:2 cpbdur:2 q:34.59 aq:28.73 tex:152795 mv:7085 misc:4496 imb:327 pmb:1955 smb:5878 d:s ref:0 ;
in:2190 out:2191 type:b dur:2 cpbdur:2 q:34.91 aq:33.84 tex:779 mv:843 misc:986 imb:5 pmb:214 smb:7941 d:t ref:0 ;
in:2193 out:2192 type:P dur:2 cpbdur:2 q:34.39 aq:28.25 tex:111474 mv:4658 misc:4492 imb:59 pmb:1863 smb:6238 d:s ref:0 ;
in:2192 out:2193 type:b dur:2 cpbdur:2 q:34.89 aq:33.94 tex:478 mv:720 misc:650 imb:0 pmb:132 smb:8028 d:t ref:0 ;
in:2194 out:2194 type:P dur:2 cpbdur:2 q:34.33 aq:27.90 tex:125644 mv:4855 misc:4229 imb:291 pmb:1479 smb:6390 d:s ref:0 ;
in:2195 out:2195 type:P dur:2 cpbdur:2 q:34.58 aq:28.39 tex:127432 mv:4519 misc:4169 imb:135 pmb:1729 smb:6296 d:s ref:0 ;
in:2196 out:2196 type:P dur:2 cpbdur:2 q:34.56 aq:28.11 tex:111114 mv:3980 misc:4442 imb:102 pmb:1630 smb:6428 d:s ref:0 ;
in:2197 out:2197 type:P dur:2 cpbdur:2 q:34.25 aq:27.48 tex:97155 mv:3637 misc:4512 imb:155 pmb:1586 smb:6419 d:s ref:0 ;
in:2203 out:2198 type:P dur:2 cpbdur:2 q:35.58 aq:29.51 tex:182081 mv:11570 misc:3685 imb:659 pmb:2216 smb:5285 d:s ref:0 ;
in:2200 out:2199 type:B dur:2 cpbdur:2 q:35.94 aq:34.78 tex:11341 mv:2698 misc:1569 imb:37 pmb:420 smb:7703 d:s ref:0 ;
in:2198 out:2200 type:b dur:2 cpbdur:2 q:36.26 aq:38.06 tex:1672 mv:1107 misc:949 imb:4 pmb:207 smb:7949 d:s ref:0 ;
in:2199 out:2201 type:b dur:2 cpbdur:2 q:36.26 aq:37.80 tex:805 mv:759 misc:756 imb:3 pmb:136 smb:8021 d:s ref:0 ;
in:2201 out:2202 type:b dur:2 cpbdur:2 q:36.26 aq:37.67 tex:383 mv:1010 misc:1015 imb:2 pmb:242 smb:7916 d:- ref:0 ;
in:2202 out:2203 type:b dur:2 cpbdur:2 q:36.26 aq:38.07 tex:292 mv:816 misc:1036 imb:4 pmb:228 smb:7928 d:- ref:0 ;
in:2204 out:2204 type:P dur:2 cpbdur:2 q:34.72 aq:28.20 tex:100941 mv:3795 misc:4712 imb:130 pmb:1704 smb:6326 d:s ref:0 ;
in:2205 out:2205 type:P dur:2 cpbdur:2 q:34.27 aq:28.25 tex:104690 mv:3876 misc:4746 imb:106 pmb:1803 smb:6251 d:s ref:0 ;
in:2206 out:2206 type:P dur:2 cpbdur:2 q:34.28 aq:27.84 tex:105379 mv:4034 misc:4459 imb:182 pmb:1522 smb:6456 d:s ref:0 ;
in:2207 out:2207 type:P dur:2 cpbdur:2 q:34.80 aq:28.69 tex:92839 mv:3859 misc:3886 imb:80 pmb:1526 smb:6554 d:s ref:0 ;
in:2210 out:2208 type:P dur:2 cpbdur:2 q:34.55 aq:29.03 tex:214665 mv:9948 misc:4211 imb:449 pmb:2427 smb:5284 d:s ref:0 ;
in:2208 out:2209 type:B dur:2 cpbdur:2 q:35.31 aq:36.17 tex:1624 mv:1232 misc:1360 imb:16 pmb:333 smb:7811 d:s ref:0 ;
in:2209 out:2210 type:b dur:2 cpbdur:2 q:35.77 aq:38.36 tex:577 mv:1104 misc:871 imb:16 pmb:187 smb:7957 d:- ref:0 ;
in:2211 out:2211 type:P dur:2 cpbdur:2 q:34.33 aq:27.88 tex:107355 mv:3812 misc:4697 imb:151 pmb:1716 smb:6293 d:s ref:0 ;
in:2213 out:2212 type:P dur:2 cpbdur:2 q:34.23 aq:28.57 tex:132871 mv:5839 misc:4514 imb:236 pmb:1907 smb:6017 d:s ref:0 ;
in:2212 out:2213 type:b dur:2 cpbdur:2 q:34.67 aq:34.73 tex:199 mv:739 misc:814 imb:0 pmb:171 smb:7989 d:t ref:0 ;
in:2215 out:2214 type:P dur:2 cpbdur:2 q:34.23 aq:28.48 tex:126816 mv:5979 misc:4597 imb:251 pmb:1901 smb:6008 d:s ref:0 ;
in:2214 out:2215 type:b dur:2 cpbdur:2 q:34.58 aq:33.54 tex:1203 mv:715 misc:674 imb:2 pmb:121 smb:8037 d:t ref:0 ;
in:2216 out:2216 type:P dur:2 cpbdur:2 q:34.49 aq:28.46 tex:124083 mv:5041 misc:4372 imb:221 pmb:1657 smb:6282 d:s ref:0 ;
in:2218 out:2217 type:P dur:2 cpbdur:2 q:34.69 aq:29.16 tex:108493 mv:5735 misc:4396 imb:204 pmb:1661 smb:6295 d:s ref:0 ;
in:2217 out:2218 type:b dur:2 cpbdur:2 q:35.25 aq:35.38 tex:371 mv:813 misc:920 imb:2 pmb:197 smb:7961 d:t ref:0 ;
in:2220 out:2219 type:P dur:2 cpbdur:2 q:34.62 aq:28.77 tex:162637 mv:7437 misc:4902 imb:318 pmb:1993 smb:5849 d:s ref:0 ;
in:2219 out:2220 type:b dur:2 cpbdur:2 q:35.28 aq:38.02 tex:565 mv:841 misc:930 imb:2 pmb:200 smb:7958 d:t ref:0 ;
in:2221 out:2221 type:P dur:2 cpbdur:2 q:34.21 aq:27.76 tex:88172 mv:3369 misc:4779 imb:117 pmb:1602 smb:6441 d:s ref:0 ;
in:2223 out:2222 type:P dur:2 cpbdur:2 q:34.08 aq:28.26 tex:113327 mv:5450 misc:4687 imb:210 pmb:1855 smb:6095 d:s ref:0 ;
in:2222 out:2223 type:b dur:2 cpbdur:2 q:34.49 aq:35.49 tex:383 mv:631 misc:626 imb:2 pmb:100 smb:8058 d:t ref:0 ;
in:2225 out:2224 type:P dur:2 cpbdur:2 q:34.46 aq:29.13 tex:137107 mv:7161 misc:4268 imb:290 pmb:1822 smb:6048 d:s ref:0 ;
in:2224 out:2225 type:b dur:2 cpbdur:2 q:34.66 aq:34.81 tex:271 mv:1023 misc:922 imb:3 pmb:223 smb:7934 d:s ref:0 ;
in:2227 out:2226 type:P dur:2 cpbdur:2 q:34.59 aq:29.24 tex:108323 mv:5352 misc:4277 imb:214 pmb:1603 smb:6343 d:s ref:0 ;
in:2226 out:2227 type:b dur:2 cpbdur:2 q:34.86 aq:33.04 tex:89 mv:699 misc:732 imb:1 pmb:151 smb:8008 d:t ref:0 ;
in:2228 out:2228 type:P dur:2 cpbdur:2 q:34.81 aq:29.10 tex:68846 mv:3767 misc:3875 imb:112 pmb:1219 smb:6829 d:s ref:0 ;
in:2229 out:2229 type:P dur:2 cpbdur:2 q:33.48 aq:34.22 tex:11791 mv:2145 misc:2112 imb:108 pmb:501 smb:7551 d:s ref:0 ;
in:2230 out:2230 type:I dur:2 cpbdur:2 q:31.98 aq:25.54 tex:2903779 mv:157913 misc:340 imb:8160 pmb:0 smb:0 d:s ref:;
in:2234 out:2231 type:P dur:2 cpbdur:2 q:35.67 aq:31.00 tex:295528 mv:17750 misc:3618 imb:1640 pmb:1558 smb:4962 d:s ref:0 ;
in:2232 out:2232 type:B dur:2 cpbdur:2 q:35.93 aq:36.74 tex:5658 mv:3146 misc:2452 imb:43 pmb:778 smb:7339 d:s ref:0 ;
in:2231 out:2233 type:b dur:2 cpbdur:2 q:36.20 aq:38.54 tex:590 mv:1445 misc:1685 imb:5 pmb:541 smb:7614 d:s ref:0 ;
in:2233 out:2234 type:b dur:2 cpbdur:2 q:36.20 aq:37.26 tex:302 mv:738 misc:904 imb:3 pmb:204 smb:7953 d:- ref:0 ;
in:2238 out:2235 type:P dur:2 cpbdur:2 q:35.66 aq:30.32 tex:255628 mv:15193 misc:3243 imb:1749 pmb:1340 smb:5071 d:s ref:0 ;
in:2236 out:2236 type:B dur:2 cpbdur:2 q:36.12 aq:35.99 tex:2596 mv:1799 misc:1837 imb:7 pmb:517 smb:7636 d:s ref:0 ;
in:2235 out:2237 type:b dur:2 cpbdur:2 q:36.46 aq:37.96 tex:176 mv:667 misc:661 imb:2 pmb:114 smb:8044 d:s ref:0 ;
in:2237 out:2238 type:b dur:2 cpbdur:2 q:36.38 aq:39.55 tex:194 mv:926 misc:1280 imb:3 pmb:364 smb:7793 d:- ref:0 ;
in:2239 out:2239 type:P dur:2 cpbdur:2 q:35.20 aq:29.43 tex:68635 mv:3847 misc:4286 imb:217 pmb:1343 smb:6600 d:s ref:0 ;
in:2240 out:2240 type:P dur:2 cpbdur:2 q:35.00 aq:29.36 tex:75330 mv:4239 misc:3815 imb:280 pmb:1319 smb:6561 d:s ref:0 ;
in:2242 out:2241 type:P dur:2 cpbdur:2 q:35.33 aq:29.95 tex:86506 mv:5648 misc:3742 imb:316 pmb:1330 smb:6514 d:s ref:0 ;
in:2241 out:2242 type:b dur:2 cpbdur:2 q:35.59 aq:35.87 tex:147 mv:703 misc:838 imb:0 pmb:220 smb:7940 d:t ref:0 ;
in:2243 out:2243 type:P dur:2 cpbdur:2 q:35.05 aq:29.61 tex:58252 mv:3454 misc:3814 imb:205 pmb:1077 smb:6878 d:s ref:0 ;
in:2245 out:2244 type:P dur:2 cpbdur:2 q:35.70 aq:30.22 tex:130321 mv:6753 misc:3502 imb:482 pmb:1280 smb:6398 d:s ref:0 ;
in:2244 out:2245 type:b dur:2 cpbdur:2 q:36.10 aq:36.90 tex:191 mv:922 misc:1247 imb:3 pmb:316 smb:7841 d:s ref:0 ;
in:2247 out:2246 type:P dur:2 cpbdur:2 q:35.27 aq:30.01 tex:81859 mv:5595 misc:4154 imb:324 pmb:1363 smb:6473 d:s ref:0 ;
in:2246 out:2247 type:b dur:2 cpbdur:2 q:36.06 aq:33.05 tex:157 mv:606 misc:741 imb:0 pmb:137 smb:8023 d:t ref:0 ;
in:2250 out:2248 type:P dur:2 cpbdur:2 q:35.55 aq:30.34 tex:134872 mv:8381 misc:4211 imb:570 pmb:1629 smb:5961 d:s ref:0 ;
in:2248 out:2249 type:B dur:2 cpbdur:2 q:35.97 aq:37.30 tex:823 mv:1031 misc:1106 imb:2 pmb:257 smb:7901 d:s ref:0 ;
in:2249 out:2250 type:b dur:2 cpbdur:2 q:36.18 aq:37.29 tex:541 mv:869 misc:942 imb:4 pmb:218 smb:7938 d:- ref:0 ;
in:2253 out:2251 type:P dur:2 cpbdur:2 q:36.34 aq:31.81 tex:147290 mv:8912 misc:3750 imb:679 pmb:1356 smb:6125 d:s ref:0 ;
in:2251 out:2252 type:B dur:2 cpbdur:2 q:36.56 aq:35.48 tex:1086 mv:1355 misc:1399 imb:19 pmb:357 smb:7784 d:s ref:0 ;
in:2252 out:2253 type:b dur:2 cpbdur:2 q:36.65 aq:38.87 tex:269 mv:1166 misc:1269 imb:5 pmb:349 smb:7806 d:- ref:0 ;
in:2256 out:2254 type:P dur:2 cpbdur:2 q:37.13 aq:32.81 tex:67378 mv:6775 misc:3479 imb:368 pmb:1199 smb:6593 d:s ref:0 ;
in:2254 out:2255 type:B dur:2 cpbdur:2 q:37.13 aq:34.90 tex:219 mv:783 misc:934 imb:1 pmb:204 smb:7955 d:s ref:0 ;
in:2255 out:2256 type:b dur:2 cpbdur:2 q:37.13 aq:34.97 tex:604 mv:949 misc:847 imb:2 pmb:183 smb:7975 d:- ref:0 ;
in:2258 out:2257 type:P dur:2 cpbdur:2 q:36.60 aq:32.12 tex:50582 mv:5121 misc:3745 imb:159 pmb:1270 smb:6731 d:s ref:0 ;
in:2257 out:2258 type:b dur:2 cpbdur:2 q:37.56 aq:39.04 tex:245 mv:1131 misc:1016 imb:1 pmb:249 smb:7910 d:t ref:0 ;
in:2260 out:2259 type:P dur:2 cpbdur:2 q:35.47 aq:30.99 tex:71393 mv:5618 misc:4213 imb:353 pmb:1331 smb:6476 d:s ref:0 ;
in:2259 out:2260 type:b dur:2 cpbdur:2 q:36.76 aq:33.46 tex:46 mv:595 misc:631 imb:0 pmb:107 smb:8053 d:t ref:0 ;
in:2262 out:2261 type:P dur:2 cpbdur:2 q:34.94 aq:30.66 tex:90153 mv:7621 misc:4026 imb:393 pmb:1488 smb:6279 d:s ref:0 ;
in:2261 out:2262 type:b dur:2 cpbdur:2 q:35.77 aq:35.75 tex:221 mv:1540 misc:1479 imb:22 pmb:406 smb:7732 d:s ref:0 ;
in:2266 out:2263 type:P dur:2 cpbdur:2 q:34.81 aq:31.61 tex:152539 mv:12816 misc:3965 imb:929 pmb:1599 smb:5632 d:s ref:0 ;
in:2264 out:2264 type:B dur:2 cpbdur:2 q:35.34 aq:35.50 tex:4347 mv:2120 misc:1933 imb:26 pmb:541 smb:7593 d:s ref:0 ;
in:2263 out:2265 type:b dur:2 cpbdur:2 q:35.63 aq:37.56 tex:543 mv:1349 misc:1324 imb:20 pmb:337 smb:7803 d:s ref:0 ;
in:2265 out:2266 type:b dur:2 cpbdur:2 q:35.63 aq:33.06 tex:117 mv:778 misc:945 imb:2 pmb:207 smb:7951 d:- ref:0 ;
in:2268 out:2267 type:P dur:2 cpbdur:2 q:35.02 aq:32.34 tex:124435 mv:10414 misc:3487 imb:857 pmb:1161 smb:6142 d:s ref:0 ;
in:2267 out:2268 type:b dur:2 cpbdur:2 q:35.23 aq:35.85 tex:1719 mv:1346 misc:1687 imb:10 pmb:453 smb:7697 d:s ref:0 ;
in:2270 out:2269 type:P dur:2 cpbdur:2 q:35.45 aq:32.92 tex:156590 mv:12277 misc:3317 imb:1336 pmb:1010 smb:5814 d:s ref:0 ;
in:2269 out:2270 type:b dur:2 cpbdur:2 q:35.56 aq:35.80 tex:848 mv:1188 misc:1284 imb:6 pmb:321 smb:7833 d:s ref:0 ;
in:2272 out:2271 type:P dur:2 cpbdur:2 q:35.35 aq:33.91 tex:78817 mv:8276 misc:3419 imb:554 pmb:999 smb:6607 d:s ref:0 ;
in:2271 out:2272 type:b dur:2 cpbdur:2 q:35.49 aq:38.28 tex:1564 mv:2091 misc:1377 imb:30 pmb:375 smb:7755 d:s ref:0 ;
in:2276 out:2273 type:P dur:2 cpbdur:2 q:36.12 aq:35.58 tex:93865 mv:14603 misc:3188 imb:2258 pmb:781 smb:5121 d:s ref:0 ;
in:2274 out:2274 type:B dur:2 cpbdur:2 q:36.43 aq:37.56 tex:13605 mv:3943 misc:2524 imb:116 pmb:660 smb:7384 d:s ref:0 ;
in:2273 out:2275 type:b dur:2 cpbdur:2 q:36.47 aq:38.55 tex:4111 mv:1883 misc:974 imb:34 pmb:226 smb:7900 d:s ref:0 ;
in:2275 out:2276 type:b dur:2 cpbdur:2 q:36.47 aq:39.28 tex:7763 mv:3078 misc:2119 imb:79 pmb:615 smb:7466 d:- ref:0 ;
in:2277 out:2277 type:P dur:2 cpbdur:2 q:36.06 aq:35.48 tex:48293 mv:10080 misc:3275 imb:1496 pmb:466 smb:6198 d:s ref:0 ;
in:2279 out:2278 type:P dur:2 cpbdur:2 q:34.85 aq:33.72 tex:110720 mv:14995 misc:4357 imb:2360 pmb:617 smb:5183 d:s ref:0 ;
in:2278 out:2279 type:b dur:2 cpbdur:2 q:36.26 aq:37.40 tex:8434 mv:3312 misc:1542 imb:86 pmb:434 smb:7640 d:s ref:0 ;
in:2280 out:2280 type:P dur:2 cpbdur:2 q:34.49 aq:31.53 tex:322446 mv:21613 misc:4717 imb:3364 pmb:1162 smb:3634 d:s ref:0 ;
in:2281 out:2281 type:P dur:2 cpbdur:2 q:35.36 aq:31.91 tex:73408 mv:6174 misc:2674 imb:575 pmb:462 smb:7123 d:s ref:0 ;
in:2285 out:2282 type:P dur:2 cpbdur:2 q:40.57 aq:36.22 tex:220487 mv:13984 misc:1193 imb:3288 pmb:101 smb:4771 d:s ref:0 ;
in:2283 out:2283 type:B dur:2 cpbdur:2 q:40.72 aq:40.81 tex:2325 mv:2118 misc:1373 imb:105 pmb:254 smb:7801 d:s ref:0 ;
in:2282 out:2284 type:b dur:2 cpbdur:2 q:40.83 aq:41.65 tex:1347 mv:3111 misc:1310 imb:84 pmb:582 smb:7494 d:s ref:0 ;
in:2284 out:2285 type:b dur:2 cpbdur:2 q:40.83 aq:43.47 tex:1744 mv:1391 misc:1001 imb:59 pmb:171 smb:7930 d:- ref:0 ;
in:2291 out:2286 type:P dur:2 cpbdur:2 q:39.97 aq:30.73 tex:549666 mv:24441 misc:2085 imb:4872 pmb:588 smb:2700 d:s ref:0 ;
in:2288 out:2287 type:B dur:2 cpbdur:2 q:40.68 aq:40.87 tex:11593 mv:3631 misc:2208 imb:164 pmb:525 smb:7471 d:s ref:0 ;
in:2286 out:2288 type:b dur:2 cpbdur:2 q:40.85 aq:43.03 tex:4127 mv:2448 misc:1241 imb:88 pmb:312 smb:7760 d:s ref:0 ;
in:2287 out:2289 type:b dur:2 cpbdur:2 q:40.85 aq:43.27 tex:4226 mv:2167 misc:1319 imb:64 pmb:339 smb:7757 d:s ref:0 ;
in:2289 out:2290 type:b dur:2 cpbdur:2 q:40.79 aq:41.97 tex:4423 mv:2973 misc:1660 imb:64 pmb:475 smb:7621 d:- ref:0 ;
in:2290 out:2291 type:b dur:2 cpbdur:2 q:40.79 aq:42.68 tex:2920 mv:2244 misc:1588 imb:37 pmb:439 smb:7684 d:- ref:0 ;
in:2294 out:2292 type:P dur:2 cpbdur:2 q:40.39 aq:33.60 tex:96931 mv:8145 misc:2500 imb:688 pmb:696 smb:6776 d:s ref:0 ;
in:2292 out:2293 type:B dur:2 cpbdur:2 q:41.02 aq:36.90 tex:1455 mv:1906 misc:1319 imb:30 pmb:327 smb:7803 d:s ref:0 ;
in:2293 out:2294 type:b dur:2 cpbdur:2 q:41.48 aq:41.90 tex:1683 mv:1823 misc:1318 imb:26 pmb:313 smb:7821 d:- ref:0 ;
in:2296 out:2295 type:P dur:2 cpbdur:2 q:39.43 aq:32.43 tex:150765 mv:7287 misc:4220 imb:517 pmb:2084 smb:5559 d:s ref:0 ;
in:2295 out:2296 type:b dur:2 cpbdur:2 q:40.91 aq:41.49 tex:2718 mv:2425 misc:993 imb:112 pmb:202 smb:7846 d:t ref:0 ;
in:2299 out:2297 type:P dur:2 cpbdur:2 q:39.25 aq:29.65 tex:137894 mv:8685 misc:4301 imb:638 pmb:1387 smb:6135 d:s ref:0 ;
in:2297 out:2298 type:B dur:2 cpbdur:2 q:39.97 aq:41.92 tex:2863 mv:3273 misc:1160 imb:70 pmb:260 smb:7830 d:s ref:0 ;
in:2298 out:2299 type:b dur:2 cpbdur:2 q:40.20 aq:40.10 tex:896 mv:2421 misc:1019 imb:32 pmb:221 smb:7907 d:- ref:0 ;
in:2303 out:2300 type:P dur:2 cpbdur:2 q:38.90 aq:28.54 tex:141528 mv:5146 misc:3110 imb:190 pmb:1540 smb:6430 d:s ref:0 ;
in:2301 out:2301 type:B dur:2 cpbdur:2 q:39.72 aq:37.96 tex:6026 mv:4174 misc:1296 imb:116 pmb:376 smb:7668 d:t ref:0 ;
in:2300 out:2302 type:b dur:2 cpbdur:2 q:40.05 aq:40.15 tex:394 mv:2065 misc:1213 imb:19 pmb:309 smb:7832 d:s ref:0 ;
in:2302 out:2303 type:b dur:2 cpbdur:2 q:40.05 aq:41.08 tex:125 mv:946 misc:1041 imb:1 pmb:209 smb:7950 d:- ref:0 ;
in:2307 out:2304 type:P dur:2 cpbdur:2 q:38.40 aq:28.92 tex:179170 mv:8071 misc:3159 imb:351 pmb:2025 smb:5784 d:s ref:0 ;
in:2305 out:2305 type:B dur:2 cpbdur:2 q:39.38 aq:39.78 tex:1021 mv:2310 misc:1149 imb:23 pmb:274 smb:7863 d:s ref:0 ;
in:2304 out:2306 type:b dur:2 cpbdur:2 q:39.71 aq:39.85 tex:116 mv:1296 misc:1148 imb:3 pmb:250 smb:7907 d:s ref:0 ;
in:2306 out:2307 type:b dur:2 cpbdur:2 q:39.71 aq:40.97 tex:251 mv:1117 misc:848 imb:3 pmb:178 smb:7979 d:- ref:0 ;
in:2311 out:2308 type:P dur:2 cpbdur:2 q:38.07 aq:28.29 tex:121136 mv:5163 misc:4813 imb:134 pmb:2044 smb:5982 d:s ref:0 ;
in:2309 out:2309 type:B dur:2 cpbdur:2 q:38.86 aq:34.75 tex:920 mv:921 misc:951 imb:7 pmb:192 smb:7961 d:t ref:0 ;
in:2308 out:2310 type:b dur:2 cpbdur:2 q:39.31 aq:33.06 tex:100 mv:725 misc:695 imb:1 pmb:118 smb:8041 d:s ref:0 ;
in:2310 out:2311 type:b dur:2 cpbdur:2 q:39.31 aq:33.00 tex:16 mv:596 misc:588 imb:2 pmb:101 smb:8057 d:- ref:0 ;
in:2313 out:2312 type:P dur:2 cpbdur:2 q:37.41 aq:27.34 tex:167878 mv:5019 misc:4503 imb:184 pmb:2018 smb:5958 d:s ref:0 ;
in:2312 out:2313 type:b dur:2 cpbdur:2 q:38.42 aq:35.33 tex:182 mv:749 misc:829 imb:4 pmb:164 smb:7992 d:s ref:0 ;
in:2317 out:2314 type:P dur:2 cpbdur:2 q:37.39 aq:27.35 tex:138471 mv:4639 misc:4186 imb:169 pmb:1773 smb:6218 d:s ref:0 ;
in:2315 out:2315 type:B dur:2 cpbdur:2 q:37.80 aq:34.50 tex:1319 mv:1156 misc:893 imb:7 pmb:213 smb:7940 d:s ref:0 ;
in:2314 out:2316 type:b dur:2 cpbdur:2 q:38.19 aq:35.65 tex:86 mv:611 misc:567 imb:1 pmb:101 smb:8058 d:t ref:0 ;
in:2316 out:2317 type:b dur:2 cpbdur:2 q:38.19 aq:38.14 tex:161 mv:705 misc:814 imb:5 pmb:169 smb:7986 d:- ref:0 ;
in:2319 out:2318 type:P dur:2 cpbdur:2 q:37.28 aq:26.92 tex:108218 mv:2156 misc:3442 imb:40 pmb:1461 smb:6659 d:s ref:0 ;
in:2318 out:2319 type:b dur:2 cpbdur:2 q:37.83 aq:33.08 tex:41 mv:568 misc:543 imb:0 pmb:88 smb:8072 d:t ref:0 ;
in:2321 out:2320 type:P dur:2 cpbdur:2 q:36.63 aq:26.69 tex:146552 mv:2144 misc:4536 imb:37 pmb:2001 smb:6122 d:s ref:0 ;
in:2320 out:2321 type:b dur:2 cpbdur:2 q:37.67 aq:39.58 tex:362 mv:615 misc:599 imb:3 pmb:104 smb:8053 d:t ref:0 ;
in:2325 out:2322 type:P dur:2 cpbdur:2 q:36.24 aq:25.40 tex:363045 mv:3989 misc:6430 imb:51 pmb:4514 smb:3595 d:s ref:0 ;
in:2323 out:2323 type:B dur:2 cpbdur:2 q:37.07 aq:36.67 tex:6685 mv:3101 misc:902 imb:84 pmb:255 smb:7821 d:t ref:0 ;
in:2322 out:2324 type:b dur:2 cpbdur:2 q:37.42 aq:35.23 tex:242 mv:771 misc:803 imb:3 pmb:170 smb:7987 d:s ref:0 ;
in:2324 out:2325 type:b dur:2 cpbdur:2 q:37.42 aq:37.75 tex:113 mv:702 misc:833 imb:1 pmb:168 smb:7991 d:- ref:0 ;
in:2327 out:2326 type:P dur:2 cpbdur:2 q:36.40 aq:25.49 tex:184711 mv:4171 misc:5830 imb:115 pmb:2656 smb:5389 d:s ref:0 ;
in:2326 out:2327 type:b dur:2 cpbdur:2 q:36.89 aq:34.62 tex:88 mv:663 misc:793 imb:2 pmb:150 smb:8008 d:s ref:0 ;
in:2331 out:2328 type:P dur:2 cpbdur:2 q:35.87 aq:25.14 tex:157757 mv:2818 misc:4961 imb:66 pmb:2143 smb:5951 d:s ref:0 ;
in:2329 out:2329 type:B dur:2 cpbdur:2 q:36.84 aq:33.26 tex:1156 mv:995 misc:729 imb:14 pmb:140 smb:8006 d:t ref:0 ;
in:2328 out:2330 type:b dur:2 cpbdur:2 q:37.23 aq:37.24 tex:139 mv:646 misc:687 imb:2 pmb:124 smb:8034 d:t ref:0 ;
in:2330 out:2331 type:b dur:2 cpbdur:2 q:37.23 aq:37.43 tex:238 mv:601 misc:601 imb:1 pmb:107 smb:8052 d:- ref:0 ;
in:2334 out:2332 type:P dur:2 cpbdur:2 q:35.65 aq:25.22 tex:159986 mv:5161 misc:5181 imb:152 pmb:2380 smb:5628 d:s ref:0 ;
in:2332 out:2333 type:B dur:2 cpbdur:2 q:36.19 aq:32.60 tex:123 mv:682 misc:715 imb:1 pmb:139 smb:8020 d:s ref:0 ;
in:2333 out:2334 type:b dur:2 cpbdur:2 q:36.45 aq:34.07 tex:199 mv:751 misc:682 imb:6 pmb:134 smb:8020 d:- ref:0 ;
in:2338 out:2335 type:P dur:2 cpbdur:2 q:35.35 aq:25.69 tex:192606 mv:6442 misc:4904 imb:322 pmb:1983 smb:5855 d:s ref:0 ;
in:2336 out:2336 type:B dur:2 cpbdur:2 q:36.06 aq:34.91 tex:6147 mv:2256 misc:1125 imb:82 pmb:346 smb:7732 d:s ref:0 ;
in:2335 out:2337 type:b dur:2 cpbdur:2 q:36.16 aq:34.44 tex:734 mv:1010 misc:976 imb:13 pmb:211 smb:7936 d:s ref:0 ;
in:2337 out:2338 type:b dur:2 cpbdur:2 q:36.16 aq:37.79 tex:1368 mv:2230 misc:994 imb:1 pmb:281 smb:7878 d:- ref:0 ;
in:2339 out:2339 type:P dur:2 cpbdur:2 q:35.48 aq:24.63 tex:177142 mv:2423 misc:4275 imb:33 pmb:1942 smb:6185 d:s ref:0 ;
in:2342 out:2340 type:P dur:2 cpbdur:2 q:35.27 aq:25.31 tex:147589 mv:5124 misc:3695 imb:149 pmb:1394 smb:6617 d:s ref:0 ;
in:2340 out:2341 type:B dur:2 cpbdur:2 q:35.92 aq:36.48 tex:1476 mv:1648 misc:908 imb:7 pmb:231 smb:7922 d:s ref:0 ;
in:2341 out:2342 type:b dur:2 cpbdur:2 q:36.32 aq:38.22 tex:2464 mv:1475 misc:757 imb:2 pmb:209 smb:7949 d:- ref:0 ;
in:2344 out:2343 type:P dur:2 cpbdur:2 q:35.01 aq:24.59 tex:168885 mv:2141 misc:3422 imb:15 pmb:1771 smb:6374 d:s ref:0 ;
in:2343 out:2344 type:b dur:2 cpbdur:2 q:35.75 aq:33.04 tex:137 mv:633 misc:734 imb:0 pmb:153 smb:8007 d:t ref:0 ;
in:2348 out:2345 type:P dur:2 cpbdur:2 q:34.73 aq:24.56 tex:190862 mv:4320 misc:3610 imb:74 pmb:1856 smb:6230 d:s ref:0 ;
in:2346 out:2346 type:B dur:2 cpbdur:2 q:35.34 aq:32.85 tex:2389 mv:1156 misc:1007 imb:13 pmb:239 smb:7908 d:s ref:0 ;
in:2345 out:2347 type:b dur:2 cpbdur:2 q:35.76 aq:34.76 tex:636 mv:856 misc:1052 imb:1 pmb:274 smb:7885 d:s ref:0 ;
in:2347 out:2348 type:b dur:2 cpbdur:2 q:35.76 aq:35.13 tex:476 mv:692 misc:592 imb:5 pmb:98 smb:8057 d:- ref:0 ;
in:2350 out:2349 type:P dur:2 cpbdur:2 q:34.90 aq:24.01 tex:99548 mv:1456 misc:3380 imb:30 pmb:1317 smb:6813 d:s ref:0 ;
in:2349 out:2350 type:b dur:2 cpbdur:2 q:35.41 aq:34.45 tex:56 mv:621 misc:571 imb:0 pmb:102 smb:8058 d:t ref:0 ;
in:2356 out:2351 type:P dur:2 cpbdur:2 q:34.44 aq:24.30 tex:189939 mv:2401 misc:4252 imb:35 pmb:2019 smb:6106 d:s ref:0 ;
in:2353 out:2352 type:B dur:2 cpbdur:2 q:35.27 aq:31.68 tex:12098 mv:5734 misc:1024 imb:46 pmb:391 smb:7723 d:t ref:0 ;
in:2351 out:2353 type:b dur:2 cpbdur:2 q:35.65 aq:33.00 tex:26 mv:668 misc:842 imb:2 pmb:148 smb:8010 d:s ref:0 ;
in:2352 out:2354 type:b dur:2 cpbdur:2 q:35.65 aq:34.02 tex:2206 mv:2428 misc:1014 imb:182 pmb:191 smb:7787 d:s ref:0 ;
in:2354 out:2355 type:b dur:2 cpbdur:2 q:35.65 aq:33.00 tex:19 mv:688 misc:549 imb:2 pmb:93 smb:8065 d:- ref:0 ;
in:2355 out:2356 type:b dur:2 cpbdur:2 q:35.65 aq:33.03 tex:52 mv:708 misc:560 imb:4 pmb:93 smb:8063 d:- ref:0 ;
in:2358 out:2357 type:P dur:2 cpbdur:2 q:34.52 aq:25.62 tex:127450 mv:3485 misc:4249 imb:108 pmb:1730 smb:6322 d:s ref:0 ;
in:2357 out:2358 type:b dur:2 cpbdur:2 q:34.77 aq:33.94 tex:194 mv:691 misc:771 imb:2 pmb:145 smb:8013 d:s ref:0 ;
in:2362 out:2359 type:P dur:2 cpbdur:2 q:34.36 aq:24.74 tex:115920 mv:3412 misc:3748 imb:106 pmb:1462 smb:6592 d:s ref:0 ;
in:2360 out:2360 type:B dur:2 cpbdur:2 q:34.79 aq:31.94 tex:364 mv:854 misc:806 imb:5 pmb:158 smb:7997 d:s ref:0 ;
in:2359 out:2361 type:b dur:2 cpbdur:2 q:35.08 aq:34.21 tex:127 mv:785 misc:816 imb:2 pmb:167 smb:7991 d:s ref:0 ;
in:2361 out:2362 type:b dur:2 cpbdur:2 q:35.08 aq:34.14 tex:74 mv:559 misc:495 imb:1 pmb:73 smb:8086 d:- ref:0 ;
in:2366 out:2363 type:P dur:2 cpbdur:2 q:34.44 aq:24.92 tex:125018 mv:3662 misc:3888 imb:126 pmb:1592 smb:6442 d:s ref:0 ;
in:2364 out:2364 type:B dur:2 cpbdur:2 q:34.69 aq:33.24 tex:1233 mv:1023 misc:856 imb:15 pmb:157 smb:7988 d:s ref:0 ;
in:2363 out:2365 type:b dur:2 cpbdur:2 q:34.69 aq:33.93 tex:175 mv:698 misc:759 imb:1 pmb:149 smb:8010 d:s ref:0 ;
in:2365 out:2366 type:b dur:2 cpbdur:2 q:34.69 aq:33.03 tex:75 mv:627 misc:594 imb:2 pmb:94 smb:8064 d:- ref:0 ;
in:2370 out:2367 type:P dur:2 cpbdur:2 q:34.65 aq:25.08 tex:101964 mv:4344 misc:3060 imb:187 pmb:990 smb:6983 d:s ref:0 ;
in:2368 out:2368 type:B dur:2 cpbdur:2 q:34.87 aq:33.21 tex:1679 mv:1262 misc:1003 imb:8 pmb:237 smb:7915 d:s ref:0 ;
in:2367 out:2369 type:b dur:2 cpbdur:2 q:34.97 aq:34.80 tex:697 mv:844 misc:819 imb:2 pmb:169 smb:7989 d:s ref:0 ;
in:2369 out:2370 type:b dur:2 cpbdur:2 q:34.97 aq:33.03 tex:161 mv:662 misc:745 imb:1 pmb:149 smb:8010 d:- ref:0 ;
in:2374 out:2371 type:P dur:2 cpbdur:2 q:34.32 aq:24.04 tex:132999 mv:4135 misc:3482 imb:184 pmb:1180 smb:6796 d:s ref:0 ;
in:2372 out:2372 type:B dur:2 cpbdur:2 q:34.87 aq:33.19 tex:1463 mv:1121 misc:928 imb:10 pmb:214 smb:7936 d:s ref:0 ;
in:2371 out:2373 type:b dur:2 cpbdur:2 q:35.21 aq:33.05 tex:56 mv:557 misc:547 imb:1 pmb:83 smb:8076 d:t ref:0 ;
in:2373 out:2374 type:b dur:2 cpbdur:2 q:35.03 aq:34.63 tex:162 mv:799 misc:895 imb:2 pmb:206 smb:7952 d:- ref:0 ;
in:2378 out:2375 type:P dur:2 cpbdur:2 q:34.32 aq:23.57 tex:110344 mv:1991 misc:4121 imb:34 pmb:1325 smb:6801 d:s ref:0 ;
in:2376 out:2376 type:B dur:2 cpbdur:2 q:34.65 aq:31.79 tex:11116 mv:3272 misc:884 imb:78 pmb:268 smb:7814 d:t ref:0 ;
in:2375 out:2377 type:b dur:2 cpbdur:2 q:34.95 aq:34.40 tex:201 mv:697 misc:782 imb:1 pmb:162 smb:7997 d:s ref:0 ;
in:2377 out:2378 type:b dur:2 cpbdur:2 q:34.95 aq:34.79 tex:796 mv:924 misc:792 imb:5 pmb:158 smb:7997 d:- ref:0 ;
in:2380 out:2379 type:P dur:2 cpbdur:2 q:34.22 aq:23.77 tex:104311 mv:3395 misc:3438 imb:91 pmb:1066 smb:7003 d:s ref:0 ;
in:2379 out:2380 type:b dur:2 cpbdur:2 q:34.61 aq:33.88 tex:349 mv:731 misc:816 imb:1 pmb:175 smb:7984 d:s ref:0 ;
in:2383 out:2381 type:P dur:2 cpbdur:2 q:34.36 aq:24.04 tex:80919 mv:1397 misc:3236 imb:26 pmb:1031 smb:7103 d:s ref:0 ;
in:2381 out:2382 type:B dur:2 cpbdur:2 q:34.63 aq:32.03 tex:163 mv:642 misc:611 imb:3 pmb:95 smb:8062 d:t ref:0 ;
in:2382 out:2383 type:b dur:2 cpbdur:2 q:34.77 aq:33.04 tex:149 mv:609 misc:618 imb:3 pmb:96 smb:8061 d:- ref:0 ;
in:2386 out:2384 type:P dur:2 cpbdur:2 q:34.41 aq:24.74 tex:59381 mv:1930 misc:2449 imb:25 pmb:801 smb:7334 d:s ref:0 ;
in:2384 out:2385 type:B dur:2 cpbdur:2 q:34.75 aq:32.00 tex:71 mv:600 misc:617 imb:2 pmb:99 smb:8059 d:t ref:0 ;
in:2385 out:2386 type:b dur:2 cpbdur:2 q:34.91 aq:33.04 tex:41 mv:600 misc:615 imb:0 pmb:102 smb:8058 d:- ref:0 ;
in:2390 out:2387 type:P dur:2 cpbdur:2 q:34.32 aq:24.96 tex:59664 mv:1892 misc:2556 imb:37 pmb:767 smb:7356 d:s ref:0 ;
in:2388 out:2388 type:B dur:2 cpbdur:2 q:34.77 aq:32.18 tex:12075 mv:3267 misc:874 imb:77 pmb:273 smb:7810 d:t ref:0 ;
in:2387 out:2389 type:b dur:2 cpbdur:2 q:34.99 aq:33.03 tex:123 mv:625 misc:748 imb:1 pmb:143 smb:8016 d:s ref:0 ;
in:2389 out:2390 type:b dur:2 cpbdur:2 q:34.99 aq:34.40 tex:463 mv:824 misc:841 imb:6 pmb:168 smb:7986 d:- ref:0 ;
in:2392 out:2391 type:P dur:2 cpbdur:2 q:34.06 aq:23.83 tex:61436 mv:1332 misc:2960 imb:17 pmb:851 smb:7292 d:s ref:0 ;
in:2391 out:2392 type:b dur:2 cpbdur:2 q:34.70 aq:33.04 tex:61 mv:653 misc:582 imb:2 pmb:94 smb:8064 d:t ref:0 ;
in:2396 out:2393 type:P dur:2 cpbdur:2 q:34.28 aq:24.53 tex:85366 mv:3336 misc:2066 imb:92 pmb:628 smb:7440 d:s ref:0 ;
in:2394 out:2394 type:B dur:2 cpbdur:2 q:34.58 aq:31.79 tex:1142 mv:1038 misc:772 imb:9 pmb:145 smb:8006 d:s ref:0 ;
in:2393 out:2395 type:b dur:2 cpbdur:2 q:34.64 aq:33.43 tex:347 mv:729 misc:748 imb:0 pmb:149 smb:8011 d:s ref:0 ;
in:2395 out:2396 type:b dur:2 cpbdur:2 q:34.64 aq:32.05 tex:43 mv:622 misc:567 imb:2 pmb:90 smb:8068 d:- ref:0 ;
in:2400 out:2397 type:P dur:2 cpbdur:2 q:33.81 aq:24.09 tex:73295 mv:2044 misc:3357 imb:38 pmb:960 smb:7162 d:s ref:0 ;
in:2398 out:2398 type:B dur:2 cpbdur:2 q:34.37 aq:32.21 tex:1492 mv:920 misc:724 imb:6 pmb:136 smb:8018 d:t ref:0 ;
in:2397 out:2399 type:b dur:2 cpbdur:2 q:34.45 aq:34.68 tex:807 mv:708 misc:589 imb:2 pmb:103 smb:8055 d:t ref:0 ;
in:2399 out:2400 type:b dur:2 cpbdur:2 q:34.45 aq:32.96 tex:158 mv:629 misc:685 imb:2 pmb:118 smb:8040 d:- ref:0 ;
in:2403 out:2401 type:P dur:2 cpbdur:2 q:33.97 aq:24.04 tex:47822 mv:1484 misc:2734 imb:25 pmb:758 smb:7377 d:s ref:0 ;
in:2401 out:2402 type:B dur:2 cpbdur:2 q:34.42 aq:32.32 tex:236 mv:644 misc:584 imb:2 pmb:90 smb:8068 d:t ref:0 ;
in:2402 out:2403 type:b dur:2 cpbdur:2 q:34.71 aq:32.07 tex:96 mv:559 misc:545 imb:0 pmb:86 smb:8074 d:- ref:0 ;
in:2407 out:2404 type:P dur:2 cpbdur:2 q:33.74 aq:23.71 tex:39696 mv:1471 misc:2513 imb:25 pmb:588 smb:7547 d:s ref:0 ;
in:2405 out:2405 type:B dur:2 cpbdur:2 q:34.30 aq:31.32 tex:1270 mv:848 misc:562 imb:5 pmb:102 smb:8053 d:t ref:0 ;
in:2404 out:2406 type:b dur:2 cpbdur:2 q:34.65 aq:32.05 tex:63 mv:596 misc:589 imb:1 pmb:94 smb:8065 d:t ref:0 ;
in:2406 out:2407 type:b dur:2 cpbdur:2 q:34.65 aq:32.04 tex:52 mv:558 misc:558 imb:2 pmb:88 smb:8070 d:- ref:0 ;
in:2410 out:2408 type:P dur:2 cpbdur:2 q:33.96 aq:23.35 tex:37401 mv:1429 misc:2090 imb:22 pmb:554 smb:7584 d:s ref:0 ;
in:2408 out:2409 type:B dur:2 cpbdur:2 q:34.36 aq:31.93 tex:949 mv:737 misc:610 imb:9 pmb:90 smb:8061 d:t ref:0 ;
in:2409 out:2410 type:b dur:2 cpbdur:2 q:34.39 aq:32.06 tex:218 mv:619 misc:603 imb:2 pmb:100 smb:8058 d:- ref:0 ;
in:2412 out:2411 type:P dur:2 cpbdur:2 q:34.00 aq:24.00 tex:31461 mv:1423 misc:2012 imb:23 pmb:478 smb:7659 d:s ref:0 ;
in:2411 out:2412 type:b dur:2 cpbdur:2 q:34.40 aq:32.05 tex:208 mv:603 misc:613 imb:2 pmb:104 smb:8054 d:t ref:0 ;
in:2414 out:2413 type:P dur:2 cpbdur:2 q:33.69 aq:23.32 tex:40902 mv:1128 misc:2434 imb:21 pmb:612 smb:7527 d:s ref:0 ;
in:2413 out:2414 type:b dur:2 cpbdur:2 q:34.18 aq:32.06 tex:107 mv:664 misc:613 imb:1 pmb:93 smb:8066 d:t ref:0 ;
in:2416 out:2415 type:P dur:2 cpbdur:2 q:33.68 aq:22.92 tex:79447 mv:1251 misc:2734 imb:12 pmb:1148 smb:7000 d:s ref:0 ;
in:2415 out:2416 type:b dur:2 cpbdur:2 q:34.13 aq:32.05 tex:196 mv:585 misc:571 imb:1 pmb:99 smb:8060 d:t ref:0 ;
in:2420 out:2417 type:P dur:2 cpbdur:2 q:33.33 aq:23.34 tex:38836 mv:1362 misc:2642 imb:17 pmb:647 smb:7496 d:s ref:0 ;
in:2418 out:2418 type:B dur:2 cpbdur:2 q:33.81 aq:32.25 tex:830 mv:917 misc:637 imb:6 pmb:103 smb:8051 d:t ref:0 ;
in:2417 out:2419 type:b dur:2 cpbdur:2 q:33.81 aq:32.06 tex:213 mv:622 misc:589 imb:3 pmb:86 smb:8071 d:t ref:0 ;
in:2419 out:2420 type:b dur:2 cpbdur:2 q:33.81 aq:32.00 tex:73 mv:635 misc:596 imb:4 pmb:95 smb:8061 d:- ref:0 ;
in:2423 out:2421 type:P dur:2 cpbdur:2 q:33.59 aq:23.36 tex:34605 mv:1204 misc:2191 imb:17 pmb:592 smb:7551 d:s ref:0 ;
in:2421 out:2422 type:B dur:2 cpbdur:2 q:33.69 aq:31.04 tex:243 mv:659 misc:562 imb:5 pmb:86 smb:8069 d:t ref:0 ;
in:2422 out:2423 type:b dur:2 cpbdur:2 q:33.69 aq:32.03 tex:72 mv:605 misc:563 imb:1 pmb:89 smb:8070 d:- ref:0 ;
in:2427 out:2424 type:P dur:2 cpbdur:2 q:33.50 aq:23.57 tex:90404 mv:3630 misc:2470 imb:95 pmb:767 smb:7298 d:s ref:0 ;
in:2425 out:2425 type:B dur:2 cpbdur:2 q:33.85 aq:31.38 tex:490 mv:946 misc:740 imb:6 pmb:145 smb:8009 d:s ref:0 ;
in:2424 out:2426 type:b dur:2 cpbdur:2 q:33.93 aq:32.05 tex:61 mv:701 misc:774 imb:0 pmb:154 smb:8006 d:s ref:0 ;
in:2426 out:2427 type:b dur:2 cpbdur:2 q:33.93 aq:32.04 tex:52 mv:601 misc:547 imb:2 pmb:82 smb:8076 d:- ref:0 ;
in:2430 out:2428 type:P dur:2 cpbdur:2 q:33.39 aq:23.34 tex:51228 mv:1723 misc:2569 imb:34 pmb:657 smb:7469 d:s ref:0 ;
in:2428 out:2429 type:B dur:2 cpbdur:2 q:33.75 aq:32.79 tex:1043 mv:769 misc:660 imb:4 pmb:122 smb:8034 d:t ref:0 ;
in:2429 out:2430 type:b dur:2 cpbdur:2 q:33.87 aq:32.05 tex:185 mv:629 misc:602 imb:1 pmb:104 smb:8055 d:- ref:0 ;
in:2432 out:2431 type:P dur:2 cpbdur:2 q:33.55 aq:23.28 tex:33305 mv:1418 misc:1885 imb:15 pmb:495 smb:7650 d:s ref:0 ;
in:2431 out:2432 type:b dur:2 cpbdur:2 q:33.76 aq:32.04 tex:130 mv:588 misc:538 imb:2 pmb:81 smb:8077 d:t ref:0 ;
in:2434 out:2433 type:P dur:2 cpbdur:2 q:33.17 aq:24.81 tex:55500 mv:1350 misc:2686 imb:33 pmb:852 smb:7275 d:s ref:0 ;
in:2433 out:2434 type:b dur:2 cpbdur:2 q:33.78 aq:34.60 tex:414 mv:768 misc:602 imb:1 pmb:111 smb:8048 d:t ref:0 ;
in:2436 out:2435 type:P dur:2 cpbdur:2 q:33.15 aq:22.96 tex:48156 mv:1686 misc:2246 imb:52 pmb:589 smb:7519 d:s ref:0 ;
in:2435 out:2436 type:b dur:2 cpbdur:2 q:33.50 aq:33.76 tex:1963 mv:1096 misc:701 imb:7 pmb:143 smb:8010 d:t ref:0 ;
in:2441 out:2437 type:P dur:2 cpbdur:2 q:33.14 aq:24.08 tex:116973 mv:3457 misc:2178 imb:241 pmb:573 smb:7346 d:s ref:0 ;
in:2438 out:2438 type:B dur:2 cpbdur:2 q:33.35 aq:30.66 tex:2991 mv:1138 misc:983 imb:10 pmb:225 smb:7925 d:s ref:0 ;
in:2437 out:2439 type:b dur:2 cpbdur:2 q:33.35 aq:33.70 tex:2782 mv:894 misc:604 imb:7 pmb:115 smb:8038 d:t ref:0 ;
in:2439 out:2440 type:b dur:2 cpbdur:2 q:33.35 aq:32.89 tex:2524 mv:907 misc:937 imb:11 pmb:216 smb:7933 d:- ref:0 ;
in:2440 out:2441 type:b dur:2 cpbdur:2 q:33.35 aq:33.28 tex:3050 mv:1036 misc:898 imb:14 pmb:218 smb:7928 d:- ref:0 ;
in:2445 out:2442 type:P dur:2 cpbdur:2 q:32.76 aq:24.05 tex:37038 mv:1602 misc:2120 imb:49 pmb:463 smb:7648 d:t ref:0 ;
in:2443 out:2443 type:B dur:2 cpbdur:2 q:33.23 aq:31.90 tex:1964 mv:479 misc:653 imb:9 pmb:82 smb:8069 d:t ref:0 ;
in:2442 out:2444 type:b dur:2 cpbdur:2 q:33.23 aq:33.55 tex:2522 mv:379 misc:555 imb:8 pmb:61 smb:8091 d:t ref:0 ;
in:2444 out:2445 type:b dur:2 cpbdur:2 q:33.23 aq:32.46 tex:2303 mv:834 misc:631 imb:13 pmb:101 smb:8046 d:- ref:0 ;
in:2449 out:2446 type:P dur:2 cpbdur:2 q:32.70 aq:26.80 tex:102653 mv:3596 misc:1807 imb:124 pmb:531 smb:7505 d:t ref:0 ;
in:2447 out:2447 type:B dur:2 cpbdur:2 q:32.95 aq:32.37 tex:3286 mv:678 misc:916 imb:14 pmb:304 smb:7842 d:s ref:0 ;
in:2446 out:2448 type:b dur:2 cpbdur:2 q:32.95 aq:33.42 tex:2634 mv:392 misc:510 imb:13 pmb:48 smb:8099 d:t ref:0 ;
in:2448 out:2449 type:b dur:2 cpbdur:2 q:32.95 aq:32.04 tex:1957 mv:910 misc:829 imb:11 pmb:159 smb:7990 d:- ref:0 ;
in:2451 out:2450 type:P dur:2 cpbdur:2 q:32.25 aq:24.36 tex:41250 mv:1215 misc:2079 imb:33 pmb:520 smb:7607 d:s ref:0 ;
in:2450 out:2451 type:b dur:2 cpbdur:2 q:32.77 aq:32.29 tex:2166 mv:1110 misc:612 imb:11 pmb:113 smb:8036 d:t ref:0 ;
in:2457 out:2452 type:P dur:2 cpbdur:2 q:32.21 aq:24.32 tex:27387 mv:1405 misc:1152 imb:41 pmb:237 smb:7882 d:s ref:0 ;
in:2454 out:2453 type:B dur:2 cpbdur:2 q:32.25 aq:29.25 tex:3785 mv:1418 misc:653 imb:14 pmb:127 smb:8019 d:t ref:0 ;
in:2452 out:2454 type:b dur:2 cpbdur:2 q:32.25 aq:32.45 tex:2335 mv:968 misc:625 imb:12 pmb:112 smb:8036 d:t ref:0 ;
in:2453 out:2455 type:b dur:2 cpbdur:2 q:32.25 aq:31.65 tex:1729 mv:910 misc:633 imb:3 pmb:120 smb:8037 d:t ref:0 ;
in:2455 out:2456 type:b dur:2 cpbdur:2 q:32.25 aq:32.12 tex:2198 mv:1131 misc:591 imb:10 pmb:112 smb:8038 d:- ref:0 ;
in:2456 out:2457 type:b dur:2 cpbdur:2 q:32.25 aq:31.81 tex:643 mv:860 misc:569 imb:5 pmb:106 smb:8049 d:- ref:0 ;
in:2461 out:2458 type:P dur:2 cpbdur:2 q:32.09 aq:24.98 tex:28851 mv:1563 misc:1154 imb:27 pmb:273 smb:7860 d:t ref:0 ;
in:2459 out:2459 type:B dur:2 cpbdur:2 q:32.21 aq:30.40 tex:1243 mv:446 misc:711 imb:3 pmb:101 smb:8056 d:t ref:0 ;
in:2458 out:2460 type:b dur:2 cpbdur:2 q:32.21 aq:31.05 tex:155 mv:132 misc:521 imb:0 pmb:26 smb:8134 d:t ref:0 ;
in:2460 out:2461 type:b dur:2 cpbdur:2 q:32.21 aq:31.93 tex:205 mv:650 misc:673 imb:2 pmb:120 smb:8038 d:- ref:0 ;
in:2465 out:2462 type:P dur:2 cpbdur:2 q:32.01 aq:25.36 tex:9229 mv:1046 misc:917 imb:15 pmb:176 smb:7969 d:t ref:0 ;
in:2463 out:2463 type:B dur:2 cpbdur:2 q:32.09 aq:29.04 tex:1478 mv:891 misc:591 imb:5 pmb:97 smb:8058 d:t ref:0 ;
in:2462 out:2464 type:b dur:2 cpbdur:2 q:32.09 aq:31.03 tex:318 mv:651 misc:535 imb:1 pmb:85 smb:8074 d:t ref:0 ;
in:2464 out:2465 type:b dur:2 cpbdur:2 q:32.09 aq:31.02 tex:393 mv:618 misc:557 imb:2 pmb:87 smb:8071 d:- ref:0 ;
in:2466 out:2466 type:P dur:2 cpbdur:2 q:31.89 aq:25.70 tex:5239 mv:641 misc:728 imb:3 pmb:135 smb:8022 d:- ref:0 ;
in:2468 out:2467 type:P dur:2 cpbdur:2 q:31.88 aq:25.12 tex:6805 mv:835 misc:704 imb:11 pmb:133 smb:8016 d:t ref:0 ;
in:2467 out:2468 type:b dur:2 cpbdur:2 q:31.89 aq:31.03 tex:279 mv:126 misc:507 imb:0 pmb:23 smb:8137 d:t ref:0 ;
in:2470 out:2469 type:P dur:2 cpbdur:2 q:31.99 aq:27.26 tex:71938 mv:2588 misc:2362 imb:147 pmb:853 smb:7160 d:t ref:0 w:5,33,-2 ;
in:2469 out:2470 type:b dur:2 cpbdur:2 q:32.02 aq:31.05 tex:296 mv:300 misc:796 imb:0 pmb:248 smb:7912 d:s ref:0 ;
in:2474 out:2471 type:P dur:2 cpbdur:2 q:31.84 aq:26.97 tex:64660 mv:3816 misc:2732 imb:113 pmb:786 smb:7261 d:t ref:0 w:6,61,0,7,122,6,121,7 ;
in:2472 out:2472 type:B dur:2 cpbdur:2 q:31.99 aq:30.24 tex:2478 mv:1266 misc:888 imb:7 pmb:308 smb:7845 d:s ref:0 ;
in:2471 out:2473 type:b dur:2 cpbdur:2 q:31.99 aq:31.40 tex:487 mv:410 misc:807 imb:1 pmb:289 smb:7870 d:s ref:0 ;
in:2473 out:2474 type:b dur:2 cpbdur:2 q:31.99 aq:31.03 tex:269 mv:649 misc:570 imb:3 pmb:88 smb:8069 d:- ref:0 ;
in:2477 out:2475 type:P dur:2 cpbdur:2 q:31.80 aq:26.86 tex:5746 mv:1387 misc:1843 imb:17 pmb:365 smb:7778 d:t ref:0 w:6,57,0,6,57,14,57,14 ;
in:2475 out:2476 type:B dur:2 cpbdur:2 q:31.84 aq:30.03 tex:475 mv:251 misc:578 imb:0 pmb:37 smb:8123 d:t ref:0 ;
in:2476 out:2477 type:b dur:2 cpbdur:2 q:31.84 aq:31.02 tex:244 mv:620 misc:536 imb:3 pmb:77 smb:8080 d:- ref:0 ;
in:2479 out:2478 type:P dur:2 cpbdur:2 q:31.76 aq:29.53 tex:925 mv:722 misc:737 imb:11 pmb:90 smb:8059 d:t ref:0 w:5,29,0,5,29,12,29,12 ;
in:2478 out:2479 type:b dur:2 cpbdur:2 q:31.80 aq:30.03 tex:121 mv:103 misc:496 imb:0 pmb:16 smb:8144 d:t ref:0 ;
in:2480 out:2480 type:I dur:2 cpbdur:2 q:29.18 aq:25.03 tex:1366812 mv:100540 misc:296 imb:8160 pmb:0 smb:0 d:t ref:;
in:2486 out:2481 type:P dur:2 cpbdur:2 q:32.15 aq:28.21 tex:6208 mv:1181 misc:771 imb:93 pmb:81 smb:7986 d:t ref:0 w:7,61,0,6,31,66,31,66 ;
in:2483 out:2482 type:B dur:2 cpbdur:2 q:32.15 aq:29.09 tex:4178 mv:2850 misc:1388 imb:35 pmb:301 smb:7824 d:s ref:0 ;
in:2481 out:2483 type:b dur:2 cpbdur:2 q:32.15 aq:30.00 tex:50 mv:421 misc:521 imb:2 pmb:38 smb:8120 d:t ref:0 ;
in:2482 out:2484 type:b dur:2 cpbdur:2 q:32.15 aq:30.01 tex:183 mv:477 misc:612 imb:2 pmb:52 smb:8106 d:t ref:0 ;
in:2484 out:2485 type:b dur:2 cpbdur:2 q:32.15 aq:30.18 tex:576 mv:964 misc:612 imb:8 pmb:88 smb:8064 d:- ref:0 ;
in:2485 out:2486 type:b dur:2 cpbdur:2 q:32.15 aq:29.92 tex:690 mv:1358 misc:720 imb:14 pmb:104 smb:8042 d:- ref:0 ;
in:2489 out:2487 type:P dur:2 cpbdur:2 q:32.03 aq:23.14 tex:2079 mv:6698 misc:3711 imb:2510 pmb:39 smb:5611 d:t ref:0 w:6,19,-1,7,35,93,37,91 ;
in:2487 out:2488 type:B dur:2 cpbdur:2 q:32.15 aq:28.03 tex:431 mv:1005 misc:580 imb:12 pmb:83 smb:8065 d:t ref:0 ;
in:2488 out:2489 type:b dur:2 cpbdur:2 q:32.15 aq:24.47 tex:464 mv:1049 misc:679 imb:31 pmb:62 smb:8067 d:- ref:0 ;
