#options: 1920x1080 fps=30/1 timebase=1/30 bitdepth=8 cabac=1 ref=1 deblock=1:1:1 analyse=0x1:0 me=dia subme=2 psy=1 psy_rd=0.40:0.00 mixed_ref=0 me_range=16 chroma_me=1 trellis=0 8x8dct=0 cqm=0 deadzone=21,11 fast_pskip=1 chroma_qp_offset=0 threads=24 lookahead_threads=8 sliced_threads=0 nr=0 decimate=1 interlaced=0 bluray_compat=0 constrained_intra=0 bframes=5 b_pyramid=2 b_adapt=1 b_bias=0 direct=3 weightb=1 open_gop=0 weightp=2 keyint=250 keyint_min=25 scenecut=40 intra_refresh=0 rc_lookahead=50 rc=abr mbtree=1 bitrate=2400 ratetol=1.0 qcomp=0.60 qpmin=0 qpmax=69 qpstep=4 vbv_maxrate=5000 vbv_bufsize=10000 nal_hrd=none filler=0 ip_ratio=1.40 aq=1:0.60
in:0 out:0 type:I dur:2 cpbdur:2 q:37.24 aq:27.21 tex:1461535 mv:29938 misc:207 imb:8160 pmb:0 smb:0 d:- ref:;
in:3 out:1 type:P dur:2 cpbdur:2 q:36.52 aq:26.61 tex:126855 mv:4411 misc:6726 imb:114 pmb:2769 smb:5277 d:- ref:0 ;
in:1 out:2 type:B dur:2 cpbdur:2 q:37.71 aq:32.21 tex:61 mv:314 misc:489 imb:0 pmb:40 smb:8120 d:t ref:0 ;
in:2 out:3 type:b dur:2 cpbdur:2 q:38.09 aq:34.00 tex:24 mv:893 misc:563 imb:0 pmb:133 smb:8027 d:- ref:0 ;
in:6 out:4 type:P dur:2 cpbdur:2 q:36.70 aq:27.05 tex:52291 mv:2937 misc:4828 imb:101 pmb:1262 smb:6797 d:- ref:0 ;
in:4 out:5 type:B dur:2 cpbdur:2 q:36.96 aq:37.14 tex:196 mv:182 misc:510 imb:0 pmb:30 smb:8130 d:t ref:0 ;
in:5 out:6 type:b dur:2 cpbdur:2 q:37.34 aq:35.54 tex:92 mv:1023 misc:557 imb:4 pmb:137 smb:8019 d:- ref:0 ;
in:8 out:7 type:P dur:2 cpbdur:2 q:36.75 aq:28.09 tex:66648 mv:3024 misc:4008 imb:109 pmb:1221 smb:6830 d:- ref:0 ;
in:7 out:8 type:b dur:2 cpbdur:2 q:37.06 aq:38.59 tex:393 mv:96 misc:447 imb:1 pmb:15 smb:8144 d:t ref:0 ;
in:14 out:9 type:P dur:2 cpbdur:2 q:36.21 aq:27.48 tex:76749 mv:4167 misc:4220 imb:132 pmb:1282 smb:6746 d:- ref:0 ;
in:11 out:10 type:B dur:2 cpbdur:2 q:36.80 aq:34.22 tex:1432 mv:647 misc:801 imb:6 pmb:93 smb:8061 d:t ref:0 ;
in:9 out:11 type:b dur:2 cpbdur:2 q:36.91 aq:39.13 tex:360 mv:293 misc:555 imb:1 pmb:43 smb:8116 d:t ref:0 ;
in:10 out:12 type:b dur:2 cpbdur:2 q:36.91 aq:37.36 tex:717 mv:279 misc:572 imb:4 pmb:42 smb:8114 d:t ref:0 ;
in:12 out:13 type:b dur:2 cpbdur:2 q:36.91 aq:37.36 tex:790 mv:1100 misc:558 imb:7 pmb:139 smb:8014 d:- ref:0 ;
in:13 out:14 type:b dur:2 cpbdur:2 q:36.91 aq:38.15 tex:422 mv:1039 misc:523 imb:4 pmb:145 smb:8011 d:- ref:0 ;
in:20 out:15 type:P dur:2 cpbdur:2 q:36.20 aq:27.40 tex:75258 mv:4176 misc:3966 imb:95 pmb:1217 smb:6848 d:- ref:0 ;
in:17 out:16 type:B dur:2 cpbdur:2 q:36.40 aq:34.00 tex:2610 mv:895 misc:1007 imb:15 pmb:145 smb:8000 d:t ref:0 ;
in:15 out:17 type:b dur:2 cpbdur:2 q:36.52 aq:34.94 tex:91 mv:262 misc:575 imb:0 pmb:46 smb:8114 d:t ref:0 ;
in:16 out:18 type:b dur:2 cpbdur:2 q:36.52 aq:36.10 tex:943 mv:354 misc:607 imb:5 pmb:46 smb:8109 d:t ref:0 ;
in:18 out:19 type:b dur:2 cpbdur:2 q:36.52 aq:36.38 tex:922 mv:1176 misc:630 imb:6 pmb:159 smb:7995 d:- ref:0 ;
in:19 out:20 type:b dur:2 cpbdur:2 q:36.52 aq:36.54 tex:454 mv:1120 misc:626 imb:4 pmb:155 smb:8001 d:- ref:0 ;
in:23 out:21 type:P dur:2 cpbdur:2 q:36.30 aq:27.62 tex:56711 mv:3166 misc:3747 imb:95 pmb:975 smb:7090 d:- ref:0 ;
in:21 out:22 type:B dur:2 cpbdur:2 q:36.52 aq:36.26 tex:806 mv:292 misc:622 imb:1 pmb:50 smb:8109 d:t ref:0 ;
in:22 out:23 type:b dur:2 cpbdur:2 q:36.65 aq:37.10 tex:200 mv:959 misc:537 imb:2 pmb:136 smb:8022 d:- ref:0 ;
in:29 out:24 type:P dur:2 cpbdur:2 q:41.51 aq:35.86 tex:3404 mv:3371 misc:953 imb:531 pmb:178 smb:7451 d:- ref:0 ;
in:26 out:25 type:B dur:2 cpbdur:2 q:41.45 aq:34.00 tex:69 mv:529 misc:802 imb:0 pmb:461 smb:7699 d:s ref:0 ;
in:24 out:26 type:b dur:2 cpbdur:2 q:41.41 aq:34.00 tex:17 mv:228 misc:499 imb:3 pmb:30 smb:8127 d:t ref:0 ;
in:25 out:27 type:b dur:2 cpbdur:2 q:41.43 aq:35.00 tex:6 mv:205 misc:501 imb:0 pmb:33 smb:8127 d:t ref:0 ;
in:27 out:28 type:b dur:2 cpbdur:2 q:41.47 aq:38.06 tex:58 mv:894 misc:752 imb:1 pmb:156 smb:8003 d:- ref:0 ;
in:28 out:29 type:b dur:2 cpbdur:2 q:41.49 aq:39.00 tex:37 mv:967 misc:844 imb:6 pmb:228 smb:7926 d:- ref:0 ;
in:31 out:30 type:P dur:2 cpbdur:2 q:45.51 aq:35.17 tex:7935 mv:4073 misc:848 imb:571 pmb:179 smb:7410 d:t ref:0 ;
in:30 out:31 type:b dur:2 cpbdur:2 q:45.48 aq:45.61 tex:2222 mv:2228 misc:902 imb:183 pmb:110 smb:7867 d:t ref:0 ;
in:36 out:32 type:P dur:2 cpbdur:2 q:44.45 aq:37.12 tex:13093 mv:4632 misc:1003 imb:365 pmb:225 smb:7570 d:t ref:0 ;
in:33 out:33 type:B dur:2 cpbdur:2 q:45.50 aq:45.12 tex:487 mv:1726 misc:899 imb:31 pmb:364 smb:7765 d:s ref:0 ;
in:32 out:34 type:b dur:2 cpbdur:2 q:45.51 aq:47.03 tex:613 mv:1926 misc:765 imb:44 pmb:337 smb:7779 d:s ref:0 ;
in:34 out:35 type:b dur:2 cpbdur:2 q:45.50 aq:46.83 tex:304 mv:947 misc:741 imb:19 pmb:90 smb:8051 d:- ref:0 ;
in:35 out:36 type:b dur:2 cpbdur:2 q:45.50 aq:47.90 tex:110 mv:882 misc:736 imb:5 pmb:108 smb:8047 d:- ref:0 ;
in:40 out:37 type:P dur:2 cpbdur:2 q:40.59 aq:32.21 tex:44528 mv:5644 misc:1316 imb:362 pmb:456 smb:7342 d:t ref:0 ;
in:38 out:38 type:B dur:2 cpbdur:2 q:44.43 aq:44.77 tex:1436 mv:1585 misc:963 imb:74 pmb:208 smb:7878 d:t ref:0 ;
in:37 out:39 type:b dur:2 cpbdur:2 q:44.44 aq:45.75 tex:218 mv:1162 misc:820 imb:17 pmb:118 smb:8025 d:s ref:0 ;
in:39 out:40 type:b dur:2 cpbdur:2 q:44.41 aq:43.90 tex:473 mv:1379 misc:756 imb:13 pmb:106 smb:8041 d:- ref:0 ;
in:46 out:41 type:P dur:2 cpbdur:2 q:40.07 aq:31.93 tex:36260 mv:4533 misc:1639 imb:143 pmb:540 smb:7477 d:t ref:0 ;
in:43 out:42 type:B dur:2 cpbdur:2 q:40.83 aq:39.23 tex:1144 mv:850 misc:886 imb:5 pmb:242 smb:7913 d:t ref:0 ;
in:41 out:43 type:b dur:2 cpbdur:2 q:40.84 aq:41.45 tex:373 mv:1568 misc:803 imb:11 pmb:197 smb:7952 d:t ref:0 ;
in:42 out:44 type:b dur:2 cpbdur:2 q:40.84 aq:40.62 tex:2044 mv:1674 misc:826 imb:11 pmb:208 smb:7941 d:t ref:0 ;
in:44 out:45 type:b dur:2 cpbdur:2 q:40.82 aq:38.10 tex:54 mv:855 misc:531 imb:2 pmb:118 smb:8040 d:- ref:0 ;
in:45 out:46 type:b dur:2 cpbdur:2 q:40.82 aq:38.00 tex:21 mv:849 misc:546 imb:3 pmb:118 smb:8039 d:- ref:0 ;
in:50 out:47 type:P dur:2 cpbdur:2 q:38.56 aq:30.91 tex:73424 mv:4951 misc:3153 imb:141 pmb:1054 smb:6965 d:t ref:0 ;
in:48 out:48 type:B dur:2 cpbdur:2 q:40.13 aq:40.23 tex:258 mv:365 misc:681 imb:1 pmb:108 smb:8051 d:t ref:0 ;
in:47 out:49 type:b dur:2 cpbdur:2 q:40.24 aq:42.44 tex:33 mv:155 misc:524 imb:0 pmb:31 smb:8129 d:t ref:0 ;
in:49 out:50 type:b dur:2 cpbdur:2 q:40.22 aq:41.51 tex:1469 mv:1470 misc:709 imb:5 pmb:182 smb:7973 d:- ref:0 ;
in:51 out:51 type:P dur:2 cpbdur:2 q:38.16 aq:29.80 tex:137629 mv:3941 misc:3878 imb:80 pmb:1666 smb:6414 d:t ref:0 ;
in:57 out:52 type:P dur:2 cpbdur:2 q:36.95 aq:29.52 tex:138911 mv:7150 misc:3771 imb:335 pmb:1476 smb:6349 d:t ref:0 ;
in:54 out:53 type:B dur:2 cpbdur:2 q:38.72 aq:35.60 tex:3608 mv:2792 misc:1424 imb:75 pmb:394 smb:7691 d:t ref:0 ;
in:52 out:54 type:b dur:2 cpbdur:2 q:38.95 aq:35.39 tex:3094 mv:1544 misc:938 imb:52 pmb:224 smb:7884 d:t ref:0 ;
in:53 out:55 type:b dur:2 cpbdur:2 q:38.95 aq:35.86 tex:447 mv:2027 misc:942 imb:67 pmb:212 smb:7881 d:s ref:0 ;
in:55 out:56 type:b dur:2 cpbdur:2 q:38.95 aq:35.29 tex:487 mv:2604 misc:973 imb:72 pmb:291 smb:7797 d:- ref:0 ;
in:56 out:57 type:b dur:2 cpbdur:2 q:38.95 aq:39.04 tex:317 mv:1891 misc:896 imb:32 pmb:262 smb:7866 d:- ref:0 ;
in:63 out:58 type:P dur:2 cpbdur:2 q:36.59 aq:28.43 tex:138002 mv:7656 misc:4470 imb:278 pmb:1790 smb:6092 d:t ref:0 ;
in:60 out:59 type:B dur:2 cpbdur:2 q:37.49 aq:35.54 tex:3788 mv:2226 misc:1666 imb:35 pmb:436 smb:7689 d:t ref:0 ;
in:58 out:60 type:b dur:2 cpbdur:2 q:37.71 aq:37.08 tex:5578 mv:2198 misc:1088 imb:63 pmb:207 smb:7890 d:t ref:0 ;
in:59 out:61 type:b dur:2 cpbdur:2 q:37.70 aq:36.02 tex:888 mv:1718 misc:1122 imb:6 pmb:258 smb:7896 d:t ref:0 ;
in:61 out:62 type:b dur:2 cpbdur:2 q:37.70 aq:37.07 tex:268 mv:1648 misc:796 imb:8 pmb:222 smb:7930 d:- ref:0 ;
in:62 out:63 type:b dur:2 cpbdur:2 q:37.69 aq:37.23 tex:384 mv:1482 misc:774 imb:7 pmb:207 smb:7946 d:- ref:0 ;
in:67 out:64 type:P dur:2 cpbdur:2 q:36.53 aq:28.80 tex:139691 mv:7582 misc:4655 imb:178 pmb:1869 smb:6113 d:t ref:0 ;
in:65 out:65 type:B dur:2 cpbdur:2 q:36.97 aq:35.81 tex:2348 mv:1796 misc:1464 imb:6 pmb:436 smb:7718 d:s ref:0 ;
in:64 out:66 type:b dur:2 cpbdur:2 q:37.07 aq:36.27 tex:173 mv:760 misc:715 imb:1 pmb:117 smb:8042 d:t ref:0 ;
in:66 out:67 type:b dur:2 cpbdur:2 q:37.07 aq:36.53 tex:3570 mv:2285 misc:1033 imb:10 pmb:308 smb:7842 d:- ref:0 ;
in:68 out:68 type:P dur:2 cpbdur:2 q:36.03 aq:26.81 tex:183799 mv:4035 misc:5358 imb:75 pmb:2557 smb:5528 d:t ref:0 ;
in:72 out:69 type:P dur:2 cpbdur:2 q:36.72 aq:29.69 tex:110338 mv:7101 misc:3953 imb:69 pmb:1770 smb:6321 d:t ref:0 ;
in:70 out:70 type:B dur:2 cpbdur:2 q:36.97 aq:35.75 tex:1307 mv:1677 misc:1248 imb:1 pmb:331 smb:7828 d:t ref:0 ;
in:69 out:71 type:b dur:2 cpbdur:2 q:37.05 aq:33.60 tex:228 mv:744 misc:924 imb:2 pmb:239 smb:7919 d:t ref:0 ;
in:71 out:72 type:b dur:2 cpbdur:2 q:37.05 aq:35.38 tex:267 mv:1563 misc:778 imb:5 pmb:215 smb:7940 d:- ref:0 ;
in:74 out:73 type:P dur:2 cpbdur:2 q:36.59 aq:28.86 tex:136984 mv:4364 misc:4324 imb:96 pmb:2034 smb:6030 d:t ref:0 ;
in:73 out:74 type:b dur:2 cpbdur:2 q:37.48 aq:30.75 tex:104 mv:513 misc:743 imb:0 pmb:163 smb:7997 d:t ref:0 ;
in:76 out:75 type:P dur:2 cpbdur:2 q:35.45 aq:26.88 tex:236987 mv:7199 misc:5302 imb:172 pmb:2778 smb:5210 d:t ref:0 ;
in:75 out:76 type:b dur:2 cpbdur:2 q:37.00 aq:35.88 tex:809 mv:1722 misc:709 imb:7 pmb:145 smb:8008 d:t ref:0 ;
in:82 out:77 type:P dur:2 cpbdur:2 q:35.02 aq:26.35 tex:224026 mv:8492 misc:5738 imb:147 pmb:2952 smb:5061 d:t ref:0 ;
in:79 out:78 type:B dur:2 cpbdur:2 q:35.70 aq:33.44 tex:6210 mv:3129 misc:1893 imb:19 pmb:569 smb:7572 d:t ref:0 ;
in:77 out:79 type:b dur:2 cpbdur:2 q:35.80 aq:35.40 tex:824 mv:1205 misc:1251 imb:0 pmb:271 smb:7889 d:s ref:0 ;
in:78 out:80 type:b dur:2 cpbdur:2 q:35.80 aq:35.42 tex:557 mv:1015 misc:1132 imb:1 pmb:220 smb:7939 d:s ref:0 ;
in:80 out:81 type:b dur:2 cpbdur:2 q:35.80 aq:36.16 tex:610 mv:1947 misc:1211 imb:6 pmb:368 smb:7786 d:- ref:0 ;
in:81 out:82 type:b dur:2 cpbdur:2 q:35.81 aq:33.25 tex:449 mv:2016 misc:1151 imb:5 pmb:364 smb:7791 d:- ref:0 ;
in:83 out:83 type:P dur:2 cpbdur:2 q:35.00 aq:25.84 tex:162274 mv:3900 misc:5650 imb:49 pmb:2362 smb:5749 d:t ref:0 ;
in:84 out:84 type:P dur:2 cpbdur:2 q:34.84 aq:25.88 tex:188589 mv:3989 misc:5502 imb:32 pmb:2393 smb:5735 d:t ref:0 ;
in:90 out:85 type:P dur:2 cpbdur:2 q:34.59 aq:26.46 tex:229833 mv:8819 misc:4956 imb:102 pmb:2669 smb:5389 d:t ref:0 ;
in:87 out:86 type:B dur:2 cpbdur:2 q:35.05 aq:32.49 tex:10432 mv:3656 misc:2104 imb:16 pmb:645 smb:7499 d:t ref:0 ;
in:85 out:87 type:b dur:2 cpbdur:2 q:35.21 aq:35.85 tex:1211 mv:1880 misc:1357 imb:2 pmb:387 smb:7771 d:s ref:0 ;
in:86 out:88 type:b dur:2 cpbdur:2 q:35.21 aq:37.04 tex:490 mv:1251 misc:1363 imb:0 pmb:392 smb:7768 d:s ref:0 ;
in:88 out:89 type:b dur:2 cpbdur:2 q:35.21 aq:35.16 tex:704 mv:1784 misc:952 imb:6 pmb:273 smb:7881 d:- ref:0 ;
in:89 out:90 type:b dur:2 cpbdur:2 q:35.21 aq:34.69 tex:552 mv:1610 misc:862 imb:5 pmb:225 smb:7930 d:- ref:0 ;
in:93 out:91 type:P dur:2 cpbdur:2 q:34.43 aq:26.47 tex:226714 mv:6089 misc:4773 imb:52 pmb:2557 smb:5551 d:t ref:0 ;
in:91 out:92 type:B dur:2 cpbdur:2 q:35.12 aq:33.91 tex:581 mv:682 misc:945 imb:0 pmb:168 smb:7992 d:t ref:0 ;
in:92 out:93 type:b dur:2 cpbdur:2 q:35.35 aq:33.66 tex:111 mv:1245 misc:860 imb:6 pmb:217 smb:7937 d:- ref:0 ;
in:99 out:94 type:P dur:2 cpbdur:2 q:33.68 aq:26.31 tex:226829 mv:8351 misc:4916 imb:93 pmb:2610 smb:5457 d:t ref:0 ;
in:96 out:95 type:B dur:2 cpbdur:2 q:34.80 aq:33.02 tex:5031 mv:2480 misc:1889 imb:4 pmb:498 smb:7658 d:t ref:0 ;
in:94 out:96 type:b dur:2 cpbdur:2 q:35.05 aq:35.35 tex:354 mv:739 misc:1123 imb:0 pmb:173 smb:7987 d:s ref:0 ;
in:95 out:97 type:b dur:2 cpbdur:2 q:35.05 aq:35.32 tex:369 mv:755 misc:1188 imb:0 pmb:191 smb:7969 d:s ref:0 ;
in:97 out:98 type:b dur:2 cpbdur:2 q:35.06 aq:36.81 tex:377 mv:1139 misc:780 imb:5 pmb:192 smb:7963 d:- ref:0 ;
in:98 out:99 type:b dur:2 cpbdur:2 q:35.06 aq:35.69 tex:444 mv:1442 misc:938 imb:5 pmb:251 smb:7904 d:- ref:0 ;
in:103 out:100 type:P dur:2 cpbdur:2 q:32.91 aq:25.39 tex:314244 mv:7396 misc:5144 imb:100 pmb:3456 smb:4604 d:t ref:0 ;
in:101 out:101 type:B dur:2 cpbdur:2 q:34.08 aq:33.49 tex:3456 mv:2978 misc:1726 imb:3 pmb:513 smb:7644 d:s ref:0 ;
in:100 out:102 type:b dur:2 cpbdur:2 q:34.47 aq:35.96 tex:419 mv:1074 misc:1403 imb:1 pmb:281 smb:7878 d:s ref:0 ;
in:102 out:103 type:b dur:2 cpbdur:2 q:34.47 aq:31.59 tex:383 mv:1238 misc:763 imb:2 pmb:191 smb:7967 d:- ref:0 ;
in:107 out:104 type:P dur:2 cpbdur:2 q:32.74 aq:25.70 tex:272246 mv:8631 misc:4595 imb:92 pmb:2679 smb:5389 d:t ref:0 ;
in:105 out:105 type:B dur:2 cpbdur:2 q:33.32 aq:33.11 tex:5166 mv:2387 misc:1943 imb:5 pmb:602 smb:7553 d:s ref:0 ;
in:104 out:106 type:b dur:2 cpbdur:2 q:33.58 aq:35.36 tex:1191 mv:2363 misc:1750 imb:0 pmb:595 smb:7565 d:s ref:0 ;
in:106 out:107 type:b dur:2 cpbdur:2 q:33.58 aq:33.94 tex:680 mv:1246 misc:938 imb:4 pmb:214 smb:7942 d:- ref:0 ;
in:113 out:108 type:P dur:2 cpbdur:2 q:32.19 aq:26.07 tex:241830 mv:7969 misc:4401 imb:69 pmb:2553 smb:5538 d:t ref:0 ;
in:110 out:109 type:B dur:2 cpbdur:2 q:33.08 aq:31.64 tex:13555 mv:3461 misc:2360 imb:14 pmb:655 smb:7491 d:t ref:0 ;
in:108 out:110 type:b dur:2 cpbdur:2 q:33.29 aq:34.76 tex:970 mv:1540 misc:1634 imb:0 pmb:339 smb:7821 d:s ref:0 ;
in:109 out:111 type:b dur:2 cpbdur:2 q:33.29 aq:34.48 tex:1295 mv:1852 misc:1749 imb:0 pmb:383 smb:7777 d:s ref:0 ;
in:111 out:112 type:b dur:2 cpbdur:2 q:33.29 aq:33.83 tex:1004 mv:1385 misc:1075 imb:1 pmb:262 smb:7897 d:- ref:0 ;
in:112 out:113 type:b dur:2 cpbdur:2 q:33.29 aq:34.64 tex:810 mv:1383 misc:1007 imb:2 pmb:257 smb:7901 d:- ref:0 ;
in:119 out:114 type:P dur:2 cpbdur:2 q:31.49 aq:26.21 tex:233908 mv:8089 misc:4267 imb:120 pmb:2477 smb:5563 d:t ref:0 ;
in:116 out:115 type:B dur:2 cpbdur:2 q:32.37 aq:30.62 tex:17369 mv:3960 misc:2647 imb:10 pmb:782 smb:7368 d:t ref:0 ;
in:114 out:116 type:b dur:2 cpbdur:2 q:32.53 aq:33.82 tex:1789 mv:1469 misc:1710 imb:1 pmb:360 smb:7799 d:s ref:0 ;
in:115 out:117 type:b dur:2 cpbdur:2 q:32.53 aq:34.15 tex:1635 mv:1836 misc:1825 imb:0 pmb:422 smb:7738 d:s ref:0 ;
in:117 out:118 type:b dur:2 cpbdur:2 q:32.53 aq:33.31 tex:1600 mv:1523 misc:1205 imb:3 pmb:288 smb:7869 d:- ref:0 ;
in:118 out:119 type:b dur:2 cpbdur:2 q:32.52 aq:33.91 tex:1944 mv:1581 misc:1187 imb:3 pmb:306 smb:7851 d:- ref:0 ;
in:125 out:120 type:P dur:2 cpbdur:2 q:30.92 aq:27.59 tex:157280 mv:7898 misc:3926 imb:82 pmb:1998 smb:6080 d:t ref:0 ;
in:122 out:121 type:B dur:2 cpbdur:2 q:31.75 aq:29.67 tex:23530 mv:4287 misc:3031 imb:6 pmb:1039 smb:7115 d:s ref:0 ;
in:120 out:122 type:b dur:2 cpbdur:2 q:31.86 aq:32.55 tex:3638 mv:2209 misc:2225 imb:0 pmb:596 smb:7564 d:s ref:0 ;
in:121 out:123 type:b dur:2 cpbdur:2 q:31.86 aq:32.78 tex:3282 mv:2272 misc:2110 imb:0 pmb:594 smb:7566 d:s ref:0 ;
in:123 out:124 type:b dur:2 cpbdur:2 q:31.86 aq:33.53 tex:2443 mv:1618 misc:1339 imb:9 pmb:314 smb:7837 d:- ref:0 ;
in:124 out:125 type:b dur:2 cpbdur:2 q:31.86 aq:32.78 tex:2667 mv:1799 misc:1518 imb:3 pmb:377 smb:7780 d:- ref:0 ;
in:129 out:126 type:P dur:2 cpbdur:2 q:31.38 aq:30.77 tex:276719 mv:9250 misc:3095 imb:1053 pmb:1006 smb:6101 d:s ref:0 ;
in:127 out:127 type:B dur:2 cpbdur:2 q:31.63 aq:31.22 tex:22012 mv:3975 misc:2525 imb:42 pmb:728 smb:7390 d:s ref:0 ;
in:126 out:128 type:b dur:2 cpbdur:2 q:31.85 aq:32.84 tex:4574 mv:1984 misc:1498 imb:9 pmb:382 smb:7769 d:s ref:0 ;
in:128 out:129 type:b dur:2 cpbdur:2 q:31.84 aq:32.68 tex:11966 mv:3163 misc:1943 imb:29 pmb:536 smb:7595 d:- ref:0 ;
in:130 out:130 type:P dur:2 cpbdur:2 q:31.37 aq:30.91 tex:248981 mv:10218 misc:2513 imb:925 pmb:922 smb:6313 d:s ref:0 ;
in:131 out:131 type:P dur:2 cpbdur:2 q:31.52 aq:31.08 tex:274046 mv:13307 misc:2151 imb:1172 pmb:1020 smb:5968 d:s ref:0 ;
in:132 out:132 type:P dur:2 cpbdur:2 q:31.51 aq:29.52 tex:248405 mv:12307 misc:3384 imb:873 pmb:1191 smb:6096 d:s ref:0 ;
in:133 out:133 type:P dur:2 cpbdur:2 q:31.31 aq:28.78 tex:163955 mv:8926 misc:3391 imb:495 pmb:1058 smb:6607 d:s ref:0 ;
in:134 out:134 type:P dur:2 cpbdur:2 q:31.06 aq:28.12 tex:80673 mv:4654 misc:2537 imb:260 pmb:613 smb:7287 d:s ref:0 ;
in:136 out:135 type:P dur:2 cpbdur:2 q:32.53 aq:32.69 tex:140778 mv:3631 misc:687 imb:578 pmb:89 smb:7493 d:s ref:0 ;
in:135 out:136 type:b dur:2 cpbdur:2 q:32.94 aq:32.00 tex:12 mv:686 misc:566 imb:0 pmb:63 smb:8097 d:s ref:0 ;
in:137 out:137 type:P dur:2 cpbdur:2 q:33.96 aq:33.37 tex:146586 mv:4835 misc:947 imb:831 pmb:117 smb:7212 d:s ref:0 ;
in:138 out:138 type:P dur:2 cpbdur:2 q:35.19 aq:34.14 tex:203831 mv:6266 misc:1279 imb:1067 pmb:347 smb:6746 d:s ref:0 ;
in:139 out:139 type:P dur:2 cpbdur:2 q:36.16 aq:32.86 tex:358871 mv:9337 misc:1736 imb:1265 pmb:602 smb:6293 d:s ref:0 ;
in:140 out:140 type:P dur:2 cpbdur:2 q:36.84 aq:33.16 tex:413242 mv:11006 misc:2096 imb:1600 pmb:643 smb:5917 d:s ref:0 ;
in:141 out:141 type:P dur:2 cpbdur:2 q:36.90 aq:33.26 tex:330656 mv:8886 misc:2186 imb:1192 pmb:608 smb:6360 d:s ref:0 ;
in:143 out:142 type:P dur:2 cpbdur:2 q:36.75 aq:31.19 tex:331646 mv:9617 misc:3025 imb:1268 pmb:878 smb:6014 d:s ref:0 ;
in:142 out:143 type:b dur:2 cpbdur:2 q:37.36 aq:40.38 tex:2113 mv:2032 misc:1343 imb:35 pmb:371 smb:7754 d:s ref:0 ;
in:148 out:144 type:P dur:2 cpbdur:2 q:36.89 aq:28.12 tex:170986 mv:8676 misc:3034 imb:729 pmb:907 smb:6524 d:s ref:0 ;
in:145 out:145 type:B dur:2 cpbdur:2 q:37.38 aq:36.20 tex:9469 mv:4235 misc:2048 imb:181 pmb:591 smb:7388 d:s ref:0 ;
in:144 out:146 type:b dur:2 cpbdur:2 q:37.38 aq:37.92 tex:4652 mv:3347 misc:1921 imb:169 pmb:535 smb:7456 d:s ref:0 ;
in:146 out:147 type:b dur:2 cpbdur:2 q:37.38 aq:37.30 tex:1052 mv:2102 misc:926 imb:33 pmb:279 smb:7848 d:- ref:0 ;
in:147 out:148 type:b dur:2 cpbdur:2 q:37.38 aq:36.94 tex:1426 mv:2364 misc:978 imb:72 pmb:262 smb:7826 d:- ref:0 ;
in:150 out:149 type:P dur:2 cpbdur:2 q:36.39 aq:27.90 tex:146377 mv:6635 misc:3732 imb:193 pmb:1762 smb:6205 d:s ref:0 ;
in:149 out:150 type:b dur:2 cpbdur:2 q:36.99 aq:36.36 tex:618 mv:1857 misc:1165 imb:46 pmb:294 smb:7820 d:s ref:0 ;
in:152 out:151 type:P dur:2 cpbdur:2 q:36.41 aq:26.59 tex:199603 mv:4014 misc:2487 imb:201 pmb:1642 smb:6317 d:s ref:0 ;
in:151 out:152 type:b dur:2 cpbdur:2 q:37.00 aq:34.17 tex:151 mv:962 misc:767 imb:2 pmb:201 smb:7957 d:s ref:0 ;
in:153 out:153 type:P dur:2 cpbdur:2 q:36.41 aq:28.27 tex:111367 mv:2156 misc:2693 imb:86 pmb:1182 smb:6892 d:s ref:0 ;
in:154 out:154 type:P dur:2 cpbdur:2 q:35.44 aq:25.58 tex:144336 mv:3315 misc:4869 imb:101 pmb:2040 smb:6019 d:s ref:0 ;
in:155 out:155 type:P dur:2 cpbdur:2 q:35.31 aq:25.13 tex:214940 mv:6258 misc:3842 imb:143 pmb:2170 smb:5847 d:s ref:0 ;
in:157 out:156 type:P dur:2 cpbdur:2 q:35.14 aq:25.12 tex:170894 mv:3735 misc:3531 imb:48 pmb:1895 smb:6217 d:s ref:0 ;
in:156 out:157 type:b dur:2 cpbdur:2 q:35.84 aq:38.07 tex:473 mv:1289 misc:734 imb:3 pmb:207 smb:7950 d:t ref:0 ;
in:159 out:158 type:P dur:2 cpbdur:2 q:35.35 aq:25.81 tex:105157 mv:2762 misc:2257 imb:60 pmb:1364 smb:6736 d:s ref:0 ;
in:158 out:159 type:b dur:2 cpbdur:2 q:35.72 aq:31.09 tex:144 mv:1262 misc:714 imb:2 pmb:200 smb:7958 d:t ref:0 ;
in:160 out:160 type:P dur:2 cpbdur:2 q:35.30 aq:25.46 tex:100188 mv:2636 misc:2416 imb:38 pmb:1043 smb:7079 d:s ref:0 ;
in:161 out:161 type:P dur:2 cpbdur:2 q:34.66 aq:24.39 tex:224332 mv:2376 misc:4052 imb:29 pmb:2412 smb:5719 d:s ref:0 ;
in:163 out:162 type:P dur:2 cpbdur:2 q:34.83 aq:24.18 tex:82760 mv:2428 misc:2828 imb:35 pmb:939 smb:7186 d:s ref:0 ;
in:162 out:163 type:b dur:2 cpbdur:2 q:35.29 aq:36.51 tex:277 mv:1319 misc:636 imb:3 pmb:182 smb:7975 d:t ref:0 ;
in:165 out:164 type:P dur:2 cpbdur:2 q:34.60 aq:24.78 tex:189629 mv:2830 misc:3493 imb:67 pmb:2052 smb:6041 d:s ref:0 ;
in:164 out:165 type:b dur:2 cpbdur:2 q:35.45 aq:35.07 tex:1344 mv:1281 misc:743 imb:15 pmb:217 smb:7928 d:t ref:0 ;
in:166 out:166 type:P dur:2 cpbdur:2 q:34.88 aq:24.02 tex:96758 mv:1846 misc:3452 imb:16 pmb:1283 smb:6861 d:s ref:0 ;
in:168 out:167 type:P dur:2 cpbdur:2 q:34.47 aq:24.22 tex:107751 mv:2534 misc:3307 imb:37 pmb:1228 smb:6895 d:s ref:0 ;
in:167 out:168 type:b dur:2 cpbdur:2 q:35.23 aq:36.13 tex:127 mv:1538 misc:719 imb:4 pmb:208 smb:7948 d:t ref:0 ;
in:170 out:169 type:P dur:2 cpbdur:2 q:34.36 aq:24.34 tex:119769 mv:4575 misc:3520 imb:139 pmb:1394 smb:6627 d:s ref:0 ;
in:169 out:170 type:b dur:2 cpbdur:2 q:34.84 aq:34.74 tex:300 mv:1282 misc:1002 imb:5 pmb:279 smb:7876 d:s ref:0 ;
in:171 out:171 type:P dur:2 cpbdur:2 q:34.32 aq:23.90 tex:108430 mv:2082 misc:3192 imb:28 pmb:1273 smb:6859 d:s ref:0 ;
in:173 out:172 type:P dur:2 cpbdur:2 q:34.19 aq:23.99 tex:128900 mv:4392 misc:3060 imb:107 pmb:1348 smb:6705 d:s ref:0 ;
in:172 out:173 type:b dur:2 cpbdur:2 q:34.67 aq:35.26 tex:357 mv:1670 misc:901 imb:3 pmb:248 smb:7909 d:s ref:0 ;
in:176 out:174 type:P dur:2 cpbdur:2 q:34.01 aq:24.11 tex:136118 mv:2901 misc:3221 imb:57 pmb:1420 smb:6683 d:s ref:0 ;
in:174 out:175 type:B dur:2 cpbdur:2 q:34.41 aq:35.80 tex:207 mv:1259 misc:814 imb:1 pmb:227 smb:7932 d:t ref:0 ;
in:175 out:176 type:b dur:2 cpbdur:2 q:34.61 aq:34.47 tex:3127 mv:1330 misc:735 imb:19 pmb:224 smb:7917 d:- ref:0 ;
in:177 out:177 type:P dur:2 cpbdur:2 q:34.10 aq:23.77 tex:137792 mv:4330 misc:3118 imb:95 pmb:1220 smb:6845 d:s ref:0 ;
in:180 out:178 type:P dur:2 cpbdur:2 q:34.14 aq:24.83 tex:95645 mv:3134 misc:2597 imb:41 pmb:951 smb:7168 d:s ref:0 ;
in:178 out:179 type:B dur:2 cpbdur:2 q:34.37 aq:33.71 tex:1958 mv:1828 misc:814 imb:6 pmb:253 smb:7901 d:t ref:0 ;
in:179 out:180 type:b dur:2 cpbdur:2 q:34.37 aq:34.47 tex:528 mv:1433 misc:799 imb:1 pmb:229 smb:7930 d:- ref:0 ;
in:182 out:181 type:P dur:2 cpbdur:2 q:34.29 aq:24.99 tex:32819 mv:1591 misc:2038 imb:12 pmb:604 smb:7544 d:s ref:0 ;
in:181 out:182 type:b dur:2 cpbdur:2 q:34.28 aq:33.09 tex:142 mv:958 misc:572 imb:0 pmb:142 smb:8018 d:t ref:0 ;
in:185 out:183 type:P dur:2 cpbdur:2 q:34.34 aq:25.29 tex:37773 mv:1603 misc:2032 imb:10 pmb:576 smb:7574 d:s ref:0 ;
in:183 out:184 type:B dur:2 cpbdur:2 q:34.53 aq:32.56 tex:12404 mv:3392 misc:852 imb:79 pmb:298 smb:7783 d:t ref:0 ;
in:184 out:185 type:b dur:2 cpbdur:2 q:34.53 aq:34.53 tex:349 mv:1100 misc:799 imb:3 pmb:209 smb:7948 d:- ref:0 ;
in:186 out:186 type:P dur:2 cpbdur:2 q:34.19 aq:24.63 tex:41063 mv:1146 misc:2103 imb:8 pmb:650 smb:7502 d:s ref:0 ;
in:188 out:187 type:P dur:2 cpbdur:2 q:34.11 aq:24.49 tex:48467 mv:1499 misc:2386 imb:19 pmb:716 smb:7425 d:s ref:0 ;
in:187 out:188 type:b dur:2 cpbdur:2 q:34.19 aq:33.07 tex:85 mv:904 misc:587 imb:0 pmb:147 smb:8013 d:t ref:0 ;
in:190 out:189 type:P dur:2 cpbdur:2 q:33.98 aq:23.44 tex:31637 mv:1503 misc:2092 imb:16 pmb:514 smb:7630 d:s ref:0 ;
in:189 out:190 type:b dur:2 cpbdur:2 q:34.16 aq:33.07 tex:124 mv:1009 misc:603 imb:4 pmb:148 smb:8008 d:t ref:0 ;
in:192 out:191 type:P dur:2 cpbdur:2 q:33.79 aq:24.30 tex:67337 mv:2775 misc:2272 imb:89 pmb:582 smb:7489 d:s ref:0 ;
in:191 out:192 type:b dur:2 cpbdur:2 q:33.98 aq:33.00 tex:133 mv:1003 misc:736 imb:3 pmb:201 smb:7956 d:t ref:0 ;
in:195 out:193 type:P dur:2 cpbdur:2 q:33.68 aq:24.40 tex:33896 mv:1613 misc:2115 imb:13 pmb:517 smb:7630 d:s ref:0 ;
in:193 out:194 type:B dur:2 cpbdur:2 q:33.79 aq:34.02 tex:924 mv:1179 misc:593 imb:13 pmb:141 smb:8006 d:t ref:0 ;
in:194 out:195 type:b dur:2 cpbdur:2 q:33.79 aq:33.06 tex:71 mv:898 misc:559 imb:0 pmb:142 smb:8018 d:- ref:0 ;
in:197 out:196 type:P dur:2 cpbdur:2 q:33.65 aq:23.68 tex:69178 mv:3627 misc:2715 imb:45 pmb:907 smb:7208 d:s ref:0 ;
in:196 out:197 type:b dur:2 cpbdur:2 q:33.78 aq:34.23 tex:298 mv:1011 misc:811 imb:1 pmb:216 smb:7943 d:s ref:0 ;
in:200 out:198 type:P dur:2 cpbdur:2 q:33.39 aq:23.82 tex:32273 mv:1971 misc:2308 imb:5 pmb:575 smb:7580 d:s ref:0 ;
in:198 out:199 type:B dur:2 cpbdur:2 q:33.65 aq:33.09 tex:1158 mv:1212 misc:574 imb:10 pmb:139 smb:8011 d:t ref:0 ;
in:199 out:200 type:b dur:2 cpbdur:2 q:33.65 aq:33.08 tex:95 mv:934 misc:563 imb:2 pmb:143 smb:8015 d:- ref:0 ;
in:202 out:201 type:P dur:2 cpbdur:2 q:33.52 aq:24.29 tex:42076 mv:2888 misc:2036 imb:25 pmb:617 smb:7518 d:s ref:0 ;
in:201 out:202 type:b dur:2 cpbdur:2 q:33.58 aq:34.11 tex:458 mv:1102 misc:800 imb:1 pmb:220 smb:7939 d:s ref:0 ;
in:205 out:203 type:P dur:2 cpbdur:2 q:33.61 aq:24.86 tex:51796 mv:4023 misc:1669 imb:112 pmb:564 smb:7484 d:s ref:0 ;
in:203 out:204 type:B dur:2 cpbdur:2 q:33.77 aq:33.02 tex:1019 mv:1351 misc:742 imb:9 pmb:192 smb:7959 d:s ref:0 ;
in:204 out:205 type:b dur:2 cpbdur:2 q:33.77 aq:34.10 tex:606 mv:1395 misc:759 imb:6 pmb:227 smb:7927 d:- ref:0 ;
in:207 out:206 type:P dur:2 cpbdur:2 q:33.08 aq:23.27 tex:51116 mv:1658 misc:2962 imb:9 pmb:874 smb:7277 d:t ref:0 ;
in:206 out:207 type:b dur:2 cpbdur:2 q:33.71 aq:32.00 tex:42 mv:918 misc:528 imb:5 pmb:131 smb:8024 d:t ref:0 ;
in:208 out:208 type:P dur:2 cpbdur:2 q:33.07 aq:22.68 tex:109970 mv:1559 misc:3527 imb:15 pmb:1561 smb:6584 d:s ref:0 ;
in:210 out:209 type:P dur:2 cpbdur:2 q:33.31 aq:23.96 tex:51850 mv:3568 misc:2070 imb:98 pmb:584 smb:7478 d:s ref:0 ;
in:209 out:210 type:b dur:2 cpbdur:2 q:33.37 aq:34.00 tex:231 mv:1072 misc:841 imb:0 pmb:225 smb:7935 d:s ref:0 ;
in:212 out:211 type:P dur:2 cpbdur:2 q:32.93 aq:22.69 tex:62784 mv:1497 misc:2807 imb:8 pmb:906 smb:7246 d:s ref:0 ;
in:211 out:212 type:b dur:2 cpbdur:2 q:33.42 aq:32.01 tex:139 mv:906 misc:523 imb:2 pmb:132 smb:8026 d:t ref:0 ;
in:216 out:213 type:P dur:2 cpbdur:2 q:32.71 aq:23.37 tex:89228 mv:4191 misc:2541 imb:88 pmb:775 smb:7297 d:t ref:0 ;
in:214 out:214 type:B dur:2 cpbdur:2 q:33.17 aq:31.42 tex:1977 mv:934 misc:833 imb:5 pmb:299 smb:7856 d:s ref:0 ;
in:213 out:215 type:b dur:2 cpbdur:2 q:33.33 aq:33.53 tex:97 mv:217 misc:742 imb:0 pmb:257 smb:7903 d:s ref:0 ;
in:215 out:216 type:b dur:2 cpbdur:2 q:33.33 aq:33.17 tex:403 mv:1055 misc:630 imb:7 pmb:170 smb:7983 d:- ref:0 ;
in:218 out:217 type:P dur:2 cpbdur:2 q:32.42 aq:22.16 tex:105714 mv:2324 misc:3938 imb:10 pmb:1475 smb:6675 d:t ref:0 ;
in:217 out:218 type:b dur:2 cpbdur:2 q:32.97 aq:33.73 tex:91 mv:86 misc:503 imb:0 pmb:33 smb:8127 d:t ref:0 ;
in:220 out:219 type:P dur:2 cpbdur:2 q:32.22 aq:22.49 tex:86868 mv:1771 misc:3809 imb:16 pmb:1137 smb:7007 d:t ref:0 ;
in:219 out:220 type:b dur:2 cpbdur:2 q:32.58 aq:32.20 tex:89 mv:115 misc:524 imb:0 pmb:32 smb:8128 d:t ref:0 ;
in:222 out:221 type:P dur:2 cpbdur:2 q:32.14 aq:22.03 tex:89851 mv:1458 misc:3475 imb:5 pmb:1130 smb:7025 d:t ref:0 ;
in:221 out:222 type:b dur:2 cpbdur:2 q:32.46 aq:31.09 tex:101 mv:409 misc:610 imb:1 pmb:50 smb:8109 d:t ref:0 ;
in:225 out:223 type:P dur:2 cpbdur:2 q:32.17 aq:22.17 tex:80480 mv:1896 misc:3312 imb:15 pmb:1097 smb:7048 d:t ref:0 ;
in:223 out:224 type:B dur:2 cpbdur:2 q:32.41 aq:32.47 tex:935 mv:282 misc:591 imb:4 pmb:38 smb:8118 d:t ref:0 ;
in:224 out:225 type:b dur:2 cpbdur:2 q:32.51 aq:31.08 tex:151 mv:1001 misc:560 imb:5 pmb:134 smb:8021 d:- ref:0 ;
in:227 out:226 type:P dur:2 cpbdur:2 q:32.35 aq:23.47 tex:98229 mv:3560 misc:2411 imb:81 pmb:1003 smb:7076 d:t ref:0 ;
in:226 out:227 type:b dur:2 cpbdur:2 q:32.72 aq:31.89 tex:191 mv:170 misc:743 imb:0 pmb:238 smb:7922 d:s ref:0 ;
in:230 out:228 type:P dur:2 cpbdur:2 q:32.09 aq:23.32 tex:83031 mv:2544 misc:2817 imb:29 pmb:973 smb:7158 d:t ref:0 ;
in:228 out:229 type:B dur:2 cpbdur:2 q:32.69 aq:31.18 tex:1134 mv:575 misc:699 imb:3 pmb:107 smb:8050 d:t ref:0 ;
in:229 out:230 type:b dur:2 cpbdur:2 q:32.88 aq:30.11 tex:108 mv:1024 misc:572 imb:1 pmb:147 smb:8012 d:- ref:0 ;
in:232 out:231 type:P dur:2 cpbdur:2 q:31.76 aq:22.51 tex:132434 mv:5027 misc:3219 imb:81 pmb:1194 smb:6885 d:t ref:0 ;
in:231 out:232 type:b dur:2 cpbdur:2 q:32.45 aq:33.54 tex:310 mv:284 misc:782 imb:1 pmb:246 smb:7913 d:s ref:0 ;
in:233 out:233 type:P dur:2 cpbdur:2 q:31.87 aq:22.23 tex:70839 mv:1504 misc:2545 imb:15 pmb:851 smb:7294 d:t ref:0 ;
in:235 out:234 type:P dur:2 cpbdur:2 q:31.79 aq:22.93 tex:62075 mv:1564 misc:2041 imb:14 pmb:689 smb:7457 d:t ref:0 ;
in:234 out:235 type:b dur:2 cpbdur:2 q:32.09 aq:30.05 tex:70 mv:86 misc:500 imb:0 pmb:25 smb:8135 d:t ref:0 ;
in:237 out:236 type:P dur:2 cpbdur:2 q:31.88 aq:21.90 tex:199494 mv:1571 misc:3703 imb:7 pmb:1933 smb:6220 d:t ref:0 ;
in:236 out:237 type:b dur:2 cpbdur:2 q:32.16 aq:31.25 tex:666 mv:522 misc:644 imb:0 pmb:68 smb:8092 d:t ref:0 ;
in:239 out:238 type:P dur:2 cpbdur:2 q:31.44 aq:22.56 tex:87830 mv:3098 misc:2288 imb:102 pmb:645 smb:7413 d:t ref:0 ;
in:238 out:239 type:b dur:2 cpbdur:2 q:32.03 aq:34.11 tex:513 mv:256 misc:663 imb:0 pmb:186 smb:7974 d:t ref:0 ;
in:241 out:240 type:P dur:2 cpbdur:2 q:31.38 aq:21.90 tex:126258 mv:2419 misc:3747 imb:27 pmb:1362 smb:6771 d:t ref:0 ;
in:240 out:241 type:b dur:2 cpbdur:2 q:31.82 aq:32.11 tex:344 mv:301 misc:627 imb:0 pmb:87 smb:8073 d:t ref:0 ;
in:243 out:242 type:P dur:2 cpbdur:2 q:31.34 aq:23.25 tex:114533 mv:3701 misc:2782 imb:100 pmb:890 smb:7170 d:t ref:0 ;
in:242 out:243 type:b dur:2 cpbdur:2 q:31.77 aq:32.38 tex:617 mv:925 misc:906 imb:0 pmb:301 smb:7859 d:s ref:0 ;
in:244 out:244 type:P dur:2 cpbdur:2 q:31.40 aq:23.38 tex:38950 mv:1065 misc:1681 imb:3 pmb:462 smb:7695 d:t ref:0 ;
in:246 out:245 type:P dur:2 cpbdur:2 q:31.14 aq:22.27 tex:73184 mv:1621 misc:2707 imb:15 pmb:787 smb:7358 d:t ref:0 ;
in:245 out:246 type:b dur:2 cpbdur:2 q:31.60 aq:30.06 tex:99 mv:570 misc:667 imb:1 pmb:70 smb:8089 d:t ref:0 ;
in:248 out:247 type:P dur:2 cpbdur:2 q:30.97 aq:21.84 tex:78416 mv:1549 misc:2867 imb:13 pmb:923 smb:7224 d:t ref:0 ;
in:247 out:248 type:b dur:2 cpbdur:2 q:31.47 aq:30.05 tex:149 mv:126 misc:501 imb:0 pmb:20 smb:8140 d:t ref:0 ;
in:249 out:249 type:P dur:2 cpbdur:2 q:30.22 aq:30.02 tex:3218 mv:1117 misc:633 imb:6 pmb:175 smb:7979 d:t ref:0 ;
in:250 out:250 type:I dur:2 cpbdur:2 q:28.60 aq:19.05 tex:4861104 mv:240531 misc:341 imb:8160 pmb:0 smb:0 d:t ref:;
in:253 out:251 type:P dur:2 cpbdur:2 q:34.14 aq:26.13 tex:16723 mv:2066 misc:771 imb:42 pmb:212 smb:7906 d:t ref:0 ;
in:251 out:252 type:B dur:2 cpbdur:2 q:34.14 aq:32.48 tex:14573 mv:3203 misc:792 imb:68 pmb:279 smb:7813 d:t ref:0 ;
in:252 out:253 type:b dur:2 cpbdur:2 q:34.14 aq:34.37 tex:948 mv:1637 misc:831 imb:7 pmb:242 smb:7911 d:- ref:0 ;
in:255 out:254 type:P dur:2 cpbdur:2 q:33.98 aq:26.90 tex:31093 mv:3376 misc:915 imb:105 pmb:336 smb:7719 d:t ref:0 ;
in:254 out:255 type:b dur:2 cpbdur:2 q:34.14 aq:34.36 tex:184 mv:425 misc:783 imb:2 pmb:235 smb:7923 d:t ref:0 ;
in:257 out:256 type:P dur:2 cpbdur:2 q:33.91 aq:25.17 tex:37914 mv:2590 misc:928 imb:89 pmb:254 smb:7817 d:t ref:0 ;
in:256 out:257 type:b dur:2 cpbdur:2 q:33.98 aq:36.08 tex:104 mv:323 misc:669 imb:2 pmb:165 smb:7993 d:t ref:0 ;
in:258 out:258 type:P dur:2 cpbdur:2 q:33.86 aq:25.02 tex:6301 mv:1106 misc:905 imb:10 pmb:205 smb:7945 d:t ref:0 ;
in:260 out:259 type:P dur:2 cpbdur:2 q:33.83 aq:26.73 tex:38421 mv:3411 misc:1088 imb:94 pmb:379 smb:7687 d:t ref:0 ;
in:259 out:260 type:b dur:2 cpbdur:2 q:33.86 aq:34.34 tex:822 mv:692 misc:822 imb:6 pmb:251 smb:7903 d:t ref:0 ;
in:262 out:261 type:P dur:2 cpbdur:2 q:33.77 aq:24.25 tex:89484 mv:4399 misc:1157 imb:130 pmb:483 smb:7547 d:t ref:0 ;
in:261 out:262 type:b dur:2 cpbdur:2 q:33.83 aq:34.31 tex:757 mv:618 misc:801 imb:0 pmb:357 smb:7803 d:s ref:0 ;
in:263 out:263 type:P dur:2 cpbdur:2 q:33.71 aq:24.92 tex:9866 mv:1200 misc:1214 imb:12 pmb:275 smb:7873 d:t ref:0 ;
in:265 out:264 type:P dur:2 cpbdur:2 q:33.74 aq:25.73 tex:15409 mv:1807 misc:1040 imb:23 pmb:268 smb:7869 d:t ref:0 ;
in:264 out:265 type:b dur:2 cpbdur:2 q:33.74 aq:34.24 tex:188 mv:248 misc:596 imb:0 pmb:72 smb:8088 d:t ref:0 ;
in:267 out:266 type:P dur:2 cpbdur:2 q:33.64 aq:25.34 tex:8948 mv:1291 misc:937 imb:14 pmb:195 smb:7951 d:t ref:0 ;
in:266 out:267 type:b dur:2 cpbdur:2 q:33.74 aq:33.00 tex:84 mv:180 misc:520 imb:0 pmb:26 smb:8134 d:t ref:0 ;
in:268 out:268 type:P dur:2 cpbdur:2 q:33.51 aq:24.69 tex:9710 mv:1137 misc:1049 imb:10 pmb:243 smb:7907 d:t ref:0 ;
in:270 out:269 type:P dur:2 cpbdur:2 q:33.46 aq:25.54 tex:16510 mv:1669 misc:1173 imb:22 pmb:273 smb:7865 d:t ref:0 ;
in:269 out:270 type:b dur:2 cpbdur:2 q:33.51 aq:35.06 tex:293 mv:310 misc:581 imb:2 pmb:59 smb:8099 d:t ref:0 ;
in:271 out:271 type:P dur:2 cpbdur:2 q:33.35 aq:25.05 tex:28638 mv:3165 misc:1181 imb:94 pmb:397 smb:7669 d:t ref:0 ;
in:273 out:272 type:P dur:2 cpbdur:2 q:33.30 aq:24.79 tex:31536 mv:3443 misc:1301 imb:97 pmb:415 smb:7648 d:t ref:0 ;
in:272 out:273 type:b dur:2 cpbdur:2 q:33.35 aq:34.86 tex:460 mv:844 misc:872 imb:10 pmb:251 smb:7899 d:s ref:0 ;
in:275 out:274 type:P dur:2 cpbdur:2 q:33.99 aq:27.20 tex:33975 mv:3245 misc:1012 imb:91 pmb:350 smb:7719 d:t ref:0 ;
in:274 out:275 type:b dur:2 cpbdur:2 q:33.99 aq:34.51 tex:416 mv:590 misc:762 imb:17 pmb:208 smb:7935 d:t ref:0 ;
in:277 out:276 type:P dur:2 cpbdur:2 q:33.85 aq:24.91 tex:10788 mv:1683 misc:953 imb:21 pmb:245 smb:7894 d:t ref:0 ;
in:276 out:277 type:b dur:2 cpbdur:2 q:33.99 aq:34.33 tex:80 mv:177 misc:535 imb:0 pmb:61 smb:8099 d:t ref:0 ;
in:280 out:278 type:P dur:2 cpbdur:2 q:33.68 aq:24.88 tex:13384 mv:1868 misc:932 imb:16 pmb:231 smb:7913 d:t ref:0 ;
in:278 out:279 type:B dur:2 cpbdur:2 q:33.85 aq:32.12 tex:654 mv:379 misc:639 imb:4 pmb:64 smb:8092 d:t ref:0 ;
in:279 out:280 type:b dur:2 cpbdur:2 q:33.85 aq:33.80 tex:470 mv:1061 misc:613 imb:3 pmb:156 smb:8001 d:- ref:0 ;
in:281 out:281 type:P dur:2 cpbdur:2 q:33.44 aq:25.76 tex:21460 mv:2925 misc:1103 imb:93 pmb:353 smb:7714 d:t ref:0 ;
in:283 out:282 type:P dur:2 cpbdur:2 q:33.35 aq:24.71 tex:25054 mv:3274 misc:1144 imb:103 pmb:383 smb:7674 d:t ref:0 ;
in:282 out:283 type:b dur:2 cpbdur:2 q:33.44 aq:34.37 tex:234 mv:649 misc:789 imb:15 pmb:228 smb:7917 d:t ref:0 ;
in:284 out:284 type:P dur:2 cpbdur:2 q:33.21 aq:23.59 tex:7763 mv:1013 misc:992 imb:5 pmb:229 smb:7926 d:t ref:0 ;
in:285 out:285 type:P dur:2 cpbdur:2 q:33.14 aq:25.04 tex:28709 mv:3032 misc:1219 imb:98 pmb:388 smb:7674 d:t ref:0 ;
in:286 out:286 type:P dur:2 cpbdur:2 q:33.08 aq:26.44 tex:7323 mv:1016 misc:1005 imb:4 pmb:230 smb:7926 d:t ref:0 ;
in:288 out:287 type:P dur:2 cpbdur:2 q:32.98 aq:26.49 tex:44321 mv:3584 misc:1183 imb:109 pmb:414 smb:7637 d:t ref:0 ;
in:287 out:288 type:b dur:2 cpbdur:2 q:33.08 aq:33.39 tex:717 mv:972 misc:847 imb:3 pmb:289 smb:7868 d:s ref:0 ;
in:290 out:289 type:P dur:2 cpbdur:2 q:32.81 aq:25.72 tex:12893 mv:1504 misc:1179 imb:17 pmb:275 smb:7868 d:t ref:0 ;
in:289 out:290 type:b dur:2 cpbdur:2 q:32.98 aq:32.00 tex:23 mv:118 misc:523 imb:0 pmb:28 smb:8132 d:t ref:0 ;
in:291 out:291 type:P dur:2 cpbdur:2 q:32.96 aq:26.66 tex:40384 mv:3040 misc:1136 imb:109 pmb:361 smb:7690 d:t ref:0 ;
in:293 out:292 type:P dur:2 cpbdur:2 q:32.54 aq:24.43 tex:17718 mv:1580 misc:1310 imb:18 pmb:322 smb:7820 d:t ref:0 ;
in:292 out:293 type:b dur:2 cpbdur:2 q:32.96 aq:32.08 tex:81 mv:124 misc:515 imb:0 pmb:29 smb:8131 d:t ref:0 ;
in:295 out:294 type:P dur:2 cpbdur:2 q:32.66 aq:25.32 tex:40962 mv:3517 misc:1233 imb:104 pmb:381 smb:7675 d:t ref:0 ;
in:294 out:295 type:b dur:2 cpbdur:2 q:32.73 aq:33.10 tex:364 mv:301 misc:791 imb:0 pmb:244 smb:7916 d:t ref:0 ;
in:297 out:296 type:P dur:2 cpbdur:2 q:32.71 aq:24.48 tex:69614 mv:3337 misc:1137 imb:92 pmb:394 smb:7674 d:t ref:0 ;
in:296 out:297 type:b dur:2 cpbdur:2 q:32.96 aq:33.55 tex:978 mv:607 misc:823 imb:3 pmb:244 smb:7913 d:t ref:0 ;
in:298 out:298 type:P dur:2 cpbdur:2 q:32.12 aq:23.59 tex:27377 mv:1143 misc:1448 imb:7 pmb:436 smb:7717 d:t ref:0 ;
in:300 out:299 type:P dur:2 cpbdur:2 q:32.40 aq:25.11 tex:35978 mv:2167 misc:1223 imb:32 pmb:340 smb:7788 d:t ref:0 ;
in:299 out:300 type:b dur:2 cpbdur:2 q:32.42 aq:32.40 tex:622 mv:622 misc:756 imb:2 pmb:125 smb:8033 d:t ref:0 ;
in:302 out:301 type:P dur:2 cpbdur:2 q:31.92 aq:24.87 tex:16352 mv:1275 misc:1149 imb:6 pmb:271 smb:7883 d:t ref:0 ;
in:301 out:302 type:b dur:2 cpbdur:2 q:32.40 aq:31.07 tex:101 mv:74 misc:449 imb:0 pmb:9 smb:8151 d:t ref:0 ;
in:305 out:303 type:P dur:2 cpbdur:2 q:31.76 aq:24.24 tex:16147 mv:1577 misc:924 imb:15 pmb:243 smb:7902 d:t ref:0 ;
in:303 out:304 type:B dur:2 cpbdur:2 q:31.92 aq:32.00 tex:1363 mv:341 misc:568 imb:4 pmb:34 smb:8122 d:t ref:0 ;
in:304 out:305 type:b dur:2 cpbdur:2 q:31.92 aq:31.07 tex:204 mv:990 misc:526 imb:3 pmb:132 smb:8025 d:- ref:0 ;
in:307 out:306 type:P dur:2 cpbdur:2 q:31.55 aq:24.10 tex:14747 mv:1358 misc:895 imb:9 pmb:229 smb:7922 d:t ref:0 ;
in:306 out:307 type:b dur:2 cpbdur:2 q:31.76 aq:31.09 tex:162 mv:92 misc:490 imb:0 pmb:16 smb:8144 d:t ref:0 ;
in:308 out:308 type:P dur:2 cpbdur:2 q:31.40 aq:24.74 tex:17423 mv:1109 misc:988 imb:10 pmb:243 smb:7907 d:t ref:0 ;
in:311 out:309 type:P dur:2 cpbdur:2 q:31.32 aq:25.46 tex:22873 mv:1809 misc:822 imb:18 pmb:228 smb:7914 d:t ref:0 ;
in:309 out:310 type:B dur:2 cpbdur:2 q:31.40 aq:30.59 tex:932 mv:385 misc:707 imb:2 pmb:82 smb:8076 d:t ref:0 ;
in:310 out:311 type:b dur:2 cpbdur:2 q:31.40 aq:31.00 tex:283 mv:1042 misc:643 imb:1 pmb:161 smb:7998 d:- ref:0 ;
in:315 out:312 type:P dur:2 cpbdur:2 q:31.46 aq:26.47 tex:75089 mv:3997 misc:1050 imb:101 pmb:410 smb:7649 d:t ref:0 ;
in:313 out:313 type:B dur:2 cpbdur:2 q:31.52 aq:29.31 tex:3335 mv:1014 misc:899 imb:14 pmb:311 smb:7835 d:s ref:0 ;
in:312 out:314 type:b dur:2 cpbdur:2 q:31.52 aq:30.88 tex:367 mv:406 misc:795 imb:0 pmb:305 smb:7855 d:s ref:0 ;
in:314 out:315 type:b dur:2 cpbdur:2 q:31.52 aq:30.09 tex:243 mv:985 misc:580 imb:1 pmb:145 smb:8014 d:- ref:0 ;
in:316 out:316 type:P dur:2 cpbdur:2 q:30.89 aq:26.02 tex:19995 mv:1087 misc:1086 imb:5 pmb:298 smb:7857 d:t ref:0 ;
in:318 out:317 type:P dur:2 cpbdur:2 q:31.16 aq:26.07 tex:118046 mv:4812 misc:1054 imb:210 pmb:478 smb:7472 d:t ref:0 ;
in:317 out:318 type:b dur:2 cpbdur:2 q:31.18 aq:31.77 tex:600 mv:876 misc:1052 imb:2 pmb:476 smb:7682 d:s ref:0 ;
in:320 out:319 type:P dur:2 cpbdur:2 q:30.76 aq:26.98 tex:25301 mv:1609 misc:1250 imb:23 pmb:330 smb:7807 d:t ref:0 ;
in:319 out:320 type:b dur:2 cpbdur:2 q:31.15 aq:30.00 tex:141 mv:136 misc:555 imb:0 pmb:47 smb:8113 d:t ref:0 ;
in:322 out:321 type:P dur:2 cpbdur:2 q:31.14 aq:31.17 tex:73833 mv:3461 misc:898 imb:197 pmb:284 smb:7679 d:t ref:0 ;
in:321 out:322 type:b dur:2 cpbdur:2 q:31.14 aq:31.88 tex:1530 mv:976 misc:766 imb:3 pmb:307 smb:7850 d:s ref:0 ;
in:325 out:323 type:P dur:2 cpbdur:2 q:34.28 aq:34.60 tex:138162 mv:10255 misc:1039 imb:1976 pmb:237 smb:5947 d:t ref:0 ;
in:323 out:324 type:B dur:2 cpbdur:2 q:34.67 aq:36.95 tex:5595 mv:4153 misc:1124 imb:62 pmb:2108 smb:5990 d:s ref:0 ;
in:324 out:325 type:b dur:2 cpbdur:2 q:35.07 aq:37.75 tex:6646 mv:2809 misc:1265 imb:65 pmb:358 smb:7737 d:- ref:0 ;
in:326 out:326 type:P dur:2 cpbdur:2 q:34.33 aq:33.86 tex:132718 mv:13007 misc:2395 imb:1895 pmb:513 smb:5752 d:s ref:0 ;
in:327 out:327 type:P dur:2 cpbdur:2 q:33.83 aq:32.41 tex:140117 mv:11534 misc:3781 imb:1333 pmb:848 smb:5979 d:t ref:0 ;
in:328 out:328 type:P dur:2 cpbdur:2 q:33.45 aq:30.61 tex:120613 mv:8854 misc:3933 imb:829 pmb:902 smb:6429 d:t ref:0 ;
in:329 out:329 type:P dur:2 cpbdur:2 q:33.03 aq:29.63 tex:125140 mv:7003 misc:3361 imb:547 pmb:946 smb:6667 d:t ref:0 ;
in:331 out:330 type:P dur:2 cpbdur:2 q:32.73 aq:29.30 tex:188162 mv:6501 misc:3537 imb:635 pmb:1126 smb:6399 d:t ref:0 ;
in:330 out:331 type:b dur:2 cpbdur:2 q:34.25 aq:31.00 tex:112 mv:1503 misc:561 imb:4 pmb:641 smb:7515 d:s ref:0 ;
in:333 out:332 type:P dur:2 cpbdur:2 q:37.58 aq:36.48 tex:130022 mv:8865 misc:953 imb:2126 pmb:78 smb:5956 d:t ref:0 ;
in:332 out:333 type:b dur:2 cpbdur:2 q:37.67 aq:42.44 tex:2521 mv:3192 misc:663 imb:70 pmb:2078 smb:6012 d:s ref:0 ;
in:334 out:334 type:P dur:2 cpbdur:2 q:38.94 aq:35.84 tex:204979 mv:9933 misc:1560 imb:1604 pmb:329 smb:6227 d:t ref:0 ;
in:335 out:335 type:P dur:2 cpbdur:2 q:40.30 aq:35.92 tex:188303 mv:12966 misc:1787 imb:2998 pmb:396 smb:4766 d:t ref:0 ;
in:336 out:336 type:P dur:2 cpbdur:2 q:40.16 aq:36.81 tex:210278 mv:14025 misc:2473 imb:1961 pmb:710 smb:5489 d:t ref:0 ;
in:337 out:337 type:P dur:2 cpbdur:2 q:40.22 aq:36.93 tex:152555 mv:10501 misc:2360 imb:1663 pmb:659 smb:5838 d:t ref:0 ;
in:338 out:338 type:P dur:2 cpbdur:2 q:40.09 aq:35.27 tex:140577 mv:12407 misc:2824 imb:1582 pmb:880 smb:5698 d:t ref:0 ;
in:339 out:339 type:P dur:2 cpbdur:2 q:40.47 aq:34.99 tex:115170 mv:8961 misc:1941 imb:1335 pmb:696 smb:6129 d:t ref:0 ;
in:340 out:340 type:P dur:2 cpbdur:2 q:40.78 aq:34.12 tex:103953 mv:8636 misc:1627 imb:1190 pmb:690 smb:6280 d:t ref:0 ;
in:346 out:341 type:P dur:2 cpbdur:2 q:39.19 aq:30.55 tex:130184 mv:10276 misc:3548 imb:674 pmb:1211 smb:6275 d:t ref:0 ;
in:343 out:342 type:B dur:2 cpbdur:2 q:40.97 aq:39.28 tex:13657 mv:11674 misc:1645 imb:762 pmb:773 smb:6625 d:s ref:0 ;
in:341 out:343 type:b dur:2 cpbdur:2 q:41.17 aq:41.87 tex:1659 mv:5535 misc:1686 imb:201 pmb:764 smb:7195 d:s ref:0 ;
in:342 out:344 type:b dur:2 cpbdur:2 q:41.17 aq:41.49 tex:600 mv:2491 misc:1805 imb:61 pmb:716 smb:7383 d:s ref:0 ;
in:344 out:345 type:b dur:2 cpbdur:2 q:41.16 aq:41.88 tex:2347 mv:4623 misc:1694 imb:149 pmb:468 smb:7543 d:- ref:0 ;
in:345 out:346 type:b dur:2 cpbdur:2 q:41.16 aq:41.45 tex:2681 mv:5268 misc:1603 imb:174 pmb:551 smb:7435 d:- ref:0 ;
in:348 out:347 type:P dur:2 cpbdur:2 q:38.21 aq:28.34 tex:278175 mv:13782 misc:4283 imb:1124 pmb:2792 smb:4244 d:s ref:0 ;
in:347 out:348 type:b dur:2 cpbdur:2 q:39.57 aq:42.84 tex:106 mv:1781 misc:1089 imb:3 pmb:263 smb:7894 d:t ref:0 ;
in:350 out:349 type:P dur:2 cpbdur:2 q:37.94 aq:27.88 tex:109956 mv:4933 misc:4271 imb:192 pmb:1452 smb:6516 d:s ref:0 ;
in:349 out:350 type:b dur:2 cpbdur:2 q:38.58 aq:30.00 tex:36 mv:911 misc:613 imb:4 pmb:142 smb:8014 d:t ref:0 ;
in:352 out:351 type:P dur:2 cpbdur:2 q:37.44 aq:27.48 tex:191590 mv:4175 misc:4379 imb:170 pmb:2229 smb:5761 d:s ref:0 ;
in:351 out:352 type:b dur:2 cpbdur:2 q:38.16 aq:30.00 tex:31 mv:940 misc:605 imb:1 pmb:150 smb:8009 d:t ref:0 ;
in:355 out:353 type:P dur:2 cpbdur:2 q:37.05 aq:27.80 tex:135752 mv:5952 misc:4416 imb:234 pmb:1788 smb:6138 d:s ref:0 ;
in:353 out:354 type:B dur:2 cpbdur:2 q:37.89 aq:36.83 tex:397 mv:1283 misc:784 imb:7 pmb:196 smb:7957 d:t ref:0 ;
in:354 out:355 type:b dur:2 cpbdur:2 q:38.21 aq:36.53 tex:420 mv:1258 misc:770 imb:10 pmb:212 smb:7938 d:- ref:0 ;
in:358 out:356 type:P dur:2 cpbdur:2 q:36.61 aq:26.91 tex:205867 mv:5319 misc:3790 imb:179 pmb:2188 smb:5793 d:s ref:0 ;
in:356 out:357 type:B dur:2 cpbdur:2 q:37.46 aq:35.44 tex:539 mv:1392 misc:837 imb:5 pmb:231 smb:7924 d:t ref:0 ;
in:357 out:358 type:b dur:2 cpbdur:2 q:37.84 aq:36.84 tex:121 mv:1005 misc:810 imb:1 pmb:214 smb:7945 d:- ref:0 ;
in:359 out:359 type:P dur:2 cpbdur:2 q:36.08 aq:26.26 tex:143150 mv:3341 misc:5637 imb:114 pmb:2237 smb:5809 d:s ref:0 ;
in:361 out:360 type:P dur:2 cpbdur:2 q:36.30 aq:26.12 tex:85887 mv:3920 misc:3305 imb:83 pmb:1114 smb:6963 d:s ref:0 ;
in:360 out:361 type:b dur:2 cpbdur:2 q:36.81 aq:34.79 tex:86 mv:977 misc:729 imb:1 pmb:186 smb:7973 d:t ref:0 ;
in:363 out:362 type:P dur:2 cpbdur:2 q:35.85 aq:25.79 tex:139252 mv:3101 misc:4335 imb:81 pmb:1883 smb:6196 d:s ref:0 ;
in:362 out:363 type:b dur:2 cpbdur:2 q:36.72 aq:31.23 tex:59 mv:890 misc:515 imb:2 pmb:128 smb:8030 d:t ref:0 ;
in:365 out:364 type:P dur:2 cpbdur:2 q:35.70 aq:25.17 tex:174356 mv:2867 misc:3553 imb:30 pmb:1732 smb:6398 d:s ref:0 ;
in:364 out:365 type:b dur:2 cpbdur:2 q:36.33 aq:31.21 tex:79 mv:884 misc:605 imb:1 pmb:143 smb:8016 d:t ref:0 ;
in:367 out:366 type:P dur:2 cpbdur:2 q:35.82 aq:25.46 tex:123419 mv:5359 misc:2670 imb:148 pmb:1131 smb:6881 d:s ref:0 ;
in:366 out:367 type:b dur:2 cpbdur:2 q:36.32 aq:35.38 tex:89 mv:1080 misc:887 imb:1 pmb:240 smb:7919 d:s ref:0 ;
in:368 out:368 type:P dur:2 cpbdur:2 q:35.30 aq:24.95 tex:153355 mv:2175 misc:3998 imb:44 pmb:1897 smb:6219 d:s ref:0 ;
in:370 out:369 type:P dur:2 cpbdur:2 q:35.19 aq:25.18 tex:135639 mv:2363 misc:3062 imb:39 pmb:1544 smb:6577 d:s ref:0 ;
in:369 out:370 type:b dur:2 cpbdur:2 q:35.87 aq:31.12 tex:103 mv:1051 misc:622 imb:2 pmb:162 smb:7996 d:t ref:0 ;
in:372 out:371 type:P dur:2 cpbdur:2 q:34.92 aq:24.88 tex:129315 mv:2863 misc:3294 imb:36 pmb:1454 smb:6670 d:s ref:0 ;
in:371 out:372 type:b dur:2 cpbdur:2 q:35.62 aq:36.20 tex:177 mv:1009 misc:614 imb:2 pmb:160 smb:7998 d:t ref:0 ;
in:373 out:373 type:P dur:2 cpbdur:2 q:34.49 aq:24.41 tex:146869 mv:1773 misc:3894 imb:18 pmb:1717 smb:6425 d:s ref:0 ;
in:375 out:374 type:P dur:2 cpbdur:2 q:34.14 aq:24.41 tex:207633 mv:2154 misc:4205 imb:37 pmb:2308 smb:5815 d:s ref:0 ;
in:374 out:375 type:b dur:2 cpbdur:2 q:34.74 aq:34.54 tex:171 mv:994 misc:563 imb:6 pmb:142 smb:8012 d:t ref:0 ;
in:377 out:376 type:P dur:2 cpbdur:2 q:33.63 aq:23.91 tex:183928 mv:2222 misc:4338 imb:12 pmb:2270 smb:5878 d:s ref:0 ;
in:376 out:377 type:b dur:2 cpbdur:2 q:34.43 aq:31.10 tex:92 mv:906 misc:514 imb:2 pmb:130 smb:8028 d:t ref:0 ;
in:381 out:378 type:P dur:2 cpbdur:2 q:33.26 aq:24.04 tex:180640 mv:2697 misc:4167 imb:31 pmb:2191 smb:5938 d:s ref:0 ;
in:379 out:379 type:B dur:2 cpbdur:2 q:34.06 aq:33.48 tex:1284 mv:1515 misc:649 imb:10 pmb:159 smb:7991 d:t ref:0 ;
in:378 out:380 type:b dur:2 cpbdur:2 q:34.25 aq:31.11 tex:116 mv:965 misc:575 imb:3 pmb:142 smb:8015 d:t ref:0 ;
in:380 out:381 type:b dur:2 cpbdur:2 q:34.25 aq:32.65 tex:142 mv:972 misc:550 imb:2 pmb:144 smb:8014 d:- ref:0 ;
in:383 out:382 type:P dur:2 cpbdur:2 q:32.66 aq:23.50 tex:243592 mv:4720 misc:4944 imb:114 pmb:2894 smb:5152 d:s ref:0 ;
in:382 out:383 type:b dur:2 cpbdur:2 q:33.48 aq:34.04 tex:428 mv:1143 misc:837 imb:1 pmb:225 smb:7934 d:s ref:0 ;
in:385 out:384 type:P dur:2 cpbdur:2 q:32.62 aq:23.33 tex:113694 mv:2476 misc:4214 imb:36 pmb:1510 smb:6614 d:s ref:0 ;
in:384 out:385 type:b dur:2 cpbdur:2 q:33.02 aq:34.42 tex:321 mv:1261 misc:714 imb:2 pmb:189 smb:7969 d:t ref:0 ;
in:386 out:386 type:P dur:2 cpbdur:2 q:32.64 aq:24.12 tex:112863 mv:3592 misc:3017 imb:95 pmb:1214 smb:6851 d:s ref:0 ;
in:388 out:387 type:P dur:2 cpbdur:2 q:32.53 aq:24.22 tex:167936 mv:4107 misc:3093 imb:90 pmb:1310 smb:6760 d:s ref:0 ;
in:387 out:388 type:b dur:2 cpbdur:2 q:32.94 aq:33.51 tex:950 mv:1251 misc:863 imb:4 pmb:246 smb:7910 d:t ref:0 ;
in:390 out:389 type:P dur:2 cpbdur:2 q:32.56 aq:24.79 tex:61512 mv:1647 misc:2489 imb:14 pmb:880 smb:7266 d:s ref:0 ;
in:389 out:390 type:b dur:2 cpbdur:2 q:32.83 aq:31.09 tex:137 mv:1022 misc:577 imb:2 pmb:148 smb:8010 d:t ref:0 ;
in:391 out:391 type:P dur:2 cpbdur:2 q:32.58 aq:23.90 tex:40652 mv:1368 misc:2012 imb:10 pmb:600 smb:7550 d:s ref:0 ;
in:393 out:392 type:P dur:2 cpbdur:2 q:32.33 aq:24.38 tex:44126 mv:1417 misc:2193 imb:15 pmb:631 smb:7514 d:s ref:0 ;
in:392 out:393 type:b dur:2 cpbdur:2 q:32.60 aq:31.09 tex:192 mv:932 misc:564 imb:0 pmb:144 smb:8016 d:t ref:0 ;
in:394 out:394 type:P dur:2 cpbdur:2 q:32.35 aq:23.88 tex:26170 mv:1060 misc:1754 imb:6 pmb:454 smb:7700 d:s ref:0 ;
in:396 out:395 type:P dur:2 cpbdur:2 q:32.40 aq:25.13 tex:27190 mv:1784 misc:1194 imb:28 pmb:309 smb:7823 d:s ref:0 ;
in:395 out:396 type:b dur:2 cpbdur:2 q:32.40 aq:32.00 tex:358 mv:1043 misc:687 imb:0 pmb:185 smb:7975 d:t ref:0 ;
in:398 out:397 type:P dur:2 cpbdur:2 q:32.43 aq:25.20 tex:17709 mv:1436 misc:1191 imb:22 pmb:281 smb:7857 d:s ref:0 ;
in:397 out:398 type:b dur:2 cpbdur:2 q:32.43 aq:32.00 tex:510 mv:996 misc:614 imb:1 pmb:156 smb:8003 d:t ref:0 ;
in:400 out:399 type:P dur:2 cpbdur:2 q:32.48 aq:25.29 tex:12494 mv:1448 misc:882 imb:15 pmb:206 smb:7939 d:s ref:0 ;
in:399 out:400 type:b dur:2 cpbdur:2 q:32.48 aq:32.00 tex:272 mv:1063 misc:577 imb:2 pmb:147 smb:8011 d:t ref:0 ;
in:402 out:401 type:P dur:2 cpbdur:2 q:32.49 aq:26.00 tex:16431 mv:1491 misc:758 imb:16 pmb:219 smb:7925 d:s ref:0 ;
in:401 out:402 type:b dur:2 cpbdur:2 q:32.49 aq:32.00 tex:213 mv:1020 misc:607 imb:0 pmb:151 smb:8009 d:t ref:0 ;
in:406 out:403 type:P dur:2 cpbdur:2 q:32.49 aq:26.94 tex:8721 mv:1453 misc:914 imb:3 pmb:225 smb:7932 d:t ref:0 ;
in:404 out:404 type:B dur:2 cpbdur:2 q:32.49 aq:31.89 tex:2141 mv:1014 misc:829 imb:8 pmb:134 smb:8018 d:t ref:0 ;
in:403 out:405 type:b dur:2 cpbdur:2 q:32.49 aq:32.00 tex:59 mv:434 misc:691 imb:0 pmb:79 smb:8081 d:t ref:0 ;
in:405 out:406 type:b dur:2 cpbdur:2 q:32.49 aq:32.06 tex:168 mv:1022 misc:562 imb:3 pmb:141 smb:8016 d:- ref:0 ;
in:407 out:407 type:P dur:2 cpbdur:2 q:32.37 aq:26.00 tex:8026 mv:981 misc:769 imb:8 pmb:197 smb:7955 d:t ref:0 ;
in:408 out:408 type:P dur:2 cpbdur:2 q:32.35 aq:26.51 tex:15173 mv:1470 misc:853 imb:16 pmb:240 smb:7904 d:t ref:0 ;
in:410 out:409 type:P dur:2 cpbdur:2 q:32.35 aq:26.87 tex:8722 mv:1309 misc:809 imb:11 pmb:190 smb:7959 d:t ref:0 ;
in:409 out:410 type:b dur:2 cpbdur:2 q:32.35 aq:32.09 tex:27 mv:102 misc:503 imb:0 pmb:27 smb:8133 d:t ref:0 ;
in:412 out:411 type:P dur:2 cpbdur:2 q:32.20 aq:28.51 tex:44918 mv:4257 misc:1529 imb:100 pmb:579 smb:7481 d:t ref:0 ;
in:411 out:412 type:b dur:2 cpbdur:2 q:32.35 aq:32.87 tex:294 mv:413 misc:1165 imb:1 pmb:409 smb:7750 d:s ref:0 ;
in:414 out:413 type:P dur:2 cpbdur:2 q:32.47 aq:31.44 tex:55914 mv:6457 misc:1205 imb:878 pmb:385 smb:6897 d:t ref:0 ;
in:413 out:414 type:b dur:2 cpbdur:2 q:32.49 aq:33.16 tex:8394 mv:5900 misc:1066 imb:40 pmb:1027 smb:7093 d:s ref:0 ;
in:415 out:415 type:P dur:2 cpbdur:2 q:32.59 aq:31.23 tex:92519 mv:8171 misc:1110 imb:1103 pmb:497 smb:6560 d:t ref:0 ;
in:416 out:416 type:P dur:2 cpbdur:2 q:32.49 aq:31.58 tex:107985 mv:11406 misc:1313 imb:1292 pmb:559 smb:6309 d:t ref:0 ;
in:417 out:417 type:P dur:2 cpbdur:2 q:32.58 aq:32.28 tex:100214 mv:8038 misc:1164 imb:1341 pmb:415 smb:6404 d:t ref:0 ;
in:418 out:418 type:P dur:2 cpbdur:2 q:32.97 aq:33.00 tex:97787 mv:9997 misc:1384 imb:1495 pmb:590 smb:6075 d:t ref:0 ;
in:419 out:419 type:P dur:2 cpbdur:2 q:33.11 aq:33.56 tex:63254 mv:9939 misc:1575 imb:1700 pmb:488 smb:5972 d:t ref:0 ;
in:420 out:420 type:P dur:2 cpbdur:2 q:33.69 aq:34.07 tex:183557 mv:29529 misc:546 imb:8153 pmb:7 smb:0 d:t ref:0 ;
in:421 out:421 type:I dur:2 cpbdur:2 q:29.23 aq:28.99 tex:1254047 mv:29035 misc:270 imb:8160 pmb:0 smb:0 d:t ref:;
in:422 out:422 type:P dur:2 cpbdur:2 q:34.30 aq:33.37 tex:227183 mv:27590 misc:1219 imb:5421 pmb:2616 smb:123 d:t ref:0 w:3,9,-54,6,94,-59,83,-35 ;
in:424 out:423 type:P dur:2 cpbdur:2 q:35.43 aq:34.11 tex:284382 mv:31145 misc:841 imb:7320 pmb:759 smb:81 d:t ref:0 w:6,79,-70,6,85,-41,84,-37 ;
in:423 out:424 type:b dur:2 cpbdur:2 q:35.87 aq:36.64 tex:27954 mv:11863 misc:1663 imb:771 pmb:522 smb:6867 d:s ref:0 ;
in:425 out:425 type:P dur:2 cpbdur:2 q:33.84 aq:32.51 tex:190344 mv:14374 misc:4906 imb:1437 pmb:1474 smb:5249 d:t ref:0 w:3,9,-19,6,71,-14,70,-11 ;
in:427 out:426 type:P dur:2 cpbdur:2 q:38.72 aq:31.38 tex:510505 mv:30169 misc:790 imb:7262 pmb:866 smb:32 d:t ref:0 ;
in:426 out:427 type:b dur:2 cpbdur:2 q:38.97 aq:38.62 tex:5083 mv:7735 misc:1494 imb:497 pmb:566 smb:7097 d:s ref:0 ;
in:429 out:428 type:P dur:2 cpbdur:2 q:39.92 aq:31.42 tex:180341 mv:13393 misc:5434 imb:1303 pmb:2235 smb:4622 d:t ref:0 ;
in:428 out:429 type:b dur:2 cpbdur:2 q:40.32 aq:42.04 tex:9755 mv:4814 misc:1663 imb:152 pmb:1296 smb:6712 d:s ref:0 ;
in:430 out:430 type:P dur:2 cpbdur:2 q:41.26 aq:35.22 tex:73047 mv:7230 misc:2995 imb:597 pmb:1061 smb:6502 d:t ref:0 ;
in:432 out:431 type:P dur:2 cpbdur:2 q:40.19 aq:32.60 tex:114793 mv:10319 misc:3600 imb:709 pmb:1407 smb:6044 d:t ref:0 ;
in:431 out:432 type:b dur:2 cpbdur:2 q:41.58 aq:42.33 tex:1538 mv:1777 misc:1053 imb:61 pmb:403 smb:7696 d:s ref:0 ;
in:434 out:433 type:P dur:2 cpbdur:2 q:40.56 aq:33.75 tex:47589 mv:5904 misc:3251 imb:406 pmb:988 smb:6766 d:t ref:0 ;
in:433 out:434 type:b dur:2 cpbdur:2 q:40.72 aq:41.41 tex:223 mv:457 misc:776 imb:0 pmb:178 smb:7982 d:t ref:0 ;
in:436 out:435 type:P dur:2 cpbdur:2 q:40.69 aq:33.69 tex:61562 mv:6113 misc:2565 imb:280 pmb:999 smb:6881 d:t ref:0 ;
in:435 out:436 type:b dur:2 cpbdur:2 q:40.89 aq:42.56 tex:4369 mv:1674 misc:1109 imb:1 pmb:302 smb:7857 d:t ref:0 ;
in:441 out:437 type:P dur:2 cpbdur:2 q:40.80 aq:34.78 tex:99730 mv:8318 misc:2456 imb:272 pmb:1358 smb:6530 d:t ref:0 ;
in:438 out:438 type:B dur:2 cpbdur:2 q:41.18 aq:41.04 tex:8105 mv:2255 misc:1224 imb:17 pmb:394 smb:7749 d:t ref:0 ;
in:437 out:439 type:b dur:2 cpbdur:2 q:41.27 aq:42.88 tex:7591 mv:2043 misc:1110 imb:2 pmb:403 smb:7755 d:t ref:0 ;
in:439 out:440 type:b dur:2 cpbdur:2 q:41.20 aq:43.12 tex:245 mv:1371 misc:1176 imb:4 pmb:315 smb:7841 d:- ref:0 ;
in:440 out:441 type:b dur:2 cpbdur:2 q:41.20 aq:38.96 tex:192 mv:946 misc:966 imb:3 pmb:211 smb:7946 d:- ref:0 ;
in:442 out:442 type:P dur:2 cpbdur:2 q:41.09 aq:34.94 tex:57828 mv:2981 misc:2103 imb:114 pmb:728 smb:7318 d:t ref:0 ;
in:445 out:443 type:P dur:2 cpbdur:2 q:40.34 aq:33.98 tex:90315 mv:7781 misc:3736 imb:460 pmb:1407 smb:6293 d:t ref:0 ;
in:443 out:444 type:B dur:2 cpbdur:2 q:41.40 aq:40.65 tex:567 mv:942 misc:811 imb:22 pmb:257 smb:7881 d:s ref:0 ;
in:444 out:445 type:b dur:2 cpbdur:2 q:41.43 aq:38.68 tex:1718 mv:2362 misc:976 imb:115 pmb:239 smb:7806 d:- ref:0 ;
in:446 out:446 type:P dur:2 cpbdur:2 q:40.37 aq:33.22 tex:49384 mv:3230 misc:2498 imb:187 pmb:699 smb:7274 d:s ref:0 ;
in:448 out:447 type:P dur:2 cpbdur:2 q:39.49 aq:31.51 tex:77999 mv:6349 misc:3644 imb:375 pmb:1238 smb:6547 d:s ref:0 ;
in:447 out:448 type:b dur:2 cpbdur:2 q:40.80 aq:38.42 tex:512 mv:1758 misc:986 imb:77 pmb:195 smb:7888 d:t ref:0 ;
in:450 out:449 type:P dur:2 cpbdur:2 q:39.13 aq:32.47 tex:146838 mv:7228 misc:4030 imb:363 pmb:1822 smb:5975 d:s ref:0 ;
in:449 out:450 type:b dur:2 cpbdur:2 q:39.80 aq:39.76 tex:545 mv:1716 misc:947 imb:7 pmb:302 smb:7851 d:t ref:0 ;
in:453 out:451 type:P dur:2 cpbdur:2 q:38.60 aq:30.83 tex:186520 mv:8835 misc:5109 imb:638 pmb:2319 smb:5203 d:s ref:0 ;
in:451 out:452 type:B dur:2 cpbdur:2 q:39.32 aq:38.37 tex:3172 mv:2458 misc:914 imb:95 pmb:219 smb:7846 d:s ref:0 ;
in:452 out:453 type:b dur:2 cpbdur:2 q:39.49 aq:39.65 tex:3987 mv:2853 misc:920 imb:101 pmb:256 smb:7803 d:- ref:0 ;
in:455 out:454 type:P dur:2 cpbdur:2 q:38.33 aq:30.09 tex:200078 mv:6061 misc:5125 imb:296 pmb:2558 smb:5306 d:s ref:0 ;
in:454 out:455 type:b dur:2 cpbdur:2 q:38.86 aq:37.89 tex:450 mv:1170 misc:676 imb:20 pmb:173 smb:7967 d:t ref:0 ;
in:458 out:456 type:P dur:2 cpbdur:2 q:38.01 aq:29.94 tex:129480 mv:6199 misc:5009 imb:311 pmb:1930 smb:5919 d:s ref:0 ;
in:456 out:457 type:B dur:2 cpbdur:2 q:38.55 aq:36.82 tex:406 mv:1085 misc:693 imb:2 pmb:177 smb:7981 d:t ref:0 ;
in:457 out:458 type:b dur:2 cpbdur:2 q:38.81 aq:32.00 tex:46 mv:897 misc:609 imb:2 pmb:137 smb:8021 d:- ref:0 ;
in:460 out:459 type:P dur:2 cpbdur:2 q:37.41 aq:28.57 tex:140119 mv:5465 misc:5720 imb:267 pmb:2151 smb:5742 d:s ref:0 ;
in:459 out:460 type:b dur:2 cpbdur:2 q:38.31 aq:32.00 tex:124 mv:975 misc:701 imb:1 pmb:176 smb:7983 d:t ref:0 ;
in:463 out:461 type:P dur:2 cpbdur:2 q:37.15 aq:28.58 tex:136049 mv:6111 misc:5376 imb:366 pmb:2086 smb:5708 d:s ref:0 ;
in:461 out:462 type:B dur:2 cpbdur:2 q:37.86 aq:33.41 tex:369 mv:949 misc:618 imb:2 pmb:141 smb:8017 d:t ref:0 ;
in:462 out:463 type:b dur:2 cpbdur:2 q:38.15 aq:35.87 tex:398 mv:920 misc:530 imb:0 pmb:131 smb:8029 d:- ref:0 ;
in:468 out:464 type:P dur:2 cpbdur:2 q:36.64 aq:28.89 tex:205738 mv:8014 misc:5080 imb:459 pmb:2442 smb:5259 d:s ref:0 ;
in:465 out:465 type:B dur:2 cpbdur:2 q:37.51 aq:36.76 tex:1864 mv:1687 misc:945 imb:6 pmb:236 smb:7918 d:t ref:0 ;
in:464 out:466 type:b dur:2 cpbdur:2 q:37.84 aq:37.04 tex:221 mv:960 misc:563 imb:2 pmb:144 smb:8014 d:t ref:0 ;
in:466 out:467 type:b dur:2 cpbdur:2 q:37.84 aq:38.41 tex:594 mv:1166 misc:736 imb:5 pmb:191 smb:7964 d:- ref:0 ;
in:467 out:468 type:b dur:2 cpbdur:2 q:37.84 aq:37.04 tex:601 mv:1166 misc:673 imb:5 pmb:177 smb:7978 d:- ref:0 ;
in:470 out:469 type:P dur:2 cpbdur:2 q:36.54 aq:28.05 tex:133441 mv:6076 misc:5451 imb:302 pmb:2030 smb:5828 d:s ref:0 ;
in:469 out:470 type:b dur:2 cpbdur:2 q:37.00 aq:36.69 tex:212 mv:1025 misc:811 imb:1 pmb:231 smb:7928 d:t ref:0 ;
in:472 out:471 type:P dur:2 cpbdur:2 q:36.24 aq:27.78 tex:152557 mv:6563 misc:5408 imb:267 pmb:2193 smb:5700 d:s ref:0 ;
in:471 out:472 type:b dur:2 cpbdur:2 q:36.71 aq:35.40 tex:268 mv:1078 misc:846 imb:1 pmb:217 smb:7942 d:t ref:0 ;
in:478 out:473 type:P dur:2 cpbdur:2 q:35.57 aq:27.43 tex:315508 mv:8488 misc:5740 imb:401 pmb:3419 smb:4340 d:s ref:0 ;
in:475 out:474 type:B dur:2 cpbdur:2 q:36.35 aq:35.81 tex:3234 mv:2418 misc:1172 imb:61 pmb:281 smb:7818 d:t ref:0 ;
in:473 out:475 type:b dur:2 cpbdur:2 q:36.62 aq:34.89 tex:569 mv:1182 misc:737 imb:6 pmb:197 smb:7957 d:s ref:0 ;
in:474 out:476 type:b dur:2 cpbdur:2 q:36.62 aq:36.46 tex:710 mv:1065 misc:681 imb:6 pmb:198 smb:7956 d:s ref:0 ;
in:476 out:477 type:b dur:2 cpbdur:2 q:36.62 aq:35.56 tex:193 mv:1026 misc:725 imb:2 pmb:215 smb:7943 d:- ref:0 ;
in:477 out:478 type:b dur:2 cpbdur:2 q:36.62 aq:37.92 tex:234 mv:1200 misc:798 imb:3 pmb:238 smb:7919 d:- ref:0 ;
in:480 out:479 type:P dur:2 cpbdur:2 q:35.32 aq:26.82 tex:226530 mv:4986 misc:6060 imb:149 pmb:2675 smb:5336 d:s ref:0 ;
in:479 out:480 type:b dur:2 cpbdur:2 q:35.89 aq:32.07 tex:174 mv:1042 misc:688 imb:2 pmb:176 smb:7982 d:t ref:0 ;
in:482 out:481 type:P dur:2 cpbdur:2 q:35.06 aq:26.67 tex:248174 mv:5529 misc:5753 imb:258 pmb:2795 smb:5107 d:t ref:0 ;
in:481 out:482 type:b dur:2 cpbdur:2 q:35.57 aq:37.07 tex:102 mv:315 misc:815 imb:0 pmb:121 smb:8039 d:t ref:0 ;
in:486 out:483 type:P dur:2 cpbdur:2 q:34.86 aq:26.93 tex:296638 mv:9062 misc:5692 imb:329 pmb:2895 smb:4936 d:t ref:0 ;
in:484 out:484 type:B dur:2 cpbdur:2 q:35.53 aq:34.86 tex:1692 mv:1416 misc:1540 imb:14 pmb:457 smb:7689 d:t ref:0 ;
in:483 out:485 type:b dur:2 cpbdur:2 q:35.80 aq:37.38 tex:1263 mv:879 misc:1386 imb:2 pmb:394 smb:7764 d:s ref:0 ;
in:485 out:486 type:b dur:2 cpbdur:2 q:35.80 aq:37.09 tex:503 mv:1332 misc:701 imb:34 pmb:175 smb:7951 d:- ref:0 ;
in:488 out:487 type:P dur:2 cpbdur:2 q:34.67 aq:26.68 tex:196959 mv:5252 misc:5741 imb:202 pmb:2527 smb:5431 d:t ref:0 ;
in:487 out:488 type:b dur:2 cpbdur:2 q:35.29 aq:32.09 tex:185 mv:193 misc:694 imb:0 pmb:67 smb:8093 d:t ref:0 ;
in:490 out:489 type:P dur:2 cpbdur:2 q:34.54 aq:26.63 tex:194396 mv:5421 misc:5967 imb:305 pmb:2447 smb:5408 d:t ref:0 ;
in:489 out:490 type:b dur:2 cpbdur:2 q:34.96 aq:35.60 tex:233 mv:284 misc:843 imb:0 pmb:106 smb:8054 d:t ref:0 ;
in:494 out:491 type:P dur:2 cpbdur:2 q:34.39 aq:26.80 tex:260682 mv:7495 misc:5343 imb:286 pmb:2669 smb:5205 d:t ref:0 ;
in:492 out:492 type:B dur:2 cpbdur:2 q:34.78 aq:34.69 tex:3042 mv:1577 misc:1789 imb:3 pmb:480 smb:7677 d:s ref:0 ;
in:491 out:493 type:b dur:2 cpbdur:2 q:35.05 aq:35.67 tex:1012 mv:969 misc:1243 imb:2 pmb:318 smb:7840 d:s ref:0 ;
in:493 out:494 type:b dur:2 cpbdur:2 q:35.05 aq:36.67 tex:798 mv:1469 misc:813 imb:44 pmb:176 smb:7940 d:- ref:0 ;
in:496 out:495 type:P dur:2 cpbdur:2 q:34.39 aq:26.43 tex:154715 mv:4209 misc:5372 imb:197 pmb:2017 smb:5946 d:t ref:0 ;
in:495 out:496 type:b dur:2 cpbdur:2 q:34.83 aq:35.56 tex:742 mv:362 misc:776 imb:0 pmb:93 smb:8067 d:t ref:0 ;
in:502 out:497 type:P dur:2 cpbdur:2 q:34.14 aq:26.87 tex:285505 mv:9147 misc:5012 imb:480 pmb:2585 smb:5095 d:t ref:0 ;
in:499 out:498 type:B dur:2 cpbdur:2 q:34.79 aq:33.43 tex:6467 mv:3115 misc:2242 imb:71 pmb:656 smb:7433 d:s ref:0 ;
in:497 out:499 type:b dur:2 cpbdur:2 q:35.18 aq:34.88 tex:561 mv:1189 misc:1330 imb:7 pmb:271 smb:7882 d:s ref:0 ;
in:498 out:500 type:b dur:2 cpbdur:2 q:35.18 aq:37.57 tex:431 mv:966 misc:1211 imb:0 pmb:253 smb:7907 d:s ref:0 ;
in:500 out:501 type:b dur:2 cpbdur:2 q:35.18 aq:36.34 tex:5189 mv:2277 misc:1134 imb:23 pmb:343 smb:7794 d:- ref:0 ;
in:501 out:502 type:b dur:2 cpbdur:2 q:35.18 aq:36.45 tex:5526 mv:2447 misc:1171 imb:26 pmb:369 smb:7765 d:- ref:0 ;
in:508 out:503 type:P dur:2 cpbdur:2 q:33.83 aq:26.61 tex:264468 mv:8847 misc:4981 imb:436 pmb:2370 smb:5354 d:t ref:0 ;
in:505 out:504 type:B dur:2 cpbdur:2 q:34.48 aq:33.00 tex:7617 mv:2570 misc:2285 imb:12 pmb:614 smb:7534 d:t ref:0 ;
in:503 out:505 type:b dur:2 cpbdur:2 q:34.80 aq:36.03 tex:1413 mv:1009 misc:1250 imb:8 pmb:214 smb:7938 d:s ref:0 ;
in:504 out:506 type:b dur:2 cpbdur:2 q:34.80 aq:35.80 tex:1536 mv:891 misc:1301 imb:5 pmb:236 smb:7919 d:s ref:0 ;
in:506 out:507 type:b dur:2 cpbdur:2 q:34.80 aq:36.14 tex:2766 mv:1757 misc:1133 imb:36 pmb:305 smb:7819 d:- ref:0 ;
in:507 out:508 type:b dur:2 cpbdur:2 q:34.80 aq:35.54 tex:1719 mv:1751 misc:1098 imb:27 pmb:277 smb:7856 d:- ref:0 ;
in:511 out:509 type:P dur:2 cpbdur:2 q:33.89 aq:26.63 tex:231135 mv:7550 misc:5147 imb:339 pmb:2325 smb:5496 d:t ref:0 ;
in:509 out:510 type:B dur:2 cpbdur:2 q:34.31 aq:34.45 tex:1651 mv:1026 misc:1451 imb:0 pmb:346 smb:7814 d:t ref:0 ;
in:510 out:511 type:b dur:2 cpbdur:2 q:34.65 aq:36.95 tex:1360 mv:1322 misc:982 imb:4 pmb:277 smb:7879 d:- ref:0 ;
in:513 out:512 type:P dur:2 cpbdur:2 q:33.85 aq:26.38 tex:158292 mv:5235 misc:4953 imb:165 pmb:1904 smb:6091 d:t ref:0 ;
in:512 out:513 type:b dur:2 cpbdur:2 q:34.22 aq:35.29 tex:778 mv:623 misc:967 imb:0 pmb:141 smb:8019 d:t ref:0 ;
in:515 out:514 type:P dur:2 cpbdur:2 q:33.68 aq:26.72 tex:150826 mv:5353 misc:4845 imb:294 pmb:1910 smb:5956 d:t ref:0 ;
in:514 out:515 type:b dur:2 cpbdur:2 q:34.19 aq:35.65 tex:892 mv:317 misc:783 imb:1 pmb:91 smb:8068 d:t ref:0 ;
in:521 out:516 type:P dur:2 cpbdur:2 q:33.70 aq:27.60 tex:203302 mv:9328 misc:4218 imb:504 pmb:1978 smb:5678 d:t ref:0 ;
in:518 out:517 type:B dur:2 cpbdur:2 q:34.05 aq:32.13 tex:12315 mv:3289 misc:2356 imb:49 pmb:725 smb:7386 d:t ref:0 ;
in:516 out:518 type:b dur:2 cpbdur:2 q:34.26 aq:36.43 tex:1787 mv:1501 misc:1520 imb:36 pmb:329 smb:7795 d:s ref:0 ;
in:517 out:519 type:b dur:2 cpbdur:2 q:34.26 aq:35.24 tex:1115 mv:985 misc:1436 imb:0 pmb:306 smb:7854 d:s ref:0 ;
in:519 out:520 type:b dur:2 cpbdur:2 q:34.26 aq:36.00 tex:2206 mv:1527 misc:1091 imb:10 pmb:329 smb:7821 d:- ref:0 ;
in:520 out:521 type:b dur:2 cpbdur:2 q:34.26 aq:34.70 tex:1576 mv:1486 misc:1122 imb:10 pmb:314 smb:7836 d:- ref:0 ;
in:524 out:522 type:P dur:2 cpbdur:2 q:33.65 aq:27.40 tex:161855 mv:6816 misc:4457 imb:316 pmb:1898 smb:5946 d:t ref:0 ;
in:522 out:523 type:B dur:2 cpbdur:2 q:34.04 aq:33.68 tex:2003 mv:798 misc:1143 imb:3 pmb:254 smb:7903 d:t ref:0 ;
in:523 out:524 type:b dur:2 cpbdur:2 q:34.25 aq:34.96 tex:1025 mv:1250 misc:925 imb:3 pmb:232 smb:7925 d:- ref:0 ;
in:526 out:525 type:P dur:2 cpbdur:2 q:33.50 aq:26.62 tex:144035 mv:5155 misc:4762 imb:145 pmb:1885 smb:6130 d:t ref:0 ;
in:525 out:526 type:b dur:2 cpbdur:2 q:33.85 aq:35.25 tex:743 mv:641 misc:1168 imb:6 pmb:246 smb:7908 d:s ref:0 ;
in:530 out:527 type:P dur:2 cpbdur:2 q:33.33 aq:27.34 tex:229574 mv:9773 misc:4381 imb:553 pmb:2152 smb:5455 d:t ref:0 ;
in:528 out:528 type:B dur:2 cpbdur:2 q:33.80 aq:33.38 tex:14170 mv:4306 misc:2164 imb:195 pmb:650 smb:7315 d:s ref:0 ;
in:527 out:529 type:b dur:2 cpbdur:2 q:34.08 aq:35.04 tex:1392 mv:991 misc:1457 imb:2 pmb:293 smb:7865 d:s ref:0 ;
in:529 out:530 type:b dur:2 cpbdur:2 q:34.08 aq:34.43 tex:14657 mv:4308 misc:1291 imb:117 pmb:425 smb:7618 d:- ref:0 ;
in:534 out:531 type:P dur:2 cpbdur:2 q:33.73 aq:28.28 tex:315222 mv:15198 misc:3580 imb:1488 pmb:1799 smb:4873 d:s ref:0 ;
in:532 out:532 type:B dur:2 cpbdur:2 q:34.09 aq:33.64 tex:55489 mv:12920 misc:1823 imb:1163 pmb:612 smb:6385 d:s ref:0 ;
in:531 out:533 type:b dur:2 cpbdur:2 q:34.09 aq:34.84 tex:3614 mv:2474 misc:1280 imb:107 pmb:336 smb:7717 d:s ref:0 ;
in:533 out:534 type:b dur:2 cpbdur:2 q:34.09 aq:35.07 tex:23544 mv:8914 misc:1910 imb:639 pmb:647 smb:6874 d:- ref:0 ;
in:539 out:535 type:P dur:2 cpbdur:2 q:34.76 aq:28.84 tex:288912 mv:13234 misc:3350 imb:1342 pmb:1543 smb:5275 d:s ref:0 ;
in:536 out:536 type:B dur:2 cpbdur:2 q:35.12 aq:34.54 tex:25658 mv:9971 misc:2155 imb:751 pmb:680 smb:6729 d:s ref:0 ;
in:535 out:537 type:b dur:2 cpbdur:2 q:36.44 aq:37.81 tex:32408 mv:14699 misc:1021 imb:1090 pmb:802 smb:6268 d:s ref:0 ;
in:537 out:538 type:b dur:2 cpbdur:2 q:35.42 aq:36.13 tex:3714 mv:2638 misc:1560 imb:69 pmb:574 smb:7517 d:- ref:0 ;
in:538 out:539 type:b dur:2 cpbdur:2 q:35.42 aq:37.38 tex:1223 mv:1894 misc:1299 imb:11 pmb:369 smb:7780 d:- ref:0 ;
in:542 out:540 type:P dur:2 cpbdur:2 q:34.64 aq:28.59 tex:186722 mv:7358 misc:4272 imb:386 pmb:1824 smb:5950 d:t ref:0 ;
in:540 out:541 type:B dur:2 cpbdur:2 q:35.21 aq:35.45 tex:2510 mv:1135 misc:1275 imb:27 pmb:305 smb:7828 d:t ref:0 ;
in:541 out:542 type:b dur:2 cpbdur:2 q:35.51 aq:36.19 tex:3156 mv:1501 misc:783 imb:30 pmb:235 smb:7895 d:- ref:0 ;
in:544 out:543 type:P dur:2 cpbdur:2 q:34.69 aq:28.17 tex:154376 mv:6400 misc:4216 imb:222 pmb:1708 smb:6230 d:s ref:0 ;
in:543 out:544 type:b dur:2 cpbdur:2 q:35.20 aq:35.73 tex:374 mv:1078 misc:748 imb:3 pmb:188 smb:7969 d:t ref:0 ;
in:550 out:545 type:P dur:2 cpbdur:2 q:34.30 aq:28.54 tex:169838 mv:8149 misc:4269 imb:301 pmb:2133 smb:5726 d:s ref:0 ;
in:547 out:546 type:B dur:2 cpbdur:2 q:35.06 aq:33.70 tex:7324 mv:3216 misc:1956 imb:89 pmb:506 smb:7565 d:s ref:0 ;
in:545 out:547 type:b dur:2 cpbdur:2 q:35.34 aq:34.46 tex:242 mv:1056 misc:1030 imb:1 pmb:179 smb:7980 d:s ref:0 ;
in:546 out:548 type:b dur:2 cpbdur:2 q:35.34 aq:34.62 tex:693 mv:1078 misc:1037 imb:7 pmb:177 smb:7976 d:s ref:0 ;
in:548 out:549 type:b dur:2 cpbdur:2 q:35.34 aq:35.66 tex:553 mv:1185 misc:734 imb:4 pmb:184 smb:7972 d:- ref:0 ;
in:549 out:550 type:b dur:2 cpbdur:2 q:35.34 aq:35.94 tex:687 mv:1297 misc:880 imb:5 pmb:219 smb:7936 d:- ref:0 ;
in:552 out:551 type:P dur:2 cpbdur:2 q:34.33 aq:27.92 tex:198185 mv:7253 misc:4554 imb:312 pmb:2236 smb:5612 d:s ref:0 ;
in:551 out:552 type:b dur:2 cpbdur:2 q:34.73 aq:35.32 tex:6796 mv:2896 misc:1300 imb:21 pmb:542 smb:7597 d:s ref:0 ;
in:557 out:553 type:P dur:2 cpbdur:2 q:34.94 aq:28.65 tex:253002 mv:11944 misc:3806 imb:663 pmb:2409 smb:5088 d:s ref:0 ;
in:554 out:554 type:B dur:2 cpbdur:2 q:35.11 aq:34.15 tex:6937 mv:4740 misc:2051 imb:79 pmb:706 smb:7375 d:s ref:0 ;
in:553 out:555 type:b dur:2 cpbdur:2 q:35.28 aq:35.73 tex:1316 mv:2386 misc:1050 imb:110 pmb:300 smb:7750 d:s ref:0 ;
in:555 out:556 type:b dur:2 cpbdur:2 q:35.28 aq:35.77 tex:682 mv:1515 misc:1187 imb:6 pmb:382 smb:7772 d:- ref:0 ;
in:556 out:557 type:b dur:2 cpbdur:2 q:35.28 aq:34.64 tex:1212 mv:2221 misc:1319 imb:24 pmb:401 smb:7735 d:- ref:0 ;
in:561 out:558 type:P dur:2 cpbdur:2 q:35.05 aq:28.23 tex:200958 mv:9334 misc:4308 imb:409 pmb:1933 smb:5818 d:s ref:0 ;
in:559 out:559 type:B dur:2 cpbdur:2 q:35.36 aq:35.30 tex:5117 mv:3645 misc:1614 imb:81 pmb:463 smb:7616 d:s ref:0 ;
in:558 out:560 type:b dur:2 cpbdur:2 q:35.53 aq:38.15 tex:825 mv:1644 misc:859 imb:21 pmb:211 smb:7928 d:t ref:0 ;
in:560 out:561 type:b dur:2 cpbdur:2 q:35.53 aq:34.16 tex:439 mv:1241 misc:792 imb:5 pmb:192 smb:7963 d:- ref:0 ;
in:563 out:562 type:P dur:2 cpbdur:2 q:34.63 aq:27.31 tex:175964 mv:6066 misc:5066 imb:271 pmb:2282 smb:5607 d:s ref:0 ;
in:562 out:563 type:b dur:2 cpbdur:2 q:35.36 aq:34.90 tex:202 mv:1187 misc:683 imb:2 pmb:181 smb:7977 d:t ref:0 ;
in:565 out:564 type:P dur:2 cpbdur:2 q:34.34 aq:26.90 tex:138373 mv:5375 misc:4924 imb:220 pmb:1957 smb:5983 d:s ref:0 ;
in:564 out:565 type:b dur:2 cpbdur:2 q:34.97 aq:32.05 tex:210 mv:1016 misc:646 imb:4 pmb:165 smb:7991 d:t ref:0 ;
in:566 out:566 type:P dur:2 cpbdur:2 q:34.04 aq:26.32 tex:149820 mv:4086 misc:5310 imb:150 pmb:2135 smb:5875 d:s ref:0 ;
in:568 out:567 type:P dur:2 cpbdur:2 q:34.09 aq:26.98 tex:127385 mv:4981 misc:4210 imb:210 pmb:1577 smb:6373 d:s ref:0 ;
in:567 out:568 type:b dur:2 cpbdur:2 q:34.57 aq:33.11 tex:349 mv:1081 misc:626 imb:1 pmb:164 smb:7995 d:t ref:0 ;
in:574 out:569 type:P dur:2 cpbdur:2 q:34.56 aq:28.59 tex:188628 mv:9824 misc:3964 imb:414 pmb:1952 smb:5794 d:s ref:0 ;
in:571 out:570 type:B dur:2 cpbdur:2 q:34.73 aq:33.70 tex:16590 mv:4634 misc:2168 imb:84 pmb:691 smb:7385 d:t ref:0 ;
in:569 out:571 type:b dur:2 cpbdur:2 q:34.90 aq:34.19 tex:441 mv:1352 misc:951 imb:1 pmb:244 smb:7915 d:s ref:0 ;
in:570 out:572 type:b dur:2 cpbdur:2 q:34.90 aq:36.33 tex:551 mv:1382 misc:1027 imb:6 pmb:256 smb:7898 d:s ref:0 ;
in:572 out:573 type:b dur:2 cpbdur:2 q:34.90 aq:36.38 tex:997 mv:1528 misc:1155 imb:11 pmb:340 smb:7809 d:- ref:0 ;
in:573 out:574 type:b dur:2 cpbdur:2 q:34.90 aq:33.93 tex:531 mv:1627 misc:1082 imb:6 pmb:330 smb:7824 d:- ref:0 ;
in:577 out:575 type:P dur:2 cpbdur:2 q:34.25 aq:27.53 tex:145484 mv:7152 misc:4620 imb:285 pmb:1854 smb:6021 d:s ref:0 ;
in:575 out:576 type:B dur:2 cpbdur:2 q:34.86 aq:36.01 tex:2243 mv:1624 misc:1157 imb:11 pmb:309 smb:7840 d:t ref:0 ;
in:576 out:577 type:b dur:2 cpbdur:2 q:35.02 aq:37.43 tex:458 mv:1207 misc:727 imb:3 pmb:185 smb:7972 d:- ref:0 ;
in:578 out:578 type:P dur:2 cpbdur:2 q:33.82 aq:26.73 tex:118410 mv:3792 misc:4718 imb:183 pmb:1693 smb:6284 d:s ref:0 ;
in:580 out:579 type:P dur:2 cpbdur:2 q:33.85 aq:26.79 tex:164222 mv:5653 misc:4813 imb:232 pmb:2015 smb:5913 d:s ref:0 ;
in:579 out:580 type:b dur:2 cpbdur:2 q:34.07 aq:35.47 tex:543 mv:1151 misc:762 imb:7 pmb:195 smb:7958 d:t ref:0 ;
in:582 out:581 type:P dur:2 cpbdur:2 q:33.96 aq:27.07 tex:142570 mv:5330 misc:4316 imb:292 pmb:1644 smb:6224 d:s ref:0 ;
in:581 out:582 type:b dur:2 cpbdur:2 q:34.31 aq:34.07 tex:621 mv:1163 misc:696 imb:4 pmb:165 smb:7991 d:t ref:0 ;
in:584 out:583 type:P dur:2 cpbdur:2 q:33.73 aq:26.89 tex:167149 mv:5610 misc:4489 imb:211 pmb:2031 smb:5918 d:s ref:0 ;
in:583 out:584 type:b dur:2 cpbdur:2 q:34.37 aq:34.97 tex:534 mv:1246 misc:740 imb:15 pmb:179 smb:7966 d:t ref:0 ;
in:586 out:585 type:P dur:2 cpbdur:2 q:33.89 aq:27.55 tex:173168 mv:5879 misc:4401 imb:250 pmb:1838 smb:6072 d:s ref:0 ;
in:585 out:586 type:b dur:2 cpbdur:2 q:34.35 aq:35.40 tex:577 mv:1133 misc:786 imb:3 pmb:193 smb:7964 d:t ref:0 ;
in:592 out:587 type:P dur:2 cpbdur:2 q:34.21 aq:27.98 tex:192354 mv:9937 misc:4165 imb:439 pmb:2007 smb:5714 d:s ref:0 ;
in:589 out:588 type:B dur:2 cpbdur:2 q:34.65 aq:33.84 tex:7388 mv:3371 misc:1953 imb:63 pmb:520 smb:7577 d:s ref:0 ;
in:587 out:589 type:b dur:2 cpbdur:2 q:35.06 aq:35.70 tex:1280 mv:1336 misc:840 imb:4 pmb:216 smb:7940 d:s ref:0 ;
in:588 out:590 type:b dur:2 cpbdur:2 q:35.06 aq:36.30 tex:1617 mv:1736 misc:839 imb:60 pmb:206 smb:7894 d:s ref:0 ;
in:590 out:591 type:b dur:2 cpbdur:2 q:35.06 aq:36.22 tex:5968 mv:2384 misc:1008 imb:44 pmb:313 smb:7803 d:- ref:0 ;
in:591 out:592 type:b dur:2 cpbdur:2 q:35.06 aq:36.17 tex:5975 mv:2245 misc:1012 imb:23 pmb:328 smb:7809 d:- ref:0 ;
in:595 out:593 type:P dur:2 cpbdur:2 q:34.21 aq:27.97 tex:170122 mv:7083 misc:4251 imb:354 pmb:1854 smb:5952 d:s ref:0 ;
in:593 out:594 type:B dur:2 cpbdur:2 q:34.63 aq:34.78 tex:2620 mv:1730 misc:1162 imb:27 pmb:278 smb:7855 d:s ref:0 ;
in:594 out:595 type:b dur:2 cpbdur:2 q:35.04 aq:32.17 tex:216 mv:1168 misc:656 imb:3 pmb:156 smb:8001 d:- ref:0 ;
in:597 out:596 type:P dur:2 cpbdur:2 q:33.90 aq:27.10 tex:154755 mv:4880 misc:4717 imb:209 pmb:1920 smb:6031 d:s ref:0 ;
in:596 out:597 type:b dur:2 cpbdur:2 q:34.58 aq:35.00 tex:423 mv:1063 misc:754 imb:1 pmb:176 smb:7983 d:t ref:0 ;
in:599 out:598 type:P dur:2 cpbdur:2 q:33.81 aq:26.99 tex:122632 mv:4474 misc:4462 imb:189 pmb:1661 smb:6310 d:s ref:0 ;
in:598 out:599 type:b dur:2 cpbdur:2 q:34.25 aq:31.14 tex:190 mv:994 misc:616 imb:2 pmb:147 smb:8011 d:t ref:0 ;
in:601 out:600 type:P dur:2 cpbdur:2 q:34.26 aq:28.18 tex:130168 mv:5540 misc:4060 imb:217 pmb:1598 smb:6345 d:s ref:0 ;
in:600 out:601 type:b dur:2 cpbdur:2 q:34.50 aq:35.49 tex:523 mv:1220 misc:841 imb:2 pmb:216 smb:7942 d:t ref:0 ;
in:603 out:602 type:P dur:2 cpbdur:2 q:34.01 aq:27.23 tex:149335 mv:5654 misc:4779 imb:221 pmb:1884 smb:6055 d:s ref:0 ;
in:602 out:603 type:b dur:2 cpbdur:2 q:34.69 aq:31.09 tex:350 mv:1178 misc:752 imb:1 pmb:208 smb:7951 d:t ref:0 ;
in:608 out:604 type:P dur:2 cpbdur:2 q:33.97 aq:27.67 tex:241269 mv:10308 misc:4143 imb:475 pmb:2185 smb:5500 d:s ref:0 ;
in:605 out:605 type:B dur:2 cpbdur:2 q:34.42 aq:33.72 tex:16806 mv:3437 misc:1981 imb:49 pmb:558 smb:7553 d:s ref:0 ;
in:604 out:606 type:b dur:2 cpbdur:2 q:34.69 aq:36.32 tex:475 mv:1178 misc:803 imb:2 pmb:198 smb:7960 d:s ref:0 ;
in:606 out:607 type:b dur:2 cpbdur:2 q:34.69 aq:36.64 tex:816 mv:1556 misc:972 imb:41 pmb:228 smb:7891 d:- ref:0 ;
in:607 out:608 type:b dur:2 cpbdur:2 q:34.69 aq:36.25 tex:2777 mv:1641 misc:1230 imb:5 pmb:355 smb:7800 d:- ref:0 ;
in:610 out:609 type:P dur:2 cpbdur:2 q:34.00 aq:27.38 tex:164489 mv:6572 misc:4443 imb:248 pmb:1808 smb:6104 d:s ref:0 ;
in:609 out:610 type:b dur:2 cpbdur:2 q:34.60 aq:34.43 tex:915 mv:1398 misc:1239 imb:3 pmb:342 smb:7815 d:t ref:0 ;
in:612 out:611 type:P dur:2 cpbdur:2 q:34.08 aq:27.98 tex:155900 mv:6039 misc:4141 imb:212 pmb:1816 smb:6132 d:s ref:0 ;
in:611 out:612 type:b dur:2 cpbdur:2 q:34.51 aq:35.64 tex:543 mv:1286 misc:899 imb:2 pmb:257 smb:7901 d:t ref:0 ;
in:613 out:613 type:P dur:2 cpbdur:2 q:33.91 aq:26.63 tex:118310 mv:3105 misc:4881 imb:84 pmb:1677 smb:6399 d:s ref:0 ;
in:615 out:614 type:P dur:2 cpbdur:2 q:33.87 aq:27.59 tex:164579 mv:7118 misc:4399 imb:305 pmb:1989 smb:5866 d:s ref:0 ;
in:614 out:615 type:b dur:2 cpbdur:2 q:34.52 aq:36.03 tex:918 mv:1431 misc:939 imb:4 pmb:259 smb:7897 d:s ref:0 ;
in:617 out:616 type:P dur:2 cpbdur:2 q:33.63 aq:27.18 tex:142888 mv:4932 misc:4668 imb:200 pmb:1948 smb:6012 d:s ref:0 ;
in:616 out:617 type:b dur:2 cpbdur:2 q:34.16 aq:35.16 tex:270 mv:931 misc:599 imb:3 pmb:137 smb:8020 d:t ref:0 ;
in:620 out:618 type:P dur:2 cpbdur:2 q:34.05 aq:27.91 tex:171720 mv:7440 misc:4152 imb:289 pmb:1962 smb:5909 d:s ref:0 ;
in:618 out:619 type:B dur:2 cpbdur:2 q:34.33 aq:34.58 tex:2083 mv:1517 misc:1216 imb:10 pmb:297 smb:7853 d:t ref:0 ;
in:619 out:620 type:b dur:2 cpbdur:2 q:34.60 aq:34.44 tex:408 mv:1152 misc:928 imb:1 pmb:228 smb:7931 d:- ref:0 ;
in:622 out:621 type:P dur:2 cpbdur:2 q:33.98 aq:27.36 tex:160016 mv:5994 misc:4574 imb:252 pmb:1895 smb:6013 d:s ref:0 ;
in:621 out:622 type:b dur:2 cpbdur:2 q:34.32 aq:35.67 tex:520 mv:1197 misc:899 imb:2 pmb:210 smb:7948 d:s ref:0 ;
in:628 out:623 type:P dur:2 cpbdur:2 q:34.79 aq:28.85 tex:183601 mv:9428 misc:4051 imb:416 pmb:2065 smb:5679 d:s ref:0 ;
in:625 out:624 type:B dur:2 cpbdur:2 q:34.84 aq:33.76 tex:14540 mv:4117 misc:2079 imb:101 pmb:620 smb:7439 d:s ref:0 ;
in:623 out:625 type:b dur:2 cpbdur:2 q:34.84 aq:35.89 tex:1694 mv:1345 misc:1025 imb:9 pmb:246 smb:7905 d:s ref:0 ;
in:624 out:626 type:b dur:2 cpbdur:2 q:34.84 aq:35.00 tex:1054 mv:1381 misc:869 imb:8 pmb:212 smb:7940 d:s ref:0 ;
in:626 out:627 type:b dur:2 cpbdur:2 q:34.84 aq:35.50 tex:1255 mv:1311 misc:1026 imb:14 pmb:251 smb:7895 d:- ref:0 ;
in:627 out:628 type:b dur:2 cpbdur:2 q:34.84 aq:35.45 tex:1009 mv:1299 misc:916 imb:7 pmb:233 smb:7920 d:- ref:0 ;
in:630 out:629 type:P dur:2 cpbdur:2 q:34.82 aq:29.08 tex:116789 mv:5611 misc:4208 imb:223 pmb:1672 smb:6265 d:s ref:0 ;
in:629 out:630 type:b dur:2 cpbdur:2 q:35.17 aq:35.66 tex:994 mv:1173 misc:673 imb:10 pmb:155 smb:7995 d:t ref:0 ;
in:632 out:631 type:P dur:2 cpbdur:2 q:33.79 aq:27.25 tex:151427 mv:6049 misc:4948 imb:280 pmb:2200 smb:5680 d:s ref:0 ;
in:631 out:632 type:b dur:2 cpbdur:2 q:34.95 aq:32.40 tex:212 mv:1016 misc:612 imb:1 pmb:145 smb:8014 d:t ref:0 ;
in:634 out:633 type:P dur:2 cpbdur:2 q:33.86 aq:28.08 tex:161396 mv:6188 misc:4160 imb:298 pmb:1880 smb:5982 d:s ref:0 ;
in:633 out:634 type:b dur:2 cpbdur:2 q:34.60 aq:35.36 tex:1473 mv:1314 misc:765 imb:7 pmb:192 smb:7961 d:t ref:0 ;
in:636 out:635 type:P dur:2 cpbdur:2 q:33.99 aq:28.03 tex:134200 mv:5750 misc:4098 imb:243 pmb:1593 smb:6324 d:s ref:0 ;
in:635 out:636 type:b dur:2 cpbdur:2 q:34.31 aq:34.21 tex:1575 mv:1462 misc:955 imb:4 pmb:242 smb:7914 d:t ref:0 ;
in:638 out:637 type:P dur:2 cpbdur:2 q:34.00 aq:27.78 tex:159383 mv:7644 misc:4437 imb:409 pmb:1941 smb:5810 d:s ref:0 ;
in:637 out:638 type:b dur:2 cpbdur:2 q:34.11 aq:34.72 tex:548 mv:1222 misc:958 imb:5 pmb:257 smb:7898 d:s ref:0 ;
in:641 out:639 type:P dur:2 cpbdur:2 q:34.32 aq:28.63 tex:161691 mv:6827 misc:4442 imb:265 pmb:1815 smb:6080 d:s ref:0 ;
in:639 out:640 type:B dur:2 cpbdur:2 q:34.64 aq:34.55 tex:1941 mv:1523 misc:1024 imb:5 pmb:287 smb:7868 d:t ref:0 ;
in:640 out:641 type:b dur:2 cpbdur:2 q:34.96 aq:33.45 tex:129 mv:1218 misc:669 imb:4 pmb:167 smb:7989 d:- ref:0 ;
in:643 out:642 type:P dur:2 cpbdur:2 q:34.09 aq:27.95 tex:153185 mv:6419 misc:4428 imb:265 pmb:1894 smb:6001 d:s ref:0 ;
in:642 out:643 type:b dur:2 cpbdur:2 q:34.64 aq:34.51 tex:771 mv:1331 misc:898 imb:4 pmb:236 smb:7920 d:t ref:0 ;
in:645 out:644 type:P dur:2 cpbdur:2 q:34.17 aq:27.84 tex:137461 mv:5354 misc:4313 imb:204 pmb:1655 smb:6301 d:s ref:0 ;
in:644 out:645 type:b dur:2 cpbdur:2 q:34.50 aq:33.35 tex:702 mv:1385 misc:729 imb:3 pmb:181 smb:7976 d:t ref:0 ;
in:647 out:646 type:P dur:2 cpbdur:2 q:34.05 aq:27.30 tex:133686 mv:5394 misc:4376 imb:267 pmb:1769 smb:6124 d:s ref:0 ;
in:646 out:647 type:b dur:2 cpbdur:2 q:34.60 aq:32.62 tex:316 mv:1123 misc:681 imb:3 pmb:180 smb:7977 d:t ref:0 ;
in:652 out:648 type:P dur:2 cpbdur:2 q:34.59 aq:28.64 tex:205105 mv:10604 misc:4411 imb:487 pmb:2187 smb:5486 d:s ref:0 ;
in:649 out:649 type:B dur:2 cpbdur:2 q:34.73 aq:34.05 tex:5245 mv:2676 misc:1719 imb:48 pmb:414 smb:7698 d:s ref:0 ;
in:648 out:650 type:b dur:2 cpbdur:2 q:34.84 aq:33.24 tex:394 mv:1293 misc:913 imb:2 pmb:261 smb:7897 d:s ref:0 ;
in:650 out:651 type:b dur:2 cpbdur:2 q:34.84 aq:34.97 tex:527 mv:1300 misc:797 imb:3 pmb:209 smb:7948 d:- ref:0 ;
in:651 out:652 type:b dur:2 cpbdur:2 q:34.84 aq:34.38 tex:547 mv:1233 misc:860 imb:5 pmb:212 smb:7943 d:- ref:0 ;
in:656 out:653 type:P dur:2 cpbdur:2 q:34.48 aq:28.58 tex:152407 mv:7644 misc:4413 imb:339 pmb:2148 smb:5673 d:s ref:0 ;
in:654 out:654 type:B dur:2 cpbdur:2 q:34.99 aq:34.81 tex:3535 mv:2304 misc:1257 imb:68 pmb:271 smb:7821 d:s ref:0 ;
in:653 out:655 type:b dur:2 cpbdur:2 q:35.10 aq:35.66 tex:899 mv:1364 misc:921 imb:15 pmb:212 smb:7933 d:s ref:0 ;
in:655 out:656 type:b dur:2 cpbdur:2 q:35.10 aq:35.21 tex:419 mv:1064 misc:693 imb:4 pmb:162 smb:7994 d:- ref:0 ;
in:661 out:657 type:P dur:2 cpbdur:2 q:34.41 aq:28.73 tex:186304 mv:10734 misc:4570 imb:503 pmb:2272 smb:5385 d:s ref:0 ;
in:658 out:658 type:B dur:2 cpbdur:2 q:34.92 aq:34.22 tex:5328 mv:2175 misc:1537 imb:11 pmb:378 smb:7771 d:s ref:0 ;
in:657 out:659 type:b dur:2 cpbdur:2 q:35.09 aq:31.13 tex:195 mv:1043 misc:674 imb:3 pmb:152 smb:8005 d:s ref:0 ;
in:659 out:660 type:b dur:2 cpbdur:2 q:35.09 aq:36.38 tex:428 mv:1152 misc:876 imb:3 pmb:225 smb:7932 d:- ref:0 ;
in:660 out:661 type:b dur:2 cpbdur:2 q:35.09 aq:33.97 tex:355 mv:1334 misc:927 imb:3 pmb:232 smb:7925 d:- ref:0 ;
in:666 out:662 type:P dur:2 cpbdur:2 q:34.67 aq:27.16 tex:280335 mv:12595 misc:6254 imb:573 pmb:3456 smb:4131 d:s ref:0 ;
in:663 out:663 type:B dur:2 cpbdur:2 q:35.10 aq:34.29 tex:4989 mv:3051 misc:1808 imb:45 pmb:512 smb:7603 d:s ref:0 ;
in:662 out:664 type:b dur:2 cpbdur:2 q:35.36 aq:31.73 tex:176 mv:1441 misc:1183 imb:7 pmb:319 smb:7834 d:s ref:0 ;
in:664 out:665 type:b dur:2 cpbdur:2 q:35.36 aq:33.63 tex:938 mv:1372 misc:874 imb:8 pmb:226 smb:7926 d:- ref:0 ;
in:665 out:666 type:b dur:2 cpbdur:2 q:35.36 aq:35.33 tex:992 mv:1316 misc:1012 imb:7 pmb:252 smb:7901 d:- ref:0 ;
in:668 out:667 type:P dur:2 cpbdur:2 q:34.54 aq:27.58 tex:155627 mv:6006 misc:5191 imb:228 pmb:2150 smb:5782 d:t ref:0 ;
in:667 out:668 type:b dur:2 cpbdur:2 q:35.20 aq:32.34 tex:196 mv:422 misc:878 imb:1 pmb:131 smb:8028 d:t ref:0 ;
in:670 out:669 type:P dur:2 cpbdur:2 q:34.27 aq:27.75 tex:164690 mv:6710 misc:4744 imb:281 pmb:2033 smb:5846 d:t ref:0 ;
in:669 out:670 type:b dur:2 cpbdur:2 q:34.89 aq:36.24 tex:384 mv:519 misc:913 imb:2 pmb:143 smb:8015 d:t ref:0 ;
in:671 out:671 type:I dur:2 cpbdur:2 q:30.52 aq:22.73 tex:3769734 mv:188860 misc:326 imb:8160 pmb:0 smb:0 d:t ref:;
in:673 out:672 type:P dur:2 cpbdur:2 q:33.80 aq:28.63 tex:108011 mv:5178 misc:3611 imb:241 pmb:1318 smb:6601 d:t ref:0 ;
in:672 out:673 type:b dur:2 cpbdur:2 q:33.80 aq:34.96 tex:321 mv:551 misc:1088 imb:0 pmb:259 smb:7901 d:s ref:0 ;
in:676 out:674 type:P dur:2 cpbdur:2 q:34.85 aq:29.63 tex:153568 mv:7615 misc:3985 imb:296 pmb:1764 smb:6100 d:t ref:0 ;
in:674 out:675 type:B dur:2 cpbdur:2 q:35.12 aq:35.65 tex:1729 mv:1380 misc:1443 imb:13 pmb:381 smb:7766 d:s ref:0 ;
in:675 out:676 type:b dur:2 cpbdur:2 q:35.31 aq:36.95 tex:279 mv:1307 misc:814 imb:5 pmb:222 smb:7933 d:- ref:0 ;
in:678 out:677 type:P dur:2 cpbdur:2 q:34.44 aq:29.25 tex:105103 mv:5455 misc:3778 imb:201 pmb:1573 smb:6386 d:s ref:0 ;
in:677 out:678 type:b dur:2 cpbdur:2 q:35.21 aq:35.94 tex:359 mv:1208 misc:841 imb:8 pmb:224 smb:7928 d:t ref:0 ;
in:683 out:679 type:P dur:2 cpbdur:2 q:34.71 aq:29.93 tex:124860 mv:7445 misc:3943 imb:193 pmb:2094 smb:5873 d:s ref:0 ;
in:680 out:680 type:B dur:2 cpbdur:2 q:35.03 aq:34.08 tex:4598 mv:2195 misc:1695 imb:26 pmb:399 smb:7735 d:t ref:0 ;
in:679 out:681 type:b dur:2 cpbdur:2 q:35.34 aq:33.00 tex:90 mv:938 misc:628 imb:3 pmb:148 smb:8009 d:s ref:0 ;
in:681 out:682 type:b dur:2 cpbdur:2 q:35.34 aq:33.00 tex:72 mv:979 misc:589 imb:5 pmb:150 smb:8005 d:- ref:0 ;
in:682 out:683 type:b dur:2 cpbdur:2 q:35.34 aq:38.13 tex:113 mv:1131 misc:676 imb:2 pmb:169 smb:7989 d:- ref:0 ;
in:685 out:684 type:P dur:2 cpbdur:2 q:34.66 aq:29.85 tex:105430 mv:5718 misc:3724 imb:300 pmb:1605 smb:6255 d:s ref:0 ;
in:684 out:685 type:b dur:2 cpbdur:2 q:35.02 aq:35.26 tex:158 mv:1001 misc:673 imb:4 pmb:164 smb:7992 d:t ref:0 ;
in:686 out:686 type:P dur:2 cpbdur:2 q:34.32 aq:29.27 tex:63164 mv:2827 misc:3505 imb:86 pmb:1177 smb:6897 d:s ref:0 ;
in:687 out:687 type:P dur:2 cpbdur:2 q:34.18 aq:29.20 tex:70783 mv:3428 misc:3469 imb:178 pmb:1165 smb:6817 d:s ref:0 ;
in:689 out:688 type:P dur:2 cpbdur:2 q:34.27 aq:29.23 tex:115084 mv:5357 misc:3999 imb:220 pmb:1681 smb:6259 d:s ref:0 ;
in:688 out:689 type:b dur:2 cpbdur:2 q:34.57 aq:37.92 tex:320 mv:1083 misc:701 imb:5 pmb:161 smb:7994 d:t ref:0 ;
in:691 out:690 type:P dur:2 cpbdur:2 q:34.39 aq:29.53 tex:100242 mv:4839 misc:3815 imb:151 pmb:1581 smb:6428 d:s ref:0 ;
in:690 out:691 type:b dur:2 cpbdur:2 q:34.73 aq:35.32 tex:245 mv:1115 misc:752 imb:4 pmb:192 smb:7964 d:t ref:0 ;
in:692 out:692 type:P dur:2 cpbdur:2 q:34.26 aq:29.08 tex:62340 mv:2927 misc:3333 imb:68 pmb:1094 smb:6998 d:s ref:0 ;
in:695 out:693 type:P dur:2 cpbdur:2 q:34.04 aq:29.36 tex:160850 mv:7513 misc:3989 imb:292 pmb:1888 smb:5980 d:s ref:0 ;
in:693 out:694 type:B dur:2 cpbdur:2 q:34.66 aq:34.64 tex:5413 mv:2075 misc:1240 imb:18 pmb:336 smb:7806 d:t ref:0 ;
in:694 out:695 type:b dur:2 cpbdur:2 q:35.04 aq:33.79 tex:100 mv:1160 misc:780 imb:4 pmb:188 smb:7968 d:- ref:0 ;
in:697 out:696 type:P dur:2 cpbdur:2 q:34.30 aq:29.54 tex:125609 mv:6656 misc:3759 imb:276 pmb:1648 smb:6236 d:s ref:0 ;
in:696 out:697 type:b dur:2 cpbdur:2 q:34.51 aq:35.45 tex:696 mv:1271 misc:1025 imb:4 pmb:256 smb:7900 d:s ref:0 ;
in:698 out:698 type:P dur:2 cpbdur:2 q:34.39 aq:29.75 tex:41451 mv:2234 misc:3003 imb:23 pmb:890 smb:7247 d:s ref:0 ;
in:700 out:699 type:P dur:2 cpbdur:2 q:34.46 aq:30.26 tex:89535 mv:5400 misc:3809 imb:179 pmb:1561 smb:6420 d:s ref:0 ;
in:699 out:700 type:b dur:2 cpbdur:2 q:34.70 aq:35.95 tex:384 mv:1035 misc:701 imb:2 pmb:181 smb:7977 d:t ref:0 ;
in:702 out:701 type:P dur:2 cpbdur:2 q:34.47 aq:30.33 tex:76213 mv:5114 misc:3713 imb:238 pmb:1457 smb:6465 d:s ref:0 ;
in:701 out:702 type:b dur:2 cpbdur:2 q:34.75 aq:33.72 tex:215 mv:983 misc:610 imb:4 pmb:139 smb:8017 d:t ref:0 ;
in:704 out:703 type:P dur:2 cpbdur:2 q:34.54 aq:30.85 tex:82962 mv:5623 misc:3543 imb:254 pmb:1377 smb:6529 d:s ref:0 ;
in:703 out:704 type:b dur:2 cpbdur:2 q:34.86 aq:36.28 tex:416 mv:1135 misc:881 imb:3 pmb:225 smb:7932 d:t ref:0 ;
in:706 out:705 type:P dur:2 cpbdur:2 q:34.25 aq:30.53 tex:72392 mv:5455 misc:3849 imb:256 pmb:1453 smb:6451 d:s ref:0 ;
in:705 out:706 type:b dur:2 cpbdur:2 q:34.82 aq:35.82 tex:205 mv:1073 misc:738 imb:4 pmb:173 smb:7983 d:t ref:0 ;
in:712 out:707 type:P dur:2 cpbdur:2 q:34.54 aq:32.98 tex:86141 mv:9519 misc:3836 imb:575 pmb:1408 smb:6177 d:s ref:0 ;
in:709 out:708 type:B dur:2 cpbdur:2 q:34.69 aq:33.38 tex:16139 mv:4980 misc:2673 imb:160 pmb:733 smb:7267 d:s ref:0 ;
in:707 out:709 type:b dur:2 cpbdur:2 q:34.77 aq:35.24 tex:326 mv:1296 misc:962 imb:4 pmb:228 smb:7928 d:s ref:0 ;
in:708 out:710 type:b dur:2 cpbdur:2 q:34.77 aq:35.47 tex:323 mv:1119 misc:894 imb:3 pmb:217 smb:7940 d:s ref:0 ;
in:710 out:711 type:b dur:2 cpbdur:2 q:34.77 aq:37.88 tex:2662 mv:1696 misc:1274 imb:14 pmb:345 smb:7801 d:- ref:0 ;
in:711 out:712 type:b dur:2 cpbdur:2 q:34.76 aq:35.70 tex:2292 mv:1832 misc:1316 imb:12 pmb:373 smb:7775 d:- ref:0 ;
in:716 out:713 type:P dur:2 cpbdur:2 q:35.21 aq:34.17 tex:220353 mv:17429 misc:2058 imb:3704 pmb:495 smb:3961 d:s ref:0 ;
in:714 out:714 type:B dur:2 cpbdur:2 q:35.21 aq:36.12 tex:22434 mv:4406 misc:2376 imb:154 pmb:586 smb:7420 d:s ref:0 ;
in:713 out:715 type:b dur:2 cpbdur:2 q:35.21 aq:37.37 tex:5959 mv:3970 misc:1215 imb:40 pmb:1061 smb:7059 d:s ref:0 ;
in:715 out:716 type:b dur:2 cpbdur:2 q:35.21 aq:37.58 tex:15753 mv:3820 misc:1907 imb:164 pmb:477 smb:7519 d:- ref:0 ;
in:717 out:717 type:P dur:2 cpbdur:2 q:35.28 aq:33.36 tex:126156 mv:12704 misc:3796 imb:1948 pmb:768 smb:5444 d:t ref:0 ;
in:718 out:718 type:P dur:2 cpbdur:2 q:34.60 aq:31.32 tex:143306 mv:12394 misc:5364 imb:1770 pmb:1191 smb:5199 d:t ref:0 ;
in:719 out:719 type:P dur:2 cpbdur:2 q:33.97 aq:30.24 tex:112787 mv:9147 misc:5186 imb:960 pmb:1479 smb:5721 d:t ref:0 ;
in:721 out:720 type:P dur:2 cpbdur:2 q:36.03 aq:32.26 tex:84007 mv:3927 misc:1490 imb:640 pmb:172 smb:7348 d:s ref:0 ;
in:720 out:721 type:b dur:2 cpbdur:2 q:36.52 aq:34.28 tex:42 mv:122 misc:508 imb:5 pmb:48 smb:8107 d:s ref:0 ;
in:722 out:722 type:P dur:2 cpbdur:2 q:37.16 aq:36.05 tex:130339 mv:5447 misc:1478 imb:875 pmb:234 smb:7051 d:s ref:0 ;
in:723 out:723 type:P dur:2 cpbdur:2 q:39.46 aq:38.96 tex:203986 mv:8444 misc:1258 imb:1214 pmb:298 smb:6648 d:s ref:0 ;
in:724 out:724 type:P dur:2 cpbdur:2 q:39.52 aq:35.37 tex:208128 mv:10055 misc:1353 imb:1535 pmb:318 smb:6307 d:s ref:0 ;
in:729 out:725 type:P dur:2 cpbdur:2 q:39.44 aq:31.05 tex:658334 mv:29977 misc:2113 imb:4434 pmb:1401 smb:2325 d:t ref:0 ;
in:726 out:726 type:B dur:2 cpbdur:2 q:39.54 aq:38.96 tex:33061 mv:19424 misc:1203 imb:1340 pmb:4253 smb:2567 d:s ref:0 ;
in:725 out:727 type:b dur:2 cpbdur:2 q:39.54 aq:40.50 tex:7317 mv:11652 misc:1407 imb:718 pmb:3425 smb:4017 d:s ref:0 ;
in:727 out:728 type:b dur:2 cpbdur:2 q:39.54 aq:40.75 tex:27630 mv:10969 misc:2201 imb:358 pmb:849 smb:6953 d:- ref:0 ;
in:728 out:729 type:b dur:2 cpbdur:2 q:39.54 aq:40.44 tex:11602 mv:12520 misc:2414 imb:169 pmb:936 smb:7055 d:- ref:0 ;
in:735 out:730 type:P dur:2 cpbdur:2 q:40.68 aq:32.02 tex:212296 mv:15087 misc:2241 imb:688 pmb:1558 smb:5914 d:t ref:0 ;
in:732 out:731 type:B dur:2 cpbdur:2 q:40.76 aq:38.52 tex:20402 mv:16605 misc:1553 imb:190 pmb:1703 smb:6267 d:s ref:0 ;
in:730 out:732 type:b dur:2 cpbdur:2 q:40.76 aq:40.92 tex:4828 mv:8297 misc:2531 imb:98 pmb:885 smb:7177 d:s ref:0 ;
in:731 out:733 type:b dur:2 cpbdur:2 q:40.76 aq:40.69 tex:3527 mv:6135 misc:2450 imb:60 pmb:752 smb:7348 d:s ref:0 ;
in:733 out:734 type:b dur:2 cpbdur:2 q:40.76 aq:40.04 tex:997 mv:1883 misc:1472 imb:5 pmb:394 smb:7761 d:- ref:0 ;
in:734 out:735 type:b dur:2 cpbdur:2 q:40.76 aq:40.65 tex:3418 mv:4744 misc:1646 imb:59 pmb:468 smb:7633 d:- ref:0 ;
in:739 out:736 type:P dur:2 cpbdur:2 q:41.16 aq:31.48 tex:155794 mv:11395 misc:1755 imb:332 pmb:1576 smb:6252 d:s ref:0 ;
in:737 out:737 type:B dur:2 cpbdur:2 q:41.40 aq:39.77 tex:1073 mv:2963 misc:1396 imb:10 pmb:414 smb:7736 d:s ref:0 ;
in:736 out:738 type:b dur:2 cpbdur:2 q:41.40 aq:41.07 tex:2355 mv:4036 misc:1449 imb:22 pmb:390 smb:7748 d:s ref:0 ;
in:738 out:739 type:b dur:2 cpbdur:2 q:41.40 aq:38.59 tex:77 mv:821 misc:822 imb:1 pmb:151 smb:8008 d:- ref:0 ;
in:741 out:740 type:P dur:2 cpbdur:2 q:39.66 aq:30.09 tex:180371 mv:5693 misc:3808 imb:99 pmb:2299 smb:5762 d:s ref:0 ;
in:740 out:741 type:b dur:2 cpbdur:2 q:41.60 aq:33.00 tex:23 mv:734 misc:627 imb:0 pmb:129 smb:8031 d:t ref:0 ;
in:743 out:742 type:P dur:2 cpbdur:2 q:39.13 aq:29.47 tex:173600 mv:3527 misc:3609 imb:70 pmb:2097 smb:5993 d:s ref:0 ;
in:742 out:743 type:b dur:2 cpbdur:2 q:40.00 aq:33.09 tex:53 mv:919 misc:620 imb:3 pmb:140 smb:8017 d:t ref:0 ;
in:745 out:744 type:P dur:2 cpbdur:2 q:38.35 aq:28.21 tex:136913 mv:3839 misc:4152 imb:41 pmb:1906 smb:6213 d:s ref:0 ;
in:744 out:745 type:b dur:2 cpbdur:2 q:39.32 aq:33.14 tex:61 mv:948 misc:647 imb:1 pmb:160 smb:7999 d:t ref:0 ;
in:748 out:746 type:P dur:2 cpbdur:2 q:37.61 aq:27.74 tex:139487 mv:5024 misc:4961 imb:91 pmb:2166 smb:5903 d:s ref:0 ;
in:746 out:747 type:B dur:2 cpbdur:2 q:38.80 aq:32.10 tex:73 mv:1077 misc:586 imb:3 pmb:143 smb:8014 d:t ref:0 ;
in:747 out:748 type:b dur:2 cpbdur:2 q:39.21 aq:35.88 tex:65 mv:899 misc:572 imb:3 pmb:131 smb:8026 d:- ref:0 ;
in:750 out:749 type:P dur:2 cpbdur:2 q:37.01 aq:27.23 tex:183153 mv:5554 misc:5117 imb:159 pmb:2596 smb:5405 d:s ref:0 ;
in:749 out:750 type:b dur:2 cpbdur:2 q:38.00 aq:37.61 tex:150 mv:1078 misc:820 imb:4 pmb:209 smb:7947 d:s ref:0 ;
in:751 out:751 type:P dur:2 cpbdur:2 q:36.93 aq:26.93 tex:127139 mv:3034 misc:4179 imb:43 pmb:1773 smb:6344 d:s ref:0 ;
in:753 out:752 type:P dur:2 cpbdur:2 q:36.87 aq:27.03 tex:90370 mv:4305 misc:3805 imb:115 pmb:1328 smb:6717 d:s ref:0 ;
in:752 out:753 type:b dur:2 cpbdur:2 q:37.28 aq:37.20 tex:194 mv:1048 misc:774 imb:3 pmb:204 smb:7953 d:s ref:0 ;
in:754 out:754 type:P dur:2 cpbdur:2 q:36.36 aq:26.21 tex:147312 mv:2505 misc:4951 imb:48 pmb:2094 smb:6018 d:s ref:0 ;
in:755 out:755 type:P dur:2 cpbdur:2 q:36.63 aq:26.63 tex:63801 mv:1863 misc:3152 imb:26 pmb:954 smb:7180 d:s ref:0 ;
in:756 out:756 type:P dur:2 cpbdur:2 q:36.41 aq:26.77 tex:147704 mv:4845 misc:3115 imb:207 pmb:1432 smb:6521 d:s ref:0 ;
in:760 out:757 type:P dur:2 cpbdur:2 q:36.17 aq:26.86 tex:87799 mv:4394 misc:2943 imb:141 pmb:1140 smb:6879 d:s ref:0 ;
in:758 out:758 type:B dur:2 cpbdur:2 q:36.66 aq:35.62 tex:871 mv:1513 misc:920 imb:9 pmb:239 smb:7912 d:s ref:0 ;
in:757 out:759 type:b dur:2 cpbdur:2 q:36.88 aq:33.09 tex:46 mv:881 misc:585 imb:1 pmb:135 smb:8024 d:t ref:0 ;
in:759 out:760 type:b dur:2 cpbdur:2 q:36.88 aq:36.49 tex:100 mv:1038 misc:870 imb:3 pmb:217 smb:7940 d:- ref:0 ;
in:761 out:761 type:P dur:2 cpbdur:2 q:35.59 aq:25.71 tex:169994 mv:1902 misc:4032 imb:20 pmb:2097 smb:6043 d:s ref:0 ;
in:763 out:762 type:P dur:2 cpbdur:2 q:35.36 aq:25.92 tex:112620 mv:4178 misc:3794 imb:109 pmb:1402 smb:6649 d:s ref:0 ;
in:762 out:763 type:b dur:2 cpbdur:2 q:35.97 aq:39.61 tex:195 mv:1078 misc:863 imb:2 pmb:214 smb:7944 d:t ref:0 ;
in:764 out:764 type:P dur:2 cpbdur:2 q:34.92 aq:24.92 tex:162968 mv:2073 misc:4375 imb:23 pmb:2103 smb:6034 d:s ref:0 ;
in:766 out:765 type:P dur:2 cpbdur:2 q:34.65 aq:24.99 tex:141613 mv:2400 misc:3963 imb:28 pmb:1826 smb:6306 d:s ref:0 ;
in:765 out:766 type:b dur:2 cpbdur:2 q:35.28 aq:35.92 tex:552 mv:1044 misc:604 imb:1 pmb:155 smb:8004 d:t ref:0 ;
in:767 out:767 type:P dur:2 cpbdur:2 q:34.42 aq:24.67 tex:130583 mv:1464 misc:4065 imb:8 pmb:1692 smb:6460 d:s ref:0 ;
in:769 out:768 type:P dur:2 cpbdur:2 q:34.27 aq:24.58 tex:123597 mv:2525 misc:3726 imb:28 pmb:1647 smb:6485 d:s ref:0 ;
in:768 out:769 type:b dur:2 cpbdur:2 q:34.77 aq:33.09 tex:118 mv:998 misc:676 imb:3 pmb:172 smb:7985 d:t ref:0 ;
in:770 out:770 type:P dur:2 cpbdur:2 q:34.18 aq:24.37 tex:102988 mv:1468 misc:3496 imb:16 pmb:1346 smb:6798 d:s ref:0 ;
in:772 out:771 type:P dur:2 cpbdur:2 q:34.19 aq:24.66 tex:62614 mv:1328 misc:2818 imb:8 pmb:921 smb:7231 d:s ref:0 ;
in:771 out:772 type:b dur:2 cpbdur:2 q:34.51 aq:34.30 tex:152 mv:982 misc:578 imb:3 pmb:133 smb:8024 d:t ref:0 ;
in:773 out:773 type:P dur:2 cpbdur:2 q:33.89 aq:24.84 tex:68167 mv:1320 misc:3033 imb:9 pmb:1045 smb:7106 d:s ref:0 ;
in:774 out:774 type:P dur:2 cpbdur:2 q:33.93 aq:25.08 tex:36205 mv:1144 misc:2459 imb:10 pmb:668 smb:7482 d:s ref:0 ;
in:776 out:775 type:P dur:2 cpbdur:2 q:34.00 aq:26.09 tex:17577 mv:1372 misc:1699 imb:16 pmb:384 smb:7760 d:s ref:0 ;
in:775 out:776 type:b dur:2 cpbdur:2 q:34.00 aq:33.81 tex:163 mv:945 misc:588 imb:4 pmb:141 smb:8015 d:t ref:0 ;
in:778 out:777 type:P dur:2 cpbdur:2 q:34.00 aq:25.75 tex:15061 mv:1331 misc:1616 imb:11 pmb:348 smb:7801 d:s ref:0 ;
in:777 out:778 type:b dur:2 cpbdur:2 q:34.00 aq:33.01 tex:168 mv:1001 misc:575 imb:6 pmb:134 smb:8020 d:t ref:0 ;
in:780 out:779 type:P dur:2 cpbdur:2 q:34.01 aq:26.83 tex:20558 mv:1928 misc:1394 imb:31 pmb:337 smb:7792 d:s ref:0 ;
in:779 out:780 type:b dur:2 cpbdur:2 q:34.01 aq:34.04 tex:234 mv:1053 misc:705 imb:3 pmb:186 smb:7971 d:t ref:0 ;
in:781 out:781 type:P dur:2 cpbdur:2 q:34.01 aq:26.72 tex:6707 mv:895 misc:1110 imb:3 pmb:238 smb:7919 d:s ref:0 ;
in:783 out:782 type:P dur:2 cpbdur:2 q:34.01 aq:25.73 tex:12948 mv:1337 misc:1243 imb:17 pmb:262 smb:7881 d:s ref:0 ;
in:782 out:783 type:b dur:2 cpbdur:2 q:34.01 aq:33.00 tex:187 mv:987 misc:602 imb:2 pmb:147 smb:8011 d:t ref:0 ;
in:784 out:784 type:P dur:2 cpbdur:2 q:33.97 aq:26.03 tex:4498 mv:894 misc:800 imb:7 pmb:170 smb:7983 d:s ref:0 ;
in:786 out:785 type:P dur:2 cpbdur:2 q:34.00 aq:26.26 tex:9951 mv:1501 misc:996 imb:18 pmb:223 smb:7919 d:s ref:0 ;
in:785 out:786 type:b dur:2 cpbdur:2 q:34.00 aq:35.72 tex:799 mv:1059 misc:614 imb:4 pmb:152 smb:8004 d:t ref:0 ;
in:787 out:787 type:P dur:2 cpbdur:2 q:33.99 aq:25.75 tex:5055 mv:1035 misc:862 imb:9 pmb:203 smb:7948 d:s ref:0 ;
in:791 out:788 type:P dur:2 cpbdur:2 q:34.01 aq:28.76 tex:27212 mv:3598 misc:1014 imb:118 pmb:336 smb:7706 d:s ref:0 ;
in:789 out:789 type:B dur:2 cpbdur:2 q:34.01 aq:33.64 tex:1264 mv:1553 misc:879 imb:9 pmb:227 smb:7924 d:s ref:0 ;
in:788 out:790 type:b dur:2 cpbdur:2 q:34.01 aq:34.86 tex:112 mv:930 misc:590 imb:3 pmb:145 smb:8012 d:t ref:0 ;
in:790 out:791 type:b dur:2 cpbdur:2 q:34.01 aq:34.40 tex:440 mv:1110 misc:842 imb:5 pmb:218 smb:7937 d:- ref:0 ;
in:792 out:792 type:P dur:2 cpbdur:2 q:33.85 aq:27.09 tex:8558 mv:1506 misc:960 imb:15 pmb:231 smb:7914 d:s ref:0 ;
in:793 out:793 type:P dur:2 cpbdur:2 q:33.86 aq:26.14 tex:4254 mv:986 misc:784 imb:10 pmb:175 smb:7975 d:s ref:0 ;
in:794 out:794 type:P dur:2 cpbdur:2 q:33.84 aq:27.43 tex:19317 mv:2890 misc:913 imb:89 pmb:324 smb:7747 d:s ref:0 ;
in:796 out:795 type:P dur:2 cpbdur:2 q:33.80 aq:27.73 tex:35362 mv:3341 misc:929 imb:99 pmb:336 smb:7725 d:s ref:0 ;
in:795 out:796 type:b dur:2 cpbdur:2 q:33.84 aq:34.50 tex:1068 mv:1238 misc:854 imb:2 pmb:228 smb:7930 d:s ref:0 ;
in:798 out:797 type:P dur:2 cpbdur:2 q:33.71 aq:28.84 tex:6239 mv:1339 misc:926 imb:15 pmb:203 smb:7942 d:s ref:0 ;
in:797 out:798 type:b dur:2 cpbdur:2 q:33.80 aq:33.00 tex:90 mv:1014 misc:616 imb:5 pmb:149 smb:8006 d:t ref:0 ;
in:799 out:799 type:P dur:2 cpbdur:2 q:33.53 aq:27.35 tex:2951 mv:881 misc:720 imb:3 pmb:159 smb:7998 d:s ref:0 ;
in:800 out:800 type:P dur:2 cpbdur:2 q:33.50 aq:29.91 tex:7356 mv:1146 misc:714 imb:12 pmb:183 smb:7965 d:s ref:0 ;
in:802 out:801 type:P dur:2 cpbdur:2 q:33.42 aq:30.79 tex:29179 mv:4198 misc:1719 imb:101 pmb:568 smb:7491 d:s ref:0 ;
in:801 out:802 type:b dur:2 cpbdur:2 q:33.50 aq:33.00 tex:187 mv:1113 misc:1268 imb:3 pmb:336 smb:7821 d:s ref:0 ;
in:803 out:803 type:P dur:2 cpbdur:2 q:33.32 aq:31.81 tex:21877 mv:4208 misc:1715 imb:31 pmb:835 smb:7294 d:s ref:0 ;
in:807 out:804 type:P dur:2 cpbdur:2 q:35.26 aq:34.51 tex:162304 mv:10265 misc:1287 imb:1485 pmb:445 smb:6230 d:s ref:0 ;
in:805 out:805 type:B dur:2 cpbdur:2 q:35.27 aq:34.44 tex:72800 mv:15367 misc:2145 imb:196 pmb:1556 smb:6408 d:s ref:0 ;
in:804 out:806 type:b dur:2 cpbdur:2 q:35.27 aq:35.64 tex:29117 mv:8040 misc:1811 imb:130 pmb:995 smb:7035 d:s ref:0 ;
in:806 out:807 type:b dur:2 cpbdur:2 q:35.27 aq:36.85 tex:48397 mv:13990 misc:2149 imb:134 pmb:1272 smb:6754 d:- ref:0 ;
in:809 out:808 type:P dur:2 cpbdur:2 q:33.55 aq:34.14 tex:64776 mv:11384 misc:1656 imb:1706 pmb:794 smb:5660 d:s ref:0 ;
in:808 out:809 type:b dur:2 cpbdur:2 q:35.32 aq:35.52 tex:87913 mv:12788 misc:2123 imb:773 pmb:985 smb:6402 d:s ref:0 ;
in:810 out:810 type:P dur:2 cpbdur:2 q:34.13 aq:34.59 tex:154239 mv:28940 misc:525 imb:8149 pmb:11 smb:0 d:s ref:0 ;
in:811 out:811 type:I dur:2 cpbdur:2 q:30.68 aq:30.06 tex:898465 mv:27578 misc:421 imb:8160 pmb:0 smb:0 d:s ref:;
in:813 out:812 type:P dur:2 cpbdur:2 q:35.23 aq:33.08 tex:381089 mv:31674 misc:685 imb:7464 pmb:696 smb:0 d:s ref:0 w:6,77,-92,6,101,-72,94,-55 ;
in:812 out:813 type:b dur:2 cpbdur:2 q:35.32 aq:35.84 tex:43629 mv:8785 misc:2698 imb:456 pmb:1109 smb:6595 d:t ref:0 ;
in:814 out:814 type:P dur:2 cpbdur:2 q:34.85 aq:31.94 tex:200222 mv:17144 misc:5434 imb:1185 pmb:2586 smb:4389 d:s ref:0 w:6,71,-27,6,77,-26,75,-20 ;
in:815 out:815 type:P dur:2 cpbdur:2 q:36.53 aq:32.09 tex:280858 mv:25138 misc:5684 imb:3328 pmb:1610 smb:3222 d:s ref:0 w:6,71,-18,6,71,-14,71,-13 ;
in:816 out:816 type:P dur:2 cpbdur:2 q:37.51 aq:31.62 tex:237911 mv:20799 misc:6178 imb:2469 pmb:1641 smb:4050 d:s ref:0 w:5,35,-10,6,69,-10,67,-6 ;
in:817 out:817 type:P dur:2 cpbdur:2 q:39.90 aq:32.44 tex:220963 mv:17200 misc:5781 imb:1886 pmb:1612 smb:4662 d:s ref:0 w:6,69,-6 ;
in:823 out:818 type:P dur:2 cpbdur:2 q:42.15 aq:34.72 tex:361732 mv:23606 misc:4398 imb:2816 pmb:1563 smb:3781 d:s ref:0 ;
in:820 out:819 type:B dur:2 cpbdur:2 q:42.64 aq:40.69 tex:22108 mv:5040 misc:1972 imb:90 pmb:796 smb:7274 d:s ref:0 ;
in:818 out:820 type:b dur:2 cpbdur:2 q:42.85 aq:43.71 tex:2393 mv:3386 misc:1885 imb:120 pmb:527 smb:7513 d:s ref:0 ;
in:819 out:821 type:b dur:2 cpbdur:2 q:43.76 aq:45.46 tex:14720 mv:3400 misc:1992 imb:96 pmb:687 smb:7377 d:s ref:0 ;
in:821 out:822 type:b dur:2 cpbdur:2 q:42.85 aq:44.94 tex:7683 mv:2500 misc:1657 imb:35 pmb:595 smb:7530 d:- ref:0 ;
in:822 out:823 type:b dur:2 cpbdur:2 q:42.85 aq:44.87 tex:4426 mv:2595 misc:1715 imb:38 pmb:582 smb:7540 d:- ref:0 ;
in:825 out:824 type:P dur:2 cpbdur:2 q:41.84 aq:34.29 tex:70092 mv:8030 misc:4918 imb:396 pmb:1606 smb:6158 d:s ref:0 ;
in:824 out:825 type:b dur:2 cpbdur:2 q:42.80 aq:43.79 tex:16035 mv:2172 misc:1361 imb:13 pmb:531 smb:7616 d:t ref:0 ;
in:827 out:826 type:P dur:2 cpbdur:2 q:42.41 aq:36.11 tex:50214 mv:4562 misc:3032 imb:60 pmb:1069 smb:7031 d:s ref:0 ;
in:826 out:827 type:b dur:2 cpbdur:2 q:42.46 aq:43.93 tex:15117 mv:1613 misc:1230 imb:6 pmb:482 smb:7672 d:t ref:0 ;
in:831 out:828 type:P dur:2 cpbdur:2 q:40.98 aq:32.45 tex:244578 mv:18787 misc:6059 imb:1259 pmb:2707 smb:4194 d:s ref:0 ;
in:829 out:829 type:B dur:2 cpbdur:2 q:42.92 aq:41.57 tex:955 mv:1981 misc:1312 imb:7 pmb:375 smb:7778 d:s ref:0 ;
in:828 out:830 type:b dur:2 cpbdur:2 q:42.92 aq:33.00 tex:53 mv:1085 misc:1254 imb:4 pmb:303 smb:7853 d:s ref:0 ;
in:830 out:831 type:b dur:2 cpbdur:2 q:42.92 aq:33.00 tex:43 mv:696 misc:789 imb:0 pmb:134 smb:8026 d:- ref:0 ;
in:832 out:832 type:P dur:2 cpbdur:2 q:41.35 aq:32.51 tex:82081 mv:7458 misc:4381 imb:359 pmb:1861 smb:5940 d:s ref:0 ;
in:833 out:833 type:P dur:2 cpbdur:2 q:40.75 aq:33.02 tex:56075 mv:4638 misc:4007 imb:131 pmb:1468 smb:6561 d:s ref:0 ;
in:834 out:834 type:P dur:2 cpbdur:2 q:40.89 aq:32.59 tex:66140 mv:3203 misc:2793 imb:81 pmb:1133 smb:6946 d:s ref:0 ;
in:835 out:835 type:P dur:2 cpbdur:2 q:40.84 aq:33.14 tex:50552 mv:3835 misc:3749 imb:122 pmb:1221 smb:6817 d:s ref:0 ;
in:837 out:836 type:P dur:2 cpbdur:2 q:40.13 aq:32.41 tex:124640 mv:6098 misc:4110 imb:126 pmb:2063 smb:5971 d:s ref:0 ;
in:836 out:837 type:b dur:2 cpbdur:2 q:40.90 aq:40.28 tex:103 mv:939 misc:822 imb:6 pmb:159 smb:7995 d:t ref:0 ;
in:840 out:838 type:P dur:2 cpbdur:2 q:39.75 aq:32.35 tex:133294 mv:8735 misc:4795 imb:237 pmb:2240 smb:5683 d:s ref:0 ;
in:838 out:839 type:B dur:2 cpbdur:2 q:40.29 aq:36.97 tex:572 mv:1309 misc:807 imb:8 pmb:195 smb:7957 d:t ref:0 ;
in:839 out:840 type:b dur:2 cpbdur:2 q:40.39 aq:38.60 tex:203 mv:1133 misc:744 imb:9 pmb:180 smb:7971 d:- ref:0 ;
in:841 out:841 type:P dur:2 cpbdur:2 q:39.61 aq:31.61 tex:91915 mv:4485 misc:4632 imb:138 pmb:1586 smb:6436 d:s ref:0 ;
in:847 out:842 type:P dur:2 cpbdur:2 q:38.82 aq:30.85 tex:209393 mv:11264 misc:5799 imb:407 pmb:2873 smb:4880 d:s ref:0 ;
in:844 out:843 type:B dur:2 cpbdur:2 q:39.73 aq:38.37 tex:1677 mv:2063 misc:868 imb:16 pmb:226 smb:7918 d:s ref:0 ;
in:842 out:844 type:b dur:2 cpbdur:2 q:39.94 aq:41.07 tex:4800 mv:2462 misc:666 imb:72 pmb:207 smb:7881 d:t ref:0 ;
in:843 out:845 type:b dur:2 cpbdur:2 q:39.94 aq:38.58 tex:1246 mv:1412 misc:750 imb:31 pmb:204 smb:7925 d:s ref:0 ;
in:845 out:846 type:b dur:2 cpbdur:2 q:39.94 aq:42.60 tex:596 mv:1169 misc:707 imb:5 pmb:166 smb:7989 d:- ref:0 ;
in:846 out:847 type:b dur:2 cpbdur:2 q:39.94 aq:42.66 tex:319 mv:1134 misc:627 imb:3 pmb:158 smb:7999 d:- ref:0 ;
in:848 out:848 type:P dur:2 cpbdur:2 q:38.46 aq:30.15 tex:141418 mv:7133 misc:5553 imb:269 pmb:2437 smb:5454 d:s ref:0 ;
in:851 out:849 type:P dur:2 cpbdur:2 q:38.42 aq:30.55 tex:172565 mv:7584 misc:4987 imb:254 pmb:2422 smb:5484 d:s ref:0 ;
in:849 out:850 type:B dur:2 cpbdur:2 q:38.99 aq:41.40 tex:156 mv:1093 misc:727 imb:5 pmb:174 smb:7981 d:t ref:0 ;
in:850 out:851 type:b dur:2 cpbdur:2 q:39.20 aq:33.00 tex:60 mv:883 misc:641 imb:1 pmb:140 smb:8019 d:- ref:0 ;
in:853 out:852 type:P dur:2 cpbdur:2 q:38.29 aq:31.04 tex:136376 mv:7434 misc:4342 imb:182 pmb:2419 smb:5559 d:s ref:0 ;
in:852 out:853 type:b dur:2 cpbdur:2 q:38.88 aq:36.33 tex:121 mv:948 misc:715 imb:1 pmb:176 smb:7983 d:t ref:0 ;
in:856 out:854 type:P dur:2 cpbdur:2 q:37.75 aq:29.78 tex:187964 mv:7210 misc:5506 imb:167 pmb:2783 smb:5210 d:s ref:0 ;
in:854 out:855 type:B dur:2 cpbdur:2 q:38.65 aq:37.36 tex:685 mv:1067 misc:760 imb:8 pmb:179 smb:7973 d:t ref:0 ;
in:855 out:856 type:b dur:2 cpbdur:2 q:38.76 aq:36.85 tex:208 mv:1147 misc:821 imb:3 pmb:196 smb:7961 d:- ref:0 ;
in:862 out:857 type:P dur:2 cpbdur:2 q:37.10 aq:29.18 tex:287399 mv:10117 misc:5372 imb:278 pmb:3611 smb:4271 d:s ref:0 ;
in:859 out:858 type:B dur:2 cpbdur:2 q:38.06 aq:36.52 tex:1223 mv:2472 misc:1265 imb:9 pmb:406 smb:7745 d:t ref:0 ;
in:857 out:859 type:b dur:2 cpbdur:2 q:38.27 aq:35.97 tex:445 mv:1288 misc:723 imb:5 pmb:204 smb:7951 d:s ref:0 ;
in:858 out:860 type:b dur:2 cpbdur:2 q:38.27 aq:38.01 tex:297 mv:1142 misc:753 imb:12 pmb:198 smb:7950 d:s ref:0 ;
in:860 out:861 type:b dur:2 cpbdur:2 q:38.27 aq:36.74 tex:2630 mv:1956 misc:854 imb:15 pmb:257 smb:7888 d:- ref:0 ;
in:861 out:862 type:b dur:2 cpbdur:2 q:38.27 aq:35.52 tex:2483 mv:2110 misc:1039 imb:16 pmb:319 smb:7825 d:- ref:0 ;
in:863 out:863 type:P dur:2 cpbdur:2 q:37.14 aq:29.80 tex:142025 mv:4609 misc:5166 imb:99 pmb:2381 smb:5680 d:s ref:0 ;
in:866 out:864 type:P dur:2 cpbdur:2 q:36.64 aq:28.91 tex:268803 mv:8280 misc:5421 imb:134 pmb:3398 smb:4628 d:s ref:0 ;
in:864 out:865 type:B dur:2 cpbdur:2 q:37.55 aq:32.07 tex:173 mv:1189 misc:742 imb:2 pmb:191 smb:7967 d:t ref:0 ;
in:865 out:866 type:b dur:2 cpbdur:2 q:37.68 aq:36.56 tex:351 mv:1396 misc:693 imb:50 pmb:152 smb:7958 d:- ref:0 ;
in:868 out:867 type:P dur:2 cpbdur:2 q:36.48 aq:28.51 tex:177534 mv:5671 misc:5955 imb:66 pmb:2759 smb:5335 d:s ref:0 ;
in:867 out:868 type:b dur:2 cpbdur:2 q:36.87 aq:35.38 tex:278 mv:1018 misc:632 imb:4 pmb:149 smb:8007 d:t ref:0 ;
in:869 out:869 type:P dur:2 cpbdur:2 q:36.28 aq:27.81 tex:123795 mv:3627 misc:5450 imb:41 pmb:2099 smb:6020 d:s ref:0 ;
in:870 out:870 type:P dur:2 cpbdur:2 q:36.54 aq:29.62 tex:155694 mv:4314 misc:4136 imb:59 pmb:2232 smb:5869 d:s ref:0 ;
in:871 out:871 type:P dur:2 cpbdur:2 q:36.29 aq:29.12 tex:132647 mv:4378 misc:4239 imb:108 pmb:2018 smb:6034 d:s ref:0 ;
in:872 out:872 type:P dur:2 cpbdur:2 q:35.63 aq:27.60 tex:202598 mv:5104 misc:5642 imb:135 pmb:2637 smb:5388 d:s ref:0 ;
in:873 out:873 type:P dur:2 cpbdur:2 q:35.64 aq:27.49 tex:188522 mv:5050 misc:5508 imb:113 pmb:2566 smb:5481 d:s ref:0 ;
in:874 out:874 type:P dur:2 cpbdur:2 q:35.70 aq:27.72 tex:124843 mv:4357 misc:5488 imb:100 pmb:2134 smb:5926 d:s ref:0 ;
in:880 out:875 type:P dur:2 cpbdur:2 q:35.68 aq:28.61 tex:274282 mv:10203 misc:4387 imb:249 pmb:2706 smb:5205 d:s ref:0 ;
in:877 out:876 type:B dur:2 cpbdur:2 q:35.96 aq:33.83 tex:3367 mv:2358 misc:1491 imb:10 pmb:405 smb:7745 d:s ref:0 ;
in:875 out:877 type:b dur:2 cpbdur:2 q:36.18 aq:34.92 tex:723 mv:1385 misc:804 imb:6 pmb:214 smb:7940 d:s ref:0 ;
in:876 out:878 type:b dur:2 cpbdur:2 q:36.18 aq:34.55 tex:622 mv:1212 misc:790 imb:7 pmb:212 smb:7941 d:s ref:0 ;
in:878 out:879 type:b dur:2 cpbdur:2 q:36.18 aq:33.99 tex:457 mv:1052 misc:755 imb:3 pmb:189 smb:7968 d:- ref:0 ;
in:879 out:880 type:b dur:2 cpbdur:2 q:36.18 aq:33.78 tex:397 mv:1192 misc:771 imb:4 pmb:191 smb:7965 d:- ref:0 ;
in:881 out:881 type:P dur:2 cpbdur:2 q:35.58 aq:27.60 tex:103676 mv:3037 misc:5039 imb:22 pmb:1800 smb:6338 d:s ref:0 ;
in:882 out:882 type:P dur:2 cpbdur:2 q:35.35 aq:27.44 tex:125020 mv:3867 misc:4961 imb:33 pmb:2122 smb:6005 d:s ref:0 ;
in:885 out:883 type:P dur:2 cpbdur:2 q:35.34 aq:27.97 tex:182465 mv:6466 misc:4373 imb:76 pmb:2490 smb:5594 d:s ref:0 ;
in:883 out:884 type:B dur:2 cpbdur:2 q:35.61 aq:35.51 tex:1141 mv:1506 misc:793 imb:41 pmb:177 smb:7942 d:t ref:0 ;
in:884 out:885 type:b dur:2 cpbdur:2 q:35.82 aq:37.12 tex:431 mv:1121 misc:712 imb:6 pmb:194 smb:7960 d:- ref:0 ;
in:891 out:886 type:P dur:2 cpbdur:2 q:35.60 aq:28.91 tex:239073 mv:10124 misc:3795 imb:144 pmb:2556 smb:5460 d:s ref:0 ;
in:888 out:887 type:B dur:2 cpbdur:2 q:35.94 aq:34.55 tex:3193 mv:2667 misc:1484 imb:13 pmb:453 smb:7694 d:s ref:0 ;
in:886 out:888 type:b dur:2 cpbdur:2 q:36.16 aq:37.05 tex:480 mv:1381 misc:819 imb:7 pmb:238 smb:7915 d:t ref:0 ;
in:887 out:889 type:b dur:2 cpbdur:2 q:36.16 aq:36.30 tex:664 mv:1144 misc:760 imb:2 pmb:223 smb:7935 d:s ref:0 ;
in:889 out:890 type:b dur:2 cpbdur:2 q:36.16 aq:37.31 tex:388 mv:1234 misc:1042 imb:2 pmb:279 smb:7879 d:- ref:0 ;
in:890 out:891 type:b dur:2 cpbdur:2 q:36.16 aq:35.81 tex:222 mv:1328 misc:986 imb:2 pmb:297 smb:7861 d:- ref:0 ;
in:897 out:892 type:P dur:2 cpbdur:2 q:35.44 aq:28.36 tex:235744 mv:10090 misc:3782 imb:180 pmb:2571 smb:5409 d:s ref:0 ;
in:894 out:893 type:B dur:2 cpbdur:2 q:35.94 aq:34.22 tex:11165 mv:3506 misc:1553 imb:39 pmb:476 smb:7645 d:s ref:0 ;
in:892 out:894 type:b dur:2 cpbdur:2 q:36.21 aq:36.65 tex:211 mv:1193 misc:772 imb:3 pmb:191 smb:7966 d:s ref:0 ;
in:893 out:895 type:b dur:2 cpbdur:2 q:36.21 aq:37.10 tex:325 mv:1117 misc:782 imb:6 pmb:198 smb:7956 d:s ref:0 ;
in:895 out:896 type:b dur:2 cpbdur:2 q:36.21 aq:37.76 tex:222 mv:1332 misc:1006 imb:4 pmb:270 smb:7886 d:- ref:0 ;
in:896 out:897 type:b dur:2 cpbdur:2 q:36.21 aq:37.72 tex:422 mv:1370 misc:1072 imb:2 pmb:295 smb:7863 d:- ref:0 ;
in:898 out:898 type:P dur:2 cpbdur:2 q:35.37 aq:28.17 tex:131692 mv:3963 misc:4761 imb:85 pmb:2114 smb:5961 d:s ref:0 ;
in:904 out:899 type:P dur:2 cpbdur:2 q:35.53 aq:29.01 tex:277975 mv:11328 misc:3377 imb:331 pmb:2455 smb:5374 d:s ref:0 ;
in:901 out:900 type:B dur:2 cpbdur:2 q:35.70 aq:34.19 tex:5268 mv:2886 misc:1846 imb:5 pmb:539 smb:7616 d:s ref:0 ;
in:899 out:901 type:b dur:2 cpbdur:2 q:35.87 aq:36.43 tex:323 mv:1312 misc:933 imb:3 pmb:228 smb:7929 d:s ref:0 ;
in:900 out:902 type:b dur:2 cpbdur:2 q:35.87 aq:36.43 tex:613 mv:1056 misc:787 imb:2 pmb:214 smb:7944 d:s ref:0 ;
in:902 out:903 type:b dur:2 cpbdur:2 q:35.87 aq:36.53 tex:1595 mv:1508 misc:1001 imb:5 pmb:312 smb:7843 d:- ref:0 ;
in:903 out:904 type:b dur:2 cpbdur:2 q:35.87 aq:35.48 tex:7125 mv:3272 misc:1107 imb:8 pmb:381 smb:7771 d:- ref:0 ;
in:905 out:905 type:P dur:2 cpbdur:2 q:35.61 aq:29.01 tex:132999 mv:4840 misc:4121 imb:50 pmb:1907 smb:6203 d:s ref:0 ;
in:906 out:906 type:P dur:2 cpbdur:2 q:35.43 aq:27.96 tex:122356 mv:4879 misc:4589 imb:33 pmb:1967 smb:6160 d:s ref:0 ;
in:907 out:907 type:P dur:2 cpbdur:2 q:35.47 aq:28.26 tex:118925 mv:4755 misc:4136 imb:26 pmb:1981 smb:6153 d:s ref:0 ;
in:908 out:908 type:P dur:2 cpbdur:2 q:35.46 aq:28.28 tex:71526 mv:3107 misc:4191 imb:15 pmb:1463 smb:6682 d:s ref:0 ;
in:914 out:909 type:P dur:2 cpbdur:2 q:35.76 aq:29.49 tex:196627 mv:10986 misc:3611 imb:148 pmb:2448 smb:5564 d:s ref:0 ;
in:911 out:910 type:B dur:2 cpbdur:2 q:35.80 aq:33.76 tex:5496 mv:3247 misc:1537 imb:16 pmb:450 smb:7694 d:s ref:0 ;
in:909 out:911 type:b dur:2 cpbdur:2 q:36.00 aq:38.18 tex:502 mv:1619 misc:903 imb:4 pmb:276 smb:7880 d:s ref:0 ;
in:910 out:912 type:b dur:2 cpbdur:2 q:36.00 aq:36.55 tex:2943 mv:1769 misc:912 imb:11 pmb:271 smb:7878 d:s ref:0 ;
in:912 out:913 type:b dur:2 cpbdur:2 q:36.00 aq:37.10 tex:1466 mv:1519 misc:991 imb:3 pmb:285 smb:7872 d:- ref:0 ;
in:913 out:914 type:b dur:2 cpbdur:2 q:36.00 aq:37.21 tex:1612 mv:1547 misc:961 imb:4 pmb:261 smb:7895 d:- ref:0 ;
in:915 out:915 type:P dur:2 cpbdur:2 q:35.60 aq:28.65 tex:89381 mv:3517 misc:4686 imb:24 pmb:1665 smb:6471 d:s ref:0 ;
in:921 out:916 type:P dur:2 cpbdur:2 q:35.99 aq:30.11 tex:179289 mv:10102 misc:4329 imb:186 pmb:2193 smb:5781 d:s ref:0 ;
in:918 out:917 type:B dur:2 cpbdur:2 q:36.30 aq:35.36 tex:10275 mv:4036 misc:1777 imb:62 pmb:623 smb:7475 d:s ref:0 ;
in:916 out:918 type:b dur:2 cpbdur:2 q:36.52 aq:37.15 tex:1504 mv:1434 misc:862 imb:4 pmb:218 smb:7938 d:s ref:0 ;
in:917 out:919 type:b dur:2 cpbdur:2 q:36.52 aq:37.73 tex:1256 mv:1311 misc:809 imb:7 pmb:216 smb:7937 d:s ref:0 ;
in:919 out:920 type:b dur:2 cpbdur:2 q:36.52 aq:37.55 tex:11907 mv:3246 misc:1151 imb:93 pmb:440 smb:7627 d:- ref:0 ;
in:920 out:921 type:b dur:2 cpbdur:2 q:36.52 aq:38.20 tex:18107 mv:3339 misc:1066 imb:135 pmb:326 smb:7699 d:- ref:0 ;
in:923 out:922 type:P dur:2 cpbdur:2 q:36.33 aq:29.72 tex:244344 mv:11342 misc:3194 imb:218 pmb:2280 smb:5662 d:s ref:0 ;
in:922 out:923 type:b dur:2 cpbdur:2 q:36.61 aq:38.76 tex:18760 mv:8491 misc:2269 imb:187 pmb:989 smb:6984 d:s ref:0 ;
in:929 out:924 type:P dur:2 cpbdur:2 q:36.13 aq:30.09 tex:229999 mv:12320 misc:3225 imb:118 pmb:2496 smb:5546 d:s ref:0 ;
in:926 out:925 type:B dur:2 cpbdur:2 q:36.45 aq:35.54 tex:11493 mv:7688 misc:2611 imb:75 pmb:908 smb:7177 d:s ref:0 ;
in:924 out:926 type:b dur:2 cpbdur:2 q:36.64 aq:38.01 tex:10345 mv:5195 misc:1972 imb:55 pmb:648 smb:7457 d:s ref:0 ;
in:925 out:927 type:b dur:2 cpbdur:2 q:36.64 aq:38.10 tex:37896 mv:12152 misc:1880 imb:235 pmb:1360 smb:6565 d:s ref:0 ;
in:927 out:928 type:b dur:2 cpbdur:2 q:36.64 aq:35.86 tex:1391 mv:2235 misc:1750 imb:8 pmb:501 smb:7651 d:- ref:0 ;
in:928 out:929 type:b dur:2 cpbdur:2 q:36.64 aq:37.39 tex:1442 mv:1529 misc:901 imb:9 pmb:230 smb:7921 d:- ref:0 ;
in:930 out:930 type:P dur:2 cpbdur:2 q:36.09 aq:29.13 tex:87825 mv:4128 misc:4015 imb:48 pmb:1444 smb:6668 d:s ref:0 ;
in:931 out:931 type:P dur:2 cpbdur:2 q:35.56 aq:28.65 tex:117206 mv:4160 misc:4370 imb:32 pmb:2017 smb:6111 d:s ref:0 ;
in:932 out:932 type:P dur:2 cpbdur:2 q:35.62 aq:28.98 tex:95295 mv:3750 misc:4299 imb:54 pmb:1653 smb:6453 d:s ref:0 ;
in:933 out:933 type:P dur:2 cpbdur:2 q:35.69 aq:29.38 tex:78965 mv:3528 misc:4147 imb:39 pmb:1451 smb:6670 d:s ref:0 ;
in:939 out:934 type:P dur:2 cpbdur:2 q:36.12 aq:29.93 tex:157780 mv:9345 misc:3803 imb:75 pmb:2418 smb:5667 d:s ref:0 ;
in:936 out:935 type:B dur:2 cpbdur:2 q:36.22 aq:34.33 tex:2935 mv:1840 misc:1161 imb:10 pmb:265 smb:7885 d:s ref:0 ;
in:934 out:936 type:b dur:2 cpbdur:2 q:36.42 aq:36.03 tex:725 mv:1199 misc:804 imb:7 pmb:205 smb:7948 d:s ref:0 ;
in:935 out:937 type:b dur:2 cpbdur:2 q:36.42 aq:36.03 tex:734 mv:1087 misc:699 imb:4 pmb:179 smb:7977 d:s ref:0 ;
in:937 out:938 type:b dur:2 cpbdur:2 q:36.42 aq:33.34 tex:112 mv:992 misc:600 imb:4 pmb:146 smb:8010 d:- ref:0 ;
in:938 out:939 type:b dur:2 cpbdur:2 q:36.42 aq:36.69 tex:213 mv:1132 misc:679 imb:3 pmb:161 smb:7996 d:- ref:0 ;
in:944 out:940 type:P dur:2 cpbdur:2 q:36.12 aq:29.90 tex:212895 mv:10291 misc:3758 imb:279 pmb:2934 smb:4947 d:s ref:0 ;
in:941 out:941 type:B dur:2 cpbdur:2 q:36.41 aq:35.30 tex:8018 mv:2607 misc:1327 imb:13 pmb:572 smb:7575 d:t ref:0 ;
in:940 out:942 type:b dur:2 cpbdur:2 q:36.60 aq:34.14 tex:916 mv:1302 misc:814 imb:2 pmb:227 smb:7931 d:t ref:0 ;
in:942 out:943 type:b dur:2 cpbdur:2 q:36.60 aq:37.78 tex:2564 mv:2810 misc:1106 imb:78 pmb:372 smb:7710 d:- ref:0 ;
in:943 out:944 type:b dur:2 cpbdur:2 q:36.60 aq:38.54 tex:962 mv:2551 misc:1063 imb:64 pmb:355 smb:7741 d:- ref:0 ;
in:950 out:945 type:P dur:2 cpbdur:2 q:36.48 aq:30.83 tex:180656 mv:12334 misc:3834 imb:334 pmb:2365 smb:5461 d:s ref:0 ;
in:947 out:946 type:B dur:2 cpbdur:2 q:36.76 aq:34.85 tex:5436 mv:4509 misc:1903 imb:135 pmb:603 smb:7422 d:s ref:0 ;
in:945 out:947 type:b dur:2 cpbdur:2 q:36.95 aq:39.14 tex:209 mv:1379 misc:1028 imb:6 pmb:310 smb:7844 d:s ref:0 ;
in:946 out:948 type:b dur:2 cpbdur:2 q:36.95 aq:35.64 tex:911 mv:1340 misc:1101 imb:3 pmb:311 smb:7846 d:s ref:0 ;
in:948 out:949 type:b dur:2 cpbdur:2 q:36.95 aq:38.59 tex:1747 mv:1862 misc:1223 imb:4 pmb:355 smb:7801 d:- ref:0 ;
in:949 out:950 type:b dur:2 cpbdur:2 q:36.95 aq:38.53 tex:1544 mv:2485 misc:1227 imb:26 pmb:400 smb:7734 d:- ref:0 ;
in:952 out:951 type:P dur:2 cpbdur:2 q:36.18 aq:29.48 tex:184865 mv:7686 misc:4673 imb:192 pmb:2377 smb:5591 d:s ref:0 ;
in:951 out:952 type:b dur:2 cpbdur:2 q:36.87 aq:37.53 tex:1149 mv:1307 misc:912 imb:2 pmb:343 smb:7815 d:t ref:0 ;
in:953 out:953 type:P dur:2 cpbdur:2 q:35.69 aq:28.33 tex:125210 mv:4483 misc:5003 imb:52 pmb:2332 smb:5776 d:s ref:0 ;
in:954 out:954 type:P dur:2 cpbdur:2 q:35.49 aq:28.35 tex:100197 mv:3488 misc:4843 imb:29 pmb:1887 smb:6244 d:s ref:0 ;
in:955 out:955 type:P dur:2 cpbdur:2 q:35.40 aq:29.01 tex:95155 mv:3717 misc:4248 imb:34 pmb:1737 smb:6389 d:s ref:0 ;
in:956 out:956 type:P dur:2 cpbdur:2 q:35.24 aq:28.84 tex:123148 mv:5037 misc:4159 imb:81 pmb:2055 smb:6024 d:s ref:0 ;
in:957 out:957 type:P dur:2 cpbdur:2 q:35.17 aq:29.16 tex:94333 mv:3586 misc:4081 imb:22 pmb:1733 smb:6405 d:s ref:0 ;
in:959 out:958 type:P dur:2 cpbdur:2 q:35.30 aq:29.45 tex:98850 mv:5152 misc:3838 imb:28 pmb:1845 smb:6287 d:s ref:0 ;
in:958 out:959 type:b dur:2 cpbdur:2 q:35.61 aq:34.98 tex:146 mv:989 misc:593 imb:3 pmb:144 smb:8013 d:t ref:0 ;
in:961 out:960 type:P dur:2 cpbdur:2 q:35.55 aq:29.92 tex:133829 mv:7006 misc:3853 imb:61 pmb:2210 smb:5889 d:s ref:0 ;
in:960 out:961 type:b dur:2 cpbdur:2 q:35.70 aq:34.03 tex:201 mv:1144 misc:783 imb:2 pmb:200 smb:7958 d:t ref:0 ;
in:963 out:962 type:P dur:2 cpbdur:2 q:35.62 aq:30.05 tex:111449 mv:5568 misc:4079 imb:44 pmb:2029 smb:6087 d:s ref:0 ;
in:962 out:963 type:b dur:2 cpbdur:2 q:36.02 aq:33.09 tex:109 mv:1022 misc:597 imb:3 pmb:149 smb:8008 d:t ref:0 ;
in:965 out:964 type:P dur:2 cpbdur:2 q:35.68 aq:30.48 tex:146272 mv:7489 misc:3823 imb:73 pmb:2141 smb:5946 d:s ref:0 ;
in:964 out:965 type:b dur:2 cpbdur:2 q:35.89 aq:37.17 tex:293 mv:1515 misc:1072 imb:4 pmb:319 smb:7837 d:t ref:0 ;
in:966 out:966 type:P dur:2 cpbdur:2 q:35.70 aq:30.15 tex:102987 mv:4632 misc:3925 imb:50 pmb:1559 smb:6551 d:s ref:0 ;
in:967 out:967 type:P dur:2 cpbdur:2 q:35.36 aq:28.98 tex:97116 mv:3944 misc:4348 imb:21 pmb:1868 smb:6271 d:s ref:0 ;
in:968 out:968 type:P dur:2 cpbdur:2 q:35.24 aq:28.80 tex:110692 mv:4216 misc:4020 imb:25 pmb:1863 smb:6272 d:s ref:0 ;
in:969 out:969 type:P dur:2 cpbdur:2 q:34.97 aq:28.27 tex:96995 mv:3621 misc:4208 imb:43 pmb:1826 smb:6291 d:s ref:0 ;
in:970 out:970 type:P dur:2 cpbdur:2 q:34.96 aq:29.19 tex:112617 mv:4380 misc:4355 imb:62 pmb:1971 smb:6127 d:s ref:0 ;
in:971 out:971 type:P dur:2 cpbdur:2 q:34.92 aq:29.07 tex:103664 mv:3823 misc:4201 imb:55 pmb:1804 smb:6301 d:s ref:0 ;
in:972 out:972 type:P dur:2 cpbdur:2 q:34.88 aq:28.35 tex:109246 mv:4240 misc:4378 imb:31 pmb:1948 smb:6181 d:s ref:0 ;
in:973 out:973 type:P dur:2 cpbdur:2 q:35.12 aq:29.05 tex:97660 mv:4166 misc:4014 imb:36 pmb:1817 smb:6307 d:s ref:0 ;
in:975 out:974 type:P dur:2 cpbdur:2 q:35.13 aq:29.41 tex:102338 mv:5385 misc:3981 imb:49 pmb:1883 smb:6228 d:s ref:0 ;
in:974 out:975 type:b dur:2 cpbdur:2 q:35.52 aq:35.33 tex:745 mv:1148 misc:715 imb:2 pmb:176 smb:7982 d:t ref:0 ;
in:976 out:976 type:P dur:2 cpbdur:2 q:34.91 aq:28.32 tex:108687 mv:3801 misc:4472 imb:38 pmb:1943 smb:6179 d:s ref:0 ;
in:977 out:977 type:P dur:2 cpbdur:2 q:34.92 aq:29.68 tex:88139 mv:3916 misc:4025 imb:26 pmb:1613 smb:6521 d:s ref:0 ;
in:978 out:978 type:P dur:2 cpbdur:2 q:34.89 aq:28.84 tex:139242 mv:5849 misc:4189 imb:85 pmb:2036 smb:6039 d:s ref:0 ;
in:979 out:979 type:P dur:2 cpbdur:2 q:34.81 aq:28.86 tex:106312 mv:4163 misc:4093 imb:37 pmb:1847 smb:6276 d:s ref:0 ;
in:980 out:980 type:P dur:2 cpbdur:2 q:34.74 aq:29.05 tex:109041 mv:3779 misc:4052 imb:29 pmb:1808 smb:6323 d:s ref:0 ;
in:981 out:981 type:P dur:2 cpbdur:2 q:34.69 aq:28.83 tex:117061 mv:3863 misc:4324 imb:58 pmb:1966 smb:6136 d:s ref:0 ;
in:983 out:982 type:P dur:2 cpbdur:2 q:35.12 aq:29.45 tex:174140 mv:6905 misc:3659 imb:64 pmb:2318 smb:5778 d:s ref:0 ;
in:982 out:983 type:b dur:2 cpbdur:2 q:35.12 aq:34.82 tex:388 mv:1003 misc:825 imb:1 pmb:199 smb:7960 d:s ref:0 ;
in:984 out:984 type:P dur:2 cpbdur:2 q:34.94 aq:28.69 tex:101587 mv:3755 misc:4138 imb:23 pmb:1834 smb:6303 d:s ref:0 ;
in:985 out:985 type:P dur:2 cpbdur:2 q:34.90 aq:29.07 tex:93434 mv:3556 misc:4058 imb:19 pmb:1733 smb:6408 d:s ref:0 ;
in:986 out:986 type:P dur:2 cpbdur:2 q:34.80 aq:28.84 tex:116341 mv:4025 misc:3842 imb:8 pmb:1927 smb:6225 d:s ref:0 ;
in:988 out:987 type:P dur:2 cpbdur:2 q:35.11 aq:29.34 tex:149336 mv:5625 misc:3511 imb:32 pmb:2153 smb:5975 d:s ref:0 ;
in:987 out:988 type:b dur:2 cpbdur:2 q:35.11 aq:33.10 tex:129 mv:954 misc:669 imb:0 pmb:161 smb:7999 d:t ref:0 ;
in:989 out:989 type:P dur:2 cpbdur:2 q:35.29 aq:28.96 tex:85902 mv:3389 misc:3909 imb:16 pmb:1618 smb:6526 d:s ref:0 ;
in:990 out:990 type:P dur:2 cpbdur:2 q:35.27 aq:29.45 tex:70798 mv:3497 misc:3897 imb:17 pmb:1429 smb:6714 d:s ref:0 ;
in:991 out:991 type:P dur:2 cpbdur:2 q:34.84 aq:28.44 tex:105034 mv:4209 misc:4373 imb:16 pmb:1933 smb:6211 d:s ref:0 ;
in:992 out:992 type:P dur:2 cpbdur:2 q:34.79 aq:28.54 tex:107886 mv:3700 misc:4358 imb:15 pmb:1835 smb:6310 d:s ref:0 ;
in:993 out:993 type:P dur:2 cpbdur:2 q:34.76 aq:28.31 tex:114934 mv:4371 misc:4479 imb:19 pmb:1899 smb:6242 d:s ref:0 ;
in:994 out:994 type:P dur:2 cpbdur:2 q:34.74 aq:28.08 tex:117170 mv:4169 misc:4181 imb:67 pmb:1868 smb:6225 d:s ref:0 ;
in:995 out:995 type:P dur:2 cpbdur:2 q:34.77 aq:28.44 tex:115473 mv:3596 misc:4179 imb:30 pmb:1835 smb:6295 d:s ref:0 ;
in:1000 out:996 type:P dur:2 cpbdur:2 q:35.82 aq:29.91 tex:231242 mv:12111 misc:3943 imb:278 pmb:2509 smb:5373 d:s ref:0 ;
in:997 out:997 type:B dur:2 cpbdur:2 q:36.20 aq:36.91 tex:13063 mv:4600 misc:1881 imb:34 pmb:675 smb:7451 d:t ref:0 ;
in:996 out:998 type:b dur:2 cpbdur:2 q:36.57 aq:38.72 tex:1740 mv:1576 misc:900 imb:1 pmb:258 smb:7901 d:s ref:0 ;
in:998 out:999 type:b dur:2 cpbdur:2 q:36.57 aq:38.56 tex:1969 mv:2321 misc:1206 imb:10 pmb:370 smb:7780 d:- ref:0 ;
in:999 out:1000 type:b dur:2 cpbdur:2 q:36.57 aq:37.76 tex:1525 mv:1872 misc:1235 imb:4 pmb:377 smb:7779 d:- ref:0 ;
in:1001 out:1001 type:P dur:2 cpbdur:2 q:35.70 aq:29.24 tex:91694 mv:4614 misc:4044 imb:51 pmb:1656 smb:6453 d:s ref:0 ;
in:1002 out:1002 type:P dur:2 cpbdur:2 q:35.40 aq:29.28 tex:112752 mv:5307 misc:4165 imb:67 pmb:1847 smb:6246 d:s ref:0 ;
in:1003 out:1003 type:P dur:2 cpbdur:2 q:35.32 aq:28.98 tex:99446 mv:4394 misc:4112 imb:29 pmb:1709 smb:6422 d:s ref:0 ;
in:1004 out:1004 type:P dur:2 cpbdur:2 q:35.00 aq:28.46 tex:110406 mv:4686 misc:3996 imb:60 pmb:1870 smb:6230 d:s ref:0 ;
in:1005 out:1005 type:P dur:2 cpbdur:2 q:34.98 aq:28.54 tex:118839 mv:4500 misc:4317 imb:39 pmb:2086 smb:6035 d:s ref:0 ;
in:1006 out:1006 type:P dur:2 cpbdur:2 q:34.98 aq:28.85 tex:103676 mv:3583 misc:4053 imb:40 pmb:1736 smb:6384 d:s ref:0 ;
in:1007 out:1007 type:P dur:2 cpbdur:2 q:35.16 aq:28.92 tex:96759 mv:3398 misc:3683 imb:37 pmb:1661 smb:6462 d:s ref:0 ;
in:1008 out:1008 type:P dur:2 cpbdur:2 q:35.63 aq:29.44 tex:96749 mv:3740 misc:3415 imb:39 pmb:1608 smb:6513 d:s ref:0 ;
in:1010 out:1009 type:P dur:2 cpbdur:2 q:35.84 aq:29.53 tex:116426 mv:5769 misc:4029 imb:33 pmb:2119 smb:6008 d:s ref:0 ;
in:1009 out:1010 type:b dur:2 cpbdur:2 q:36.14 aq:37.24 tex:453 mv:1028 misc:671 imb:1 pmb:165 smb:7994 d:t ref:0 ;
in:1011 out:1011 type:P dur:2 cpbdur:2 q:35.64 aq:29.09 tex:90033 mv:3662 misc:4401 imb:18 pmb:1817 smb:6325 d:s ref:0 ;
in:1012 out:1012 type:P dur:2 cpbdur:2 q:35.41 aq:28.81 tex:91883 mv:4499 misc:4378 imb:48 pmb:1759 smb:6353 d:s ref:0 ;
in:1017 out:1013 type:P dur:2 cpbdur:2 q:35.92 aq:29.95 tex:149125 mv:8702 misc:3893 imb:38 pmb:2497 smb:5625 d:s ref:0 ;
in:1014 out:1014 type:B dur:2 cpbdur:2 q:36.12 aq:35.25 tex:2592 mv:1717 misc:939 imb:15 pmb:197 smb:7948 d:t ref:0 ;
in:1013 out:1015 type:b dur:2 cpbdur:2 q:36.32 aq:33.00 tex:29 mv:924 misc:559 imb:1 pmb:139 smb:8020 d:s ref:0 ;
in:1015 out:1016 type:b dur:2 cpbdur:2 q:36.32 aq:37.34 tex:118 mv:1035 misc:647 imb:2 pmb:151 smb:8007 d:- ref:0 ;
in:1016 out:1017 type:b dur:2 cpbdur:2 q:36.32 aq:36.17 tex:1145 mv:1137 misc:654 imb:10 pmb:150 smb:8000 d:- ref:0 ;
in:1018 out:1018 type:P dur:2 cpbdur:2 q:35.79 aq:29.84 tex:79243 mv:3450 misc:3939 imb:44 pmb:1408 smb:6708 d:s ref:0 ;
in:1019 out:1019 type:P dur:2 cpbdur:2 q:35.52 aq:29.39 tex:102257 mv:4371 misc:4188 imb:50 pmb:1864 smb:6246 d:s ref:0 ;
in:1020 out:1020 type:P dur:2 cpbdur:2 q:35.31 aq:29.20 tex:116224 mv:5446 misc:4522 imb:85 pmb:1962 smb:6113 d:s ref:0 ;
in:1021 out:1021 type:P dur:2 cpbdur:2 q:35.19 aq:28.72 tex:102659 mv:3875 misc:4282 imb:36 pmb:1887 smb:6237 d:s ref:0 ;
in:1022 out:1022 type:P dur:2 cpbdur:2 q:35.07 aq:29.14 tex:138814 mv:5234 misc:4264 imb:70 pmb:2273 smb:5817 d:s ref:0 ;
in:1023 out:1023 type:P dur:2 cpbdur:2 q:35.34 aq:29.34 tex:107599 mv:3428 misc:3741 imb:10 pmb:1749 smb:6401 d:s ref:0 ;
in:1024 out:1024 type:P dur:2 cpbdur:2 q:35.18 aq:29.02 tex:113233 mv:4815 misc:4144 imb:78 pmb:1824 smb:6258 d:s ref:0 ;
in:1025 out:1025 type:P dur:2 cpbdur:2 q:35.39 aq:28.97 tex:111492 mv:3779 misc:3993 imb:24 pmb:1857 smb:6279 d:s ref:0 ;
in:1027 out:1026 type:P dur:2 cpbdur:2 q:35.81 aq:29.76 tex:132557 mv:5707 misc:3920 imb:62 pmb:2029 smb:6069 d:s ref:0 ;
in:1026 out:1027 type:b dur:2 cpbdur:2 q:35.83 aq:36.18 tex:409 mv:1095 misc:744 imb:2 pmb:192 smb:7966 d:t ref:0 ;
in:1028 out:1028 type:P dur:2 cpbdur:2 q:35.16 aq:28.29 tex:104056 mv:4106 misc:4606 imb:65 pmb:1992 smb:6103 d:s ref:0 ;
in:1033 out:1029 type:P dur:2 cpbdur:2 q:35.69 aq:29.85 tex:236823 mv:11229 misc:4116 imb:113 pmb:2909 smb:5138 d:s ref:0 ;
in:1030 out:1030 type:B dur:2 cpbdur:2 q:36.00 aq:35.62 tex:2671 mv:2460 misc:1653 imb:6 pmb:486 smb:7668 d:s ref:0 ;
in:1029 out:1031 type:b dur:2 cpbdur:2 q:36.30 aq:36.83 tex:338 mv:1295 misc:895 imb:5 pmb:255 smb:7900 d:s ref:0 ;
in:1031 out:1032 type:b dur:2 cpbdur:2 q:36.30 aq:35.31 tex:377 mv:1110 misc:937 imb:1 pmb:244 smb:7915 d:- ref:0 ;
in:1032 out:1033 type:b dur:2 cpbdur:2 q:36.30 aq:38.33 tex:474 mv:1321 misc:933 imb:5 pmb:265 smb:7890 d:- ref:0 ;
in:1034 out:1034 type:P dur:2 cpbdur:2 q:35.53 aq:29.41 tex:110489 mv:5462 misc:4417 imb:79 pmb:1938 smb:6143 d:s ref:0 ;
in:1035 out:1035 type:P dur:2 cpbdur:2 q:35.41 aq:28.85 tex:102097 mv:3677 misc:4530 imb:37 pmb:1833 smb:6290 d:s ref:0 ;
in:1036 out:1036 type:P dur:2 cpbdur:2 q:35.34 aq:28.88 tex:106442 mv:3663 misc:4327 imb:16 pmb:1887 smb:6257 d:s ref:0 ;
in:1037 out:1037 type:P dur:2 cpbdur:2 q:35.35 aq:28.81 tex:123827 mv:4301 misc:3984 imb:59 pmb:1987 smb:6114 d:s ref:0 ;
in:1038 out:1038 type:P dur:2 cpbdur:2 q:35.29 aq:28.67 tex:125278 mv:5228 misc:4630 imb:85 pmb:1993 smb:6082 d:s ref:0 ;
in:1044 out:1039 type:P dur:2 cpbdur:2 q:36.69 aq:31.33 tex:194386 mv:10970 misc:3948 imb:120 pmb:2783 smb:5257 d:s ref:0 ;
in:1041 out:1040 type:B dur:2 cpbdur:2 q:36.69 aq:35.36 tex:4018 mv:2178 misc:1436 imb:13 pmb:332 smb:7815 d:s ref:0 ;
in:1039 out:1041 type:b dur:2 cpbdur:2 q:36.69 aq:38.50 tex:456 mv:1205 misc:723 imb:1 pmb:180 smb:7979 d:t ref:0 ;
in:1040 out:1042 type:b dur:2 cpbdur:2 q:36.69 aq:37.87 tex:316 mv:1074 misc:682 imb:1 pmb:173 smb:7986 d:t ref:0 ;
in:1042 out:1043 type:b dur:2 cpbdur:2 q:36.69 aq:35.42 tex:768 mv:1268 misc:796 imb:3 pmb:218 smb:7939 d:- ref:0 ;
in:1043 out:1044 type:b dur:2 cpbdur:2 q:36.69 aq:36.42 tex:911 mv:1296 misc:833 imb:5 pmb:213 smb:7942 d:- ref:0 ;
in:1046 out:1045 type:P dur:2 cpbdur:2 q:35.73 aq:29.51 tex:122610 mv:5578 misc:4700 imb:57 pmb:2389 smb:5714 d:s ref:0 ;
in:1045 out:1046 type:b dur:2 cpbdur:2 q:36.70 aq:33.17 tex:94 mv:941 misc:645 imb:1 pmb:152 smb:8007 d:t ref:0 ;
in:1048 out:1047 type:P dur:2 cpbdur:2 q:35.71 aq:29.73 tex:126588 mv:5912 misc:4268 imb:51 pmb:2162 smb:5947 d:s ref:0 ;
in:1047 out:1048 type:b dur:2 cpbdur:2 q:35.96 aq:33.63 tex:264 mv:1112 misc:616 imb:3 pmb:157 smb:8000 d:t ref:0 ;
in:1049 out:1049 type:P dur:2 cpbdur:2 q:35.61 aq:29.72 tex:97493 mv:4233 misc:4370 imb:25 pmb:1734 smb:6401 d:s ref:0 ;
in:1054 out:1050 type:P dur:2 cpbdur:2 q:35.77 aq:30.12 tex:191357 mv:10295 misc:3948 imb:114 pmb:2745 smb:5301 d:s ref:0 ;
in:1051 out:1051 type:B dur:2 cpbdur:2 q:35.95 aq:35.09 tex:3506 mv:2603 misc:1475 imb:39 pmb:365 smb:7756 d:t ref:0 ;
in:1050 out:1052 type:b dur:2 cpbdur:2 q:36.14 aq:35.84 tex:242 mv:1071 misc:703 imb:3 pmb:171 smb:7986 d:t ref:0 ;
in:1052 out:1053 type:b dur:2 cpbdur:2 q:36.14 aq:35.62 tex:170 mv:1215 misc:863 imb:4 pmb:247 smb:7909 d:- ref:0 ;
in:1053 out:1054 type:b dur:2 cpbdur:2 q:36.14 aq:37.30 tex:231 mv:1328 misc:897 imb:4 pmb:245 smb:7911 d:- ref:0 ;
in:1055 out:1055 type:P dur:2 cpbdur:2 q:35.82 aq:29.51 tex:84752 mv:3887 misc:4425 imb:31 pmb:1677 smb:6452 d:s ref:0 ;
in:1056 out:1056 type:P dur:2 cpbdur:2 q:35.48 aq:29.24 tex:105860 mv:4420 misc:4080 imb:45 pmb:1870 smb:6245 d:s ref:0 ;
in:1057 out:1057 type:P dur:2 cpbdur:2 q:35.23 aq:29.59 tex:110057 mv:4085 misc:4234 imb:29 pmb:1985 smb:6146 d:s ref:0 ;
in:1058 out:1058 type:P dur:2 cpbdur:2 q:35.18 aq:28.75 tex:131189 mv:4649 misc:4114 imb:20 pmb:2081 smb:6059 d:s ref:0 ;
in:1059 out:1059 type:P dur:2 cpbdur:2 q:35.10 aq:29.22 tex:79345 mv:3457 misc:4254 imb:14 pmb:1681 smb:6465 d:s ref:0 ;
in:1060 out:1060 type:P dur:2 cpbdur:2 q:34.16 aq:35.94 tex:9957 mv:2322 misc:1593 imb:20 pmb:466 smb:7674 d:s ref:0 ;
in:1061 out:1061 type:I dur:2 cpbdur:2 q:32.14 aq:24.54 tex:3402073 mv:209701 misc:322 imb:8160 pmb:0 smb:0 d:s ref:;
in:1062 out:1062 type:P dur:2 cpbdur:2 q:35.24 aq:29.52 tex:32711 mv:1961 misc:2048 imb:10 pmb:595 smb:7555 d:s ref:0 ;
in:1063 out:1063 type:P dur:2 cpbdur:2 q:35.27 aq:30.41 tex:29995 mv:2230 misc:2935 imb:16 pmb:850 smb:7294 d:s ref:0 ;
in:1064 out:1064 type:P dur:2 cpbdur:2 q:35.32 aq:30.46 tex:60894 mv:3962 misc:3408 imb:36 pmb:1362 smb:6762 d:s ref:0 ;
in:1066 out:1065 type:P dur:2 cpbdur:2 q:35.67 aq:30.56 tex:108523 mv:6085 misc:3720 imb:57 pmb:1883 smb:6220 d:s ref:0 ;
in:1065 out:1066 type:b dur:2 cpbdur:2 q:35.68 aq:34.62 tex:158 mv:1216 misc:866 imb:5 pmb:235 smb:7920 d:s ref:0 ;
in:1067 out:1067 type:P dur:2 cpbdur:2 q:35.70 aq:30.11 tex:67774 mv:4340 misc:3574 imb:49 pmb:1327 smb:6784 d:s ref:0 ;
in:1068 out:1068 type:P dur:2 cpbdur:2 q:36.02 aq:30.66 tex:66077 mv:4310 misc:3581 imb:49 pmb:1420 smb:6691 d:s ref:0 ;
in:1070 out:1069 type:P dur:2 cpbdur:2 q:36.29 aq:31.21 tex:88784 mv:5990 misc:4122 imb:47 pmb:1923 smb:6190 d:s ref:0 ;
in:1069 out:1070 type:b dur:2 cpbdur:2 q:36.43 aq:34.65 tex:116 mv:1008 misc:732 imb:4 pmb:172 smb:7984 d:t ref:0 ;
in:1072 out:1071 type:P dur:2 cpbdur:2 q:36.39 aq:31.20 tex:83637 mv:5981 misc:3926 imb:73 pmb:1807 smb:6280 d:t ref:0 ;
in:1071 out:1072 type:b dur:2 cpbdur:2 q:36.72 aq:36.18 tex:187 mv:343 misc:742 imb:1 pmb:117 smb:8042 d:t ref:0 ;
in:1073 out:1073 type:P dur:2 cpbdur:2 q:36.30 aq:31.18 tex:54833 mv:3458 misc:3709 imb:12 pmb:1395 smb:6753 d:t ref:0 ;
in:1075 out:1074 type:P dur:2 cpbdur:2 q:36.15 aq:31.24 tex:102924 mv:5980 misc:3880 imb:41 pmb:2080 smb:6039 d:t ref:0 ;
in:1074 out:1075 type:b dur:2 cpbdur:2 q:36.58 aq:34.65 tex:152 mv:189 misc:699 imb:0 pmb:59 smb:8101 d:t ref:0 ;
in:1076 out:1076 type:P dur:2 cpbdur:2 q:36.05 aq:30.68 tex:52927 mv:3162 misc:3607 imb:18 pmb:1339 smb:6803 d:t ref:0 ;
in:1077 out:1077 type:P dur:2 cpbdur:2 q:36.20 aq:31.31 tex:70864 mv:3876 misc:3628 imb:38 pmb:1557 smb:6565 d:t ref:0 ;
in:1079 out:1078 type:P dur:2 cpbdur:2 q:36.28 aq:31.16 tex:68998 mv:4950 misc:3948 imb:40 pmb:1703 smb:6417 d:t ref:0 ;
in:1078 out:1079 type:b dur:2 cpbdur:2 q:36.60 aq:39.73 tex:136 mv:138 misc:606 imb:0 pmb:40 smb:8120 d:t ref:0 ;
in:1080 out:1080 type:P dur:2 cpbdur:2 q:36.24 aq:30.57 tex:125801 mv:6312 misc:4311 imb:87 pmb:2000 smb:6073 d:t ref:0 ;
in:1081 out:1081 type:P dur:2 cpbdur:2 q:36.23 aq:30.57 tex:70284 mv:3407 misc:3893 imb:22 pmb:1431 smb:6707 d:t ref:0 ;
in:1082 out:1082 type:P dur:2 cpbdur:2 q:36.15 aq:30.77 tex:82312 mv:4163 misc:3845 imb:23 pmb:1686 smb:6451 d:t ref:0 ;
in:1088 out:1083 type:P dur:2 cpbdur:2 q:36.28 aq:31.80 tex:151765 mv:10402 misc:3881 imb:104 pmb:2435 smb:5621 d:t ref:0 ;
in:1085 out:1084 type:B dur:2 cpbdur:2 q:36.66 aq:35.54 tex:2154 mv:1714 misc:1708 imb:2 pmb:450 smb:7708 d:s ref:0 ;
in:1083 out:1085 type:b dur:2 cpbdur:2 q:36.87 aq:36.73 tex:659 mv:665 misc:972 imb:3 pmb:145 smb:8012 d:t ref:0 ;
in:1084 out:1086 type:b dur:2 cpbdur:2 q:36.87 aq:37.72 tex:542 mv:508 misc:974 imb:3 pmb:137 smb:8020 d:s ref:0 ;
in:1086 out:1087 type:b dur:2 cpbdur:2 q:36.87 aq:34.60 tex:135 mv:1157 misc:852 imb:3 pmb:205 smb:7952 d:- ref:0 ;
in:1087 out:1088 type:b dur:2 cpbdur:2 q:36.87 aq:37.17 tex:152 mv:1117 misc:763 imb:2 pmb:194 smb:7964 d:- ref:0 ;
in:1089 out:1089 type:P dur:2 cpbdur:2 q:36.19 aq:31.58 tex:71934 mv:3942 misc:4068 imb:35 pmb:1603 smb:6522 d:t ref:0 ;
in:1090 out:1090 type:P dur:2 cpbdur:2 q:36.17 aq:31.52 tex:55663 mv:3764 misc:3973 imb:37 pmb:1511 smb:6612 d:t ref:0 ;
in:1091 out:1091 type:P dur:2 cpbdur:2 q:36.47 aq:32.13 tex:38578 mv:2793 misc:3197 imb:9 pmb:1130 smb:7021 d:t ref:0 ;
in:1093 out:1092 type:P dur:2 cpbdur:2 q:36.43 aq:32.36 tex:63614 mv:6364 misc:3894 imb:71 pmb:1680 smb:6409 d:t ref:0 ;
in:1092 out:1093 type:b dur:2 cpbdur:2 q:36.53 aq:34.79 tex:94 mv:512 misc:858 imb:0 pmb:171 smb:7989 d:t ref:0 ;
in:1094 out:1094 type:P dur:2 cpbdur:2 q:36.49 aq:32.74 tex:42770 mv:3271 misc:3471 imb:20 pmb:1251 smb:6889 d:t ref:0 ;
in:1095 out:1095 type:P dur:2 cpbdur:2 q:36.00 aq:32.30 tex:50943 mv:3744 misc:3817 imb:16 pmb:1395 smb:6749 d:t ref:0 ;
in:1096 out:1096 type:P dur:2 cpbdur:2 q:35.98 aq:32.47 tex:38380 mv:3537 misc:3531 imb:35 pmb:1232 smb:6893 d:t ref:0 ;
in:1097 out:1097 type:P dur:2 cpbdur:2 q:36.35 aq:33.01 tex:25951 mv:2959 misc:3050 imb:40 pmb:918 smb:7202 d:t ref:0 ;
in:1098 out:1098 type:P dur:2 cpbdur:2 q:35.57 aq:32.31 tex:51064 mv:4209 misc:3831 imb:37 pmb:1424 smb:6699 d:t ref:0 ;
in:1100 out:1099 type:P dur:2 cpbdur:2 q:35.76 aq:33.28 tex:47222 mv:5486 misc:3948 imb:60 pmb:1480 smb:6620 d:t ref:0 ;
in:1099 out:1100 type:b dur:2 cpbdur:2 q:35.99 aq:36.50 tex:120 mv:347 misc:877 imb:0 pmb:115 smb:8045 d:t ref:0 ;
in:1101 out:1101 type:P dur:2 cpbdur:2 q:35.09 aq:33.38 tex:54682 mv:4407 misc:3735 imb:59 pmb:1473 smb:6628 d:t ref:0 ;
in:1102 out:1102 type:P dur:2 cpbdur:2 q:35.49 aq:34.25 tex:43297 mv:5458 misc:3197 imb:156 pmb:1005 smb:6999 d:t ref:0 ;
in:1103 out:1103 type:P dur:2 cpbdur:2 q:35.05 aq:34.70 tex:47938 mv:5794 misc:3364 imb:281 pmb:988 smb:6891 d:t ref:0 ;
in:1104 out:1104 type:P dur:2 cpbdur:2 q:35.03 aq:35.01 tex:69881 mv:8371 misc:3332 imb:524 pmb:929 smb:6707 d:t ref:0 ;
in:1105 out:1105 type:P dur:2 cpbdur:2 q:35.02 aq:35.04 tex:63233 mv:8941 misc:3418 imb:751 pmb:779 smb:6630 d:t ref:0 ;
in:1106 out:1106 type:P dur:2 cpbdur:2 q:35.49 aq:35.14 tex:66520 mv:9132 misc:2844 imb:1116 pmb:403 smb:6641 d:t ref:0 ;
in:1107 out:1107 type:P dur:2 cpbdur:2 q:35.44 aq:33.81 tex:81938 mv:9930 misc:3828 imb:1260 pmb:552 smb:6348 d:t ref:0 ;
in:1108 out:1108 type:P dur:2 cpbdur:2 q:35.02 aq:31.91 tex:81513 mv:9010 misc:4093 imb:1264 pmb:518 smb:6378 d:t ref:0 ;
in:1109 out:1109 type:P dur:2 cpbdur:2 q:35.03 aq:31.59 tex:54092 mv:6191 misc:3165 imb:838 pmb:339 smb:6983 d:t ref:0 ;
in:1111 out:1110 type:P dur:2 cpbdur:2 q:36.28 aq:33.23 tex:67161 mv:3448 misc:1047 imb:604 pmb:71 smb:7485 d:t ref:0 ;
in:1110 out:1111 type:b dur:2 cpbdur:2 q:36.72 aq:36.00 tex:133 mv:1099 misc:648 imb:22 pmb:581 smb:7557 d:s ref:0 ;
in:1112 out:1112 type:P dur:2 cpbdur:2 q:37.38 aq:36.25 tex:92361 mv:4776 misc:1087 imb:920 pmb:111 smb:7129 d:t ref:0 ;
in:1113 out:1113 type:P dur:2 cpbdur:2 q:38.97 aq:38.81 tex:141969 mv:8004 misc:1059 imb:1312 pmb:186 smb:6662 d:t ref:0 ;
in:1114 out:1114 type:P dur:2 cpbdur:2 q:39.43 aq:35.75 tex:207034 mv:9952 misc:1382 imb:1585 pmb:253 smb:6322 d:t ref:0 ;
in:1119 out:1115 type:P dur:2 cpbdur:2 q:39.18 aq:30.67 tex:634655 mv:28395 misc:3182 imb:4440 pmb:1079 smb:2641 d:t ref:0 ;
in:1116 out:1116 type:B dur:2 cpbdur:2 q:39.77 aq:39.20 tex:21233 mv:16256 misc:1751 imb:934 pmb:4358 smb:2868 d:s ref:0 ;
in:1115 out:1117 type:b dur:2 cpbdur:2 q:39.77 aq:40.85 tex:7991 mv:9200 misc:2073 imb:390 pmb:3243 smb:4527 d:s ref:0 ;
in:1117 out:1118 type:b dur:2 cpbdur:2 q:39.77 aq:41.24 tex:15032 mv:6450 misc:2150 imb:255 pmb:600 smb:7305 d:- ref:0 ;
in:1118 out:1119 type:b dur:2 cpbdur:2 q:39.77 aq:40.49 tex:8042 mv:7347 misc:2123 imb:174 pmb:668 smb:7318 d:- ref:0 ;
in:1125 out:1120 type:P dur:2 cpbdur:2 q:39.36 aq:30.55 tex:142230 mv:11363 misc:3399 imb:777 pmb:1130 smb:6253 d:t ref:0 ;
in:1122 out:1121 type:B dur:2 cpbdur:2 q:39.41 aq:36.89 tex:30650 mv:15319 misc:1791 imb:374 pmb:1284 smb:6502 d:s ref:0 ;
in:1120 out:1122 type:b dur:2 cpbdur:2 q:39.41 aq:40.20 tex:5767 mv:9703 misc:2106 imb:226 pmb:1094 smb:6840 d:s ref:0 ;
in:1121 out:1123 type:b dur:2 cpbdur:2 q:39.41 aq:40.01 tex:4988 mv:7492 misc:2040 imb:93 pmb:1094 smb:6973 d:s ref:0 ;
in:1123 out:1124 type:b dur:2 cpbdur:2 q:39.41 aq:40.78 tex:1805 mv:2032 misc:1339 imb:8 pmb:377 smb:7775 d:- ref:0 ;
in:1124 out:1125 type:b dur:2 cpbdur:2 q:39.42 aq:39.80 tex:5032 mv:4689 misc:1743 imb:45 pmb:520 smb:7595 d:- ref:0 ;
in:1130 out:1126 type:P dur:2 cpbdur:2 q:39.66 aq:30.61 tex:157261 mv:11832 misc:2251 imb:657 pmb:1126 smb:6377 d:t ref:0 ;
in:1127 out:1127 type:B dur:2 cpbdur:2 q:39.73 aq:39.25 tex:2070 mv:5737 misc:1865 imb:33 pmb:881 smb:7246 d:s ref:0 ;
in:1126 out:1128 type:b dur:2 cpbdur:2 q:39.73 aq:40.24 tex:5467 mv:6480 misc:1613 imb:97 pmb:620 smb:7443 d:s ref:0 ;
in:1128 out:1129 type:b dur:2 cpbdur:2 q:39.73 aq:38.99 tex:490 mv:1194 misc:1212 imb:8 pmb:332 smb:7820 d:- ref:0 ;
in:1129 out:1130 type:b dur:2 cpbdur:2 q:39.73 aq:39.04 tex:547 mv:1245 misc:1032 imb:8 pmb:253 smb:7899 d:- ref:0 ;
in:1132 out:1131 type:P dur:2 cpbdur:2 q:38.61 aq:27.81 tex:142905 mv:5239 misc:4536 imb:108 pmb:2025 smb:6027 d:t ref:0 ;
in:1131 out:1132 type:b dur:2 cpbdur:2 q:40.01 aq:34.35 tex:29 mv:51 misc:440 imb:0 pmb:7 smb:8153 d:t ref:0 ;
in:1133 out:1133 type:P dur:2 cpbdur:2 q:38.04 aq:27.45 tex:135593 mv:4548 misc:5275 imb:78 pmb:2319 smb:5763 d:t ref:0 ;
in:1134 out:1134 type:P dur:2 cpbdur:2 q:37.70 aq:27.83 tex:115936 mv:4956 misc:4460 imb:137 pmb:1666 smb:6357 d:s ref:0 ;
in:1135 out:1135 type:P dur:2 cpbdur:2 q:37.36 aq:26.78 tex:138042 mv:2627 misc:4075 imb:37 pmb:1835 smb:6288 d:s ref:0 ;
in:1136 out:1136 type:P dur:2 cpbdur:2 q:37.05 aq:26.84 tex:134169 mv:2316 misc:4411 imb:21 pmb:2091 smb:6048 d:s ref:0 ;
in:1137 out:1137 type:P dur:2 cpbdur:2 q:36.74 aq:26.21 tex:120192 mv:2209 misc:5207 imb:22 pmb:2134 smb:6004 d:s ref:0 ;
in:1138 out:1138 type:P dur:2 cpbdur:2 q:36.76 aq:26.62 tex:74581 mv:4174 misc:4013 imb:130 pmb:1280 smb:6750 d:s ref:0 ;
in:1139 out:1139 type:P dur:2 cpbdur:2 q:36.46 aq:26.10 tex:99111 mv:1903 misc:4626 imb:20 pmb:1668 smb:6472 d:s ref:0 ;
in:1143 out:1140 type:P dur:2 cpbdur:2 q:36.13 aq:26.05 tex:108341 mv:2822 misc:4765 imb:35 pmb:1941 smb:6184 d:s ref:0 ;
in:1141 out:1141 type:B dur:2 cpbdur:2 q:36.69 aq:34.72 tex:7344 mv:3490 misc:942 imb:82 pmb:312 smb:7766 d:t ref:0 ;
in:1140 out:1142 type:b dur:2 cpbdur:2 q:36.87 aq:37.14 tex:151 mv:1036 misc:853 imb:3 pmb:228 smb:7929 d:s ref:0 ;
in:1142 out:1143 type:b dur:2 cpbdur:2 q:36.87 aq:36.36 tex:81 mv:1037 misc:786 imb:4 pmb:203 smb:7953 d:- ref:0 ;
in:1144 out:1144 type:P dur:2 cpbdur:2 q:35.96 aq:25.46 tex:82256 mv:1571 misc:4453 imb:10 pmb:1504 smb:6646 d:s ref:0 ;
in:1146 out:1145 type:P dur:2 cpbdur:2 q:36.08 aq:26.00 tex:108679 mv:5848 misc:3177 imb:203 pmb:1124 smb:6833 d:s ref:0 ;
in:1145 out:1146 type:b dur:2 cpbdur:2 q:36.59 aq:38.12 tex:1953 mv:1986 misc:1045 imb:11 pmb:323 smb:7826 d:s ref:0 ;
in:1147 out:1147 type:P dur:2 cpbdur:2 q:36.01 aq:26.41 tex:40409 mv:1311 misc:2616 imb:14 pmb:732 smb:7414 d:s ref:0 ;
in:1148 out:1148 type:P dur:2 cpbdur:2 q:35.84 aq:25.86 tex:77657 mv:1590 misc:3713 imb:13 pmb:1224 smb:6923 d:s ref:0 ;
in:1149 out:1149 type:P dur:2 cpbdur:2 q:35.92 aq:25.20 tex:28908 mv:1069 misc:2511 imb:6 pmb:630 smb:7524 d:s ref:0 ;
in:1150 out:1150 type:P dur:2 cpbdur:2 q:35.51 aq:25.27 tex:95728 mv:4143 misc:3577 imb:106 pmb:1307 smb:6747 d:s ref:0 ;
in:1151 out:1151 type:P dur:2 cpbdur:2 q:35.53 aq:25.28 tex:34884 mv:1408 misc:2668 imb:19 pmb:681 smb:7460 d:s ref:0 ;
in:1153 out:1152 type:P dur:2 cpbdur:2 q:35.54 aq:26.46 tex:26341 mv:1947 misc:2040 imb:30 pmb:520 smb:7610 d:s ref:0 ;
in:1152 out:1153 type:b dur:2 cpbdur:2 q:35.84 aq:36.09 tex:82 mv:967 misc:631 imb:2 pmb:164 smb:7994 d:t ref:0 ;
in:1154 out:1154 type:P dur:2 cpbdur:2 q:35.35 aq:26.08 tex:39018 mv:1123 misc:2899 imb:6 pmb:812 smb:7342 d:s ref:0 ;
in:1155 out:1155 type:P dur:2 cpbdur:2 q:34.96 aq:25.76 tex:78314 mv:1954 misc:3876 imb:16 pmb:1392 smb:6752 d:s ref:0 ;
in:1156 out:1156 type:P dur:2 cpbdur:2 q:34.98 aq:25.22 tex:29825 mv:1323 misc:3060 imb:16 pmb:707 smb:7437 d:s ref:0 ;
in:1158 out:1157 type:P dur:2 cpbdur:2 q:35.00 aq:25.45 tex:22114 mv:1499 misc:2171 imb:21 pmb:484 smb:7655 d:s ref:0 ;
in:1157 out:1158 type:b dur:2 cpbdur:2 q:35.00 aq:35.07 tex:171 mv:959 misc:550 imb:2 pmb:142 smb:8016 d:t ref:0 ;
in:1159 out:1159 type:P dur:2 cpbdur:2 q:35.03 aq:25.01 tex:14013 mv:979 misc:1608 imb:5 pmb:357 smb:7798 d:s ref:0 ;
in:1161 out:1160 type:P dur:2 cpbdur:2 q:35.06 aq:26.81 tex:18993 mv:1721 misc:1630 imb:22 pmb:359 smb:7779 d:s ref:0 ;
in:1160 out:1161 type:b dur:2 cpbdur:2 q:35.06 aq:37.00 tex:593 mv:1049 misc:646 imb:3 pmb:160 smb:7997 d:t ref:0 ;
in:1162 out:1162 type:P dur:2 cpbdur:2 q:35.09 aq:27.47 tex:37223 mv:3212 misc:1373 imb:88 pmb:413 smb:7659 d:s ref:0 ;
in:1163 out:1163 type:P dur:2 cpbdur:2 q:35.11 aq:27.39 tex:10878 mv:1206 misc:1332 imb:17 pmb:286 smb:7857 d:s ref:0 ;
in:1164 out:1164 type:P dur:2 cpbdur:2 q:35.13 aq:27.46 tex:11678 mv:1505 misc:1153 imb:24 pmb:262 smb:7874 d:s ref:0 ;
in:1166 out:1165 type:P dur:2 cpbdur:2 q:35.14 aq:27.42 tex:9581 mv:1501 misc:1270 imb:21 pmb:269 smb:7870 d:s ref:0 ;
in:1165 out:1166 type:b dur:2 cpbdur:2 q:35.14 aq:34.00 tex:61 mv:890 misc:601 imb:1 pmb:149 smb:8010 d:t ref:0 ;
in:1168 out:1167 type:P dur:2 cpbdur:2 q:35.12 aq:28.02 tex:5788 mv:1307 misc:953 imb:18 pmb:193 smb:7949 d:s ref:0 ;
in:1167 out:1168 type:b dur:2 cpbdur:2 q:35.14 aq:34.05 tex:53 mv:903 misc:516 imb:4 pmb:130 smb:8026 d:t ref:0 ;
in:1169 out:1169 type:P dur:2 cpbdur:2 q:35.12 aq:27.36 tex:4397 mv:948 misc:959 imb:8 pmb:199 smb:7953 d:s ref:0 ;
in:1171 out:1170 type:P dur:2 cpbdur:2 q:35.11 aq:28.37 tex:5260 mv:1324 misc:752 imb:19 pmb:162 smb:7979 d:s ref:0 ;
in:1170 out:1171 type:b dur:2 cpbdur:2 q:35.11 aq:34.00 tex:153 mv:963 misc:596 imb:1 pmb:153 smb:8006 d:t ref:0 ;
in:1172 out:1172 type:P dur:2 cpbdur:2 q:35.09 aq:26.92 tex:3785 mv:911 misc:832 imb:8 pmb:170 smb:7982 d:s ref:0 ;
in:1173 out:1173 type:P dur:2 cpbdur:2 q:35.08 aq:27.59 tex:5541 mv:1022 misc:885 imb:13 pmb:191 smb:7956 d:s ref:0 ;
in:1174 out:1174 type:P dur:2 cpbdur:2 q:35.08 aq:28.42 tex:21124 mv:2879 misc:1141 imb:97 pmb:346 smb:7717 d:s ref:0 ;
in:1175 out:1175 type:P dur:2 cpbdur:2 q:35.08 aq:27.55 tex:5474 mv:1029 misc:953 imb:14 pmb:192 smb:7954 d:s ref:0 ;
in:1178 out:1176 type:P dur:2 cpbdur:2 q:35.06 aq:28.17 tex:21833 mv:3738 misc:1101 imb:109 pmb:373 smb:7678 d:s ref:0 ;
in:1176 out:1177 type:B dur:2 cpbdur:2 q:35.08 aq:33.99 tex:1606 mv:1735 misc:899 imb:13 pmb:249 smb:7898 d:s ref:0 ;
in:1177 out:1178 type:b dur:2 cpbdur:2 q:35.08 aq:34.90 tex:96 mv:1053 misc:779 imb:2 pmb:201 smb:7957 d:- ref:0 ;
in:1180 out:1179 type:P dur:2 cpbdur:2 q:34.98 aq:28.59 tex:36786 mv:3412 misc:1074 imb:96 pmb:357 smb:7707 d:s ref:0 ;
in:1179 out:1180 type:b dur:2 cpbdur:2 q:35.06 aq:35.33 tex:355 mv:1125 misc:840 imb:2 pmb:229 smb:7929 d:s ref:0 ;
in:1181 out:1181 type:P dur:2 cpbdur:2 q:34.88 aq:28.46 tex:8662 mv:1217 misc:1033 imb:10 pmb:234 smb:7916 d:s ref:0 ;
in:1183 out:1182 type:P dur:2 cpbdur:2 q:34.86 aq:27.24 tex:4876 mv:1258 misc:858 imb:12 pmb:178 smb:7970 d:s ref:0 ;
in:1182 out:1183 type:b dur:2 cpbdur:2 q:34.88 aq:34.88 tex:63 mv:947 misc:550 imb:2 pmb:135 smb:8023 d:t ref:0 ;
in:1184 out:1184 type:P dur:2 cpbdur:2 q:34.71 aq:28.25 tex:3933 mv:985 misc:786 imb:6 pmb:178 smb:7976 d:s ref:0 ;
in:1186 out:1185 type:P dur:2 cpbdur:2 q:34.68 aq:29.25 tex:6669 mv:1380 misc:799 imb:22 pmb:172 smb:7966 d:s ref:0 ;
in:1185 out:1186 type:b dur:2 cpbdur:2 q:34.71 aq:34.00 tex:78 mv:962 misc:584 imb:3 pmb:146 smb:8011 d:t ref:0 ;
in:1187 out:1187 type:P dur:2 cpbdur:2 q:34.57 aq:28.76 tex:2353 mv:873 misc:710 imb:2 pmb:155 smb:8003 d:s ref:0 ;
in:1190 out:1188 type:P dur:2 cpbdur:2 q:34.51 aq:29.13 tex:12194 mv:2143 misc:895 imb:56 pmb:217 smb:7887 d:s ref:0 ;
in:1188 out:1189 type:B dur:2 cpbdur:2 q:34.57 aq:33.92 tex:799 mv:1227 misc:750 imb:6 pmb:199 smb:7955 d:t ref:0 ;
in:1189 out:1190 type:b dur:2 cpbdur:2 q:34.57 aq:34.00 tex:123 mv:964 misc:617 imb:3 pmb:153 smb:8004 d:- ref:0 ;
in:1192 out:1191 type:P dur:2 cpbdur:2 q:34.70 aq:31.64 tex:34806 mv:4636 misc:1686 imb:122 pmb:537 smb:7501 d:s ref:0 ;
in:1191 out:1192 type:b dur:2 cpbdur:2 q:34.74 aq:34.73 tex:332 mv:1275 misc:1289 imb:3 pmb:345 smb:7812 d:s ref:0 ;
in:1198 out:1193 type:P dur:2 cpbdur:2 q:34.93 aq:34.08 tex:57967 mv:7552 misc:2297 imb:1010 pmb:816 smb:6334 d:s ref:0 ;
in:1195 out:1194 type:B dur:2 cpbdur:2 q:35.94 aq:34.37 tex:74652 mv:10524 misc:2144 imb:437 pmb:965 smb:6758 d:s ref:0 ;
in:1193 out:1195 type:b dur:2 cpbdur:2 q:35.94 aq:36.31 tex:4872 mv:5308 misc:1676 imb:70 pmb:586 smb:7504 d:s ref:0 ;
in:1194 out:1196 type:b dur:2 cpbdur:2 q:35.94 aq:36.39 tex:8666 mv:6328 misc:1654 imb:159 pmb:699 smb:7302 d:s ref:0 ;
in:1196 out:1197 type:b dur:2 cpbdur:2 q:35.94 aq:35.88 tex:61956 mv:9171 misc:1929 imb:444 pmb:752 smb:6964 d:- ref:0 ;
in:1197 out:1198 type:b dur:2 cpbdur:2 q:35.94 aq:37.00 tex:61173 mv:7986 misc:1969 imb:342 pmb:915 smb:6903 d:- ref:0 ;
in:1199 out:1199 type:P dur:2 cpbdur:2 q:34.10 aq:34.70 tex:33545 mv:6219 misc:2452 imb:674 pmb:697 smb:6789 d:s ref:0 ;
in:1200 out:1200 type:P dur:2 cpbdur:2 q:34.64 aq:35.03 tex:140529 mv:27830 misc:529 imb:8153 pmb:7 smb:0 d:s ref:0 ;
in:1201 out:1201 type:I dur:2 cpbdur:2 q:31.74 aq:31.01 tex:675629 mv:26229 misc:406 imb:8160 pmb:0 smb:0 d:s ref:;
in:1203 out:1202 type:P dur:2 cpbdur:2 q:36.35 aq:33.74 tex:268069 mv:30516 misc:647 imb:7510 pmb:650 smb:0 d:s ref:0 w:6,77,-92,5,50,-70,47,-55 ;
in:1202 out:1203 type:b dur:2 cpbdur:2 q:36.38 aq:36.54 tex:24463 mv:7209 misc:2296 imb:406 pmb:709 smb:7045 d:t ref:0 ;
in:1204 out:1204 type:P dur:2 cpbdur:2 q:36.42 aq:32.40 tex:175426 mv:18117 misc:5353 imb:1548 pmb:2465 smb:4147 d:s ref:0 w:5,35,-26,6,77,-26,75,-20 ;
in:1205 out:1205 type:P dur:2 cpbdur:2 q:37.88 aq:32.25 tex:182058 mv:19923 misc:6291 imb:2184 pmb:1655 smb:4321 d:s ref:0 w:4,17,-17,6,71,-14,70,-11 ;
in:1206 out:1206 type:P dur:2 cpbdur:2 q:38.83 aq:31.74 tex:153325 mv:16455 misc:6124 imb:1965 pmb:1144 smb:5051 d:s ref:0 w:6,67,-10,6,69,-10,68,-8 ;
in:1207 out:1207 type:P dur:2 cpbdur:2 q:39.95 aq:31.30 tex:172765 mv:14891 misc:5984 imb:1660 pmb:1237 smb:5263 d:s ref:0 w:6,67,-6 ;
in:1213 out:1208 type:P dur:2 cpbdur:2 q:41.83 aq:33.20 tex:277172 mv:18270 misc:4174 imb:1854 pmb:1589 smb:4717 d:s ref:0 ;
in:1210 out:1209 type:B dur:2 cpbdur:2 q:41.99 aq:40.49 tex:19845 mv:7254 misc:2525 imb:72 pmb:994 smb:7094 d:s ref:0 ;
in:1208 out:1210 type:b dur:2 cpbdur:2 q:42.04 aq:42.94 tex:3459 mv:4212 misc:2177 imb:120 pmb:535 smb:7505 d:s ref:0 ;
in:1209 out:1211 type:b dur:2 cpbdur:2 q:42.04 aq:43.11 tex:10464 mv:3882 misc:2102 imb:46 pmb:671 smb:7443 d:s ref:0 ;
in:1211 out:1212 type:b dur:2 cpbdur:2 q:42.04 aq:43.11 tex:7924 mv:2763 misc:1705 imb:13 pmb:558 smb:7589 d:- ref:0 ;
in:1212 out:1213 type:b dur:2 cpbdur:2 q:42.04 aq:43.35 tex:8865 mv:2625 misc:1542 imb:9 pmb:582 smb:7569 d:- ref:0 ;
in:1218 out:1214 type:P dur:2 cpbdur:2 q:42.49 aq:35.10 tex:103039 mv:9575 misc:3338 imb:374 pmb:1265 smb:6521 d:s ref:0 ;
in:1215 out:1215 type:B dur:2 cpbdur:2 q:42.83 aq:41.04 tex:4534 mv:3208 misc:1506 imb:24 pmb:496 smb:7640 d:s ref:0 ;
in:1214 out:1216 type:b dur:2 cpbdur:2 q:43.07 aq:45.38 tex:16195 mv:1945 misc:1300 imb:3 pmb:529 smb:7628 d:s ref:0 ;
in:1216 out:1217 type:b dur:2 cpbdur:2 q:43.07 aq:44.23 tex:17832 mv:2782 misc:1346 imb:11 pmb:572 smb:7577 d:- ref:0 ;
in:1217 out:1218 type:b dur:2 cpbdur:2 q:43.07 aq:43.73 tex:1517 mv:1934 misc:1437 imb:10 pmb:401 smb:7749 d:- ref:0 ;
in:1224 out:1219 type:P dur:2 cpbdur:2 q:42.10 aq:35.72 tex:67753 mv:8830 misc:3969 imb:259 pmb:1348 smb:6553 d:s ref:0 ;
in:1221 out:1220 type:B dur:2 cpbdur:2 q:42.76 aq:41.76 tex:1354 mv:2162 misc:892 imb:12 pmb:238 smb:7910 d:t ref:0 ;
in:1219 out:1221 type:b dur:2 cpbdur:2 q:43.01 aq:44.49 tex:224 mv:993 misc:735 imb:2 pmb:121 smb:8037 d:s ref:0 ;
in:1220 out:1222 type:b dur:2 cpbdur:2 q:43.01 aq:43.03 tex:1267 mv:1165 misc:696 imb:8 pmb:136 smb:8016 d:s ref:0 ;
in:1222 out:1223 type:b dur:2 cpbdur:2 q:43.01 aq:38.25 tex:116 mv:807 misc:781 imb:2 pmb:141 smb:8017 d:- ref:0 ;
in:1223 out:1224 type:b dur:2 cpbdur:2 q:43.01 aq:43.73 tex:197 mv:1187 misc:800 imb:5 pmb:163 smb:7992 d:- ref:0 ;
in:1230 out:1225 type:P dur:2 cpbdur:2 q:41.24 aq:33.80 tex:136162 mv:13827 misc:5163 imb:647 pmb:1919 smb:5594 d:s ref:0 ;
in:1227 out:1226 type:B dur:2 cpbdur:2 q:42.45 aq:40.78 tex:1263 mv:2262 misc:1147 imb:19 pmb:323 smb:7818 d:t ref:0 ;
in:1225 out:1227 type:b dur:2 cpbdur:2 q:42.54 aq:43.13 tex:1004 mv:1477 misc:791 imb:7 pmb:182 smb:7971 d:s ref:0 ;
in:1226 out:1228 type:b dur:2 cpbdur:2 q:42.54 aq:42.21 tex:728 mv:1232 misc:936 imb:15 pmb:187 smb:7958 d:s ref:0 ;
in:1228 out:1229 type:b dur:2 cpbdur:2 q:42.54 aq:38.44 tex:204 mv:974 misc:678 imb:3 pmb:157 smb:8000 d:- ref:0 ;
in:1229 out:1230 type:b dur:2 cpbdur:2 q:42.54 aq:43.83 tex:548 mv:1352 misc:716 imb:20 pmb:151 smb:7989 d:- ref:0 ;
in:1233 out:1231 type:P dur:2 cpbdur:2 q:40.98 aq:33.41 tex:125129 mv:9741 misc:5218 imb:587 pmb:1748 smb:5825 d:s ref:0 ;
in:1231 out:1232 type:B dur:2 cpbdur:2 q:41.55 aq:43.13 tex:2529 mv:1849 misc:838 imb:33 pmb:214 smb:7913 d:s ref:0 ;
in:1232 out:1233 type:b dur:2 cpbdur:2 q:41.60 aq:41.89 tex:2473 mv:1933 misc:770 imb:59 pmb:212 smb:7889 d:- ref:0 ;
in:1238 out:1234 type:P dur:2 cpbdur:2 q:39.83 aq:31.87 tex:142329 mv:10748 misc:4955 imb:440 pmb:2024 smb:5696 d:s ref:0 ;
in:1235 out:1235 type:B dur:2 cpbdur:2 q:41.20 aq:40.65 tex:2704 mv:2592 misc:848 imb:22 pmb:260 smb:7878 d:t ref:0 ;
in:1234 out:1236 type:b dur:2 cpbdur:2 q:41.39 aq:42.08 tex:232 mv:1320 misc:840 imb:10 pmb:200 smb:7950 d:s ref:0 ;
in:1236 out:1237 type:b dur:2 cpbdur:2 q:41.39 aq:40.30 tex:111 mv:1001 misc:720 imb:3 pmb:178 smb:7979 d:- ref:0 ;
in:1237 out:1238 type:b dur:2 cpbdur:2 q:41.39 aq:37.34 tex:143 mv:982 misc:691 imb:4 pmb:167 smb:7989 d:- ref:0 ;
in:1240 out:1239 type:P dur:2 cpbdur:2 q:38.99 aq:30.65 tex:133200 mv:9166 misc:6138 imb:363 pmb:2242 smb:5555 d:s ref:0 ;
in:1239 out:1240 type:b dur:2 cpbdur:2 q:40.15 aq:34.00 tex:37 mv:1069 misc:806 imb:1 pmb:189 smb:7970 d:t ref:0 ;
in:1242 out:1241 type:P dur:2 cpbdur:2 q:38.41 aq:30.00 tex:177984 mv:8088 misc:5712 imb:326 pmb:2472 smb:5362 d:s ref:0 ;
in:1241 out:1242 type:b dur:2 cpbdur:2 q:39.37 aq:36.10 tex:257 mv:1084 misc:739 imb:3 pmb:177 smb:7980 d:t ref:0 ;
in:1244 out:1243 type:P dur:2 cpbdur:2 q:38.01 aq:29.65 tex:130591 mv:6464 misc:5825 imb:195 pmb:2287 smb:5678 d:s ref:0 ;
in:1243 out:1244 type:b dur:2 cpbdur:2 q:38.82 aq:33.14 tex:109 mv:966 misc:605 imb:1 pmb:143 smb:8016 d:t ref:0 ;
in:1248 out:1245 type:P dur:2 cpbdur:2 q:37.96 aq:28.57 tex:275866 mv:13361 misc:7141 imb:492 pmb:3790 smb:3878 d:s ref:0 ;
in:1246 out:1246 type:B dur:2 cpbdur:2 q:38.40 aq:34.07 tex:1318 mv:1686 misc:924 imb:12 pmb:245 smb:7903 d:t ref:0 ;
in:1245 out:1247 type:b dur:2 cpbdur:2 q:38.76 aq:37.09 tex:253 mv:1136 misc:851 imb:2 pmb:225 smb:7933 d:s ref:0 ;
in:1247 out:1248 type:b dur:2 cpbdur:2 q:38.76 aq:35.83 tex:134 mv:978 misc:616 imb:2 pmb:157 smb:8001 d:- ref:0 ;
in:1251 out:1249 type:P dur:2 cpbdur:2 q:37.78 aq:28.53 tex:153558 mv:6801 misc:5945 imb:190 pmb:2395 smb:5575 d:s ref:0 ;
in:1249 out:1250 type:B dur:2 cpbdur:2 q:38.37 aq:36.11 tex:375 mv:1030 misc:651 imb:3 pmb:163 smb:7994 d:t ref:0 ;
in:1250 out:1251 type:b dur:2 cpbdur:2 q:38.75 aq:37.49 tex:235 mv:969 misc:588 imb:1 pmb:153 smb:8006 d:- ref:0 ;
in:1253 out:1252 type:P dur:2 cpbdur:2 q:38.09 aq:29.22 tex:130050 mv:6652 misc:5274 imb:160 pmb:2104 smb:5896 d:s ref:0 ;
in:1252 out:1253 type:b dur:2 cpbdur:2 q:38.33 aq:36.20 tex:263 mv:1055 misc:746 imb:2 pmb:188 smb:7970 d:t ref:0 ;
in:1259 out:1254 type:P dur:2 cpbdur:2 q:37.39 aq:28.78 tex:203460 mv:9450 misc:5538 imb:326 pmb:2709 smb:5125 d:s ref:0 ;
in:1256 out:1255 type:B dur:2 cpbdur:2 q:38.34 aq:36.34 tex:1809 mv:1905 misc:886 imb:10 pmb:206 smb:7944 d:t ref:0 ;
in:1254 out:1256 type:b dur:2 cpbdur:2 q:38.56 aq:37.57 tex:251 mv:1080 misc:613 imb:5 pmb:146 smb:8009 d:t ref:0 ;
in:1255 out:1257 type:b dur:2 cpbdur:2 q:38.56 aq:38.96 tex:260 mv:885 misc:567 imb:5 pmb:142 smb:8013 d:t ref:0 ;
in:1257 out:1258 type:b dur:2 cpbdur:2 q:38.56 aq:33.00 tex:26 mv:933 misc:561 imb:2 pmb:147 smb:8011 d:- ref:0 ;
in:1258 out:1259 type:b dur:2 cpbdur:2 q:38.56 aq:37.38 tex:132 mv:933 misc:551 imb:2 pmb:147 smb:8011 d:- ref:0 ;
in:1261 out:1260 type:P dur:2 cpbdur:2 q:37.55 aq:28.69 tex:153092 mv:6345 misc:5667 imb:138 pmb:2574 smb:5448 d:s ref:0 ;
in:1260 out:1261 type:b dur:2 cpbdur:2 q:37.84 aq:36.66 tex:170 mv:995 misc:691 imb:3 pmb:183 smb:7974 d:t ref:0 ;
in:1265 out:1262 type:P dur:2 cpbdur:2 q:36.90 aq:28.34 tex:248742 mv:10417 misc:6433 imb:261 pmb:3237 smb:4662 d:t ref:0 ;
in:1263 out:1263 type:B dur:2 cpbdur:2 q:38.01 aq:36.45 tex:734 mv:1694 misc:1084 imb:7 pmb:295 smb:7858 d:t ref:0 ;
in:1262 out:1264 type:b dur:2 cpbdur:2 q:38.21 aq:33.00 tex:34 mv:1099 misc:875 imb:0 pmb:218 smb:7942 d:s ref:0 ;
in:1264 out:1265 type:b dur:2 cpbdur:2 q:38.21 aq:36.74 tex:152 mv:1049 misc:695 imb:1 pmb:185 smb:7974 d:- ref:0 ;
in:1267 out:1266 type:P dur:2 cpbdur:2 q:36.61 aq:27.33 tex:195751 mv:5825 misc:6744 imb:131 pmb:3087 smb:4942 d:s ref:0 ;
in:1266 out:1267 type:b dur:2 cpbdur:2 q:37.22 aq:36.71 tex:258 mv:996 misc:594 imb:2 pmb:155 smb:8003 d:t ref:0 ;
in:1268 out:1268 type:P dur:2 cpbdur:2 q:36.46 aq:27.01 tex:132785 mv:3966 misc:5953 imb:68 pmb:2196 smb:5896 d:s ref:0 ;
in:1271 out:1269 type:P dur:2 cpbdur:2 q:36.08 aq:27.53 tex:230208 mv:7542 misc:5786 imb:114 pmb:3109 smb:4937 d:s ref:0 ;
in:1269 out:1270 type:B dur:2 cpbdur:2 q:36.88 aq:33.70 tex:157 mv:1170 misc:753 imb:3 pmb:181 smb:7976 d:t ref:0 ;
in:1270 out:1271 type:b dur:2 cpbdur:2 q:37.12 aq:33.08 tex:120 mv:999 misc:713 imb:1 pmb:180 smb:7979 d:- ref:0 ;
in:1273 out:1272 type:P dur:2 cpbdur:2 q:36.21 aq:27.97 tex:159162 mv:5052 misc:5602 imb:87 pmb:2402 smb:5671 d:s ref:0 ;
in:1272 out:1273 type:b dur:2 cpbdur:2 q:36.43 aq:35.53 tex:457 mv:1050 misc:597 imb:4 pmb:153 smb:8003 d:t ref:0 ;
in:1277 out:1274 type:P dur:2 cpbdur:2 q:35.87 aq:27.88 tex:260995 mv:9937 misc:4796 imb:175 pmb:2867 smb:5118 d:s ref:0 ;
in:1275 out:1275 type:B dur:2 cpbdur:2 q:36.45 aq:35.48 tex:2499 mv:1694 misc:1135 imb:7 pmb:319 smb:7834 d:s ref:0 ;
in:1274 out:1276 type:b dur:2 cpbdur:2 q:36.71 aq:38.49 tex:358 mv:1190 misc:852 imb:3 pmb:231 smb:7926 d:s ref:0 ;
in:1276 out:1277 type:b dur:2 cpbdur:2 q:36.71 aq:35.48 tex:345 mv:1051 misc:644 imb:4 pmb:153 smb:8003 d:- ref:0 ;
in:1279 out:1278 type:P dur:2 cpbdur:2 q:35.97 aq:27.94 tex:136682 mv:4973 misc:5425 imb:69 pmb:2154 smb:5937 d:t ref:0 ;
in:1278 out:1279 type:b dur:2 cpbdur:2 q:36.38 aq:35.90 tex:221 mv:212 misc:591 imb:0 pmb:49 smb:8111 d:t ref:0 ;
in:1282 out:1280 type:P dur:2 cpbdur:2 q:35.68 aq:27.48 tex:191978 mv:7894 misc:5280 imb:114 pmb:2575 smb:5471 d:t ref:0 ;
in:1280 out:1281 type:B dur:2 cpbdur:2 q:36.34 aq:34.35 tex:720 mv:648 misc:1000 imb:0 pmb:150 smb:8010 d:t ref:0 ;
in:1281 out:1282 type:b dur:2 cpbdur:2 q:36.61 aq:34.44 tex:313 mv:1194 misc:877 imb:4 pmb:247 smb:7909 d:- ref:0 ;
in:1288 out:1283 type:P dur:2 cpbdur:2 q:35.55 aq:27.99 tex:216072 mv:10355 misc:4701 imb:133 pmb:2659 smb:5368 d:t ref:0 ;
in:1285 out:1284 type:B dur:2 cpbdur:2 q:36.14 aq:35.18 tex:3495 mv:1985 misc:1824 imb:5 pmb:421 smb:7734 d:s ref:0 ;
in:1283 out:1285 type:b dur:2 cpbdur:2 q:36.43 aq:38.02 tex:812 mv:622 misc:894 imb:5 pmb:125 smb:8030 d:t ref:0 ;
in:1284 out:1286 type:b dur:2 cpbdur:2 q:36.43 aq:36.86 tex:814 mv:632 misc:962 imb:3 pmb:135 smb:8022 d:t ref:0 ;
in:1286 out:1287 type:b dur:2 cpbdur:2 q:36.43 aq:38.96 tex:248 mv:1141 misc:771 imb:4 pmb:214 smb:7942 d:- ref:0 ;
in:1287 out:1288 type:b dur:2 cpbdur:2 q:36.43 aq:33.00 tex:119 mv:1120 misc:809 imb:4 pmb:217 smb:7939 d:- ref:0 ;
in:1291 out:1289 type:P dur:2 cpbdur:2 q:35.53 aq:27.59 tex:180696 mv:7054 misc:5066 imb:85 pmb:2618 smb:5457 d:t ref:0 ;
in:1289 out:1290 type:B dur:2 cpbdur:2 q:35.98 aq:33.94 tex:269 mv:488 misc:963 imb:0 pmb:137 smb:8023 d:t ref:0 ;
in:1290 out:1291 type:b dur:2 cpbdur:2 q:36.34 aq:33.13 tex:135 mv:1068 misc:725 imb:5 pmb:193 smb:7962 d:- ref:0 ;
in:1297 out:1292 type:P dur:2 cpbdur:2 q:35.08 aq:27.35 tex:301922 mv:12052 misc:4778 imb:164 pmb:3365 smb:4631 d:t ref:0 ;
in:1294 out:1293 type:B dur:2 cpbdur:2 q:35.87 aq:34.67 tex:3923 mv:2809 misc:2084 imb:4 pmb:517 smb:7639 d:s ref:0 ;
in:1292 out:1294 type:b dur:2 cpbdur:2 q:36.11 aq:37.95 tex:292 mv:636 misc:1136 imb:0 pmb:226 smb:7934 d:s ref:0 ;
in:1293 out:1295 type:b dur:2 cpbdur:2 q:36.11 aq:37.77 tex:310 mv:903 misc:1283 imb:0 pmb:270 smb:7890 d:s ref:0 ;
in:1295 out:1296 type:b dur:2 cpbdur:2 q:36.11 aq:34.79 tex:323 mv:1074 misc:659 imb:5 pmb:171 smb:7984 d:- ref:0 ;
in:1296 out:1297 type:b dur:2 cpbdur:2 q:36.11 aq:34.36 tex:283 mv:1158 misc:711 imb:5 pmb:174 smb:7981 d:- ref:0 ;
in:1303 out:1298 type:P dur:2 cpbdur:2 q:35.16 aq:27.97 tex:201111 mv:8832 misc:4785 imb:107 pmb:2566 smb:5487 d:t ref:0 ;
in:1300 out:1299 type:B dur:2 cpbdur:2 q:35.58 aq:34.16 tex:9721 mv:3010 misc:2117 imb:21 pmb:537 smb:7602 d:s ref:0 ;
in:1298 out:1300 type:b dur:2 cpbdur:2 q:35.96 aq:35.29 tex:762 mv:765 misc:1001 imb:5 pmb:168 smb:7987 d:t ref:0 ;
in:1299 out:1301 type:b dur:2 cpbdur:2 q:35.96 aq:34.29 tex:607 mv:681 misc:1032 imb:4 pmb:185 smb:7971 d:t ref:0 ;
in:1301 out:1302 type:b dur:2 cpbdur:2 q:35.96 aq:36.51 tex:226 mv:1144 misc:806 imb:4 pmb:197 smb:7959 d:- ref:0 ;
in:1302 out:1303 type:b dur:2 cpbdur:2 q:35.96 aq:36.50 tex:301 mv:1280 misc:915 imb:4 pmb:247 smb:7909 d:- ref:0 ;
in:1305 out:1304 type:P dur:2 cpbdur:2 q:35.36 aq:28.39 tex:151453 mv:5710 misc:4733 imb:68 pmb:2101 smb:5991 d:t ref:0 ;
in:1304 out:1305 type:b dur:2 cpbdur:2 q:35.55 aq:36.73 tex:338 mv:433 misc:957 imb:0 pmb:188 smb:7972 d:t ref:0 ;
in:1306 out:1306 type:P dur:2 cpbdur:2 q:35.18 aq:27.74 tex:101288 mv:2771 misc:5149 imb:14 pmb:1808 smb:6338 d:t ref:0 ;
in:1308 out:1307 type:P dur:2 cpbdur:2 q:35.31 aq:28.19 tex:121498 mv:5321 misc:4749 imb:70 pmb:1945 smb:6145 d:t ref:0 ;
in:1307 out:1308 type:b dur:2 cpbdur:2 q:35.48 aq:36.07 tex:462 mv:387 misc:935 imb:0 pmb:132 smb:8028 d:t ref:0 ;
in:1311 out:1309 type:P dur:2 cpbdur:2 q:35.58 aq:28.86 tex:174112 mv:6923 misc:4709 imb:170 pmb:2036 smb:5954 d:t ref:0 ;
in:1309 out:1310 type:B dur:2 cpbdur:2 q:35.91 aq:35.63 tex:8911 mv:1649 misc:1104 imb:23 pmb:317 smb:7820 d:t ref:0 ;
in:1310 out:1311 type:b dur:2 cpbdur:2 q:36.11 aq:37.27 tex:13284 mv:3407 misc:909 imb:52 pmb:310 smb:7798 d:- ref:0 ;
in:1317 out:1312 type:P dur:2 cpbdur:2 q:35.69 aq:28.99 tex:159718 mv:8993 misc:4313 imb:82 pmb:2245 smb:5833 d:t ref:0 ;
in:1314 out:1313 type:B dur:2 cpbdur:2 q:36.06 aq:34.60 tex:20539 mv:11650 misc:2571 imb:194 pmb:1173 smb:6793 d:s ref:0 ;
in:1312 out:1314 type:b dur:2 cpbdur:2 q:36.26 aq:36.51 tex:12690 mv:11617 misc:1645 imb:445 pmb:943 smb:6772 d:s ref:0 ;
in:1313 out:1315 type:b dur:2 cpbdur:2 q:36.26 aq:38.16 tex:2022 mv:5515 misc:2047 imb:4 pmb:683 smb:7473 d:s ref:0 ;
in:1315 out:1316 type:b dur:2 cpbdur:2 q:36.26 aq:36.62 tex:19487 mv:10771 misc:1830 imb:186 pmb:1011 smb:6963 d:- ref:0 ;
in:1316 out:1317 type:b dur:2 cpbdur:2 q:36.26 aq:36.83 tex:3409 mv:5896 misc:1839 imb:19 pmb:733 smb:7408 d:- ref:0 ;
in:1320 out:1318 type:P dur:2 cpbdur:2 q:35.53 aq:28.41 tex:150615 mv:7221 misc:4692 imb:69 pmb:2207 smb:5884 d:t ref:0 ;
in:1318 out:1319 type:B dur:2 cpbdur:2 q:35.99 aq:35.82 tex:894 mv:671 misc:1179 imb:3 pmb:223 smb:7934 d:t ref:0 ;
in:1319 out:1320 type:b dur:2 cpbdur:2 q:36.24 aq:37.46 tex:183 mv:1177 misc:824 imb:1 pmb:230 smb:7929 d:- ref:0 ;
in:1322 out:1321 type:P dur:2 cpbdur:2 q:35.45 aq:27.99 tex:127480 mv:5321 misc:4919 imb:53 pmb:2111 smb:5996 d:t ref:0 ;
in:1321 out:1322 type:b dur:2 cpbdur:2 q:35.91 aq:33.07 tex:112 mv:225 misc:623 imb:0 pmb:46 smb:8114 d:t ref:0 ;
in:1328 out:1323 type:P dur:2 cpbdur:2 q:35.56 aq:28.39 tex:213734 mv:10848 misc:4682 imb:163 pmb:2525 smb:5472 d:t ref:0 ;
in:1325 out:1324 type:B dur:2 cpbdur:2 q:35.94 aq:34.69 tex:2036 mv:1370 misc:1706 imb:2 pmb:398 smb:7760 d:s ref:0 ;
in:1323 out:1325 type:b dur:2 cpbdur:2 q:36.16 aq:36.76 tex:599 mv:416 misc:793 imb:3 pmb:74 smb:8083 d:t ref:0 ;
in:1324 out:1326 type:b dur:2 cpbdur:2 q:36.16 aq:35.89 tex:614 mv:460 misc:854 imb:3 pmb:85 smb:8072 d:t ref:0 ;
in:1326 out:1327 type:b dur:2 cpbdur:2 q:36.16 aq:34.90 tex:1058 mv:1277 misc:793 imb:8 pmb:214 smb:7938 d:- ref:0 ;
in:1327 out:1328 type:b dur:2 cpbdur:2 q:36.16 aq:36.16 tex:1123 mv:1313 misc:892 imb:8 pmb:222 smb:7930 d:- ref:0 ;
in:1334 out:1329 type:P dur:2 cpbdur:2 q:35.65 aq:28.29 tex:255392 mv:11031 misc:4385 imb:284 pmb:2954 smb:4922 d:t ref:0 ;
in:1331 out:1330 type:B dur:2 cpbdur:2 q:36.13 aq:35.02 tex:17455 mv:4101 misc:2036 imb:69 pmb:823 smb:7268 d:s ref:0 ;
in:1329 out:1331 type:b dur:2 cpbdur:2 q:36.41 aq:35.60 tex:175 mv:635 misc:1102 imb:0 pmb:200 smb:7960 d:t ref:0 ;
in:1330 out:1332 type:b dur:2 cpbdur:2 q:36.41 aq:33.92 tex:1342 mv:903 misc:1211 imb:0 pmb:273 smb:7887 d:t ref:0 ;
in:1332 out:1333 type:b dur:2 cpbdur:2 q:36.41 aq:37.48 tex:3297 mv:3161 misc:1350 imb:85 pmb:458 smb:7617 d:- ref:0 ;
in:1333 out:1334 type:b dur:2 cpbdur:2 q:36.41 aq:34.42 tex:1528 mv:2881 misc:1255 imb:69 pmb:419 smb:7672 d:- ref:0 ;
in:1340 out:1335 type:P dur:2 cpbdur:2 q:35.76 aq:28.31 tex:219797 mv:11661 misc:4630 imb:244 pmb:2612 smb:5304 d:t ref:0 ;
in:1337 out:1336 type:B dur:2 cpbdur:2 q:36.04 aq:34.62 tex:6754 mv:4217 misc:2045 imb:150 pmb:594 smb:7416 d:s ref:0 ;
in:1335 out:1337 type:b dur:2 cpbdur:2 q:36.32 aq:37.55 tex:400 mv:989 misc:1299 imb:1 pmb:389 smb:7770 d:s ref:0 ;
in:1336 out:1338 type:b dur:2 cpbdur:2 q:36.32 aq:34.69 tex:376 mv:1283 misc:1093 imb:3 pmb:313 smb:7844 d:s ref:0 ;
in:1338 out:1339 type:b dur:2 cpbdur:2 q:36.32 aq:36.95 tex:799 mv:1645 misc:764 imb:19 pmb:206 smb:7935 d:- ref:0 ;
in:1339 out:1340 type:b dur:2 cpbdur:2 q:36.32 aq:36.30 tex:936 mv:2062 misc:858 imb:26 pmb:230 smb:7904 d:- ref:0 ;
in:1341 out:1341 type:P dur:2 cpbdur:2 q:35.51 aq:27.12 tex:136341 mv:4452 misc:5319 imb:50 pmb:2256 smb:5854 d:s ref:0 ;
in:1343 out:1342 type:P dur:2 cpbdur:2 q:35.41 aq:27.48 tex:149974 mv:5703 misc:5171 imb:60 pmb:2317 smb:5783 d:s ref:0 ;
in:1342 out:1343 type:b dur:2 cpbdur:2 q:35.66 aq:35.46 tex:180 mv:1063 misc:685 imb:2 pmb:190 smb:7968 d:t ref:0 ;
in:1349 out:1344 type:P dur:2 cpbdur:2 q:35.61 aq:28.14 tex:165264 mv:9530 misc:4886 imb:96 pmb:2506 smb:5558 d:s ref:0 ;
in:1346 out:1345 type:B dur:2 cpbdur:2 q:35.92 aq:34.84 tex:4592 mv:2504 misc:1440 imb:11 pmb:362 smb:7787 d:t ref:0 ;
in:1344 out:1346 type:b dur:2 cpbdur:2 q:36.12 aq:33.00 tex:92 mv:1055 misc:645 imb:3 pmb:169 smb:7988 d:s ref:0 ;
in:1345 out:1347 type:b dur:2 cpbdur:2 q:36.12 aq:33.77 tex:130 mv:1067 misc:723 imb:3 pmb:183 smb:7974 d:s ref:0 ;
in:1347 out:1348 type:b dur:2 cpbdur:2 q:36.12 aq:35.34 tex:168 mv:1119 misc:633 imb:5 pmb:165 smb:7990 d:- ref:0 ;
in:1348 out:1349 type:b dur:2 cpbdur:2 q:36.12 aq:38.46 tex:806 mv:1164 misc:614 imb:5 pmb:157 smb:7998 d:- ref:0 ;
in:1355 out:1350 type:P dur:2 cpbdur:2 q:35.71 aq:28.95 tex:207787 mv:11879 misc:4686 imb:158 pmb:2632 smb:5370 d:s ref:0 ;
in:1352 out:1351 type:B dur:2 cpbdur:2 q:36.06 aq:34.79 tex:4501 mv:3163 misc:1688 imb:13 pmb:470 smb:7677 d:s ref:0 ;
in:1350 out:1352 type:b dur:2 cpbdur:2 q:36.27 aq:38.35 tex:803 mv:1441 misc:828 imb:6 pmb:223 smb:7931 d:s ref:0 ;
in:1351 out:1353 type:b dur:2 cpbdur:2 q:36.27 aq:38.35 tex:691 mv:1246 misc:799 imb:6 pmb:209 smb:7945 d:s ref:0 ;
in:1353 out:1354 type:b dur:2 cpbdur:2 q:36.27 aq:38.39 tex:646 mv:1484 misc:814 imb:8 pmb:224 smb:7928 d:- ref:0 ;
in:1354 out:1355 type:b dur:2 cpbdur:2 q:36.27 aq:38.42 tex:628 mv:1520 misc:860 imb:6 pmb:251 smb:7903 d:- ref:0 ;
in:1356 out:1356 type:P dur:2 cpbdur:2 q:35.36 aq:27.26 tex:143207 mv:3595 misc:5702 imb:23 pmb:2265 smb:5872 d:s ref:0 ;
in:1358 out:1357 type:P dur:2 cpbdur:2 q:35.51 aq:27.72 tex:136431 mv:4803 misc:4710 imb:35 pmb:2007 smb:6118 d:s ref:0 ;
in:1357 out:1358 type:b dur:2 cpbdur:2 q:35.75 aq:33.96 tex:166 mv:1022 misc:588 imb:1 pmb:153 smb:8006 d:t ref:0 ;
in:1364 out:1359 type:P dur:2 cpbdur:2 q:35.69 aq:28.73 tex:198872 mv:10930 misc:4926 imb:176 pmb:2506 smb:5478 d:s ref:0 ;
in:1361 out:1360 type:B dur:2 cpbdur:2 q:36.10 aq:34.71 tex:4106 mv:2390 misc:1432 imb:6 pmb:381 smb:7773 d:s ref:0 ;
in:1359 out:1361 type:b dur:2 cpbdur:2 q:36.32 aq:33.17 tex:53 mv:1109 misc:726 imb:2 pmb:180 smb:7978 d:s ref:0 ;
in:1360 out:1362 type:b dur:2 cpbdur:2 q:36.32 aq:33.09 tex:118 mv:955 misc:711 imb:5 pmb:180 smb:7975 d:s ref:0 ;
in:1362 out:1363 type:b dur:2 cpbdur:2 q:36.32 aq:34.31 tex:878 mv:1220 misc:694 imb:5 pmb:204 smb:7951 d:- ref:0 ;
in:1363 out:1364 type:b dur:2 cpbdur:2 q:36.32 aq:35.91 tex:423 mv:1265 misc:712 imb:2 pmb:197 smb:7961 d:- ref:0 ;
in:1366 out:1365 type:P dur:2 cpbdur:2 q:35.53 aq:27.84 tex:130827 mv:5030 misc:4967 imb:55 pmb:2071 smb:6034 d:s ref:0 ;
in:1365 out:1366 type:b dur:2 cpbdur:2 q:36.11 aq:34.04 tex:199 mv:928 misc:561 imb:1 pmb:142 smb:8017 d:t ref:0 ;
in:1372 out:1367 type:P dur:2 cpbdur:2 q:35.20 aq:27.73 tex:255016 mv:12055 misc:4761 imb:170 pmb:2758 smb:5232 d:s ref:0 ;
in:1369 out:1368 type:B dur:2 cpbdur:2 q:35.98 aq:35.46 tex:2790 mv:2495 misc:1379 imb:9 pmb:347 smb:7804 d:s ref:0 ;
in:1367 out:1369 type:b dur:2 cpbdur:2 q:36.29 aq:34.20 tex:963 mv:1226 misc:747 imb:1 pmb:194 smb:7965 d:s ref:0 ;
in:1368 out:1370 type:b dur:2 cpbdur:2 q:36.29 aq:37.54 tex:995 mv:1147 misc:666 imb:7 pmb:181 smb:7972 d:s ref:0 ;
in:1370 out:1371 type:b dur:2 cpbdur:2 q:36.29 aq:34.12 tex:183 mv:1131 misc:798 imb:5 pmb:199 smb:7956 d:- ref:0 ;
in:1371 out:1372 type:b dur:2 cpbdur:2 q:36.29 aq:35.15 tex:624 mv:1290 misc:798 imb:5 pmb:218 smb:7937 d:- ref:0 ;
in:1373 out:1373 type:P dur:2 cpbdur:2 q:35.25 aq:27.02 tex:139342 mv:3956 misc:5614 imb:136 pmb:2179 smb:5845 d:s ref:0 ;
in:1375 out:1374 type:P dur:2 cpbdur:2 q:35.55 aq:28.54 tex:116565 mv:5697 misc:4546 imb:150 pmb:1872 smb:6138 d:s ref:0 ;
in:1374 out:1375 type:b dur:2 cpbdur:2 q:36.02 aq:36.50 tex:843 mv:1241 misc:700 imb:3 pmb:187 smb:7970 d:t ref:0 ;
in:1381 out:1376 type:P dur:2 cpbdur:2 q:35.53 aq:28.59 tex:199214 mv:11362 misc:4536 imb:260 pmb:2400 smb:5500 d:s ref:0 ;
in:1378 out:1377 type:B dur:2 cpbdur:2 q:35.97 aq:35.22 tex:5493 mv:3617 misc:1658 imb:39 pmb:431 smb:7690 d:s ref:0 ;
in:1376 out:1378 type:b dur:2 cpbdur:2 q:36.14 aq:37.49 tex:356 mv:1304 misc:844 imb:3 pmb:218 smb:7939 d:s ref:0 ;
in:1377 out:1379 type:b dur:2 cpbdur:2 q:36.14 aq:36.43 tex:1498 mv:1644 misc:778 imb:36 pmb:202 smb:7922 d:s ref:0 ;
in:1379 out:1380 type:b dur:2 cpbdur:2 q:36.14 aq:36.18 tex:1939 mv:1823 misc:830 imb:32 pmb:224 smb:7904 d:- ref:0 ;
in:1380 out:1381 type:b dur:2 cpbdur:2 q:36.14 aq:37.66 tex:750 mv:1507 misc:887 imb:4 pmb:243 smb:7913 d:- ref:0 ;
in:1386 out:1382 type:P dur:2 cpbdur:2 q:35.17 aq:27.68 tex:229446 mv:9601 misc:5169 imb:130 pmb:2894 smb:5136 d:s ref:0 ;
in:1383 out:1383 type:B dur:2 cpbdur:2 q:35.92 aq:34.21 tex:10096 mv:2765 misc:1099 imb:19 pmb:329 smb:7812 d:t ref:0 ;
in:1382 out:1384 type:b dur:2 cpbdur:2 q:36.15 aq:34.76 tex:216 mv:1215 misc:817 imb:3 pmb:215 smb:7942 d:s ref:0 ;
in:1384 out:1385 type:b dur:2 cpbdur:2 q:36.15 aq:35.41 tex:197 mv:1059 misc:720 imb:2 pmb:179 smb:7979 d:- ref:0 ;
in:1385 out:1386 type:b dur:2 cpbdur:2 q:36.15 aq:36.24 tex:301 mv:1108 misc:831 imb:1 pmb:205 smb:7954 d:- ref:0 ;
in:1388 out:1387 type:P dur:2 cpbdur:2 q:35.75 aq:28.57 tex:169975 mv:7218 misc:4767 imb:83 pmb:2354 smb:5723 d:s ref:0 ;
in:1387 out:1388 type:b dur:2 cpbdur:2 q:36.13 aq:37.06 tex:380 mv:1072 misc:852 imb:1 pmb:220 smb:7939 d:t ref:0 ;
in:1391 out:1389 type:P dur:2 cpbdur:2 q:35.62 aq:28.43 tex:175489 mv:9067 misc:4884 imb:123 pmb:2373 smb:5664 d:s ref:0 ;
in:1389 out:1390 type:B dur:2 cpbdur:2 q:36.25 aq:37.46 tex:535 mv:1481 misc:1176 imb:2 pmb:325 smb:7833 d:s ref:0 ;
in:1390 out:1391 type:b dur:2 cpbdur:2 q:36.30 aq:38.49 tex:154 mv:1079 misc:783 imb:3 pmb:201 smb:7956 d:- ref:0 ;
in:1394 out:1392 type:P dur:2 cpbdur:2 q:35.56 aq:28.45 tex:160441 mv:7568 misc:4911 imb:109 pmb:2292 smb:5759 d:s ref:0 ;
in:1392 out:1393 type:B dur:2 cpbdur:2 q:36.10 aq:34.01 tex:263 mv:1262 misc:923 imb:3 pmb:251 smb:7906 d:t ref:0 ;
in:1393 out:1394 type:b dur:2 cpbdur:2 q:36.25 aq:34.20 tex:409 mv:1102 misc:697 imb:3 pmb:177 smb:7980 d:- ref:0 ;
in:1395 out:1395 type:P dur:2 cpbdur:2 q:35.56 aq:27.75 tex:116796 mv:3946 misc:4978 imb:41 pmb:2016 smb:6103 d:s ref:0 ;
in:1397 out:1396 type:P dur:2 cpbdur:2 q:35.41 aq:27.55 tex:128299 mv:5381 misc:5032 imb:80 pmb:2104 smb:5976 d:s ref:0 ;
in:1396 out:1397 type:b dur:2 cpbdur:2 q:35.84 aq:35.50 tex:159 mv:951 misc:578 imb:1 pmb:140 smb:8019 d:t ref:0 ;
in:1403 out:1398 type:P dur:2 cpbdur:2 q:35.12 aq:28.20 tex:228469 mv:11071 misc:4340 imb:227 pmb:2993 smb:4940 d:s ref:0 ;
in:1400 out:1399 type:B dur:2 cpbdur:2 q:35.90 aq:35.37 tex:2410 mv:2142 misc:1192 imb:6 pmb:280 smb:7874 d:s ref:0 ;
in:1398 out:1400 type:b dur:2 cpbdur:2 q:36.14 aq:35.25 tex:376 mv:1131 misc:629 imb:4 pmb:152 smb:8004 d:t ref:0 ;
in:1399 out:1401 type:b dur:2 cpbdur:2 q:36.14 aq:35.19 tex:321 mv:943 misc:616 imb:6 pmb:148 smb:8006 d:t ref:0 ;
in:1401 out:1402 type:b dur:2 cpbdur:2 q:36.14 aq:32.76 tex:402 mv:1087 misc:615 imb:5 pmb:155 smb:8000 d:- ref:0 ;
in:1402 out:1403 type:b dur:2 cpbdur:2 q:36.14 aq:32.09 tex:158 mv:1111 misc:667 imb:2 pmb:166 smb:7992 d:- ref:0 ;
in:1409 out:1404 type:P dur:2 cpbdur:2 q:35.15 aq:28.43 tex:175043 mv:10024 misc:4469 imb:159 pmb:2641 smb:5360 d:s ref:0 ;
in:1406 out:1405 type:B dur:2 cpbdur:2 q:35.56 aq:34.75 tex:11746 mv:3304 misc:1438 imb:32 pmb:395 smb:7733 d:s ref:0 ;
in:1404 out:1406 type:b dur:2 cpbdur:2 q:35.95 aq:33.88 tex:1452 mv:1367 misc:773 imb:7 pmb:205 smb:7948 d:s ref:0 ;
in:1405 out:1407 type:b dur:2 cpbdur:2 q:35.94 aq:33.87 tex:688 mv:1181 misc:731 imb:3 pmb:195 smb:7962 d:s ref:0 ;
in:1407 out:1408 type:b dur:2 cpbdur:2 q:35.94 aq:33.86 tex:484 mv:1183 misc:781 imb:2 pmb:198 smb:7960 d:- ref:0 ;
in:1408 out:1409 type:b dur:2 cpbdur:2 q:35.94 aq:38.41 tex:510 mv:1185 misc:793 imb:6 pmb:189 smb:7965 d:- ref:0 ;
in:1412 out:1410 type:P dur:2 cpbdur:2 q:35.13 aq:27.90 tex:169898 mv:7194 misc:5324 imb:138 pmb:2512 smb:5510 d:s ref:0 ;
in:1410 out:1411 type:B dur:2 cpbdur:2 q:35.53 aq:33.76 tex:7427 mv:2241 misc:1020 imb:28 pmb:302 smb:7830 d:t ref:0 ;
in:1411 out:1412 type:b dur:2 cpbdur:2 q:35.74 aq:33.34 tex:362 mv:1065 misc:677 imb:2 pmb:172 smb:7986 d:- ref:0 ;
in:1418 out:1413 type:P dur:2 cpbdur:2 q:35.16 aq:28.68 tex:226520 mv:12162 misc:4302 imb:264 pmb:2774 smb:5122 d:s ref:0 ;
in:1415 out:1414 type:B dur:2 cpbdur:2 q:35.45 aq:34.46 tex:4641 mv:2387 misc:1460 imb:8 pmb:370 smb:7782 d:s ref:0 ;
in:1413 out:1415 type:b dur:2 cpbdur:2 q:35.67 aq:34.24 tex:713 mv:1146 misc:645 imb:3 pmb:156 smb:8001 d:s ref:0 ;
in:1414 out:1416 type:b dur:2 cpbdur:2 q:35.67 aq:33.43 tex:1033 mv:1100 misc:587 imb:6 pmb:148 smb:8006 d:s ref:0 ;
in:1416 out:1417 type:b dur:2 cpbdur:2 q:35.67 aq:33.60 tex:850 mv:1368 misc:822 imb:7 pmb:233 smb:7920 d:- ref:0 ;
in:1417 out:1418 type:b dur:2 cpbdur:2 q:35.67 aq:37.57 tex:820 mv:1335 misc:925 imb:7 pmb:250 smb:7903 d:- ref:0 ;
in:1420 out:1419 type:P dur:2 cpbdur:2 q:35.08 aq:27.66 tex:142020 mv:5703 misc:5501 imb:56 pmb:2219 smb:5885 d:s ref:0 ;
in:1419 out:1420 type:b dur:2 cpbdur:2 q:35.59 aq:33.32 tex:429 mv:1230 misc:797 imb:2 pmb:231 smb:7927 d:t ref:0 ;
in:1421 out:1421 type:P dur:2 cpbdur:2 q:35.08 aq:27.29 tex:129169 mv:3865 misc:4990 imb:56 pmb:1819 smb:6285 d:s ref:0 ;
in:1424 out:1422 type:P dur:2 cpbdur:2 q:34.94 aq:27.87 tex:180822 mv:8706 misc:4792 imb:192 pmb:2507 smb:5461 d:s ref:0 ;
in:1422 out:1423 type:B dur:2 cpbdur:2 q:35.53 aq:35.04 tex:2006 mv:1505 misc:1017 imb:5 pmb:239 smb:7916 d:t ref:0 ;
in:1423 out:1424 type:b dur:2 cpbdur:2 q:35.92 aq:37.06 tex:565 mv:1310 misc:909 imb:5 pmb:228 smb:7927 d:- ref:0 ;
in:1430 out:1425 type:P dur:2 cpbdur:2 q:35.04 aq:28.76 tex:240595 mv:11903 misc:4334 imb:269 pmb:2766 smb:5125 d:s ref:0 ;
in:1427 out:1426 type:B dur:2 cpbdur:2 q:35.44 aq:34.38 tex:4644 mv:2182 misc:1382 imb:9 pmb:337 smb:7814 d:s ref:0 ;
in:1425 out:1427 type:b dur:2 cpbdur:2 q:35.71 aq:34.69 tex:317 mv:1236 misc:695 imb:7 pmb:173 smb:7980 d:s ref:0 ;
in:1426 out:1428 type:b dur:2 cpbdur:2 q:35.71 aq:34.69 tex:131 mv:1030 misc:623 imb:3 pmb:162 smb:7995 d:s ref:0 ;
in:1428 out:1429 type:b dur:2 cpbdur:2 q:35.71 aq:33.26 tex:506 mv:1088 misc:734 imb:2 pmb:185 smb:7973 d:- ref:0 ;
in:1429 out:1430 type:b dur:2 cpbdur:2 q:35.71 aq:33.76 tex:702 mv:1272 misc:794 imb:5 pmb:204 smb:7951 d:- ref:0 ;
in:1432 out:1431 type:P dur:2 cpbdur:2 q:34.86 aq:27.66 tex:124225 mv:5155 misc:5156 imb:58 pmb:2153 smb:5949 d:s ref:0 ;
in:1431 out:1432 type:b dur:2 cpbdur:2 q:35.33 aq:32.83 tex:237 mv:1069 misc:606 imb:2 pmb:156 smb:8002 d:t ref:0 ;
in:1435 out:1433 type:P dur:2 cpbdur:2 q:34.68 aq:27.45 tex:168871 mv:7532 misc:5061 imb:117 pmb:2643 smb:5400 d:s ref:0 ;
in:1433 out:1434 type:B dur:2 cpbdur:2 q:35.11 aq:34.86 tex:1041 mv:1325 misc:898 imb:4 pmb:206 smb:7950 d:s ref:0 ;
in:1434 out:1435 type:b dur:2 cpbdur:2 q:35.29 aq:37.12 tex:624 mv:1254 misc:714 imb:5 pmb:174 smb:7981 d:- ref:0 ;
in:1437 out:1436 type:P dur:2 cpbdur:2 q:34.84 aq:27.71 tex:116396 mv:4598 misc:4798 imb:64 pmb:1851 smb:6245 d:s ref:0 ;
in:1436 out:1437 type:b dur:2 cpbdur:2 q:35.18 aq:32.98 tex:275 mv:1056 misc:589 imb:2 pmb:143 smb:8015 d:t ref:0 ;
in:1439 out:1438 type:P dur:2 cpbdur:2 q:34.93 aq:27.75 tex:161656 mv:7122 misc:4838 imb:165 pmb:2327 smb:5668 d:s ref:0 ;
in:1438 out:1439 type:b dur:2 cpbdur:2 q:35.14 aq:33.16 tex:175 mv:1046 misc:739 imb:3 pmb:189 smb:7968 d:t ref:0 ;
in:1441 out:1440 type:P dur:2 cpbdur:2 q:35.09 aq:28.15 tex:148008 mv:6248 misc:4768 imb:87 pmb:2115 smb:5958 d:s ref:0 ;
in:1440 out:1441 type:b dur:2 cpbdur:2 q:35.25 aq:33.50 tex:364 mv:1142 misc:774 imb:2 pmb:191 smb:7967 d:s ref:0 ;
in:1445 out:1442 type:P dur:2 cpbdur:2 q:35.15 aq:28.03 tex:199050 mv:9606 misc:4944 imb:200 pmb:2608 smb:5352 d:s ref:0 ;
in:1443 out:1443 type:B dur:2 cpbdur:2 q:35.56 aq:34.76 tex:1741 mv:2127 misc:1236 imb:8 pmb:348 smb:7804 d:s ref:0 ;
in:1442 out:1444 type:b dur:2 cpbdur:2 q:35.69 aq:36.89 tex:230 mv:1143 misc:803 imb:2 pmb:220 smb:7938 d:s ref:0 ;
in:1444 out:1445 type:b dur:2 cpbdur:2 q:35.69 aq:35.13 tex:225 mv:1081 misc:758 imb:0 pmb:195 smb:7965 d:- ref:0 ;
in:1447 out:1446 type:P dur:2 cpbdur:2 q:35.06 aq:27.78 tex:124730 mv:4870 misc:4992 imb:37 pmb:2002 smb:6121 d:s ref:0 ;
in:1446 out:1447 type:b dur:2 cpbdur:2 q:35.58 aq:32.71 tex:269 mv:999 misc:676 imb:2 pmb:167 smb:7991 d:t ref:0 ;
in:1450 out:1448 type:P dur:2 cpbdur:2 q:33.36 aq:32.18 tex:55148 mv:6390 misc:3670 imb:131 pmb:1439 smb:6590 d:s ref:0 ;
in:1448 out:1449 type:B dur:2 cpbdur:2 q:35.30 aq:36.79 tex:1029 mv:1501 misc:926 imb:5 pmb:258 smb:7897 d:t ref:0 ;
in:1449 out:1450 type:b dur:2 cpbdur:2 q:35.53 aq:38.16 tex:209 mv:1279 misc:848 imb:2 pmb:238 smb:7920 d:- ref:0 ;
in:1451 out:1451 type:I dur:2 cpbdur:2 q:32.94 aq:24.55 tex:3091693 mv:190919 misc:316 imb:8160 pmb:0 smb:0 d:s ref:;
in:1453 out:1452 type:P dur:2 cpbdur:2 q:33.86 aq:27.37 tex:121524 mv:4486 misc:4486 imb:26 pmb:1763 smb:6371 d:s ref:0 ;
in:1452 out:1453 type:b dur:2 cpbdur:2 q:33.86 aq:35.49 tex:476 mv:1330 misc:858 imb:0 pmb:234 smb:7926 d:t ref:0 ;
in:1457 out:1454 type:P dur:2 cpbdur:2 q:34.40 aq:28.54 tex:205152 mv:9249 misc:4215 imb:131 pmb:2484 smb:5545 d:t ref:0 ;
in:1455 out:1455 type:B dur:2 cpbdur:2 q:34.77 aq:35.03 tex:1947 mv:2040 misc:1373 imb:4 pmb:381 smb:7775 d:s ref:0 ;
in:1454 out:1456 type:b dur:2 cpbdur:2 q:35.15 aq:34.39 tex:220 mv:1053 misc:655 imb:0 pmb:153 smb:8007 d:s ref:0 ;
in:1456 out:1457 type:b dur:2 cpbdur:2 q:35.15 aq:38.49 tex:306 mv:1291 misc:899 imb:5 pmb:258 smb:7897 d:- ref:0 ;
in:1459 out:1458 type:P dur:2 cpbdur:2 q:34.49 aq:28.33 tex:99578 mv:4601 misc:4453 imb:49 pmb:1884 smb:6227 d:s ref:0 ;
in:1458 out:1459 type:b dur:2 cpbdur:2 q:34.81 aq:33.07 tex:260 mv:979 misc:641 imb:3 pmb:151 smb:8006 d:t ref:0 ;
in:1465 out:1460 type:P dur:2 cpbdur:2 q:34.95 aq:28.74 tex:172961 mv:10768 misc:4295 imb:214 pmb:2529 smb:5417 d:s ref:0 ;
in:1462 out:1461 type:B dur:2 cpbdur:2 q:35.09 aq:33.64 tex:4928 mv:2358 misc:1642 imb:5 pmb:391 smb:7764 d:s ref:0 ;
in:1460 out:1462 type:b dur:2 cpbdur:2 q:35.11 aq:35.54 tex:259 mv:1150 misc:711 imb:7 pmb:163 smb:7990 d:s ref:0 ;
in:1461 out:1463 type:b dur:2 cpbdur:2 q:35.11 aq:36.44 tex:404 mv:1026 misc:1018 imb:1 pmb:202 smb:7957 d:s ref:0 ;
in:1463 out:1464 type:b dur:2 cpbdur:2 q:35.11 aq:36.05 tex:477 mv:1132 misc:799 imb:4 pmb:195 smb:7961 d:- ref:0 ;
in:1464 out:1465 type:b dur:2 cpbdur:2 q:35.11 aq:35.49 tex:649 mv:1312 misc:887 imb:3 pmb:222 smb:7935 d:- ref:0 ;
in:1467 out:1466 type:P dur:2 cpbdur:2 q:34.91 aq:28.91 tex:87492 mv:4319 misc:4469 imb:36 pmb:1777 smb:6347 d:s ref:0 ;
in:1466 out:1467 type:b dur:2 cpbdur:2 q:35.31 aq:34.19 tex:102 mv:987 misc:567 imb:2 pmb:132 smb:8026 d:t ref:0 ;
in:1473 out:1468 type:P dur:2 cpbdur:2 q:34.92 aq:29.70 tex:203908 mv:11500 misc:4304 imb:283 pmb:2614 smb:5263 d:s ref:0 ;
in:1470 out:1469 type:B dur:2 cpbdur:2 q:35.33 aq:34.32 tex:3719 mv:2949 misc:1692 imb:4 pmb:448 smb:7708 d:s ref:0 ;
in:1468 out:1470 type:b dur:2 cpbdur:2 q:35.54 aq:37.72 tex:790 mv:1345 misc:913 imb:4 pmb:244 smb:7912 d:s ref:0 ;
in:1469 out:1471 type:b dur:2 cpbdur:2 q:35.54 aq:36.61 tex:2731 mv:1637 misc:840 imb:23 pmb:250 smb:7887 d:s ref:0 ;
in:1471 out:1472 type:b dur:2 cpbdur:2 q:35.54 aq:35.29 tex:264 mv:1058 misc:742 imb:5 pmb:177 smb:7978 d:- ref:0 ;
in:1472 out:1473 type:b dur:2 cpbdur:2 q:35.54 aq:33.06 tex:115 mv:1180 misc:729 imb:1 pmb:191 smb:7968 d:- ref:0 ;
in:1475 out:1474 type:P dur:2 cpbdur:2 q:35.18 aq:30.01 tex:75212 mv:4313 misc:4059 imb:45 pmb:1494 smb:6621 d:t ref:0 ;
in:1474 out:1475 type:b dur:2 cpbdur:2 q:35.53 aq:33.94 tex:254 mv:301 misc:733 imb:1 pmb:111 smb:8048 d:t ref:0 ;
in:1481 out:1476 type:P dur:2 cpbdur:2 q:35.29 aq:30.93 tex:126756 mv:10348 misc:4240 imb:216 pmb:2170 smb:5774 d:t ref:0 ;
in:1478 out:1477 type:B dur:2 cpbdur:2 q:35.63 aq:34.55 tex:5476 mv:2582 misc:1934 imb:10 pmb:488 smb:7662 d:s ref:0 ;
in:1476 out:1478 type:b dur:2 cpbdur:2 q:35.91 aq:37.11 tex:180 mv:890 misc:1250 imb:0 pmb:263 smb:7897 d:s ref:0 ;
in:1477 out:1479 type:b dur:2 cpbdur:2 q:35.91 aq:36.76 tex:286 mv:1091 misc:791 imb:2 pmb:205 smb:7953 d:t ref:0 ;
in:1479 out:1480 type:b dur:2 cpbdur:2 q:35.91 aq:38.57 tex:260 mv:1306 misc:834 imb:2 pmb:221 smb:7937 d:- ref:0 ;
in:1480 out:1481 type:b dur:2 cpbdur:2 q:35.91 aq:36.30 tex:216 mv:1196 misc:860 imb:3 pmb:225 smb:7932 d:- ref:0 ;
in:1483 out:1482 type:P dur:2 cpbdur:2 q:34.81 aq:30.89 tex:85488 mv:5328 misc:4184 imb:54 pmb:1694 smb:6412 d:s ref:0 ;
in:1482 out:1483 type:b dur:2 cpbdur:2 q:35.59 aq:36.33 tex:194 mv:1061 misc:745 imb:6 pmb:192 smb:7962 d:s ref:0 ;
in:1485 out:1484 type:P dur:2 cpbdur:2 q:34.27 aq:30.42 tex:91523 mv:5375 misc:4254 imb:84 pmb:1837 smb:6239 d:s ref:0 ;
in:1484 out:1485 type:b dur:2 cpbdur:2 q:35.11 aq:34.76 tex:230 mv:985 misc:649 imb:3 pmb:149 smb:8008 d:t ref:0 ;
in:1487 out:1486 type:P dur:2 cpbdur:2 q:34.12 aq:30.56 tex:68421 mv:4714 misc:4065 imb:63 pmb:1574 smb:6523 d:s ref:0 ;
in:1486 out:1487 type:b dur:2 cpbdur:2 q:34.64 aq:35.75 tex:202 mv:925 misc:625 imb:4 pmb:139 smb:8017 d:t ref:0 ;
in:1489 out:1488 type:P dur:2 cpbdur:2 q:34.29 aq:30.93 tex:73151 mv:5934 misc:4067 imb:88 pmb:1496 smb:6576 d:s ref:0 ;
in:1488 out:1489 type:b dur:2 cpbdur:2 q:34.55 aq:34.15 tex:388 mv:1114 misc:874 imb:2 pmb:217 smb:7941 d:s ref:0 ;
in:1491 out:1490 type:P dur:2 cpbdur:2 q:33.97 aq:31.74 tex:57525 mv:5142 misc:3941 imb:124 pmb:1345 smb:6691 d:s ref:0 ;
in:1490 out:1491 type:b dur:2 cpbdur:2 q:34.54 aq:35.09 tex:383 mv:1200 misc:769 imb:3 pmb:186 smb:7971 d:t ref:0 ;
in:1493 out:1492 type:P dur:2 cpbdur:2 q:34.18 aq:33.72 tex:78572 mv:7202 misc:3554 imb:455 pmb:1123 smb:6582 d:s ref:0 ;
in:1492 out:1493 type:b dur:2 cpbdur:2 q:34.51 aq:36.04 tex:5327 mv:2358 misc:1323 imb:37 pmb:353 smb:7770 d:s ref:0 ;
in:1497 out:1494 type:P dur:2 cpbdur:2 q:35.21 aq:33.00 tex:300572 mv:21103 misc:1941 imb:4891 pmb:361 smb:2908 d:s ref:0 ;
in:1495 out:1495 type:B dur:2 cpbdur:2 q:35.21 aq:36.77 tex:20781 mv:4309 misc:2326 imb:135 pmb:572 smb:7453 d:s ref:0 ;
in:1494 out:1496 type:b dur:2 cpbdur:2 q:35.21 aq:37.86 tex:10211 mv:2820 misc:1281 imb:77 pmb:324 smb:7759 d:s ref:0 ;
in:1496 out:1497 type:b dur:2 cpbdur:2 q:35.21 aq:37.35 tex:16144 mv:3353 misc:1559 imb:123 pmb:417 smb:7620 d:- ref:0 ;
in:1498 out:1498 type:P dur:2 cpbdur:2 q:34.87 aq:31.79 tex:157425 mv:12651 misc:4932 imb:2177 pmb:1050 smb:4933 d:s ref:0 ;
in:1499 out:1499 type:P dur:2 cpbdur:2 q:34.38 aq:30.85 tex:115174 mv:9753 misc:4977 imb:1370 pmb:1067 smb:5723 d:s ref:0 ;
in:1501 out:1500 type:P dur:2 cpbdur:2 q:35.87 aq:34.25 tex:96155 mv:4390 misc:1807 imb:719 pmb:216 smb:7225 d:s ref:0 ;
in:1500 out:1501 type:b dur:2 cpbdur:2 q:36.40 aq:34.00 tex:21 mv:96 misc:507 imb:3 pmb:50 smb:8107 d:s ref:0 ;
in:1502 out:1502 type:P dur:2 cpbdur:2 q:36.39 aq:34.97 tex:85684 mv:5455 misc:1461 imb:899 pmb:184 smb:7077 d:s ref:0 ;
in:1503 out:1503 type:P dur:2 cpbdur:2 q:37.61 aq:35.97 tex:124758 mv:8026 misc:1488 imb:1321 pmb:238 smb:6601 d:s ref:0 ;
in:1504 out:1504 type:P dur:2 cpbdur:2 q:39.40 aq:35.95 tex:206743 mv:9817 misc:1280 imb:1546 pmb:295 smb:6319 d:s ref:0 ;
in:1505 out:1505 type:P dur:2 cpbdur:2 q:39.60 aq:34.29 tex:260873 mv:15353 misc:1982 imb:2967 pmb:426 smb:4767 d:s ref:0 ;
in:1508 out:1506 type:P dur:2 cpbdur:2 q:39.39 aq:33.38 tex:438464 mv:20716 misc:2844 imb:3528 pmb:777 smb:3855 d:s ref:0 ;
in:1506 out:1507 type:B dur:2 cpbdur:2 q:39.64 aq:41.24 tex:14419 mv:5990 misc:2335 imb:336 pmb:605 smb:7219 d:s ref:0 ;
in:1507 out:1508 type:b dur:2 cpbdur:2 q:39.64 aq:41.49 tex:10395 mv:8299 misc:2378 imb:258 pmb:748 smb:7154 d:- ref:0 ;
in:1514 out:1509 type:P dur:2 cpbdur:2 q:39.33 aq:30.60 tex:194354 mv:16800 misc:2502 imb:1447 pmb:1203 smb:5510 d:s ref:0 ;
in:1511 out:1510 type:B dur:2 cpbdur:2 q:39.66 aq:38.05 tex:1780 mv:2338 misc:1330 imb:33 pmb:395 smb:7732 d:s ref:0 ;
in:1509 out:1511 type:b dur:2 cpbdur:2 q:39.66 aq:40.85 tex:5695 mv:9490 misc:1751 imb:265 pmb:856 smb:7039 d:s ref:0 ;
in:1510 out:1512 type:b dur:2 cpbdur:2 q:39.66 aq:40.22 tex:6700 mv:7964 misc:1680 imb:289 pmb:806 smb:7065 d:s ref:0 ;
in:1512 out:1513 type:b dur:2 cpbdur:2 q:39.66 aq:40.06 tex:8752 mv:6383 misc:1841 imb:199 pmb:561 smb:7400 d:- ref:0 ;
in:1513 out:1514 type:b dur:2 cpbdur:2 q:39.66 aq:39.85 tex:8294 mv:6061 misc:1813 imb:153 pmb:568 smb:7439 d:- ref:0 ;
in:1518 out:1515 type:P dur:2 cpbdur:2 q:39.88 aq:30.74 tex:165872 mv:13197 misc:2203 imb:825 pmb:1248 smb:6087 d:s ref:0 ;
in:1516 out:1516 type:B dur:2 cpbdur:2 q:39.98 aq:39.47 tex:3330 mv:5512 misc:1846 imb:151 pmb:506 smb:7503 d:s ref:0 ;
in:1515 out:1517 type:b dur:2 cpbdur:2 q:39.98 aq:40.02 tex:3460 mv:5216 misc:1716 imb:134 pmb:474 smb:7552 d:s ref:0 ;
in:1517 out:1518 type:b dur:2 cpbdur:2 q:39.98 aq:41.39 tex:281 mv:2070 misc:1033 imb:11 pmb:245 smb:7904 d:- ref:0 ;
in:1520 out:1519 type:P dur:2 cpbdur:2 q:39.41 aq:29.79 tex:147546 mv:3922 misc:2652 imb:35 pmb:1614 smb:6511 d:s ref:0 ;
in:1519 out:1520 type:b dur:2 cpbdur:2 q:40.63 aq:40.36 tex:51 mv:755 misc:666 imb:0 pmb:122 smb:8038 d:t ref:0 ;
in:1522 out:1521 type:P dur:2 cpbdur:2 q:38.92 aq:29.56 tex:139561 mv:4349 misc:3690 imb:116 pmb:1903 smb:6141 d:s ref:0 ;
in:1521 out:1522 type:b dur:2 cpbdur:2 q:39.90 aq:38.27 tex:109 mv:1033 misc:826 imb:3 pmb:203 smb:7954 d:t ref:0 ;
in:1525 out:1523 type:P dur:2 cpbdur:2 q:38.33 aq:28.04 tex:162318 mv:5086 misc:3196 imb:131 pmb:1538 smb:6491 d:s ref:0 ;
in:1523 out:1524 type:B dur:2 cpbdur:2 q:39.13 aq:37.95 tex:453 mv:1249 misc:890 imb:5 pmb:218 smb:7937 d:t ref:0 ;
in:1524 out:1525 type:b dur:2 cpbdur:2 q:39.35 aq:38.36 tex:112 mv:979 misc:853 imb:1 pmb:216 smb:7943 d:- ref:0 ;
in:1528 out:1526 type:P dur:2 cpbdur:2 q:37.34 aq:27.13 tex:178646 mv:6278 misc:4116 imb:133 pmb:2414 smb:5613 d:s ref:0 ;
in:1526 out:1527 type:B dur:2 cpbdur:2 q:38.74 aq:39.23 tex:1061 mv:1348 misc:567 imb:14 pmb:140 smb:8006 d:t ref:0 ;
in:1527 out:1528 type:b dur:2 cpbdur:2 q:38.98 aq:38.91 tex:62 mv:920 misc:522 imb:3 pmb:136 smb:8021 d:- ref:0 ;
in:1530 out:1529 type:P dur:2 cpbdur:2 q:37.04 aq:26.58 tex:135738 mv:3604 misc:4978 imb:56 pmb:2291 smb:5813 d:s ref:0 ;
in:1529 out:1530 type:b dur:2 cpbdur:2 q:37.50 aq:33.08 tex:79 mv:965 misc:604 imb:2 pmb:154 smb:8004 d:t ref:0 ;
in:1532 out:1531 type:P dur:2 cpbdur:2 q:36.72 aq:26.20 tex:135567 mv:2535 misc:4482 imb:25 pmb:1793 smb:6342 d:s ref:0 ;
in:1531 out:1532 type:b dur:2 cpbdur:2 q:37.24 aq:33.09 tex:51 mv:976 misc:525 imb:0 pmb:133 smb:8027 d:t ref:0 ;
in:1535 out:1533 type:P dur:2 cpbdur:2 q:36.58 aq:27.31 tex:131153 mv:4459 misc:3964 imb:125 pmb:1803 smb:6232 d:s ref:0 ;
in:1533 out:1534 type:B dur:2 cpbdur:2 q:37.11 aq:36.86 tex:584 mv:1212 misc:772 imb:7 pmb:199 smb:7954 d:t ref:0 ;
in:1534 out:1535 type:b dur:2 cpbdur:2 q:37.24 aq:37.10 tex:282 mv:1094 misc:736 imb:6 pmb:199 smb:7955 d:- ref:0 ;
in:1537 out:1536 type:P dur:2 cpbdur:2 q:36.44 aq:26.18 tex:157855 mv:2449 misc:3784 imb:44 pmb:1684 smb:6432 d:s ref:0 ;
in:1536 out:1537 type:b dur:2 cpbdur:2 q:37.05 aq:38.52 tex:232 mv:1020 misc:628 imb:4 pmb:164 smb:7992 d:t ref:0 ;
in:1542 out:1538 type:P dur:2 cpbdur:2 q:36.15 aq:26.09 tex:126344 mv:6470 misc:3898 imb:242 pmb:1278 smb:6640 d:s ref:0 ;
in:1539 out:1539 type:B dur:2 cpbdur:2 q:36.78 aq:36.01 tex:788 mv:1624 misc:956 imb:12 pmb:278 smb:7870 d:s ref:0 ;
in:1538 out:1540 type:b dur:2 cpbdur:2 q:37.02 aq:36.94 tex:343 mv:1110 misc:939 imb:7 pmb:276 smb:7877 d:s ref:0 ;
in:1540 out:1541 type:b dur:2 cpbdur:2 q:37.02 aq:33.06 tex:56 mv:926 misc:538 imb:3 pmb:139 smb:8018 d:- ref:0 ;
in:1541 out:1542 type:b dur:2 cpbdur:2 q:37.02 aq:33.00 tex:23 mv:926 misc:531 imb:1 pmb:139 smb:8020 d:- ref:0 ;
in:1546 out:1543 type:P dur:2 cpbdur:2 q:35.43 aq:25.52 tex:234107 mv:5072 misc:4317 imb:116 pmb:2376 smb:5668 d:s ref:0 ;
in:1544 out:1544 type:B dur:2 cpbdur:2 q:36.46 aq:35.25 tex:823 mv:1493 misc:804 imb:10 pmb:212 smb:7938 d:s ref:0 ;
in:1543 out:1545 type:b dur:2 cpbdur:2 q:36.61 aq:33.12 tex:53 mv:945 misc:546 imb:1 pmb:141 smb:8018 d:t ref:0 ;
in:1545 out:1546 type:b dur:2 cpbdur:2 q:36.61 aq:37.33 tex:402 mv:1161 misc:805 imb:3 pmb:224 smb:7933 d:- ref:0 ;
in:1551 out:1547 type:P dur:2 cpbdur:2 q:34.78 aq:25.13 tex:141392 mv:3296 misc:4576 imb:46 pmb:1931 smb:6183 d:s ref:0 ;
in:1548 out:1548 type:B dur:2 cpbdur:2 q:35.50 aq:34.86 tex:739 mv:1530 misc:699 imb:8 pmb:176 smb:7976 d:t ref:0 ;
in:1547 out:1549 type:b dur:2 cpbdur:2 q:35.62 aq:36.45 tex:99 mv:944 misc:589 imb:4 pmb:157 smb:7999 d:s ref:0 ;
in:1549 out:1550 type:b dur:2 cpbdur:2 q:35.62 aq:33.09 tex:79 mv:923 misc:558 imb:4 pmb:140 smb:8016 d:- ref:0 ;
in:1550 out:1551 type:b dur:2 cpbdur:2 q:35.62 aq:33.08 tex:114 mv:943 misc:559 imb:2 pmb:147 smb:8011 d:- ref:0 ;
in:1553 out:1552 type:P dur:2 cpbdur:2 q:34.47 aq:25.03 tex:157176 mv:2282 misc:4246 imb:18 pmb:1981 smb:6161 d:s ref:0 ;
in:1552 out:1553 type:b dur:2 cpbdur:2 q:35.13 aq:32.12 tex:47 mv:1011 misc:582 imb:0 pmb:147 smb:8013 d:t ref:0 ;
in:1555 out:1554 type:P dur:2 cpbdur:2 q:34.24 aq:24.95 tex:121530 mv:2012 misc:4002 imb:19 pmb:1607 smb:6534 d:s ref:0 ;
in:1554 out:1555 type:b dur:2 cpbdur:2 q:34.86 aq:33.64 tex:284 mv:947 misc:601 imb:0 pmb:147 smb:8013 d:t ref:0 ;
in:1557 out:1556 type:P dur:2 cpbdur:2 q:33.94 aq:24.50 tex:141223 mv:2344 misc:4105 imb:37 pmb:1819 smb:6304 d:s ref:0 ;
in:1556 out:1557 type:b dur:2 cpbdur:2 q:34.59 aq:32.13 tex:112 mv:927 misc:649 imb:0 pmb:162 smb:7998 d:t ref:0 ;
in:1561 out:1558 type:P dur:2 cpbdur:2 q:33.73 aq:24.77 tex:92154 mv:3134 misc:3240 imb:52 pmb:1206 smb:6902 d:s ref:0 ;
in:1559 out:1559 type:B dur:2 cpbdur:2 q:34.18 aq:33.18 tex:1231 mv:1438 misc:763 imb:6 pmb:210 smb:7944 d:t ref:0 ;
in:1558 out:1560 type:b dur:2 cpbdur:2 q:34.46 aq:33.00 tex:36 mv:930 misc:546 imb:0 pmb:142 smb:8018 d:t ref:0 ;
in:1560 out:1561 type:b dur:2 cpbdur:2 q:34.46 aq:33.08 tex:87 mv:967 misc:706 imb:4 pmb:190 smb:7966 d:- ref:0 ;
in:1563 out:1562 type:P dur:2 cpbdur:2 q:33.91 aq:26.06 tex:26819 mv:1426 misc:1963 imb:10 pmb:518 smb:7632 d:s ref:0 ;
in:1562 out:1563 type:b dur:2 cpbdur:2 q:34.06 aq:33.00 tex:79 mv:982 misc:587 imb:2 pmb:146 smb:8012 d:t ref:0 ;
in:1565 out:1564 type:P dur:2 cpbdur:2 q:33.63 aq:24.68 tex:43928 mv:1890 misc:2238 imb:37 pmb:597 smb:7526 d:s ref:0 ;
in:1564 out:1565 type:b dur:2 cpbdur:2 q:34.05 aq:32.09 tex:82 mv:1016 misc:670 imb:2 pmb:167 smb:7991 d:t ref:0 ;
in:1569 out:1566 type:P dur:2 cpbdur:2 q:33.27 aq:25.44 tex:26948 mv:1796 misc:1984 imb:13 pmb:509 smb:7638 d:s ref:0 ;
in:1567 out:1567 type:B dur:2 cpbdur:2 q:33.89 aq:32.63 tex:1141 mv:1458 misc:617 imb:9 pmb:148 smb:8003 d:t ref:0 ;
in:1566 out:1568 type:b dur:2 cpbdur:2 q:33.89 aq:33.13 tex:93 mv:949 misc:574 imb:3 pmb:142 smb:8015 d:t ref:0 ;
in:1568 out:1569 type:b dur:2 cpbdur:2 q:33.89 aq:32.09 tex:86 mv:906 misc:568 imb:3 pmb:142 smb:8015 d:- ref:0 ;
in:1571 out:1570 type:P dur:2 cpbdur:2 q:33.20 aq:26.06 tex:17762 mv:1485 misc:1425 imb:19 pmb:313 smb:7828 d:s ref:0 ;
in:1570 out:1571 type:b dur:2 cpbdur:2 q:33.27 aq:32.06 tex:81 mv:960 misc:591 imb:3 pmb:147 smb:8010 d:t ref:0 ;
in:1573 out:1572 type:P dur:2 cpbdur:2 q:33.17 aq:25.83 tex:16990 mv:1818 misc:1168 imb:26 pmb:299 smb:7835 d:s ref:0 ;
in:1572 out:1573 type:b dur:2 cpbdur:2 q:33.20 aq:32.04 tex:268 mv:1050 misc:666 imb:2 pmb:182 smb:7976 d:t ref:0 ;
in:1575 out:1574 type:P dur:2 cpbdur:2 q:33.16 aq:26.68 tex:8231 mv:1288 misc:1017 imb:14 pmb:227 smb:7919 d:t ref:0 ;
in:1574 out:1575 type:b dur:2 cpbdur:2 q:33.17 aq:32.07 tex:165 mv:961 misc:538 imb:2 pmb:135 smb:8023 d:t ref:0 ;
in:1577 out:1576 type:P dur:2 cpbdur:2 q:33.13 aq:26.99 tex:11042 mv:1467 misc:819 imb:18 pmb:200 smb:7942 d:s ref:0 ;
in:1576 out:1577 type:b dur:2 cpbdur:2 q:33.16 aq:32.08 tex:143 mv:1066 misc:591 imb:2 pmb:145 smb:8013 d:t ref:0 ;
in:1578 out:1578 type:P dur:2 cpbdur:2 q:33.10 aq:27.55 tex:7313 mv:982 misc:753 imb:14 pmb:162 smb:7984 d:s ref:0 ;
in:1580 out:1579 type:P dur:2 cpbdur:2 q:33.11 aq:29.10 tex:32970 mv:3503 misc:927 imb:111 pmb:341 smb:7708 d:s ref:0 ;
in:1579 out:1580 type:b dur:2 cpbdur:2 q:33.11 aq:32.01 tex:148 mv:1025 misc:787 imb:2 pmb:207 smb:7951 d:s ref:0 ;
in:1582 out:1581 type:P dur:2 cpbdur:2 q:33.10 aq:30.03 tex:43076 mv:4209 misc:1563 imb:83 pmb:573 smb:7504 d:s ref:0 ;
in:1581 out:1582 type:b dur:2 cpbdur:2 q:33.11 aq:33.31 tex:322 mv:1086 misc:1128 imb:3 pmb:308 smb:7849 d:s ref:0 ;
in:1583 out:1583 type:P dur:2 cpbdur:2 q:33.08 aq:30.33 tex:15473 mv:3924 misc:1939 imb:39 pmb:711 smb:7410 d:s ref:0 ;
in:1587 out:1584 type:P dur:2 cpbdur:2 q:33.11 aq:31.01 tex:116007 mv:11629 misc:1268 imb:1438 pmb:569 smb:6153 d:s ref:0 ;
in:1585 out:1585 type:B dur:2 cpbdur:2 q:33.11 aq:32.17 tex:54000 mv:14926 misc:2026 imb:524 pmb:1061 smb:6575 d:s ref:0 ;
in:1584 out:1586 type:b dur:2 cpbdur:2 q:33.11 aq:33.52 tex:22160 mv:10166 misc:1586 imb:478 pmb:665 smb:7017 d:s ref:0 ;
in:1586 out:1587 type:b dur:2 cpbdur:2 q:33.11 aq:33.89 tex:44113 mv:14323 misc:1756 imb:547 pmb:884 smb:6729 d:- ref:0 ;
in:1588 out:1588 type:P dur:2 cpbdur:2 q:33.50 aq:32.75 tex:64500 mv:8721 misc:1187 imb:1310 pmb:525 smb:6325 d:s ref:0 ;
in:1589 out:1589 type:P dur:2 cpbdur:2 q:33.08 aq:33.79 tex:49806 mv:9076 misc:1718 imb:1357 pmb:576 smb:6227 d:s ref:0 ;
in:1590 out:1590 type:I dur:2 cpbdur:2 q:30.29 aq:30.61 tex:752318 mv:18739 misc:423 imb:8160 pmb:0 smb:0 d:s ref:;
in:1592 out:1591 type:P dur:2 cpbdur:2 q:34.10 aq:32.91 tex:367831 mv:31515 misc:750 imb:7616 pmb:544 smb:0 d:t ref:0 w:6,65,-87,4,28,-93,23,-50 ;
in:1591 out:1592 type:b dur:2 cpbdur:2 q:34.46 aq:35.98 tex:14635 mv:6441 misc:3084 imb:780 pmb:663 smb:6717 d:s ref:0 ;
in:1593 out:1593 type:P dur:2 cpbdur:2 q:34.35 aq:32.28 tex:254174 mv:22324 misc:5614 imb:2413 pmb:2208 smb:3539 d:t ref:0 w:5,35,-37,5,35,-11,35,-11 ;
in:1594 out:1594 type:P dur:2 cpbdur:2 q:35.36 aq:32.94 tex:268113 mv:31103 misc:4408 imb:4960 pmb:1678 smb:1522 d:t ref:0 w:6,71,-27,5,39,-28,37,-18 ;
in:1595 out:1595 type:P dur:2 cpbdur:2 q:35.38 aq:31.46 tex:248868 mv:21967 misc:6381 imb:2283 pmb:1892 smb:3985 d:t ref:0 w:5,35,-18,6,64,0,73,-17 ;
in:1596 out:1596 type:P dur:2 cpbdur:2 q:36.95 aq:31.18 tex:190601 mv:14954 misc:5077 imb:1344 pmb:1564 smb:5252 d:t ref:0 w:5,35,-11 ;
in:1597 out:1597 type:P dur:2 cpbdur:2 q:39.47 aq:30.87 tex:332247 mv:26123 misc:4990 imb:3590 pmb:1733 smb:2837 d:t ref:0 w:6,71,-6 ;
in:1603 out:1598 type:P dur:2 cpbdur:2 q:40.47 aq:31.84 tex:338060 mv:25470 misc:5686 imb:2878 pmb:1954 smb:3328 d:s ref:0 ;
in:1600 out:1599 type:B dur:2 cpbdur:2 q:40.68 aq:38.79 tex:26029 mv:9105 misc:2066 imb:332 pmb:1568 smb:6260 d:s ref:0 ;
in:1598 out:1600 type:b dur:2 cpbdur:2 q:40.80 aq:41.08 tex:10513 mv:8843 misc:2012 imb:746 pmb:1029 smb:6385 d:s ref:0 ;
in:1599 out:1601 type:b dur:2 cpbdur:2 q:40.80 aq:41.47 tex:18224 mv:8040 misc:1912 imb:248 pmb:1459 smb:6453 d:s ref:0 ;
in:1601 out:1602 type:b dur:2 cpbdur:2 q:40.80 aq:42.18 tex:8760 mv:3234 misc:1670 imb:51 pmb:589 smb:7520 d:- ref:0 ;
in:1602 out:1603 type:b dur:2 cpbdur:2 q:40.80 aq:42.20 tex:3285 mv:2655 misc:1548 imb:47 pmb:467 smb:7646 d:- ref:0 ;
in:1605 out:1604 type:P dur:2 cpbdur:2 q:40.65 aq:32.42 tex:82347 mv:8677 misc:5296 imb:439 pmb:1693 smb:6028 d:t ref:0 ;
in:1604 out:1605 type:b dur:2 cpbdur:2 q:41.19 aq:43.65 tex:1399 mv:937 misc:968 imb:4 pmb:177 smb:7979 d:t ref:0 ;
in:1611 out:1606 type:P dur:2 cpbdur:2 q:40.64 aq:33.54 tex:106615 mv:11289 misc:5048 imb:423 pmb:1927 smb:5810 d:t ref:0 ;
in:1608 out:1607 type:B dur:2 cpbdur:2 q:41.22 aq:41.47 tex:930 mv:1264 misc:1070 imb:7 pmb:217 smb:7936 d:t ref:0 ;
in:1606 out:1608 type:b dur:2 cpbdur:2 q:41.38 aq:33.00 tex:24 mv:590 misc:842 imb:0 pmb:122 smb:8038 d:t ref:0 ;
in:1607 out:1609 type:b dur:2 cpbdur:2 q:41.37 aq:43.41 tex:731 mv:1199 misc:942 imb:2 pmb:222 smb:7936 d:t ref:0 ;
in:1609 out:1610 type:b dur:2 cpbdur:2 q:41.37 aq:43.22 tex:135 mv:1065 misc:784 imb:1 pmb:177 smb:7982 d:- ref:0 ;
in:1610 out:1611 type:b dur:2 cpbdur:2 q:41.37 aq:36.30 tex:108 mv:1075 misc:833 imb:3 pmb:175 smb:7982 d:- ref:0 ;
in:1613 out:1612 type:P dur:2 cpbdur:2 q:40.02 aq:32.18 tex:62188 mv:7694 misc:5006 imb:339 pmb:1426 smb:6395 d:s ref:0 ;
in:1612 out:1613 type:b dur:2 cpbdur:2 q:40.96 aq:37.08 tex:107 mv:1048 misc:773 imb:2 pmb:170 smb:7988 d:t ref:0 ;
in:1619 out:1614 type:P dur:2 cpbdur:2 q:39.63 aq:32.78 tex:145805 mv:13227 misc:4280 imb:533 pmb:1879 smb:5748 d:s ref:0 ;
in:1616 out:1615 type:B dur:2 cpbdur:2 q:40.34 aq:39.04 tex:1203 mv:2933 misc:1408 imb:14 pmb:374 smb:7772 d:s ref:0 ;
in:1614 out:1616 type:b dur:2 cpbdur:2 q:40.66 aq:39.25 tex:115 mv:1583 misc:830 imb:1 pmb:186 smb:7973 d:s ref:0 ;
in:1615 out:1617 type:b dur:2 cpbdur:2 q:40.66 aq:38.87 tex:116 mv:1224 misc:724 imb:1 pmb:171 smb:7988 d:s ref:0 ;
in:1617 out:1618 type:b dur:2 cpbdur:2 q:40.65 aq:37.03 tex:225 mv:1050 misc:941 imb:0 pmb:232 smb:7928 d:- ref:0 ;
in:1618 out:1619 type:b dur:2 cpbdur:2 q:40.65 aq:35.05 tex:105 mv:1010 misc:749 imb:1 pmb:177 smb:7982 d:- ref:0 ;
in:1623 out:1620 type:P dur:2 cpbdur:2 q:39.47 aq:32.51 tex:134621 mv:9265 misc:4146 imb:507 pmb:1442 smb:6211 d:s ref:0 ;
in:1621 out:1621 type:B dur:2 cpbdur:2 q:40.07 aq:39.95 tex:3869 mv:2179 misc:952 imb:31 pmb:272 smb:7857 d:s ref:0 ;
in:1620 out:1622 type:b dur:2 cpbdur:2 q:40.20 aq:38.24 tex:572 mv:1104 misc:652 imb:4 pmb:181 smb:7975 d:t ref:0 ;
in:1622 out:1623 type:b dur:2 cpbdur:2 q:40.20 aq:38.83 tex:4304 mv:2236 misc:796 imb:55 pmb:240 smb:7865 d:- ref:0 ;
in:1626 out:1624 type:P dur:2 cpbdur:2 q:38.75 aq:30.53 tex:143730 mv:10216 misc:5318 imb:521 pmb:1930 smb:5709 d:s ref:0 ;
in:1624 out:1625 type:B dur:2 cpbdur:2 q:39.97 aq:39.61 tex:1654 mv:2110 misc:780 imb:24 pmb:249 smb:7887 d:t ref:0 ;
in:1625 out:1626 type:b dur:2 cpbdur:2 q:40.10 aq:39.68 tex:267 mv:1233 misc:724 imb:7 pmb:197 smb:7956 d:- ref:0 ;
in:1632 out:1627 type:P dur:2 cpbdur:2 q:37.86 aq:29.95 tex:202899 mv:15073 misc:5724 imb:661 pmb:3014 smb:4485 d:s ref:0 ;
in:1629 out:1628 type:B dur:2 cpbdur:2 q:39.09 aq:38.19 tex:1762 mv:3266 misc:1340 imb:15 pmb:376 smb:7769 d:s ref:0 ;
in:1627 out:1629 type:b dur:2 cpbdur:2 q:39.26 aq:43.13 tex:145 mv:1091 misc:716 imb:1 pmb:165 smb:7994 d:s ref:0 ;
in:1628 out:1630 type:b dur:2 cpbdur:2 q:39.26 aq:43.12 tex:119 mv:1113 misc:752 imb:2 pmb:189 smb:7969 d:s ref:0 ;
in:1630 out:1631 type:b dur:2 cpbdur:2 q:39.26 aq:39.43 tex:313 mv:1383 misc:976 imb:0 pmb:238 smb:7922 d:- ref:0 ;
in:1631 out:1632 type:b dur:2 cpbdur:2 q:39.26 aq:41.94 tex:299 mv:1309 misc:912 imb:2 pmb:218 smb:7940 d:- ref:0 ;
in:1637 out:1633 type:P dur:2 cpbdur:2 q:37.40 aq:29.75 tex:176932 mv:12102 misc:5598 imb:438 pmb:2463 smb:5259 d:s ref:0 ;
in:1634 out:1634 type:B dur:2 cpbdur:2 q:38.13 aq:36.53 tex:1629 mv:1960 misc:1163 imb:11 pmb:292 smb:7857 d:s ref:0 ;
in:1633 out:1635 type:b dur:2 cpbdur:2 q:38.36 aq:35.70 tex:80 mv:938 misc:606 imb:4 pmb:134 smb:8022 d:t ref:0 ;
in:1635 out:1636 type:b dur:2 cpbdur:2 q:38.35 aq:36.57 tex:415 mv:1102 misc:739 imb:0 pmb:182 smb:7978 d:- ref:0 ;
in:1636 out:1637 type:b dur:2 cpbdur:2 q:38.35 aq:35.90 tex:367 mv:1177 misc:896 imb:1 pmb:216 smb:7943 d:- ref:0 ;
in:1639 out:1638 type:P dur:2 cpbdur:2 q:37.24 aq:28.94 tex:166390 mv:6951 misc:6363 imb:289 pmb:2752 smb:5119 d:s ref:0 ;
in:1638 out:1639 type:b dur:2 cpbdur:2 q:37.83 aq:38.35 tex:280 mv:1122 misc:718 imb:15 pmb:177 smb:7968 d:t ref:0 ;
in:1642 out:1640 type:P dur:2 cpbdur:2 q:36.65 aq:28.53 tex:173525 mv:7992 misc:6035 imb:229 pmb:2451 smb:5480 d:s ref:0 ;
in:1640 out:1641 type:B dur:2 cpbdur:2 q:37.59 aq:35.75 tex:204 mv:1286 misc:822 imb:3 pmb:206 smb:7951 d:t ref:0 ;
in:1641 out:1642 type:b dur:2 cpbdur:2 q:37.91 aq:37.11 tex:185 mv:1059 misc:764 imb:1 pmb:187 smb:7972 d:- ref:0 ;
in:1645 out:1643 type:P dur:2 cpbdur:2 q:36.49 aq:28.50 tex:173965 mv:6071 misc:5860 imb:161 pmb:2414 smb:5585 d:s ref:0 ;
in:1643 out:1644 type:B dur:2 cpbdur:2 q:36.86 aq:35.76 tex:608 mv:1105 misc:775 imb:6 pmb:188 smb:7966 d:t ref:0 ;
in:1644 out:1645 type:b dur:2 cpbdur:2 q:37.06 aq:36.01 tex:236 mv:958 misc:758 imb:0 pmb:186 smb:7974 d:- ref:0 ;
in:1647 out:1646 type:P dur:2 cpbdur:2 q:36.11 aq:28.60 tex:172807 mv:6768 misc:5305 imb:166 pmb:2221 smb:5773 d:s ref:0 ;
in:1646 out:1647 type:b dur:2 cpbdur:2 q:36.77 aq:32.00 tex:59 mv:1083 misc:730 imb:1 pmb:170 smb:7989 d:t ref:0 ;
in:1652 out:1648 type:P dur:2 cpbdur:2 q:35.74 aq:28.77 tex:228532 mv:10866 misc:5546 imb:332 pmb:2901 smb:4927 d:s ref:0 ;
in:1649 out:1649 type:B dur:2 cpbdur:2 q:36.29 aq:35.21 tex:2915 mv:2653 misc:1568 imb:12 pmb:403 smb:7745 d:s ref:0 ;
in:1648 out:1650 type:b dur:2 cpbdur:2 q:36.38 aq:35.66 tex:269 mv:1208 misc:771 imb:1 pmb:187 smb:7972 d:s ref:0 ;
in:1650 out:1651 type:b dur:2 cpbdur:2 q:36.38 aq:35.40 tex:325 mv:1324 misc:975 imb:2 pmb:242 smb:7916 d:- ref:0 ;
in:1651 out:1652 type:b dur:2 cpbdur:2 q:36.38 aq:36.54 tex:602 mv:1460 misc:1050 imb:6 pmb:271 smb:7883 d:- ref:0 ;
in:1654 out:1653 type:P dur:2 cpbdur:2 q:35.48 aq:28.01 tex:265780 mv:10834 misc:5890 imb:333 pmb:3086 smb:4741 d:s ref:0 ;
in:1653 out:1654 type:b dur:2 cpbdur:2 q:36.04 aq:37.53 tex:1683 mv:1597 misc:1120 imb:8 pmb:310 smb:7842 d:t ref:0 ;
in:1660 out:1655 type:P dur:2 cpbdur:2 q:34.94 aq:26.77 tex:515242 mv:19023 misc:5807 imb:882 pmb:5236 smb:2042 d:s ref:0 ;
in:1657 out:1656 type:B dur:2 cpbdur:2 q:35.89 aq:34.05 tex:7412 mv:4708 misc:2240 imb:26 pmb:689 smb:7445 d:s ref:0 ;
in:1655 out:1657 type:b dur:2 cpbdur:2 q:36.07 aq:37.17 tex:658 mv:1371 misc:947 imb:3 pmb:264 smb:7893 d:s ref:0 ;
in:1656 out:1658 type:b dur:2 cpbdur:2 q:36.07 aq:36.50 tex:589 mv:1619 misc:1112 imb:7 pmb:316 smb:7837 d:s ref:0 ;
in:1658 out:1659 type:b dur:2 cpbdur:2 q:36.07 aq:37.29 tex:8156 mv:4213 misc:1463 imb:116 pmb:550 smb:7494 d:- ref:0 ;
in:1659 out:1660 type:b dur:2 cpbdur:2 q:36.07 aq:36.71 tex:3555 mv:2826 misc:1523 imb:34 pmb:409 smb:7717 d:- ref:0 ;
in:1662 out:1661 type:P dur:2 cpbdur:2 q:35.10 aq:27.11 tex:185596 mv:12128 misc:6284 imb:543 pmb:2895 smb:4722 d:s ref:0 ;
in:1661 out:1662 type:b dur:2 cpbdur:2 q:35.53 aq:36.48 tex:1903 mv:2566 misc:1227 imb:21 pmb:348 smb:7791 d:t ref:0 ;
in:1666 out:1663 type:P dur:2 cpbdur:2 q:34.79 aq:26.62 tex:270524 mv:12617 misc:6459 imb:465 pmb:3594 smb:4101 d:s ref:0 ;
in:1664 out:1664 type:B dur:2 cpbdur:2 q:35.47 aq:35.05 tex:2588 mv:2799 misc:1597 imb:17 pmb:448 smb:7695 d:s ref:0 ;
in:1663 out:1665 type:b dur:2 cpbdur:2 q:35.56 aq:35.94 tex:593 mv:2165 misc:1098 imb:5 pmb:286 smb:7869 d:s ref:0 ;
in:1665 out:1666 type:b dur:2 cpbdur:2 q:35.56 aq:36.78 tex:702 mv:1303 misc:1083 imb:4 pmb:288 smb:7868 d:- ref:0 ;
in:1672 out:1667 type:P dur:2 cpbdur:2 q:34.47 aq:26.74 tex:330410 mv:14698 misc:5700 imb:484 pmb:3597 smb:4079 d:s ref:0 ;
in:1669 out:1668 type:B dur:2 cpbdur:2 q:34.90 aq:33.13 tex:19089 mv:7507 misc:2708 imb:104 pmb:911 smb:7145 d:t ref:0 ;
in:1667 out:1669 type:b dur:2 cpbdur:2 q:35.11 aq:36.85 tex:545 mv:1689 misc:1366 imb:7 pmb:350 smb:7803 d:s ref:0 ;
in:1668 out:1670 type:b dur:2 cpbdur:2 q:35.11 aq:35.40 tex:1201 mv:2450 misc:1445 imb:22 pmb:352 smb:7786 d:s ref:0 ;
in:1670 out:1671 type:b dur:2 cpbdur:2 q:35.11 aq:35.00 tex:1644 mv:2773 misc:1615 imb:37 pmb:440 smb:7683 d:- ref:0 ;
in:1671 out:1672 type:b dur:2 cpbdur:2 q:35.11 aq:36.29 tex:2669 mv:3247 misc:1644 imb:55 pmb:472 smb:7633 d:- ref:0 ;
in:1677 out:1673 type:P dur:2 cpbdur:2 q:34.47 aq:26.90 tex:239026 mv:13597 misc:5529 imb:476 pmb:2914 smb:4770 d:s ref:0 ;
in:1674 out:1674 type:B dur:2 cpbdur:2 q:34.95 aq:34.15 tex:6826 mv:5496 misc:1934 imb:84 pmb:572 smb:7504 d:t ref:0 ;
in:1673 out:1675 type:b dur:2 cpbdur:2 q:35.22 aq:36.08 tex:2279 mv:2825 misc:920 imb:79 pmb:259 smb:7822 d:s ref:0 ;
in:1675 out:1676 type:b dur:2 cpbdur:2 q:35.22 aq:35.58 tex:1820 mv:3141 misc:1455 imb:44 pmb:376 smb:7740 d:- ref:0 ;
in:1676 out:1677 type:b dur:2 cpbdur:2 q:35.22 aq:36.11 tex:758 mv:1330 misc:1232 imb:4 pmb:320 smb:7836 d:- ref:0 ;
in:1683 out:1678 type:P dur:2 cpbdur:2 q:34.26 aq:26.84 tex:288864 mv:15269 misc:5251 imb:478 pmb:3213 smb:4469 d:s ref:0 ;
in:1680 out:1679 type:B dur:2 cpbdur:2 q:34.88 aq:33.45 tex:20083 mv:7418 misc:2563 imb:112 pmb:878 smb:7170 d:s ref:0 ;
in:1678 out:1680 type:b dur:2 cpbdur:2 q:35.22 aq:35.69 tex:1963 mv:2043 misc:1418 imb:14 pmb:364 smb:7782 d:s ref:0 ;
in:1679 out:1681 type:b dur:2 cpbdur:2 q:35.22 aq:35.46 tex:3485 mv:3749 misc:1518 imb:49 pmb:437 smb:7674 d:s ref:0 ;
in:1681 out:1682 type:b dur:2 cpbdur:2 q:35.22 aq:35.91 tex:1326 mv:2483 misc:1263 imb:17 pmb:360 smb:7783 d:- ref:0 ;
in:1682 out:1683 type:b dur:2 cpbdur:2 q:35.22 aq:35.99 tex:1435 mv:2283 misc:1242 imb:21 pmb:333 smb:7806 d:- ref:0 ;
in:1688 out:1684 type:P dur:2 cpbdur:2 q:34.18 aq:26.88 tex:256468 mv:13289 misc:5507 imb:386 pmb:2987 smb:4787 d:s ref:0 ;
in:1685 out:1685 type:B dur:2 cpbdur:2 q:34.61 aq:33.33 tex:7086 mv:4459 misc:2039 imb:63 pmb:549 smb:7548 d:s ref:0 ;
in:1684 out:1686 type:b dur:2 cpbdur:2 q:34.81 aq:35.56 tex:862 mv:1973 misc:965 imb:9 pmb:236 smb:7915 d:s ref:0 ;
in:1686 out:1687 type:b dur:2 cpbdur:2 q:34.81 aq:36.22 tex:1264 mv:2349 misc:1195 imb:8 pmb:319 smb:7833 d:- ref:0 ;
in:1687 out:1688 type:b dur:2 cpbdur:2 q:34.81 aq:35.74 tex:675 mv:1373 misc:1176 imb:9 pmb:290 smb:7861 d:- ref:0 ;
in:1694 out:1689 type:P dur:2 cpbdur:2 q:33.87 aq:27.36 tex:231350 mv:14495 misc:4891 imb:518 pmb:2748 smb:4894 d:s ref:0 ;
in:1691 out:1690 type:B dur:2 cpbdur:2 q:34.38 aq:32.61 tex:11468 mv:6931 misc:2753 imb:55 pmb:893 smb:7212 d:s ref:0 ;
in:1689 out:1691 type:b dur:2 cpbdur:2 q:34.45 aq:34.60 tex:1092 mv:1766 misc:1462 imb:13 pmb:382 smb:7765 d:s ref:0 ;
in:1690 out:1692 type:b dur:2 cpbdur:2 q:34.45 aq:34.70 tex:1699 mv:2676 misc:1313 imb:20 pmb:327 smb:7813 d:s ref:0 ;
in:1692 out:1693 type:b dur:2 cpbdur:2 q:34.45 aq:34.73 tex:5990 mv:3628 misc:1534 imb:20 pmb:449 smb:7691 d:- ref:0 ;
in:1693 out:1694 type:b dur:2 cpbdur:2 q:34.45 aq:35.19 tex:6047 mv:3585 misc:1488 imb:20 pmb:453 smb:7687 d:- ref:0 ;
in:1699 out:1695 type:P dur:2 cpbdur:2 q:34.01 aq:27.85 tex:211338 mv:15333 misc:5057 imb:492 pmb:2633 smb:5035 d:s ref:0 ;
in:1696 out:1696 type:B dur:2 cpbdur:2 q:34.24 aq:33.07 tex:10269 mv:6633 misc:2762 imb:33 pmb:861 smb:7266 d:s ref:0 ;
in:1695 out:1697 type:b dur:2 cpbdur:2 q:34.37 aq:34.29 tex:1019 mv:2259 misc:1370 imb:7 pmb:337 smb:7816 d:s ref:0 ;
in:1697 out:1698 type:b dur:2 cpbdur:2 q:34.37 aq:36.35 tex:3808 mv:3986 misc:1726 imb:43 pmb:507 smb:7610 d:- ref:0 ;
in:1698 out:1699 type:b dur:2 cpbdur:2 q:34.37 aq:35.14 tex:4760 mv:2952 misc:1608 imb:78 pmb:478 smb:7604 d:- ref:0 ;
in:1704 out:1700 type:P dur:2 cpbdur:2 q:34.29 aq:28.24 tex:224822 mv:17044 misc:3950 imb:1058 pmb:2136 smb:4966 d:s ref:0 ;
in:1701 out:1701 type:B dur:2 cpbdur:2 q:34.53 aq:33.46 tex:8739 mv:4947 misc:2642 imb:94 pmb:730 smb:7336 d:s ref:0 ;
in:1700 out:1702 type:b dur:2 cpbdur:2 q:34.70 aq:37.18 tex:12529 mv:2840 misc:1263 imb:69 pmb:350 smb:7741 d:s ref:0 ;
in:1702 out:1703 type:b dur:2 cpbdur:2 q:34.70 aq:35.17 tex:24090 mv:12447 misc:2135 imb:655 pmb:709 smb:6796 d:- ref:0 ;
in:1703 out:1704 type:b dur:2 cpbdur:2 q:34.70 aq:36.46 tex:6808 mv:5320 misc:2032 imb:115 pmb:556 smb:7489 d:- ref:0 ;
in:1708 out:1705 type:P dur:2 cpbdur:2 q:34.57 aq:28.11 tex:268348 mv:16698 misc:3922 imb:884 pmb:2214 smb:5062 d:s ref:0 ;
in:1706 out:1706 type:B dur:2 cpbdur:2 q:34.82 aq:34.40 tex:17074 mv:10001 misc:2725 imb:303 pmb:953 smb:6904 d:s ref:0 ;
in:1705 out:1707 type:b dur:2 cpbdur:2 q:35.24 aq:36.20 tex:17280 mv:11777 misc:2295 imb:467 pmb:866 smb:6827 d:s ref:0 ;
in:1707 out:1708 type:b dur:2 cpbdur:2 q:35.00 aq:35.94 tex:552 mv:1655 misc:1329 imb:1 pmb:340 smb:7819 d:- ref:0 ;
in:1710 out:1709 type:P dur:2 cpbdur:2 q:34.52 aq:27.65 tex:115476 mv:5914 misc:5098 imb:85 pmb:1885 smb:6190 d:s ref:0 ;
in:1709 out:1710 type:b dur:2 cpbdur:2 q:34.94 aq:36.59 tex:671 mv:1224 misc:833 imb:0 pmb:226 smb:7934 d:t ref:0 ;
in:1712 out:1711 type:P dur:2 cpbdur:2 q:34.15 aq:27.38 tex:137390 mv:6655 misc:4979 imb:150 pmb:2232 smb:5778 d:s ref:0 ;
in:1711 out:1712 type:b dur:2 cpbdur:2 q:34.89 aq:32.13 tex:279 mv:1042 misc:655 imb:0 pmb:169 smb:7991 d:t ref:0 ;
in:1714 out:1713 type:P dur:2 cpbdur:2 q:34.25 aq:27.69 tex:107748 mv:6047 misc:5013 imb:93 pmb:1929 smb:6138 d:s ref:0 ;
in:1713 out:1714 type:b dur:2 cpbdur:2 q:34.55 aq:34.66 tex:451 mv:1076 misc:729 imb:1 pmb:167 smb:7992 d:t ref:0 ;
in:1719 out:1715 type:P dur:2 cpbdur:2 q:34.32 aq:27.68 tex:166715 mv:13036 misc:4225 imb:291 pmb:2411 smb:5458 d:s ref:0 ;
in:1716 out:1716 type:B dur:2 cpbdur:2 q:34.66 aq:33.06 tex:6765 mv:3896 misc:2195 imb:10 pmb:603 smb:7547 d:s ref:0 ;
in:1715 out:1717 type:b dur:2 cpbdur:2 q:34.81 aq:33.98 tex:184 mv:1151 misc:881 imb:3 pmb:208 smb:7949 d:s ref:0 ;
in:1717 out:1718 type:b dur:2 cpbdur:2 q:34.81 aq:36.01 tex:619 mv:1338 misc:955 imb:5 pmb:218 smb:7937 d:- ref:0 ;
in:1718 out:1719 type:b dur:2 cpbdur:2 q:34.81 aq:35.67 tex:846 mv:1876 misc:1166 imb:14 pmb:281 smb:7865 d:- ref:0 ;
in:1725 out:1720 type:P dur:2 cpbdur:2 q:34.24 aq:27.63 tex:345006 mv:15054 misc:4452 imb:533 pmb:3090 smb:4537 d:s ref:0 ;
in:1722 out:1721 type:B dur:2 cpbdur:2 q:34.84 aq:32.94 tex:17923 mv:5376 misc:2701 imb:40 pmb:1090 smb:7030 d:s ref:0 ;
in:1720 out:1722 type:b dur:2 cpbdur:2 q:35.04 aq:35.40 tex:2820 mv:1705 misc:1443 imb:2 pmb:444 smb:7714 d:s ref:0 ;
in:1721 out:1723 type:b dur:2 cpbdur:2 q:35.04 aq:35.38 tex:6224 mv:2056 misc:1240 imb:6 pmb:550 smb:7604 d:s ref:0 ;
in:1723 out:1724 type:b dur:2 cpbdur:2 q:35.04 aq:35.46 tex:3462 mv:3266 misc:1320 imb:91 pmb:438 smb:7631 d:- ref:0 ;
in:1724 out:1725 type:b dur:2 cpbdur:2 q:35.04 aq:36.33 tex:3873 mv:3552 misc:1431 imb:45 pmb:479 smb:7636 d:- ref:0 ;
in:1731 out:1726 type:P dur:2 cpbdur:2 q:34.41 aq:28.04 tex:242478 mv:16867 misc:4327 imb:510 pmb:2472 smb:5178 d:s ref:0 ;
in:1728 out:1727 type:B dur:2 cpbdur:2 q:34.65 aq:33.92 tex:12452 mv:7309 misc:2895 imb:87 pmb:894 smb:7179 d:s ref:0 ;
in:1726 out:1728 type:b dur:2 cpbdur:2 q:34.92 aq:35.38 tex:1201 mv:2556 misc:1563 imb:8 pmb:406 smb:7746 d:s ref:0 ;
in:1727 out:1729 type:b dur:2 cpbdur:2 q:34.92 aq:35.38 tex:917 mv:1786 misc:1353 imb:3 pmb:354 smb:7803 d:s ref:0 ;
in:1729 out:1730 type:b dur:2 cpbdur:2 q:34.92 aq:35.56 tex:2511 mv:3298 misc:1415 imb:35 pmb:414 smb:7711 d:- ref:0 ;
in:1730 out:1731 type:b dur:2 cpbdur:2 q:34.92 aq:35.22 tex:1525 mv:2163 misc:1312 imb:13 pmb:321 smb:7826 d:- ref:0 ;
in:1733 out:1732 type:P dur:2 cpbdur:2 q:34.12 aq:27.13 tex:132402 mv:4746 misc:5124 imb:86 pmb:2004 smb:6070 d:s ref:0 ;
in:1732 out:1733 type:b dur:2 cpbdur:2 q:34.62 aq:34.70 tex:349 mv:1204 misc:711 imb:6 pmb:178 smb:7976 d:t ref:0 ;
in:1735 out:1734 type:P dur:2 cpbdur:2 q:34.16 aq:27.57 tex:114258 mv:9291 misc:4939 imb:234 pmb:2062 smb:5864 d:s ref:0 ;
in:1734 out:1735 type:b dur:2 cpbdur:2 q:34.36 aq:34.01 tex:1325 mv:2291 misc:1056 imb:16 pmb:265 smb:7879 d:t ref:0 ;
in:1736 out:1736 type:P dur:2 cpbdur:2 q:34.30 aq:27.67 tex:116106 mv:7099 misc:4867 imb:213 pmb:1830 smb:6117 d:s ref:0 ;
in:1740 out:1737 type:P dur:2 cpbdur:2 q:34.22 aq:27.97 tex:188533 mv:12915 misc:4808 imb:539 pmb:2063 smb:5558 d:s ref:0 ;
in:1738 out:1738 type:B dur:2 cpbdur:2 q:34.50 aq:34.17 tex:14257 mv:7094 misc:1897 imb:175 pmb:635 smb:7350 d:s ref:0 ;
in:1737 out:1739 type:b dur:2 cpbdur:2 q:34.72 aq:34.70 tex:2744 mv:3774 misc:1202 imb:66 pmb:372 smb:7722 d:s ref:0 ;
in:1739 out:1740 type:b dur:2 cpbdur:2 q:34.72 aq:35.24 tex:10710 mv:4860 misc:1310 imb:96 pmb:463 smb:7601 d:- ref:0 ;
in:1742 out:1741 type:P dur:2 cpbdur:2 q:34.54 aq:28.94 tex:152085 mv:11396 misc:3863 imb:478 pmb:1834 smb:5848 d:s ref:0 ;
in:1741 out:1742 type:b dur:2 cpbdur:2 q:34.69 aq:36.23 tex:6260 mv:3754 misc:938 imb:49 pmb:376 smb:7735 d:t ref:0 ;
in:1744 out:1743 type:P dur:2 cpbdur:2 q:34.85 aq:29.26 tex:100277 mv:5146 misc:3769 imb:101 pmb:1516 smb:6543 d:s ref:0 ;
in:1743 out:1744 type:b dur:2 cpbdur:2 q:35.25 aq:35.57 tex:4481 mv:1758 misc:1033 imb:4 pmb:344 smb:7812 d:t ref:0 ;
in:1746 out:1745 type:P dur:2 cpbdur:2 q:34.89 aq:29.77 tex:144812 mv:10684 misc:4360 imb:312 pmb:1979 smb:5869 d:s ref:0 ;
in:1745 out:1746 type:b dur:2 cpbdur:2 q:35.26 aq:36.64 tex:953 mv:1941 misc:1146 imb:10 pmb:327 smb:7823 d:t ref:0 ;
in:1748 out:1747 type:P dur:2 cpbdur:2 q:34.74 aq:28.80 tex:163455 mv:10869 misc:4700 imb:254 pmb:2268 smb:5638 d:s ref:0 ;
in:1747 out:1748 type:b dur:2 cpbdur:2 q:34.99 aq:36.76 tex:592 mv:1769 misc:1071 imb:2 pmb:296 smb:7862 d:s ref:0 ;
in:1754 out:1749 type:P dur:2 cpbdur:2 q:34.66 aq:28.94 tex:166341 mv:14261 misc:4654 imb:429 pmb:2365 smb:5366 d:s ref:0 ;
in:1751 out:1750 type:B dur:2 cpbdur:2 q:35.34 aq:34.82 tex:13978 mv:5797 misc:2201 imb:32 pmb:690 smb:7438 d:s ref:0 ;
in:1749 out:1751 type:b dur:2 cpbdur:2 q:35.44 aq:36.27 tex:468 mv:1664 misc:1060 imb:4 pmb:264 smb:7892 d:s ref:0 ;
in:1750 out:1752 type:b dur:2 cpbdur:2 q:35.44 aq:36.87 tex:654 mv:1767 misc:1019 imb:6 pmb:269 smb:7885 d:s ref:0 ;
in:1752 out:1753 type:b dur:2 cpbdur:2 q:35.44 aq:36.46 tex:827 mv:2114 misc:1179 imb:5 pmb:322 smb:7833 d:- ref:0 ;
in:1753 out:1754 type:b dur:2 cpbdur:2 q:35.44 aq:36.73 tex:895 mv:1803 misc:1102 imb:4 pmb:315 smb:7841 d:- ref:0 ;
in:1756 out:1755 type:P dur:2 cpbdur:2 q:34.40 aq:28.13 tex:129075 mv:6912 misc:5013 imb:128 pmb:2045 smb:5987 d:s ref:0 ;
in:1755 out:1756 type:b dur:2 cpbdur:2 q:34.89 aq:33.64 tex:412 mv:1077 misc:807 imb:1 pmb:199 smb:7960 d:t ref:0 ;
in:1758 out:1757 type:P dur:2 cpbdur:2 q:34.02 aq:26.90 tex:159393 mv:9272 misc:5575 imb:198 pmb:2463 smb:5499 d:s ref:0 ;
in:1757 out:1758 type:b dur:2 cpbdur:2 q:34.79 aq:35.39 tex:904 mv:1362 misc:910 imb:2 pmb:232 smb:7926 d:t ref:0 ;
in:1760 out:1759 type:P dur:2 cpbdur:2 q:34.20 aq:27.96 tex:146263 mv:10152 misc:4681 imb:284 pmb:2047 smb:5829 d:s ref:0 ;
in:1759 out:1760 type:b dur:2 cpbdur:2 q:34.45 aq:36.19 tex:1232 mv:1970 misc:1134 imb:6 pmb:301 smb:7853 d:t ref:0 ;
in:1762 out:1761 type:P dur:2 cpbdur:2 q:34.08 aq:27.71 tex:111560 mv:6712 misc:5264 imb:103 pmb:2059 smb:5998 d:s ref:0 ;
in:1761 out:1762 type:b dur:2 cpbdur:2 q:34.34 aq:33.71 tex:415 mv:1088 misc:817 imb:2 pmb:197 smb:7961 d:t ref:0 ;
in:1764 out:1763 type:P dur:2 cpbdur:2 q:34.37 aq:27.72 tex:138577 mv:9909 misc:4362 imb:209 pmb:2262 smb:5689 d:s ref:0 ;
in:1763 out:1764 type:b dur:2 cpbdur:2 q:34.61 aq:36.00 tex:303 mv:1302 misc:859 imb:1 pmb:211 smb:7948 d:t ref:0 ;
in:1766 out:1765 type:P dur:2 cpbdur:2 q:34.02 aq:27.27 tex:100508 mv:4265 misc:4787 imb:72 pmb:1618 smb:6470 d:s ref:0 ;
in:1765 out:1766 type:b dur:2 cpbdur:2 q:34.38 aq:36.24 tex:320 mv:1012 misc:636 imb:4 pmb:146 smb:8010 d:t ref:0 ;
in:1770 out:1767 type:P dur:2 cpbdur:2 q:34.02 aq:27.85 tex:177819 mv:12972 misc:4665 imb:304 pmb:2531 smb:5325 d:s ref:0 ;
in:1768 out:1768 type:B dur:2 cpbdur:2 q:34.17 aq:33.33 tex:5047 mv:3825 misc:2344 imb:13 pmb:625 smb:7522 d:s ref:0 ;
in:1767 out:1769 type:b dur:2 cpbdur:2 q:34.26 aq:34.71 tex:689 mv:1610 misc:989 imb:5 pmb:226 smb:7929 d:s ref:0 ;
in:1769 out:1770 type:b dur:2 cpbdur:2 q:34.26 aq:35.34 tex:1096 mv:1556 misc:1052 imb:5 pmb:269 smb:7886 d:- ref:0 ;
in:1772 out:1771 type:P dur:2 cpbdur:2 q:34.28 aq:28.07 tex:136541 mv:9642 misc:4849 imb:185 pmb:2070 smb:5905 d:s ref:0 ;
in:1771 out:1772 type:b dur:2 cpbdur:2 q:34.47 aq:34.95 tex:548 mv:1529 misc:923 imb:3 pmb:241 smb:7916 d:t ref:0 ;
in:1778 out:1773 type:P dur:2 cpbdur:2 q:34.57 aq:28.61 tex:204953 mv:15165 misc:4370 imb:417 pmb:2481 smb:5262 d:s ref:0 ;
in:1775 out:1774 type:B dur:2 cpbdur:2 q:34.76 aq:32.96 tex:13141 mv:4995 misc:3120 imb:41 pmb:1011 smb:7108 d:s ref:0 ;
in:1773 out:1775 type:b dur:2 cpbdur:2 q:34.92 aq:36.68 tex:1524 mv:1831 misc:1125 imb:5 pmb:291 smb:7864 d:s ref:0 ;
in:1774 out:1776 type:b dur:2 cpbdur:2 q:34.92 aq:36.53 tex:1102 mv:1762 misc:1040 imb:7 pmb:274 smb:7879 d:s ref:0 ;
in:1776 out:1777 type:b dur:2 cpbdur:2 q:34.92 aq:36.36 tex:658 mv:1168 misc:910 imb:4 pmb:219 smb:7937 d:- ref:0 ;
in:1777 out:1778 type:b dur:2 cpbdur:2 q:34.92 aq:36.48 tex:844 mv:1442 misc:1266 imb:1 pmb:339 smb:7820 d:- ref:0 ;
in:1781 out:1779 type:P dur:2 cpbdur:2 q:34.49 aq:28.08 tex:208661 mv:12640 misc:5003 imb:299 pmb:2486 smb:5375 d:s ref:0 ;
in:1779 out:1780 type:B dur:2 cpbdur:2 q:34.93 aq:35.45 tex:1498 mv:2176 misc:1702 imb:2 pmb:470 smb:7688 d:t ref:0 ;
in:1780 out:1781 type:b dur:2 cpbdur:2 q:35.10 aq:37.56 tex:653 mv:1506 misc:1009 imb:3 pmb:273 smb:7884 d:- ref:0 ;
in:1783 out:1782 type:P dur:2 cpbdur:2 q:34.45 aq:27.55 tex:125031 mv:7468 misc:5349 imb:165 pmb:2097 smb:5898 d:s ref:0 ;
in:1782 out:1783 type:b dur:2 cpbdur:2 q:34.78 aq:32.62 tex:136 mv:1085 misc:699 imb:2 pmb:185 smb:7973 d:t ref:0 ;
in:1785 out:1784 type:P dur:2 cpbdur:2 q:34.57 aq:27.98 tex:172922 mv:10531 misc:4683 imb:228 pmb:2464 smb:5468 d:s ref:0 ;
in:1784 out:1785 type:b dur:2 cpbdur:2 q:35.10 aq:35.14 tex:381 mv:1328 misc:907 imb:2 pmb:228 smb:7930 d:t ref:0 ;
in:1787 out:1786 type:P dur:2 cpbdur:2 q:34.00 aq:27.19 tex:134079 mv:6046 misc:5171 imb:118 pmb:2396 smb:5646 d:s ref:0 ;
in:1786 out:1787 type:b dur:2 cpbdur:2 q:34.88 aq:33.24 tex:221 mv:1079 misc:612 imb:1 pmb:144 smb:8015 d:t ref:0 ;
in:1789 out:1788 type:P dur:2 cpbdur:2 q:34.02 aq:27.52 tex:110533 mv:6221 misc:4782 imb:91 pmb:1898 smb:6171 d:s ref:0 ;
in:1788 out:1789 type:b dur:2 cpbdur:2 q:34.28 aq:34.76 tex:580 mv:1241 misc:763 imb:2 pmb:204 smb:7954 d:t ref:0 ;
in:1791 out:1790 type:P dur:2 cpbdur:2 q:34.28 aq:27.99 tex:183331 mv:10650 misc:4507 imb:228 pmb:2512 smb:5420 d:s ref:0 ;
in:1790 out:1791 type:b dur:2 cpbdur:2 q:34.54 aq:36.81 tex:430 mv:1362 misc:1128 imb:0 pmb:314 smb:7846 d:s ref:0 ;
in:1793 out:1792 type:P dur:2 cpbdur:2 q:34.29 aq:27.62 tex:135233 mv:7669 misc:4642 imb:125 pmb:2375 smb:5660 d:s ref:0 ;
in:1792 out:1793 type:b dur:2 cpbdur:2 q:34.30 aq:33.47 tex:269 mv:1097 misc:818 imb:1 pmb:188 smb:7971 d:t ref:0 ;
in:1796 out:1794 type:P dur:2 cpbdur:2 q:34.42 aq:28.31 tex:115619 mv:6893 misc:4616 imb:118 pmb:2007 smb:6035 d:s ref:0 ;
in:1794 out:1795 type:B dur:2 cpbdur:2 q:34.72 aq:34.75 tex:7305 mv:2518 misc:1233 imb:27 pmb:333 smb:7800 d:t ref:0 ;
in:1795 out:1796 type:b dur:2 cpbdur:2 q:34.72 aq:36.39 tex:441 mv:1209 misc:846 imb:3 pmb:205 smb:7952 d:- ref:0 ;
in:1798 out:1797 type:P dur:2 cpbdur:2 q:34.49 aq:27.67 tex:90711 mv:4613 misc:4444 imb:107 pmb:1558 smb:6495 d:s ref:0 ;
in:1797 out:1798 type:b dur:2 cpbdur:2 q:34.84 aq:35.60 tex:352 mv:1067 misc:685 imb:2 pmb:170 smb:7988 d:t ref:0 ;
in:1800 out:1799 type:P dur:2 cpbdur:2 q:34.60 aq:28.33 tex:107784 mv:5576 misc:4608 imb:75 pmb:1821 smb:6264 d:s ref:0 ;
in:1799 out:1800 type:b dur:2 cpbdur:2 q:34.93 aq:35.47 tex:834 mv:1159 misc:831 imb:0 pmb:205 smb:7955 d:t ref:0 ;
in:1806 out:1801 type:P dur:2 cpbdur:2 q:34.37 aq:27.94 tex:212899 mv:13939 misc:5082 imb:399 pmb:2678 smb:5083 d:s ref:0 ;
in:1803 out:1802 type:B dur:2 cpbdur:2 q:35.10 aq:33.79 tex:10239 mv:5448 misc:2425 imb:18 pmb:714 smb:7428 d:t ref:0 ;
in:1801 out:1803 type:b dur:2 cpbdur:2 q:35.27 aq:37.46 tex:1584 mv:1958 misc:898 imb:6 pmb:230 smb:7924 d:s ref:0 ;
in:1802 out:1804 type:b dur:2 cpbdur:2 q:35.27 aq:37.42 tex:1789 mv:1800 misc:899 imb:12 pmb:212 smb:7936 d:s ref:0 ;
in:1804 out:1805 type:b dur:2 cpbdur:2 q:35.27 aq:36.66 tex:927 mv:1650 misc:999 imb:5 pmb:263 smb:7892 d:- ref:0 ;
in:1805 out:1806 type:b dur:2 cpbdur:2 q:35.27 aq:36.04 tex:1612 mv:2081 misc:1099 imb:9 pmb:285 smb:7866 d:- ref:0 ;
in:1808 out:1807 type:P dur:2 cpbdur:2 q:34.60 aq:27.56 tex:154065 mv:10129 misc:5054 imb:299 pmb:2409 smb:5452 d:s ref:0 ;
in:1807 out:1808 type:b dur:2 cpbdur:2 q:35.02 aq:36.14 tex:823 mv:1573 misc:868 imb:4 pmb:225 smb:7931 d:t ref:0 ;
in:1811 out:1809 type:P dur:2 cpbdur:2 q:34.36 aq:27.68 tex:159433 mv:7189 misc:5074 imb:119 pmb:2179 smb:5862 d:s ref:0 ;
in:1809 out:1810 type:B dur:2 cpbdur:2 q:35.02 aq:33.76 tex:625 mv:1421 misc:1050 imb:2 pmb:280 smb:7878 d:t ref:0 ;
in:1810 out:1811 type:b dur:2 cpbdur:2 q:35.31 aq:34.54 tex:397 mv:1269 misc:774 imb:2 pmb:207 smb:7951 d:- ref:0 ;
in:1815 out:1812 type:P dur:2 cpbdur:2 q:34.28 aq:27.86 tex:254835 mv:14284 misc:4713 imb:336 pmb:2920 smb:4904 d:s ref:0 ;
in:1813 out:1813 type:B dur:2 cpbdur:2 q:34.73 aq:35.00 tex:3588 mv:2928 misc:1700 imb:10 pmb:443 smb:7707 d:s ref:0 ;
in:1812 out:1814 type:b dur:2 cpbdur:2 q:35.11 aq:36.52 tex:479 mv:1384 misc:1017 imb:0 pmb:268 smb:7892 d:s ref:0 ;
in:1814 out:1815 type:b dur:2 cpbdur:2 q:35.11 aq:35.52 tex:232 mv:1275 misc:933 imb:2 pmb:234 smb:7924 d:- ref:0 ;
in:1817 out:1816 type:P dur:2 cpbdur:2 q:34.16 aq:27.37 tex:129906 mv:5269 misc:5345 imb:118 pmb:2093 smb:5949 d:s ref:0 ;
in:1816 out:1817 type:b dur:2 cpbdur:2 q:34.77 aq:33.64 tex:411 mv:1132 misc:673 imb:1 pmb:159 smb:8000 d:t ref:0 ;
in:1822 out:1818 type:P dur:2 cpbdur:2 q:34.25 aq:28.26 tex:176764 mv:10152 misc:5004 imb:220 pmb:2444 smb:5496 d:s ref:0 ;
in:1819 out:1819 type:B dur:2 cpbdur:2 q:34.47 aq:33.45 tex:14969 mv:3957 misc:2274 imb:27 pmb:659 smb:7474 d:t ref:0 ;
in:1818 out:1820 type:b dur:2 cpbdur:2 q:34.76 aq:35.71 tex:635 mv:1293 misc:952 imb:2 pmb:245 smb:7913 d:s ref:0 ;
in:1820 out:1821 type:b dur:2 cpbdur:2 q:34.76 aq:34.82 tex:490 mv:1161 misc:861 imb:1 pmb:210 smb:7949 d:- ref:0 ;
in:1821 out:1822 type:b dur:2 cpbdur:2 q:34.76 aq:35.51 tex:494 mv:1451 misc:1015 imb:1 pmb:249 smb:7910 d:- ref:0 ;
in:1825 out:1823 type:P dur:2 cpbdur:2 q:34.40 aq:28.17 tex:172912 mv:13171 misc:4941 imb:336 pmb:2721 smb:5103 d:s ref:0 ;
in:1823 out:1824 type:B dur:2 cpbdur:2 q:34.62 aq:34.97 tex:2056 mv:2218 misc:1430 imb:4 pmb:339 smb:7817 d:t ref:0 ;
in:1824 out:1825 type:b dur:2 cpbdur:2 q:34.88 aq:36.01 tex:861 mv:1668 misc:1063 imb:5 pmb:265 smb:7890 d:- ref:0 ;
in:1831 out:1826 type:P dur:2 cpbdur:2 q:34.39 aq:28.28 tex:201784 mv:13342 misc:4914 imb:372 pmb:2793 smb:4995 d:s ref:0 ;
in:1828 out:1827 type:B dur:2 cpbdur:2 q:34.45 aq:32.69 tex:13978 mv:5133 misc:2937 imb:28 pmb:885 smb:7247 d:t ref:0 ;
in:1826 out:1828 type:b dur:2 cpbdur:2 q:34.48 aq:34.93 tex:967 mv:1318 misc:963 imb:3 pmb:221 smb:7936 d:s ref:0 ;
in:1827 out:1829 type:b dur:2 cpbdur:2 q:34.48 aq:34.50 tex:868 mv:1440 misc:1076 imb:2 pmb:240 smb:7918 d:s ref:0 ;
in:1829 out:1830 type:b dur:2 cpbdur:2 q:34.48 aq:35.25 tex:1437 mv:1551 misc:1196 imb:0 pmb:283 smb:7877 d:- ref:0 ;
in:1830 out:1831 type:b dur:2 cpbdur:2 q:34.48 aq:35.59 tex:801 mv:1471 misc:1224 imb:2 pmb:294 smb:7864 d:- ref:0 ;
in:1836 out:1832 type:P dur:2 cpbdur:2 q:34.59 aq:28.49 tex:231348 mv:16278 misc:4846 imb:536 pmb:2775 smb:4849 d:s ref:0 ;
in:1833 out:1833 type:B dur:2 cpbdur:2 q:34.77 aq:33.69 tex:6321 mv:3875 misc:2380 imb:10 pmb:691 smb:7459 d:s ref:0 ;
in:1832 out:1834 type:b dur:2 cpbdur:2 q:34.82 aq:34.59 tex:567 mv:1429 misc:1228 imb:3 pmb:315 smb:7842 d:s ref:0 ;
in:1834 out:1835 type:b dur:2 cpbdur:2 q:34.82 aq:34.86 tex:1077 mv:2390 misc:1645 imb:4 pmb:402 smb:7754 d:- ref:0 ;
in:1835 out:1836 type:b dur:2 cpbdur:2 q:34.82 aq:36.19 tex:1406 mv:2467 misc:1575 imb:4 pmb:422 smb:7734 d:- ref:0 ;
in:1839 out:1837 type:P dur:2 cpbdur:2 q:32.79 aq:31.24 tex:81599 mv:12732 misc:4213 imb:382 pmb:1827 smb:5951 d:s ref:0 ;
in:1837 out:1838 type:B dur:2 cpbdur:2 q:34.65 aq:36.18 tex:1199 mv:2392 misc:1457 imb:4 pmb:349 smb:7807 d:s ref:0 ;
in:1838 out:1839 type:b dur:2 cpbdur:2 q:34.71 aq:35.62 tex:999 mv:1956 misc:1269 imb:2 pmb:299 smb:7859 d:- ref:0 ;
in:1840 out:1840 type:I dur:2 cpbdur:2 q:31.89 aq:24.21 tex:3158525 mv:179684 misc:327 imb:8160 pmb:0 smb:0 d:s ref:;
in:1842 out:1841 type:P dur:2 cpbdur:2 q:33.63 aq:28.02 tex:110038 mv:6808 misc:4418 imb:71 pmb:1835 smb:6254 d:s ref:0 ;
in:1841 out:1842 type:b dur:2 cpbdur:2 q:34.04 aq:34.64 tex:755 mv:1418 misc:1299 imb:3 pmb:323 smb:7834 d:s ref:0 ;
in:1844 out:1843 type:P dur:2 cpbdur:2 q:33.15 aq:27.55 tex:129294 mv:7882 misc:4784 imb:137 pmb:2189 smb:5834 d:s ref:0 ;
in:1843 out:1844 type:b dur:2 cpbdur:2 q:34.05 aq:36.62 tex:429 mv:1339 misc:1016 imb:1 pmb:243 smb:7916 d:t ref:0 ;
in:1850 out:1845 type:P dur:2 cpbdur:2 q:34.59 aq:29.28 tex:260046 mv:17835 misc:3927 imb:478 pmb:2687 smb:4995 d:s ref:0 ;
in:1847 out:1846 type:B dur:2 cpbdur:2 q:34.59 aq:33.19 tex:21770 mv:8563 misc:3491 imb:27 pmb:1386 smb:6747 d:s ref:0 ;
in:1845 out:1847 type:b dur:2 cpbdur:2 q:34.59 aq:35.81 tex:4162 mv:3632 misc:2198 imb:5 pmb:675 smb:7480 d:s ref:0 ;
in:1846 out:1848 type:b dur:2 cpbdur:2 q:34.59 aq:33.59 tex:3598 mv:3383 misc:2067 imb:6 pmb:638 smb:7516 d:s ref:0 ;
in:1848 out:1849 type:b dur:2 cpbdur:2 q:34.59 aq:35.36 tex:3269 mv:2991 misc:1836 imb:9 pmb:494 smb:7657 d:- ref:0 ;
in:1849 out:1850 type:b dur:2 cpbdur:2 q:34.59 aq:35.47 tex:2384 mv:3048 misc:1720 imb:7 pmb:462 smb:7691 d:- ref:0 ;
in:1852 out:1851 type:P dur:2 cpbdur:2 q:34.31 aq:28.93 tex:134338 mv:10853 misc:4545 imb:223 pmb:2428 smb:5509 d:s ref:0 ;
in:1851 out:1852 type:b dur:2 cpbdur:2 q:35.06 aq:35.58 tex:775 mv:1592 misc:1073 imb:2 pmb:262 smb:7896 d:t ref:0 ;
in:1854 out:1853 type:P dur:2 cpbdur:2 q:34.57 aq:29.07 tex:60515 mv:3503 misc:3934 imb:40 pmb:1261 smb:6859 d:s ref:0 ;
in:1853 out:1854 type:b dur:2 cpbdur:2 q:34.75 aq:35.08 tex:578 mv:1086 misc:760 imb:1 pmb:176 smb:7983 d:t ref:0 ;
in:1856 out:1855 type:P dur:2 cpbdur:2 q:34.47 aq:29.28 tex:100057 mv:9488 misc:4911 imb:179 pmb:2173 smb:5808 d:s ref:0 ;
in:1855 out:1856 type:b dur:2 cpbdur:2 q:34.96 aq:35.74 tex:650 mv:1458 misc:932 imb:1 pmb:226 smb:7933 d:t ref:0 ;
in:1862 out:1857 type:P dur:2 cpbdur:2 q:34.79 aq:29.49 tex:200581 mv:17237 misc:4366 imb:438 pmb:2746 smb:4976 d:s ref:0 ;
in:1859 out:1858 type:B dur:2 cpbdur:2 q:35.03 aq:33.35 tex:9122 mv:6733 misc:2921 imb:29 pmb:871 smb:7260 d:s ref:0 ;
in:1857 out:1859 type:b dur:2 cpbdur:2 q:35.23 aq:36.01 tex:946 mv:2274 misc:1036 imb:3 pmb:265 smb:7892 d:s ref:0 ;
in:1858 out:1860 type:b dur:2 cpbdur:2 q:35.23 aq:36.17 tex:759 mv:2102 misc:1099 imb:5 pmb:262 smb:7893 d:s ref:0 ;
in:1860 out:1861 type:b dur:2 cpbdur:2 q:35.23 aq:36.39 tex:727 mv:1594 misc:1071 imb:3 pmb:289 smb:7868 d:- ref:0 ;
in:1861 out:1862 type:b dur:2 cpbdur:2 q:35.23 aq:36.85 tex:219 mv:1634 misc:1059 imb:4 pmb:277 smb:7879 d:- ref:0 ;
in:1868 out:1863 type:P dur:2 cpbdur:2 q:34.73 aq:29.91 tex:139743 mv:12063 misc:4642 imb:223 pmb:2388 smb:5549 d:s ref:0 ;
in:1865 out:1864 type:B dur:2 cpbdur:2 q:35.19 aq:33.42 tex:5334 mv:3244 misc:2166 imb:4 pmb:602 smb:7554 d:s ref:0 ;
in:1863 out:1865 type:b dur:2 cpbdur:2 q:35.41 aq:36.68 tex:646 mv:1327 misc:811 imb:8 pmb:213 smb:7939 d:s ref:0 ;
in:1864 out:1866 type:b dur:2 cpbdur:2 q:35.41 aq:35.87 tex:615 mv:1138 misc:783 imb:4 pmb:193 smb:7963 d:s ref:0 ;
in:1866 out:1867 type:b dur:2 cpbdur:2 q:35.40 aq:33.41 tex:149 mv:1190 misc:901 imb:2 pmb:226 smb:7932 d:- ref:0 ;
in:1867 out:1868 type:b dur:2 cpbdur:2 q:35.40 aq:34.65 tex:184 mv:1269 misc:747 imb:4 pmb:193 smb:7963 d:- ref:0 ;
in:1870 out:1869 type:P dur:2 cpbdur:2 q:34.83 aq:29.88 tex:124198 mv:9814 misc:4324 imb:203 pmb:2108 smb:5849 d:s ref:0 ;
in:1869 out:1870 type:b dur:2 cpbdur:2 q:35.11 aq:35.24 tex:255 mv:1170 misc:967 imb:2 pmb:253 smb:7905 d:t ref:0 ;
in:1872 out:1871 type:P dur:2 cpbdur:2 q:34.94 aq:29.90 tex:83690 mv:5534 misc:4312 imb:120 pmb:1575 smb:6465 d:s ref:0 ;
in:1871 out:1872 type:b dur:2 cpbdur:2 q:35.47 aq:33.88 tex:200 mv:1041 misc:703 imb:2 pmb:172 smb:7986 d:t ref:0 ;
in:1877 out:1873 type:P dur:2 cpbdur:2 q:34.15 aq:30.36 tex:103509 mv:8614 misc:4637 imb:174 pmb:2161 smb:5825 d:s ref:0 ;
in:1874 out:1874 type:B dur:2 cpbdur:2 q:35.31 aq:33.73 tex:4169 mv:2109 misc:1458 imb:13 pmb:356 smb:7791 d:t ref:0 ;
in:1873 out:1875 type:b dur:2 cpbdur:2 q:35.61 aq:32.13 tex:138 mv:1206 misc:816 imb:1 pmb:208 smb:7951 d:s ref:0 ;
in:1875 out:1876 type:b dur:2 cpbdur:2 q:35.61 aq:35.41 tex:243 mv:960 misc:629 imb:3 pmb:148 smb:8009 d:- ref:0 ;
in:1876 out:1877 type:b dur:2 cpbdur:2 q:35.61 aq:35.41 tex:234 mv:1106 misc:676 imb:7 pmb:152 smb:8001 d:- ref:0 ;
in:1879 out:1878 type:P dur:2 cpbdur:2 q:33.49 aq:29.86 tex:79428 mv:5590 misc:4678 imb:115 pmb:1849 smb:6196 d:s ref:0 ;
in:1878 out:1879 type:b dur:2 cpbdur:2 q:34.36 aq:36.40 tex:454 mv:1056 misc:754 imb:3 pmb:185 smb:7972 d:t ref:0 ;
in:1883 out:1880 type:P dur:2 cpbdur:2 q:33.74 aq:32.76 tex:104549 mv:8472 misc:3947 imb:538 pmb:1300 smb:6322 d:s ref:0 ;
in:1881 out:1881 type:B dur:2 cpbdur:2 q:34.01 aq:33.31 tex:8114 mv:2731 misc:2203 imb:29 pmb:563 smb:7568 d:s ref:0 ;
in:1880 out:1882 type:b dur:2 cpbdur:2 q:34.25 aq:34.69 tex:546 mv:1245 misc:921 imb:6 pmb:216 smb:7938 d:s ref:0 ;
in:1882 out:1883 type:b dur:2 cpbdur:2 q:34.25 aq:36.53 tex:4994 mv:2363 misc:1307 imb:31 pmb:358 smb:7771 d:- ref:0 ;
in:1885 out:1884 type:P dur:2 cpbdur:2 q:34.22 aq:34.24 tex:128122 mv:12022 misc:2504 imb:1510 pmb:628 smb:6022 d:s ref:0 ;
in:1884 out:1885 type:b dur:2 cpbdur:2 q:34.50 aq:37.33 tex:9363 mv:2915 misc:1330 imb:67 pmb:356 smb:7737 d:s ref:0 ;
in:1886 out:1886 type:P dur:2 cpbdur:2 q:34.39 aq:34.10 tex:116575 mv:11534 misc:2851 imb:1437 pmb:544 smb:6179 d:s ref:0 ;
in:1887 out:1887 type:P dur:2 cpbdur:2 q:34.47 aq:32.58 tex:147101 mv:10768 misc:3243 imb:1580 pmb:673 smb:5907 d:s ref:0 ;
in:1888 out:1888 type:P dur:2 cpbdur:2 q:33.91 aq:31.34 tex:117065 mv:9767 misc:4424 imb:1132 pmb:999 smb:6029 d:s ref:0 ;
in:1889 out:1889 type:P dur:2 cpbdur:2 q:33.08 aq:29.55 tex:121614 mv:8418 misc:4384 imb:886 pmb:1010 smb:6264 d:s ref:0 ;
in:1891 out:1890 type:P dur:2 cpbdur:2 q:34.64 aq:33.38 tex:91607 mv:4110 misc:1739 imb:608 pmb:227 smb:7325 d:s ref:0 ;
in:1890 out:1891 type:b dur:2 cpbdur:2 q:35.14 aq:33.00 tex:11 mv:55 misc:510 imb:0 pmb:53 smb:8107 d:s ref:0 ;
in:1892 out:1892 type:P dur:2 cpbdur:2 q:35.66 aq:35.86 tex:100027 mv:4919 misc:918 imb:838 pmb:140 smb:7182 d:s ref:0 ;
in:1893 out:1893 type:P dur:2 cpbdur:2 q:37.59 aq:37.46 tex:129509 mv:8075 misc:1184 imb:1236 pmb:262 smb:6662 d:s ref:0 ;
in:1894 out:1894 type:P dur:2 cpbdur:2 q:39.40 aq:36.53 tex:188179 mv:9767 misc:1206 imb:1527 pmb:300 smb:6333 d:s ref:0 ;
in:1895 out:1895 type:P dur:2 cpbdur:2 q:39.11 aq:34.39 tex:257139 mv:15516 misc:2129 imb:2938 pmb:513 smb:4709 d:s ref:0 ;
in:1897 out:1896 type:P dur:2 cpbdur:2 q:39.09 aq:35.26 tex:353937 mv:18730 misc:2613 imb:2791 pmb:671 smb:4698 d:s ref:0 ;
in:1896 out:1897 type:b dur:2 cpbdur:2 q:39.21 aq:40.81 tex:15735 mv:7797 misc:2068 imb:368 pmb:630 smb:7162 d:s ref:0 ;
in:1898 out:1898 type:P dur:2 cpbdur:2 q:39.06 aq:34.34 tex:176080 mv:14515 misc:3045 imb:1378 pmb:1034 smb:5748 d:s ref:0 ;
in:1899 out:1899 type:P dur:2 cpbdur:2 q:39.28 aq:34.34 tex:169463 mv:12797 misc:2068 imb:1029 pmb:988 smb:6143 d:s ref:0 ;
in:1905 out:1900 type:P dur:2 cpbdur:2 q:38.80 aq:31.13 tex:203817 mv:13740 misc:2283 imb:963 pmb:1276 smb:5921 d:s ref:0 ;
in:1902 out:1901 type:B dur:2 cpbdur:2 q:39.71 aq:37.99 tex:34759 mv:15009 misc:2080 imb:438 pmb:1063 smb:6659 d:s ref:0 ;
in:1900 out:1902 type:b dur:2 cpbdur:2 q:40.14 aq:41.24 tex:9555 mv:8893 misc:2288 imb:317 pmb:723 smb:7120 d:s ref:0 ;
in:1901 out:1903 type:b dur:2 cpbdur:2 q:40.14 aq:41.19 tex:5331 mv:6705 misc:2332 imb:152 pmb:707 smb:7301 d:s ref:0 ;
in:1903 out:1904 type:b dur:2 cpbdur:2 q:40.14 aq:39.70 tex:1446 mv:2624 misc:1690 imb:19 pmb:488 smb:7653 d:- ref:0 ;
in:1904 out:1905 type:b dur:2 cpbdur:2 q:40.14 aq:41.05 tex:6005 mv:6319 misc:2044 imb:156 pmb:568 smb:7436 d:- ref:0 ;
in:1907 out:1906 type:P dur:2 cpbdur:2 q:38.73 aq:30.34 tex:210210 mv:12955 misc:2947 imb:710 pmb:2055 smb:5395 d:s ref:0 ;
in:1906 out:1907 type:b dur:2 cpbdur:2 q:39.25 aq:39.88 tex:4263 mv:5118 misc:1771 imb:108 pmb:521 smb:7531 d:s ref:0 ;
in:1909 out:1908 type:P dur:2 cpbdur:2 q:38.77 aq:29.84 tex:99527 mv:6189 misc:3116 imb:242 pmb:1372 smb:6546 d:s ref:0 ;
in:1908 out:1909 type:b dur:2 cpbdur:2 q:39.01 aq:32.00 tex:45 mv:1015 misc:1044 imb:2 pmb:273 smb:7885 d:t ref:0 ;
in:1911 out:1910 type:P dur:2 cpbdur:2 q:38.26 aq:28.82 tex:244942 mv:5814 misc:5436 imb:149 pmb:3546 smb:4465 d:s ref:0 ;
in:1910 out:1911 type:b dur:2 cpbdur:2 q:39.30 aq:41.08 tex:281 mv:1007 misc:616 imb:1 pmb:151 smb:8008 d:t ref:0 ;
in:1913 out:1912 type:P dur:2 cpbdur:2 q:38.39 aq:28.65 tex:59248 mv:2455 misc:3049 imb:59 pmb:971 smb:7130 d:s ref:0 ;
in:1912 out:1913 type:b dur:2 cpbdur:2 q:38.95 aq:32.00 tex:27 mv:871 misc:550 imb:0 pmb:130 smb:8030 d:t ref:0 ;
in:1915 out:1914 type:P dur:2 cpbdur:2 q:37.77 aq:27.19 tex:125551 mv:4158 misc:4403 imb:108 pmb:1915 smb:6137 d:s ref:0 ;
in:1914 out:1915 type:b dur:2 cpbdur:2 q:38.91 aq:32.00 tex:22 mv:900 misc:598 imb:0 pmb:142 smb:8018 d:t ref:0 ;
in:1917 out:1916 type:P dur:2 cpbdur:2 q:37.52 aq:26.73 tex:139937 mv:3004 misc:4395 imb:67 pmb:1988 smb:6105 d:s ref:0 ;
in:1916 out:1917 type:b dur:2 cpbdur:2 q:38.24 aq:32.00 tex:14 mv:839 misc:507 imb:0 pmb:123 smb:8037 d:t ref:0 ;
in:1921 out:1918 type:P dur:2 cpbdur:2 q:37.36 aq:26.67 tex:103372 mv:5970 misc:3178 imb:165 pmb:1330 smb:6665 d:s ref:0 ;
in:1919 out:1919 type:B dur:2 cpbdur:2 q:38.27 aq:35.14 tex:665 mv:1542 misc:825 imb:6 pmb:235 smb:7919 d:s ref:0 ;
in:1918 out:1920 type:b dur:2 cpbdur:2 q:38.64 aq:36.26 tex:80 mv:898 misc:798 imb:3 pmb:194 smb:7963 d:s ref:0 ;
in:1920 out:1921 type:b dur:2 cpbdur:2 q:38.64 aq:39.54 tex:404 mv:957 misc:711 imb:1 pmb:177 smb:7982 d:- ref:0 ;
in:1923 out:1922 type:P dur:2 cpbdur:2 q:37.23 aq:27.56 tex:178760 mv:2020 misc:2412 imb:19 pmb:1422 smb:6719 d:s ref:0 ;
in:1922 out:1923 type:b dur:2 cpbdur:2 q:37.93 aq:32.00 tex:22 mv:904 misc:530 imb:2 pmb:133 smb:8025 d:t ref:0 ;
in:1925 out:1924 type:P dur:2 cpbdur:2 q:36.97 aq:28.06 tex:128075 mv:2743 misc:2606 imb:32 pmb:1405 smb:6723 d:s ref:0 ;
in:1924 out:1925 type:b dur:2 cpbdur:2 q:37.40 aq:32.10 tex:53 mv:1052 misc:559 imb:1 pmb:146 smb:8013 d:t ref:0 ;
in:1926 out:1926 type:P dur:2 cpbdur:2 q:36.55 aq:26.54 tex:144634 mv:5400 misc:4334 imb:194 pmb:1687 smb:6279 d:s ref:0 ;
in:1928 out:1927 type:P dur:2 cpbdur:2 q:36.34 aq:26.28 tex:97361 mv:2165 misc:3930 imb:27 pmb:1403 smb:6730 d:s ref:0 ;
in:1927 out:1928 type:b dur:2 cpbdur:2 q:36.66 aq:32.13 tex:107 mv:930 misc:515 imb:2 pmb:133 smb:8025 d:t ref:0 ;
in:1930 out:1929 type:P dur:2 cpbdur:2 q:36.14 aq:26.00 tex:123470 mv:2059 misc:3359 imb:22 pmb:1449 smb:6689 d:s ref:0 ;
in:1929 out:1930 type:b dur:2 cpbdur:2 q:36.82 aq:32.17 tex:123 mv:876 misc:537 imb:0 pmb:140 smb:8020 d:t ref:0 ;
in:1931 out:1931 type:P dur:2 cpbdur:2 q:35.84 aq:25.19 tex:116344 mv:1617 misc:3495 imb:12 pmb:1627 smb:6521 d:s ref:0 ;
in:1933 out:1932 type:P dur:2 cpbdur:2 q:35.15 aq:25.27 tex:143016 mv:3307 misc:4453 imb:79 pmb:1989 smb:6092 d:s ref:0 ;
in:1932 out:1933 type:b dur:2 cpbdur:2 q:36.12 aq:37.27 tex:238 mv:1043 misc:703 imb:5 pmb:188 smb:7967 d:t ref:0 ;
in:1935 out:1934 type:P dur:2 cpbdur:2 q:35.19 aq:25.42 tex:131210 mv:4393 misc:3941 imb:131 pmb:1779 smb:6250 d:s ref:0 ;
in:1934 out:1935 type:b dur:2 cpbdur:2 q:35.66 aq:35.49 tex:288 mv:1018 misc:742 imb:2 pmb:203 smb:7955 d:s ref:0 ;
in:1937 out:1936 type:P dur:2 cpbdur:2 q:34.86 aq:25.40 tex:174495 mv:2499 misc:4366 imb:44 pmb:2211 smb:5905 d:s ref:0 ;
in:1936 out:1937 type:b dur:2 cpbdur:2 q:35.52 aq:32.08 tex:137 mv:967 misc:600 imb:1 pmb:150 smb:8009 d:t ref:0 ;
in:1940 out:1938 type:P dur:2 cpbdur:2 q:34.51 aq:24.82 tex:87468 mv:2153 misc:4323 imb:17 pmb:1394 smb:6749 d:s ref:0 ;
in:1938 out:1939 type:B dur:2 cpbdur:2 q:36.14 aq:34.25 tex:7178 mv:3182 misc:840 imb:75 pmb:297 smb:7788 d:t ref:0 ;
in:1939 out:1940 type:b dur:2 cpbdur:2 q:36.14 aq:35.54 tex:207 mv:1133 misc:788 imb:6 pmb:204 smb:7950 d:- ref:0 ;
in:1942 out:1941 type:P dur:2 cpbdur:2 q:34.05 aq:24.63 tex:155958 mv:4233 misc:4225 imb:100 pmb:1973 smb:6087 d:s ref:0 ;
in:1941 out:1942 type:b dur:2 cpbdur:2 q:34.85 aq:35.95 tex:333 mv:1029 misc:774 imb:3 pmb:202 smb:7955 d:s ref:0 ;
in:1947 out:1943 type:P dur:2 cpbdur:2 q:33.75 aq:25.32 tex:157118 mv:5082 misc:3656 imb:106 pmb:1724 smb:6330 d:s ref:0 ;
in:1944 out:1944 type:B dur:2 cpbdur:2 q:34.43 aq:32.56 tex:1049 mv:1572 misc:739 imb:9 pmb:187 smb:7964 d:s ref:0 ;
in:1943 out:1945 type:b dur:2 cpbdur:2 q:34.75 aq:35.48 tex:355 mv:1129 misc:780 imb:3 pmb:219 smb:7938 d:s ref:0 ;
in:1945 out:1946 type:b dur:2 cpbdur:2 q:34.75 aq:32.00 tex:25 mv:883 misc:516 imb:2 pmb:129 smb:8029 d:- ref:0 ;
in:1946 out:1947 type:b dur:2 cpbdur:2 q:34.75 aq:32.07 tex:54 mv:928 misc:498 imb:5 pmb:123 smb:8032 d:- ref:0 ;
in:1949 out:1948 type:P dur:2 cpbdur:2 q:33.56 aq:25.26 tex:99904 mv:1953 misc:3463 imb:22 pmb:1332 smb:6806 d:s ref:0 ;
in:1948 out:1949 type:b dur:2 cpbdur:2 q:34.13 aq:32.71 tex:112 mv:1051 misc:621 imb:1 pmb:152 smb:8007 d:t ref:0 ;
in:1951 out:1950 type:P dur:2 cpbdur:2 q:33.37 aq:25.09 tex:97749 mv:1916 misc:3239 imb:19 pmb:1256 smb:6885 d:s ref:0 ;
in:1950 out:1951 type:b dur:2 cpbdur:2 q:33.90 aq:36.71 tex:632 mv:1085 misc:651 imb:1 pmb:163 smb:7996 d:t ref:0 ;
in:1953 out:1952 type:P dur:2 cpbdur:2 q:33.23 aq:25.17 tex:79869 mv:1644 misc:3047 imb:18 pmb:1191 smb:6951 d:s ref:0 ;
in:1952 out:1953 type:b dur:2 cpbdur:2 q:33.61 aq:33.59 tex:163 mv:962 misc:579 imb:3 pmb:146 smb:8011 d:t ref:0 ;
in:1955 out:1954 type:P dur:2 cpbdur:2 q:33.23 aq:25.47 tex:38067 mv:1570 misc:2131 imb:18 pmb:613 smb:7529 d:s ref:0 ;
in:1954 out:1955 type:b dur:2 cpbdur:2 q:33.24 aq:32.08 tex:132 mv:971 misc:569 imb:2 pmb:144 smb:8014 d:t ref:0 ;
in:1957 out:1956 type:P dur:2 cpbdur:2 q:33.15 aq:25.43 tex:70825 mv:3776 misc:1791 imb:105 pmb:649 smb:7406 d:s ref:0 ;
in:1956 out:1957 type:b dur:2 cpbdur:2 q:33.24 aq:32.02 tex:153 mv:1014 misc:705 imb:3 pmb:182 smb:7975 d:s ref:0 ;
in:1961 out:1958 type:P dur:2 cpbdur:2 q:32.91 aq:24.66 tex:17556 mv:1720 misc:1380 imb:18 pmb:327 smb:7815 d:s ref:0 ;
in:1959 out:1959 type:B dur:2 cpbdur:2 q:33.16 aq:32.60 tex:1193 mv:1351 misc:640 imb:11 pmb:149 smb:8000 d:t ref:0 ;
in:1958 out:1960 type:b dur:2 cpbdur:2 q:33.16 aq:32.71 tex:135 mv:942 misc:579 imb:0 pmb:143 smb:8017 d:t ref:0 ;
in:1960 out:1961 type:b dur:2 cpbdur:2 q:33.16 aq:32.08 tex:147 mv:973 misc:584 imb:1 pmb:149 smb:8010 d:- ref:0 ;
in:1963 out:1962 type:P dur:2 cpbdur:2 q:32.84 aq:26.18 tex:41242 mv:3403 misc:1283 imb:100 pmb:407 smb:7653 d:s ref:0 ;
in:1962 out:1963 type:b dur:2 cpbdur:2 q:32.91 aq:32.82 tex:385 mv:1111 misc:800 imb:2 pmb:208 smb:7950 d:s ref:0 ;
in:1965 out:1964 type:P dur:2 cpbdur:2 q:32.84 aq:26.31 tex:10424 mv:1395 misc:1013 imb:17 pmb:241 smb:7902 d:s ref:0 ;
in:1964 out:1965 type:b dur:2 cpbdur:2 q:32.84 aq:32.08 tex:182 mv:930 misc:544 imb:0 pmb:143 smb:8017 d:t ref:0 ;
in:1967 out:1966 type:P dur:2 cpbdur:2 q:32.80 aq:27.63 tex:59077 mv:3261 misc:998 imb:91 pmb:374 smb:7695 d:s ref:0 ;
in:1966 out:1967 type:b dur:2 cpbdur:2 q:32.84 aq:32.99 tex:175 mv:1097 misc:736 imb:3 pmb:190 smb:7967 d:s ref:0 ;
in:1971 out:1968 type:P dur:2 cpbdur:2 q:32.79 aq:27.85 tex:15900 mv:2090 misc:922 imb:25 pmb:252 smb:7883 d:s ref:0 ;
in:1969 out:1969 type:B dur:2 cpbdur:2 q:32.80 aq:31.29 tex:1529 mv:1575 misc:792 imb:10 pmb:198 smb:7952 d:t ref:0 ;
in:1968 out:1970 type:b dur:2 cpbdur:2 q:32.80 aq:32.00 tex:151 mv:995 misc:638 imb:3 pmb:172 smb:7985 d:t ref:0 ;
in:1970 out:1971 type:b dur:2 cpbdur:2 q:32.80 aq:32.06 tex:54 mv:967 misc:611 imb:2 pmb:152 smb:8006 d:- ref:0 ;
in:1976 out:1972 type:P dur:2 cpbdur:2 q:33.08 aq:31.92 tex:197508 mv:11677 misc:1127 imb:1312 pmb:469 smb:6379 d:s ref:0 ;
in:1973 out:1973 type:B dur:2 cpbdur:2 q:33.10 aq:31.30 tex:14672 mv:4899 misc:1813 imb:70 pmb:641 smb:7449 d:s ref:0 ;
in:1972 out:1974 type:b dur:2 cpbdur:2 q:33.10 aq:34.04 tex:1619 mv:2309 misc:1120 imb:4 pmb:355 smb:7801 d:s ref:0 ;
in:1974 out:1975 type:b dur:2 cpbdur:2 q:33.10 aq:33.96 tex:54037 mv:11514 misc:1505 imb:490 pmb:806 smb:6864 d:- ref:0 ;
in:1975 out:1976 type:b dur:2 cpbdur:2 q:33.10 aq:33.70 tex:72042 mv:14052 misc:1450 imb:411 pmb:1073 smb:6676 d:- ref:0 ;
in:1977 out:1977 type:P dur:2 cpbdur:2 q:33.46 aq:32.93 tex:142448 mv:10422 misc:1098 imb:1249 pmb:464 smb:6447 d:s ref:0 ;
in:1978 out:1978 type:P dur:2 cpbdur:2 q:33.47 aq:33.16 tex:113131 mv:9251 misc:1178 imb:1403 pmb:447 smb:6310 d:t ref:0 ;
in:1979 out:1979 type:P dur:2 cpbdur:2 q:33.13 aq:33.33 tex:76080 mv:10705 misc:1623 imb:1682 pmb:541 smb:5937 d:t ref:0 ;
in:1980 out:1980 type:P dur:2 cpbdur:2 q:33.55 aq:33.69 tex:188573 mv:30449 misc:578 imb:8155 pmb:5 smb:0 d:s ref:0 ;
in:1981 out:1981 type:I dur:2 cpbdur:2 q:29.89 aq:29.84 tex:985078 mv:27203 misc:407 imb:8160 pmb:0 smb:0 d:s ref:;
in:1982 out:1982 type:P dur:2 cpbdur:2 q:33.61 aq:32.65 tex:258353 mv:29809 misc:1286 imb:6034 pmb:2004 smb:122 d:s ref:0 w:5,35,-50,6,95,-61,85,-39 ;
in:1983 out:1983 type:P dur:2 cpbdur:2 q:33.64 aq:32.19 tex:308125 mv:21465 misc:5682 imb:2577 pmb:2053 smb:3530 d:t ref:0 w:6,69,-36,6,71,-13,64,0 ;
in:1984 out:1984 type:P dur:2 cpbdur:2 q:34.57 aq:33.14 tex:280066 mv:28882 misc:4660 imb:5139 pmb:1440 smb:1581 d:t ref:0 w:3,9,-28,6,77,-26,74,-18 ;
in:1985 out:1985 type:P dur:2 cpbdur:2 q:34.11 aq:32.97 tex:212569 mv:16481 misc:5430 imb:2069 pmb:1259 smb:4832 d:t ref:0 w:3,9,-19,6,64,0,71,-13 ;
in:1987 out:1986 type:P dur:2 cpbdur:2 q:38.86 aq:31.30 tex:556916 mv:30867 misc:841 imb:7250 pmb:858 smb:52 d:- ref:0 ;
in:1986 out:1987 type:b dur:2 cpbdur:2 q:39.12 aq:39.18 tex:5455 mv:7916 misc:1573 imb:462 pmb:553 smb:7145 d:s ref:0 ;
in:1993 out:1988 type:P dur:2 cpbdur:2 q:40.01 aq:32.15 tex:271584 mv:20002 misc:4398 imb:2185 pmb:1733 smb:4242 d:t ref:0 ;
in:1990 out:1989 type:B dur:2 cpbdur:2 q:40.60 aq:38.38 tex:37450 mv:7803 misc:2219 imb:80 pmb:1773 smb:6307 d:s ref:0 ;
in:1988 out:1990 type:b dur:2 cpbdur:2 q:40.62 aq:40.87 tex:4227 mv:4871 misc:2230 imb:77 pmb:1501 smb:6582 d:s ref:0 ;
in:1989 out:1991 type:b dur:2 cpbdur:2 q:40.62 aq:41.73 tex:19730 mv:5517 misc:2113 imb:41 pmb:1468 smb:6651 d:s ref:0 ;
in:1991 out:1992 type:b dur:2 cpbdur:2 q:40.62 aq:41.79 tex:4492 mv:2925 misc:1815 imb:58 pmb:582 smb:7520 d:- ref:0 ;
in:1992 out:1993 type:b dur:2 cpbdur:2 q:40.62 aq:41.26 tex:4069 mv:2751 misc:1812 imb:58 pmb:577 smb:7525 d:- ref:0 ;
in:1995 out:1994 type:P dur:2 cpbdur:2 q:40.04 aq:33.03 tex:82071 mv:11742 misc:4011 imb:1233 pmb:1163 smb:5764 d:t ref:0 ;
in:1994 out:1995 type:b dur:2 cpbdur:2 q:40.52 aq:40.90 tex:20268 mv:2949 misc:1767 imb:16 pmb:1350 smb:6794 d:s ref:0 ;
in:1997 out:1996 type:P dur:2 cpbdur:2 q:40.11 aq:33.48 tex:123829 mv:12681 misc:3842 imb:1194 pmb:1464 smb:5502 d:s ref:0 ;
in:1996 out:1997 type:b dur:2 cpbdur:2 q:40.79 aq:42.52 tex:19575 mv:2892 misc:1925 imb:14 pmb:753 smb:7393 d:s ref:0 ;
in:2000 out:1998 type:P dur:2 cpbdur:2 q:39.65 aq:33.08 tex:186571 mv:13841 misc:3860 imb:1026 pmb:1750 smb:5384 d:s ref:0 ;
in:1998 out:1999 type:B dur:2 cpbdur:2 q:40.41 aq:41.54 tex:17639 mv:4163 misc:1766 imb:16 pmb:724 smb:7420 d:s ref:0 ;
in:1999 out:2000 type:b dur:2 cpbdur:2 q:40.55 aq:41.57 tex:281 mv:1553 misc:1822 imb:2 pmb:533 smb:7625 d:- ref:0 ;
in:2002 out:2001 type:P dur:2 cpbdur:2 q:39.62 aq:32.46 tex:133056 mv:9592 misc:4376 imb:590 pmb:1778 smb:5792 d:s ref:0 ;
in:2001 out:2002 type:b dur:2 cpbdur:2 q:40.09 aq:40.94 tex:290 mv:1670 misc:1272 imb:11 pmb:343 smb:7806 d:s ref:0 ;
in:2006 out:2003 type:P dur:2 cpbdur:2 q:39.31 aq:32.07 tex:139865 mv:10741 misc:4162 imb:577 pmb:1747 smb:5836 d:s ref:0 ;
in:2004 out:2004 type:B dur:2 cpbdur:2 q:39.98 aq:40.35 tex:736 mv:1811 misc:1261 imb:7 pmb:349 smb:7804 d:s ref:0 ;
in:2003 out:2005 type:b dur:2 cpbdur:2 q:40.12 aq:32.00 tex:68 mv:858 misc:642 imb:0 pmb:147 smb:8013 d:s ref:0 ;
in:2005 out:2006 type:b dur:2 cpbdur:2 q:40.12 aq:42.49 tex:265 mv:1160 misc:1119 imb:1 pmb:310 smb:7849 d:- ref:0 ;
in:2008 out:2007 type:P dur:2 cpbdur:2 q:38.87 aq:30.86 tex:143729 mv:11237 misc:5234 imb:501 pmb:2164 smb:5495 d:s ref:0 ;
in:2007 out:2008 type:b dur:2 cpbdur:2 q:39.63 aq:41.24 tex:247 mv:1243 misc:1494 imb:2 pmb:419 smb:7739 d:s ref:0 ;
in:2010 out:2009 type:P dur:2 cpbdur:2 q:38.50 aq:30.44 tex:114414 mv:8256 misc:5114 imb:414 pmb:1837 smb:5909 d:s ref:0 ;
in:2009 out:2010 type:b dur:2 cpbdur:2 q:39.10 aq:41.91 tex:346 mv:1378 misc:940 imb:7 pmb:254 smb:7899 d:t ref:0 ;
in:2013 out:2011 type:P dur:2 cpbdur:2 q:37.86 aq:29.58 tex:218361 mv:11351 misc:5512 imb:629 pmb:2579 smb:4952 d:s ref:0 ;
in:2011 out:2012 type:B dur:2 cpbdur:2 q:38.94 aq:39.11 tex:1298 mv:1515 misc:883 imb:10 pmb:244 smb:7906 d:s ref:0 ;
in:2012 out:2013 type:b dur:2 cpbdur:2 q:39.25 aq:38.30 tex:3042 mv:2059 misc:955 imb:37 pmb:267 smb:7856 d:- ref:0 ;
in:2015 out:2014 type:P dur:2 cpbdur:2 q:37.60 aq:29.25 tex:165467 mv:6215 misc:5350 imb:247 pmb:2261 smb:5652 d:s ref:0 ;
in:2014 out:2015 type:b dur:2 cpbdur:2 q:38.16 aq:37.79 tex:684 mv:1209 misc:699 imb:24 pmb:157 smb:7979 d:t ref:0 ;
in:2019 out:2016 type:P dur:2 cpbdur:2 q:37.33 aq:29.82 tex:157281 mv:7890 misc:4325 imb:235 pmb:1968 smb:5957 d:s ref:0 ;
in:2017 out:2017 type:B dur:2 cpbdur:2 q:38.04 aq:37.90 tex:436 mv:1632 misc:844 imb:15 pmb:220 smb:7925 d:t ref:0 ;
in:2016 out:2018 type:b dur:2 cpbdur:2 q:38.41 aq:32.00 tex:148 mv:983 misc:669 imb:1 pmb:162 smb:7997 d:t ref:0 ;
in:2018 out:2019 type:b dur:2 cpbdur:2 q:38.41 aq:32.00 tex:124 mv:987 misc:689 imb:0 pmb:179 smb:7981 d:- ref:0 ;
in:2025 out:2020 type:P dur:2 cpbdur:2 q:36.83 aq:29.01 tex:166971 mv:7659 misc:5226 imb:213 pmb:2463 smb:5484 d:s ref:0 ;
in:2022 out:2021 type:B dur:2 cpbdur:2 q:37.73 aq:36.74 tex:5061 mv:2880 misc:1115 imb:27 pmb:314 smb:7819 d:t ref:0 ;
in:2020 out:2022 type:b dur:2 cpbdur:2 q:38.00 aq:34.89 tex:308 mv:1148 misc:768 imb:2 pmb:196 smb:7962 d:s ref:0 ;
in:2021 out:2023 type:b dur:2 cpbdur:2 q:38.00 aq:35.05 tex:340 mv:976 misc:764 imb:0 pmb:187 smb:7973 d:s ref:0 ;
in:2023 out:2024 type:b dur:2 cpbdur:2 q:38.00 aq:37.02 tex:573 mv:1188 misc:751 imb:6 pmb:195 smb:7959 d:- ref:0 ;
in:2024 out:2025 type:b dur:2 cpbdur:2 q:38.00 aq:36.51 tex:674 mv:1243 misc:755 imb:7 pmb:197 smb:7956 d:- ref:0 ;
in:2027 out:2026 type:P dur:2 cpbdur:2 q:36.86 aq:28.12 tex:166533 mv:4992 misc:5347 imb:169 pmb:2352 smb:5639 d:s ref:0 ;
in:2026 out:2027 type:b dur:2 cpbdur:2 q:37.30 aq:32.13 tex:90 mv:991 misc:567 imb:1 pmb:149 smb:8010 d:t ref:0 ;
in:2031 out:2028 type:P dur:2 cpbdur:2 q:36.45 aq:29.49 tex:163763 mv:7685 misc:4272 imb:429 pmb:1868 smb:5863 d:s ref:0 ;
in:2029 out:2029 type:B dur:2 cpbdur:2 q:37.27 aq:35.35 tex:11636 mv:4057 misc:987 imb:140 pmb:377 smb:7643 d:t ref:0 ;
in:2028 out:2030 type:b dur:2 cpbdur:2 q:37.49 aq:38.20 tex:4193 mv:2543 misc:960 imb:154 pmb:245 smb:7761 d:s ref:0 ;
in:2030 out:2031 type:b dur:2 cpbdur:2 q:37.49 aq:36.67 tex:5834 mv:2154 misc:860 imb:92 pmb:275 smb:7793 d:- ref:0 ;
in:2033 out:2032 type:P dur:2 cpbdur:2 q:36.13 aq:28.02 tex:226870 mv:6080 misc:5770 imb:269 pmb:2946 smb:4945 d:s ref:0 ;
in:2032 out:2033 type:b dur:2 cpbdur:2 q:36.89 aq:36.12 tex:4469 mv:1451 misc:944 imb:2 pmb:365 smb:7793 d:t ref:0 ;
in:2035 out:2034 type:P dur:2 cpbdur:2 q:35.98 aq:28.02 tex:172488 mv:6615 misc:5505 imb:309 pmb:2136 smb:5715 d:s ref:0 ;
in:2034 out:2035 type:b dur:2 cpbdur:2 q:36.59 aq:35.83 tex:549 mv:1813 misc:902 imb:92 pmb:193 smb:7875 d:s ref:0 ;
in:2037 out:2036 type:P dur:2 cpbdur:2 q:35.73 aq:27.38 tex:201554 mv:5560 misc:5422 imb:178 pmb:2458 smb:5524 d:s ref:0 ;
in:2036 out:2037 type:b dur:2 cpbdur:2 q:36.32 aq:35.64 tex:257 mv:1465 misc:726 imb:51 pmb:192 smb:7917 d:t ref:0 ;
in:2043 out:2038 type:P dur:2 cpbdur:2 q:35.27 aq:27.83 tex:296723 mv:9699 misc:5586 imb:286 pmb:3190 smb:4684 d:s ref:0 ;
in:2040 out:2039 type:B dur:2 cpbdur:2 q:35.98 aq:34.88 tex:4000 mv:2635 misc:1677 imb:17 pmb:477 smb:7666 d:s ref:0 ;
in:2038 out:2040 type:b dur:2 cpbdur:2 q:36.10 aq:37.42 tex:688 mv:1282 misc:806 imb:7 pmb:197 smb:7956 d:s ref:0 ;
in:2039 out:2041 type:b dur:2 cpbdur:2 q:36.10 aq:37.90 tex:1152 mv:1076 misc:788 imb:4 pmb:191 smb:7965 d:s ref:0 ;
in:2041 out:2042 type:b dur:2 cpbdur:2 q:36.10 aq:35.77 tex:263 mv:1125 misc:916 imb:2 pmb:227 smb:7931 d:- ref:0 ;
in:2042 out:2043 type:b dur:2 cpbdur:2 q:36.10 aq:37.41 tex:1127 mv:1311 misc:1050 imb:4 pmb:292 smb:7864 d:- ref:0 ;
in:2045 out:2044 type:P dur:2 cpbdur:2 q:35.30 aq:27.93 tex:148635 mv:5432 misc:5349 imb:190 pmb:2095 smb:5875 d:s ref:0 ;
in:2044 out:2045 type:b dur:2 cpbdur:2 q:35.75 aq:36.17 tex:177 mv:1188 misc:771 imb:2 pmb:234 smb:7924 d:t ref:0 ;
in:2047 out:2046 type:P dur:2 cpbdur:2 q:34.92 aq:27.53 tex:185415 mv:6226 misc:5079 imb:239 pmb:2177 smb:5744 d:s ref:0 ;
in:2046 out:2047 type:b dur:2 cpbdur:2 q:35.58 aq:34.86 tex:407 mv:1088 misc:841 imb:2 pmb:247 smb:7911 d:t ref:0 ;
in:2049 out:2048 type:P dur:2 cpbdur:2 q:34.82 aq:27.05 tex:151380 mv:4138 misc:5642 imb:79 pmb:2240 smb:5841 d:s ref:0 ;
in:2048 out:2049 type:b dur:2 cpbdur:2 q:35.41 aq:32.21 tex:125 mv:921 misc:610 imb:1 pmb:155 smb:8004 d:t ref:0 ;
in:2051 out:2050 type:P dur:2 cpbdur:2 q:34.60 aq:26.92 tex:182074 mv:6012 misc:5882 imb:154 pmb:2448 smb:5558 d:s ref:0 ;
in:2050 out:2051 type:b dur:2 cpbdur:2 q:35.22 aq:34.91 tex:350 mv:1162 misc:816 imb:10 pmb:194 smb:7956 d:t ref:0 ;
in:2053 out:2052 type:P dur:2 cpbdur:2 q:34.62 aq:27.54 tex:133919 mv:4578 misc:4831 imb:108 pmb:1920 smb:6132 d:s ref:0 ;
in:2052 out:2053 type:b dur:2 cpbdur:2 q:34.98 aq:35.25 tex:267 mv:1048 misc:701 imb:2 pmb:178 smb:7980 d:t ref:0 ;
in:2056 out:2054 type:P dur:2 cpbdur:2 q:34.43 aq:27.25 tex:178090 mv:5565 misc:5217 imb:206 pmb:2276 smb:5678 d:t ref:0 ;
in:2054 out:2055 type:B dur:2 cpbdur:2 q:34.90 aq:34.94 tex:8954 mv:2508 misc:1114 imb:41 pmb:322 smb:7797 d:t ref:0 ;
in:2055 out:2056 type:b dur:2 cpbdur:2 q:35.02 aq:36.16 tex:1153 mv:1337 misc:910 imb:5 pmb:252 smb:7903 d:- ref:0 ;
in:2058 out:2057 type:P dur:2 cpbdur:2 q:34.20 aq:26.47 tex:172717 mv:4679 misc:5676 imb:127 pmb:2249 smb:5784 d:s ref:0 ;
in:2057 out:2058 type:b dur:2 cpbdur:2 q:34.85 aq:35.19 tex:366 mv:1170 misc:760 imb:1 pmb:190 smb:7969 d:t ref:0 ;
in:2060 out:2059 type:P dur:2 cpbdur:2 q:34.14 aq:27.24 tex:160715 mv:4640 misc:5405 imb:157 pmb:2090 smb:5913 d:s ref:0 ;
in:2059 out:2060 type:b dur:2 cpbdur:2 q:34.60 aq:35.06 tex:696 mv:1213 misc:819 imb:3 pmb:207 smb:7950 d:t ref:0 ;
in:2062 out:2061 type:P dur:2 cpbdur:2 q:34.07 aq:26.90 tex:174317 mv:5993 misc:5314 imb:192 pmb:2130 smb:5838 d:s ref:0 ;
in:2061 out:2062 type:b dur:2 cpbdur:2 q:34.29 aq:36.51 tex:616 mv:1266 misc:950 imb:1 pmb:261 smb:7898 d:t ref:0 ;
in:2064 out:2063 type:P dur:2 cpbdur:2 q:33.97 aq:27.13 tex:134197 mv:4334 misc:5133 imb:83 pmb:1888 smb:6189 d:s ref:0 ;
in:2063 out:2064 type:b dur:2 cpbdur:2 q:34.27 aq:34.27 tex:635 mv:1196 misc:825 imb:16 pmb:193 smb:7951 d:t ref:0 ;
in:2066 out:2065 type:P dur:2 cpbdur:2 q:33.85 aq:26.89 tex:161941 mv:5470 misc:5205 imb:179 pmb:2009 smb:5972 d:s ref:0 ;
in:2065 out:2066 type:b dur:2 cpbdur:2 q:34.21 aq:35.47 tex:622 mv:1190 misc:900 imb:2 pmb:235 smb:7923 d:t ref:0 ;
in:2072 out:2067 type:P dur:2 cpbdur:2 q:33.89 aq:28.15 tex:200918 mv:8513 misc:4513 imb:332 pmb:2013 smb:5815 d:s ref:0 ;
in:2069 out:2068 type:B dur:2 cpbdur:2 q:34.36 aq:32.92 tex:21130 mv:4811 misc:2075 imb:69 pmb:684 smb:7407 d:s ref:0 ;
in:2067 out:2069 type:b dur:2 cpbdur:2 q:34.70 aq:37.20 tex:2196 mv:1602 misc:1098 imb:11 pmb:305 smb:7844 d:s ref:0 ;
in:2068 out:2070 type:b dur:2 cpbdur:2 q:34.70 aq:35.93 tex:944 mv:1401 misc:1015 imb:16 pmb:265 smb:7879 d:s ref:0 ;
in:2070 out:2071 type:b dur:2 cpbdur:2 q:34.70 aq:36.19 tex:1757 mv:2016 misc:1027 imb:7 pmb:315 smb:7838 d:- ref:0 ;
in:2071 out:2072 type:b dur:2 cpbdur:2 q:34.70 aq:36.08 tex:1634 mv:2003 misc:931 imb:7 pmb:309 smb:7844 d:- ref:0 ;
in:2076 out:2073 type:P dur:2 cpbdur:2 q:33.98 aq:25.75 tex:388211 mv:11734 misc:6719 imb:405 pmb:4685 smb:3070 d:s ref:0 ;
in:2074 out:2074 type:B dur:2 cpbdur:2 q:34.29 aq:33.59 tex:4001 mv:2997 misc:1546 imb:63 pmb:423 smb:7674 d:s ref:0 ;
in:2073 out:2075 type:b dur:2 cpbdur:2 q:34.65 aq:35.24 tex:373 mv:1163 misc:1056 imb:0 pmb:268 smb:7892 d:s ref:0 ;
in:2075 out:2076 type:b dur:2 cpbdur:2 q:34.65 aq:35.73 tex:682 mv:1362 misc:1012 imb:4 pmb:238 smb:7918 d:- ref:0 ;
in:2078 out:2077 type:P dur:2 cpbdur:2 q:34.20 aq:26.59 tex:178825 mv:5816 misc:5871 imb:155 pmb:2466 smb:5539 d:t ref:0 ;
in:2077 out:2078 type:b dur:2 cpbdur:2 q:34.59 aq:35.81 tex:323 mv:498 misc:939 imb:1 pmb:197 smb:7962 d:t ref:0 ;
in:2080 out:2079 type:P dur:2 cpbdur:2 q:34.16 aq:27.14 tex:143729 mv:5442 misc:5013 imb:170 pmb:1883 smb:6107 d:t ref:0 ;
in:2079 out:2080 type:b dur:2 cpbdur:2 q:34.60 aq:35.28 tex:808 mv:588 misc:996 imb:1 pmb:217 smb:7942 d:t ref:0 ;
in:2086 out:2081 type:P dur:2 cpbdur:2 q:34.34 aq:28.45 tex:147950 mv:8285 misc:4621 imb:236 pmb:2034 smb:5890 d:t ref:0 ;
in:2083 out:2082 type:B dur:2 cpbdur:2 q:34.58 aq:33.10 tex:9228 mv:2992 misc:2268 imb:47 pmb:649 smb:7464 d:s ref:0 ;
in:2081 out:2083 type:b dur:2 cpbdur:2 q:34.60 aq:35.85 tex:839 mv:910 misc:1259 imb:11 pmb:196 smb:7953 d:s ref:0 ;
in:2082 out:2084 type:b dur:2 cpbdur:2 q:34.60 aq:36.97 tex:785 mv:938 misc:1205 imb:28 pmb:179 smb:7953 d:t ref:0 ;
in:2084 out:2085 type:b dur:2 cpbdur:2 q:34.60 aq:34.79 tex:944 mv:1177 misc:951 imb:12 pmb:248 smb:7900 d:- ref:0 ;
in:2085 out:2086 type:b dur:2 cpbdur:2 q:34.60 aq:35.22 tex:1081 mv:1645 misc:1034 imb:37 pmb:249 smb:7874 d:- ref:0 ;
in:2088 out:2087 type:P dur:2 cpbdur:2 q:34.55 aq:28.05 tex:141976 mv:6581 misc:4731 imb:271 pmb:1883 smb:6006 d:t ref:0 ;
in:2087 out:2088 type:b dur:2 cpbdur:2 q:34.74 aq:37.73 tex:1673 mv:798 misc:1209 imb:7 pmb:299 smb:7854 d:t ref:0 ;
in:2090 out:2089 type:P dur:2 cpbdur:2 q:34.53 aq:28.21 tex:154596 mv:7011 misc:4697 imb:476 pmb:1625 smb:6059 d:t ref:0 ;
in:2089 out:2090 type:b dur:2 cpbdur:2 q:34.75 aq:37.15 tex:18368 mv:3539 misc:1333 imb:139 pmb:456 smb:7565 d:s ref:0 ;
in:2093 out:2091 type:P dur:2 cpbdur:2 q:34.92 aq:28.61 tex:236127 mv:13808 misc:3921 imb:910 pmb:1857 smb:5393 d:t ref:0 ;
in:2091 out:2092 type:B dur:2 cpbdur:2 q:35.09 aq:35.75 tex:4480 mv:2900 misc:1764 imb:23 pmb:692 smb:7445 d:s ref:0 ;
in:2092 out:2093 type:b dur:2 cpbdur:2 q:35.47 aq:35.33 tex:55649 mv:13164 misc:1659 imb:826 pmb:726 smb:6608 d:- ref:0 ;
in:2099 out:2094 type:P dur:2 cpbdur:2 q:34.72 aq:28.66 tex:181121 mv:12636 misc:4323 imb:618 pmb:2188 smb:5354 d:s ref:0 ;
in:2096 out:2095 type:B dur:2 cpbdur:2 q:35.51 aq:34.60 tex:40035 mv:12027 misc:2618 imb:507 pmb:1059 smb:6594 d:s ref:0 ;
in:2094 out:2096 type:b dur:2 cpbdur:2 q:35.51 aq:36.10 tex:12482 mv:7577 misc:2109 imb:291 pmb:753 smb:7116 d:s ref:0 ;
in:2095 out:2097 type:b dur:2 cpbdur:2 q:35.51 aq:36.57 tex:46150 mv:12397 misc:1845 imb:544 pmb:995 smb:6621 d:s ref:0 ;
in:2097 out:2098 type:b dur:2 cpbdur:2 q:35.51 aq:37.77 tex:1969 mv:2851 misc:1812 imb:39 pmb:557 smb:7564 d:- ref:0 ;
in:2098 out:2099 type:b dur:2 cpbdur:2 q:35.51 aq:38.19 tex:1271 mv:1731 misc:1270 imb:6 pmb:330 smb:7824 d:- ref:0 ;
in:2101 out:2100 type:P dur:2 cpbdur:2 q:34.86 aq:28.40 tex:136530 mv:7066 misc:4068 imb:407 pmb:1467 smb:6286 d:s ref:0 ;
in:2100 out:2101 type:b dur:2 cpbdur:2 q:35.15 aq:37.07 tex:741 mv:1567 misc:1116 imb:25 pmb:314 smb:7821 d:s ref:0 ;
in:2103 out:2102 type:P dur:2 cpbdur:2 q:34.71 aq:27.96 tex:141339 mv:6404 misc:4137 imb:466 pmb:1480 smb:6214 d:s ref:0 ;
in:2102 out:2103 type:b dur:2 cpbdur:2 q:35.01 aq:36.98 tex:1028 mv:1559 misc:989 imb:17 pmb:286 smb:7857 d:s ref:0 ;
in:2109 out:2104 type:P dur:2 cpbdur:2 q:34.65 aq:28.68 tex:216168 mv:14143 misc:3945 imb:1125 pmb:1778 smb:5257 d:s ref:0 ;
in:2106 out:2105 type:B dur:2 cpbdur:2 q:35.37 aq:33.65 tex:42909 mv:10285 misc:2462 imb:532 pmb:752 smb:6876 d:s ref:0 ;
in:2104 out:2106 type:b dur:2 cpbdur:2 q:35.46 aq:36.40 tex:1541 mv:1940 misc:1255 imb:20 pmb:382 smb:7758 d:s ref:0 ;
in:2105 out:2107 type:b dur:2 cpbdur:2 q:35.46 aq:36.73 tex:1761 mv:1856 misc:1295 imb:49 pmb:383 smb:7728 d:s ref:0 ;
in:2107 out:2108 type:b dur:2 cpbdur:2 q:35.46 aq:37.22 tex:811 mv:1500 misc:1073 imb:14 pmb:322 smb:7824 d:- ref:0 ;
in:2108 out:2109 type:b dur:2 cpbdur:2 q:35.46 aq:36.83 tex:519 mv:1519 misc:1154 imb:14 pmb:345 smb:7801 d:- ref:0 ;
in:2115 out:2110 type:P dur:2 cpbdur:2 q:34.72 aq:29.23 tex:330933 mv:16139 misc:3688 imb:1077 pmb:2357 smb:4726 d:s ref:0 ;
in:2112 out:2111 type:B dur:2 cpbdur:2 q:34.97 aq:33.71 tex:27925 mv:7257 misc:3178 imb:142 pmb:1329 smb:6689 d:s ref:0 ;
in:2110 out:2112 type:b dur:2 cpbdur:2 q:35.19 aq:35.82 tex:4084 mv:2031 misc:1669 imb:7 pmb:657 smb:7496 d:s ref:0 ;
in:2111 out:2113 type:b dur:2 cpbdur:2 q:35.19 aq:35.95 tex:4081 mv:2692 misc:1635 imb:15 pmb:662 smb:7483 d:s ref:0 ;
in:2113 out:2114 type:b dur:2 cpbdur:2 q:35.19 aq:35.24 tex:3255 mv:3200 misc:1329 imb:88 pmb:418 smb:7654 d:- ref:0 ;
in:2114 out:2115 type:b dur:2 cpbdur:2 q:35.19 aq:35.41 tex:3022 mv:3565 misc:1405 imb:61 pmb:429 smb:7670 d:- ref:0 ;
in:2117 out:2116 type:P dur:2 cpbdur:2 q:35.05 aq:28.95 tex:181087 mv:13518 misc:4051 imb:1231 pmb:1528 smb:5401 d:s ref:0 ;
in:2116 out:2117 type:b dur:2 cpbdur:2 q:35.15 aq:36.58 tex:2365 mv:2468 misc:1735 imb:32 pmb:504 smb:7624 d:s ref:0 ;
in:2123 out:2118 type:P dur:2 cpbdur:2 q:36.04 aq:30.46 tex:376513 mv:19321 misc:3382 imb:1356 pmb:1704 smb:5100 d:s ref:0 ;
in:2120 out:2119 type:B dur:2 cpbdur:2 q:36.06 aq:34.90 tex:60478 mv:12244 misc:2878 imb:307 pmb:1221 smb:6632 d:s ref:0 ;
in:2118 out:2120 type:b dur:2 cpbdur:2 q:36.06 aq:38.07 tex:2606 mv:2726 misc:1772 imb:40 pmb:499 smb:7621 d:s ref:0 ;
in:2119 out:2121 type:b dur:2 cpbdur:2 q:36.06 aq:37.58 tex:3182 mv:3364 misc:1574 imb:116 pmb:450 smb:7594 d:s ref:0 ;
in:2121 out:2122 type:b dur:2 cpbdur:2 q:36.06 aq:37.14 tex:854 mv:1601 misc:1641 imb:6 pmb:500 smb:7654 d:- ref:0 ;
in:2122 out:2123 type:b dur:2 cpbdur:2 q:36.06 aq:37.06 tex:881 mv:1756 misc:1715 imb:5 pmb:505 smb:7650 d:- ref:0 ;
in:2125 out:2124 type:P dur:2 cpbdur:2 q:36.13 aq:29.80 tex:175773 mv:9438 misc:3677 imb:327 pmb:1671 smb:6162 d:s ref:0 ;
in:2124 out:2125 type:b dur:2 cpbdur:2 q:36.17 aq:36.14 tex:465 mv:1400 misc:1471 imb:3 pmb:410 smb:7747 d:s ref:0 ;
in:2126 out:2126 type:P dur:2 cpbdur:2 q:34.88 aq:28.05 tex:149335 mv:5363 misc:4902 imb:130 pmb:2114 smb:5916 d:s ref:0 ;
in:2128 out:2127 type:P dur:2 cpbdur:2 q:34.79 aq:28.39 tex:112929 mv:5168 misc:4551 imb:157 pmb:1670 smb:6333 d:s ref:0 ;
in:2127 out:2128 type:b dur:2 cpbdur:2 q:35.10 aq:35.35 tex:251 mv:1081 misc:732 imb:1 pmb:188 smb:7971 d:t ref:0 ;
in:2131 out:2129 type:P dur:2 cpbdur:2 q:34.95 aq:28.83 tex:131575 mv:6782 misc:4691 imb:159 pmb:2010 smb:5991 d:s ref:0 ;
in:2129 out:2130 type:B dur:2 cpbdur:2 q:35.28 aq:35.58 tex:840 mv:1357 misc:955 imb:3 pmb:226 smb:7931 d:t ref:0 ;
in:2130 out:2131 type:b dur:2 cpbdur:2 q:35.50 aq:36.69 tex:256 mv:1079 misc:753 imb:0 pmb:194 smb:7966 d:- ref:0 ;
in:2133 out:2132 type:P dur:2 cpbdur:2 q:34.75 aq:28.08 tex:124454 mv:5872 misc:4746 imb:179 pmb:1928 smb:6053 d:s ref:0 ;
in:2132 out:2133 type:b dur:2 cpbdur:2 q:35.25 aq:33.25 tex:377 mv:1151 misc:680 imb:2 pmb:168 smb:7990 d:t ref:0 ;
in:2135 out:2134 type:P dur:2 cpbdur:2 q:34.97 aq:29.30 tex:150510 mv:7203 misc:4191 imb:178 pmb:1874 smb:6108 d:s ref:0 ;
in:2134 out:2135 type:b dur:2 cpbdur:2 q:35.35 aq:33.86 tex:699 mv:1613 misc:1064 imb:0 pmb:340 smb:7820 d:t ref:0 ;
in:2136 out:2136 type:P dur:2 cpbdur:2 q:34.64 aq:28.24 tex:129013 mv:4619 misc:4472 imb:92 pmb:1835 smb:6233 d:s ref:0 ;
in:2137 out:2137 type:P dur:2 cpbdur:2 q:34.18 aq:27.27 tex:108399 mv:3500 misc:5285 imb:58 pmb:1913 smb:6189 d:s ref:0 ;
in:2142 out:2138 type:P dur:2 cpbdur:2 q:34.67 aq:28.96 tex:183559 mv:10342 misc:4403 imb:265 pmb:2364 smb:5531 d:s ref:0 ;
in:2139 out:2139 type:B dur:2 cpbdur:2 q:34.91 aq:34.31 tex:8189 mv:2610 misc:1937 imb:22 pmb:498 smb:7640 d:s ref:0 ;
in:2138 out:2140 type:b dur:2 cpbdur:2 q:35.09 aq:36.17 tex:392 mv:1234 misc:894 imb:5 pmb:228 smb:7927 d:s ref:0 ;
in:2140 out:2141 type:b dur:2 cpbdur:2 q:35.09 aq:35.85 tex:1594 mv:1332 misc:946 imb:8 pmb:233 smb:7919 d:- ref:0 ;
in:2141 out:2142 type:b dur:2 cpbdur:2 q:35.09 aq:35.43 tex:534 mv:1205 misc:877 imb:5 pmb:221 smb:7934 d:- ref:0 ;
in:2145 out:2143 type:P dur:2 cpbdur:2 q:34.60 aq:28.39 tex:144531 mv:6874 misc:4747 imb:177 pmb:2072 smb:5911 d:s ref:0 ;
in:2143 out:2144 type:B dur:2 cpbdur:2 q:35.06 aq:35.33 tex:2382 mv:1668 misc:1158 imb:19 pmb:270 smb:7871 d:t ref:0 ;
in:2144 out:2145 type:b dur:2 cpbdur:2 q:35.30 aq:36.89 tex:677 mv:1365 misc:918 imb:3 pmb:230 smb:7927 d:- ref:0 ;
in:2147 out:2146 type:P dur:2 cpbdur:2 q:34.55 aq:28.68 tex:121000 mv:5960 misc:4616 imb:142 pmb:1992 smb:6026 d:s ref:0 ;
in:2146 out:2147 type:b dur:2 cpbdur:2 q:34.88 aq:37.11 tex:734 mv:1069 misc:773 imb:1 pmb:185 smb:7974 d:t ref:0 ;
in:2149 out:2148 type:P dur:2 cpbdur:2 q:34.69 aq:29.03 tex:153548 mv:8222 misc:4214 imb:331 pmb:1788 smb:6041 d:s ref:0 ;
in:2148 out:2149 type:b dur:2 cpbdur:2 q:34.89 aq:36.28 tex:3510 mv:1669 misc:1085 imb:25 pmb:353 smb:7782 d:s ref:0 ;
in:2150 out:2150 type:P dur:2 cpbdur:2 q:34.39 aq:28.10 tex:117576 mv:4497 misc:5143 imb:137 pmb:1928 smb:6095 d:s ref:0 ;
in:2154 out:2151 type:P dur:2 cpbdur:2 q:34.43 aq:28.87 tex:220570 mv:10616 misc:4454 imb:381 pmb:2391 smb:5388 d:s ref:0 ;
in:2152 out:2152 type:B dur:2 cpbdur:2 q:34.83 aq:35.76 tex:13821 mv:3853 misc:1830 imb:77 pmb:574 smb:7509 d:s ref:0 ;
in:2151 out:2153 type:b dur:2 cpbdur:2 q:35.22 aq:36.69 tex:1250 mv:1352 misc:1022 imb:10 pmb:291 smb:7859 d:s ref:0 ;
in:2153 out:2154 type:b dur:2 cpbdur:2 q:35.22 aq:36.54 tex:10277 mv:2465 misc:906 imb:60 pmb:275 smb:7825 d:- ref:0 ;
in:2156 out:2155 type:P dur:2 cpbdur:2 q:34.53 aq:28.32 tex:146780 mv:6078 misc:4494 imb:170 pmb:1965 smb:6025 d:s ref:0 ;
in:2155 out:2156 type:b dur:2 cpbdur:2 q:34.82 aq:34.96 tex:5031 mv:2017 misc:856 imb:45 pmb:264 smb:7851 d:t ref:0 ;
in:2158 out:2157 type:P dur:2 cpbdur:2 q:34.61 aq:28.98 tex:147514 mv:6925 misc:4273 imb:227 pmb:1949 smb:5984 d:s ref:0 ;
in:2157 out:2158 type:b dur:2 cpbdur:2 q:35.04 aq:35.28 tex:332 mv:1199 misc:877 imb:6 pmb:240 smb:7914 d:s ref:0 ;
in:2159 out:2159 type:P dur:2 cpbdur:2 q:34.53 aq:27.92 tex:113267 mv:3807 misc:4502 imb:97 pmb:1652 smb:6411 d:s ref:0 ;
in:2161 out:2160 type:P dur:2 cpbdur:2 q:34.96 aq:29.60 tex:172570 mv:6821 misc:4289 imb:149 pmb:2096 smb:5915 d:s ref:0 ;
in:2160 out:2161 type:b dur:2 cpbdur:2 q:35.00 aq:34.55 tex:283 mv:1201 misc:964 imb:2 pmb:276 smb:7882 d:t ref:0 ;
in:2162 out:2162 type:P dur:2 cpbdur:2 q:34.64 aq:28.32 tex:102766 mv:4174 misc:4548 imb:67 pmb:1698 smb:6395 d:s ref:0 ;
in:2164 out:2163 type:P dur:2 cpbdur:2 q:34.81 aq:28.96 tex:127507 mv:6098 misc:4259 imb:164 pmb:1798 smb:6198 d:s ref:0 ;
in:2163 out:2164 type:b dur:2 cpbdur:2 q:35.04 aq:35.84 tex:719 mv:1258 misc:1039 imb:3 pmb:271 smb:7886 d:s ref:0 ;
in:2166 out:2165 type:P dur:2 cpbdur:2 q:34.88 aq:28.65 tex:118122 mv:5656 misc:4598 imb:161 pmb:1892 smb:6107 d:s ref:0 ;
in:2165 out:2166 type:b dur:2 cpbdur:2 q:35.28 aq:36.33 tex:709 mv:1122 misc:785 imb:1 pmb:206 smb:7953 d:t ref:0 ;
in:2167 out:2167 type:P dur:2 cpbdur:2 q:34.74 aq:28.32 tex:86309 mv:2744 misc:4059 imb:45 pmb:1382 smb:6733 d:s ref:0 ;
in:2169 out:2168 type:P dur:2 cpbdur:2 q:34.80 aq:28.30 tex:167972 mv:7791 misc:4821 imb:178 pmb:2141 smb:5841 d:s ref:0 ;
in:2168 out:2169 type:b dur:2 cpbdur:2 q:35.04 aq:36.29 tex:792 mv:1566 misc:1394 imb:5 pmb:406 smb:7749 d:t ref:0 ;
in:2171 out:2170 type:P dur:2 cpbdur:2 q:35.09 aq:28.78 tex:128195 mv:6598 misc:4423 imb:147 pmb:1843 smb:6170 d:s ref:0 ;
in:2170 out:2171 type:b dur:2 cpbdur:2 q:35.51 aq:35.83 tex:345 mv:1206 misc:873 imb:3 pmb:240 smb:7917 d:t ref:0 ;
in:2173 out:2172 type:P dur:2 cpbdur:2 q:35.04 aq:28.84 tex:118525 mv:5470 misc:4557 imb:122 pmb:1800 smb:6238 d:s ref:0 ;
in:2172 out:2173 type:b dur:2 cpbdur:2 q:35.48 aq:35.61 tex:373 mv:1128 misc:819 imb:3 pmb:215 smb:7942 d:t ref:0 ;
in:2175 out:2174 type:P dur:2 cpbdur:2 q:34.95 aq:28.77 tex:141297 mv:6621 misc:4578 imb:185 pmb:2121 smb:5854 d:s ref:0 ;
in:2174 out:2175 type:b dur:2 cpbdur:2 q:35.36 aq:35.73 tex:319 mv:1063 misc:754 imb:3 pmb:200 smb:7957 d:t ref:0 ;
in:2177 out:2176 type:P dur:2 cpbdur:2 q:34.63 aq:28.18 tex:126208 mv:5657 misc:4639 imb:135 pmb:2092 smb:5933 d:s ref:0 ;
in:2176 out:2177 type:b dur:2 cpbdur:2 q:35.32 aq:35.89 tex:328 mv:1067 misc:621 imb:2 pmb:147 smb:8011 d:t ref:0 ;
in:2180 out:2178 type:P dur:2 cpbdur:2 q:34.87 aq:28.82 tex:152540 mv:8241 misc:4603 imb:215 pmb:2269 smb:5676 d:s ref:0 ;
in:2178 out:2179 type:B dur:2 cpbdur:2 q:35.10 aq:35.49 tex:1456 mv:1271 misc:1105 imb:4 pmb:262 smb:7894 d:t ref:0 ;
in:2179 out:2180 type:b dur:2 cpbdur:2 q:35.27 aq:34.98 tex:321 mv:1262 misc:953 imb:3 pmb:252 smb:7905 d:- ref:0 ;
in:2181 out:2181 type:P dur:2 cpbdur:2 q:34.63 aq:27.75 tex:104143 mv:3985 misc:4880 imb:122 pmb:1757 smb:6281 d:s ref:0 ;
in:2183 out:2182 type:P dur:2 cpbdur:2 q:35.04 aq:28.76 tex:146924 mv:6637 misc:4471 imb:158 pmb:2090 smb:5912 d:s ref:0 ;
in:2182 out:2183 type:b dur:2 cpbdur:2 q:35.20 aq:33.88 tex:209 mv:1016 misc:767 imb:0 pmb:193 smb:7967 d:t ref:0 ;
in:2189 out:2184 type:P dur:2 cpbdur:2 q:35.01 aq:28.93 tex:192322 mv:10254 misc:4480 imb:270 pmb:2566 smb:5324 d:s ref:0 ;
in:2186 out:2185 type:B dur:2 cpbdur:2 q:35.34 aq:34.03 tex:10150 mv:2636 misc:1934 imb:39 pmb:491 smb:7630 d:s ref:0 ;
in:2184 out:2186 type:b dur:2 cpbdur:2 q:35.60 aq:37.02 tex:631 mv:1326 misc:843 imb:3 pmb:211 smb:7946 d:s ref:0 ;
in:2185 out:2187 type:b dur:2 cpbdur:2 q:35.60 aq:36.63 tex:256 mv:1097 misc:775 imb:4 pmb:188 smb:7968 d:s ref:0 ;
in:2187 out:2188 type:b dur:2 cpbdur:2 q:35.60 aq:36.26 tex:254 mv:1011 misc:639 imb:1 pmb:158 smb:8001 d:- ref:0 ;
in:2188 out:2189 type:b dur:2 cpbdur:2 q:35.60 aq:38.78 tex:279 mv:1164 misc:789 imb:5 pmb:182 smb:7973 d:- ref:0 ;
in:2191 out:2190 type:P dur:2 cpbdur:2 q:34.97 aq:28.74 tex:122009 mv:6056 misc:4935 imb:164 pmb:2104 smb:5892 d:s ref:0 ;
in:2190 out:2191 type:b dur:2 cpbdur:2 q:35.30 aq:35.20 tex:1001 mv:1140 misc:683 imb:7 pmb:157 smb:7996 d:t ref:0 ;
in:2193 out:2192 type:P dur:2 cpbdur:2 q:34.79 aq:28.66 tex:124136 mv:5537 misc:4751 imb:89 pmb:2102 smb:5969 d:s ref:0 ;
in:2192 out:2193 type:b dur:2 cpbdur:2 q:35.26 aq:35.47 tex:288 mv:1003 misc:637 imb:2 pmb:155 smb:8003 d:t ref:0 ;
in:2195 out:2194 type:P dur:2 cpbdur:2 q:35.10 aq:28.97 tex:134219 mv:6910 misc:4735 imb:179 pmb:1964 smb:6017 d:s ref:0 ;
in:2194 out:2195 type:b dur:2 cpbdur:2 q:35.23 aq:35.82 tex:1206 mv:1240 misc:834 imb:7 pmb:217 smb:7936 d:t ref:0 ;
in:2197 out:2196 type:P dur:2 cpbdur:2 q:35.06 aq:28.76 tex:125310 mv:5787 misc:4807 imb:103 pmb:1930 smb:6127 d:s ref:0 ;
in:2196 out:2197 type:b dur:2 cpbdur:2 q:35.24 aq:35.71 tex:596 mv:1229 misc:823 imb:4 pmb:221 smb:7935 d:t ref:0 ;
in:2203 out:2198 type:P dur:2 cpbdur:2 q:35.03 aq:29.07 tex:210982 mv:11693 misc:4469 imb:334 pmb:2557 smb:5269 d:t ref:0 ;
in:2200 out:2199 type:B dur:2 cpbdur:2 q:35.54 aq:34.28 tex:17263 mv:4464 misc:2209 imb:35 pmb:742 smb:7383 d:s ref:0 ;
in:2198 out:2200 type:b dur:2 cpbdur:2 q:35.67 aq:35.83 tex:603 mv:1642 misc:1075 imb:6 pmb:307 smb:7847 d:s ref:0 ;
in:2199 out:2201 type:b dur:2 cpbdur:2 q:35.67 aq:36.42 tex:825 mv:1601 misc:1038 imb:10 pmb:300 smb:7850 d:s ref:0 ;
in:2201 out:2202 type:b dur:2 cpbdur:2 q:35.67 aq:36.87 tex:393 mv:1558 misc:1041 imb:6 pmb:299 smb:7855 d:- ref:0 ;
in:2202 out:2203 type:b dur:2 cpbdur:2 q:35.67 aq:38.24 tex:437 mv:1412 misc:1087 imb:4 pmb:305 smb:7851 d:- ref:0 ;
in:2204 out:2204 type:P dur:2 cpbdur:2 q:34.94 aq:28.05 tex:115954 mv:3577 misc:4821 imb:64 pmb:1757 smb:6339 d:s ref:0 ;
in:2206 out:2205 type:P dur:2 cpbdur:2 q:34.81 aq:28.66 tex:106203 mv:5449 misc:4916 imb:136 pmb:1856 smb:6168 d:s ref:0 ;
in:2205 out:2206 type:b dur:2 cpbdur:2 q:35.16 aq:32.76 tex:334 mv:1032 misc:666 imb:3 pmb:165 smb:7992 d:t ref:0 ;
in:2208 out:2207 type:P dur:2 cpbdur:2 q:34.70 aq:28.46 tex:128497 mv:6258 misc:4837 imb:154 pmb:2113 smb:5893 d:s ref:0 ;
in:2207 out:2208 type:b dur:2 cpbdur:2 q:35.13 aq:34.22 tex:217 mv:1019 misc:716 imb:2 pmb:180 smb:7978 d:t ref:0 ;
in:2210 out:2209 type:P dur:2 cpbdur:2 q:34.64 aq:28.73 tex:132991 mv:6025 misc:4824 imb:177 pmb:2078 smb:5905 d:s ref:0 ;
in:2209 out:2210 type:b dur:2 cpbdur:2 q:35.11 aq:34.73 tex:258 mv:1244 misc:738 imb:4 pmb:184 smb:7972 d:t ref:0 ;
in:2212 out:2211 type:P dur:2 cpbdur:2 q:34.56 aq:28.44 tex:131339 mv:6354 misc:5139 imb:213 pmb:2017 smb:5930 d:s ref:0 ;
in:2211 out:2212 type:b dur:2 cpbdur:2 q:34.88 aq:32.83 tex:332 mv:1112 misc:732 imb:2 pmb:181 smb:7977 d:t ref:0 ;
in:2214 out:2213 type:P dur:2 cpbdur:2 q:34.51 aq:28.65 tex:123431 mv:5998 misc:4979 imb:157 pmb:2123 smb:5880 d:s ref:0 ;
in:2213 out:2214 type:b dur:2 cpbdur:2 q:34.87 aq:35.45 tex:891 mv:1115 misc:818 imb:5 pmb:194 smb:7961 d:t ref:0 ;
in:2217 out:2215 type:P dur:2 cpbdur:2 q:34.60 aq:28.97 tex:145924 mv:7721 misc:4971 imb:234 pmb:2321 smb:5605 d:s ref:0 ;
in:2215 out:2216 type:B dur:2 cpbdur:2 q:34.85 aq:35.00 tex:1337 mv:1462 misc:1241 imb:7 pmb:280 smb:7873 d:t ref:0 ;
in:2216 out:2217 type:b dur:2 cpbdur:2 q:35.03 aq:35.97 tex:294 mv:1080 misc:698 imb:4 pmb:156 smb:8000 d:- ref:0 ;
in:2220 out:2218 type:P dur:2 cpbdur:2 q:34.74 aq:29.16 tex:164969 mv:8532 misc:5019 imb:294 pmb:2312 smb:5554 d:s ref:0 ;
in:2218 out:2219 type:B dur:2 cpbdur:2 q:35.01 aq:35.14 tex:1415 mv:1513 misc:1176 imb:7 pmb:286 smb:7867 d:s ref:0 ;
in:2219 out:2220 type:b dur:2 cpbdur:2 q:35.19 aq:35.75 tex:444 mv:1270 misc:974 imb:1 pmb:251 smb:7908 d:- ref:0 ;
in:2222 out:2221 type:P dur:2 cpbdur:2 q:34.68 aq:28.53 tex:130878 mv:6034 misc:4856 imb:130 pmb:1987 smb:6043 d:t ref:0 ;
in:2221 out:2222 type:b dur:2 cpbdur:2 q:35.10 aq:37.46 tex:472 mv:366 misc:850 imb:0 pmb:142 smb:8018 d:t ref:0 ;
in:2225 out:2223 type:P dur:2 cpbdur:2 q:34.68 aq:28.94 tex:159008 mv:7472 misc:4936 imb:172 pmb:2325 smb:5663 d:s ref:0 ;
in:2223 out:2224 type:B dur:2 cpbdur:2 q:35.15 aq:35.74 tex:1980 mv:1601 misc:1043 imb:4 pmb:274 smb:7882 d:t ref:0 ;
in:2224 out:2225 type:b dur:2 cpbdur:2 q:35.36 aq:34.08 tex:323 mv:1252 misc:793 imb:3 pmb:203 smb:7954 d:- ref:0 ;
in:2227 out:2226 type:P dur:2 cpbdur:2 q:34.39 aq:27.84 tex:127186 mv:5710 misc:5144 imb:162 pmb:2062 smb:5936 d:s ref:0 ;
in:2226 out:2227 type:b dur:2 cpbdur:2 q:35.00 aq:35.48 tex:395 mv:1076 misc:809 imb:1 pmb:193 smb:7966 d:t ref:0 ;
in:2228 out:2228 type:P dur:2 cpbdur:2 q:34.27 aq:27.84 tex:119664 mv:3943 misc:4889 imb:67 pmb:1773 smb:6320 d:s ref:0 ;
in:2230 out:2229 type:P dur:2 cpbdur:2 q:33.83 aq:26.71 tex:157916 mv:5496 misc:5132 imb:96 pmb:2121 smb:5943 d:s ref:0 ;
in:2229 out:2230 type:b dur:2 cpbdur:2 q:34.47 aq:36.58 tex:403 mv:1142 misc:807 imb:1 pmb:210 smb:7949 d:t ref:0 ;
in:2231 out:2231 type:I dur:2 cpbdur:2 q:32.39 aq:24.92 tex:3110618 mv:182632 misc:358 imb:8160 pmb:0 smb:0 d:s ref:;
in:2232 out:2232 type:P dur:2 cpbdur:2 q:34.42 aq:28.73 tex:90115 mv:3910 misc:2943 imb:98 pmb:940 smb:7122 d:s ref:0 ;
in:2235 out:2233 type:P dur:2 cpbdur:2 q:34.10 aq:28.95 tex:95311 mv:5371 misc:4478 imb:116 pmb:1772 smb:6272 d:s ref:0 ;
in:2233 out:2234 type:B dur:2 cpbdur:2 q:34.75 aq:34.83 tex:1530 mv:1416 misc:1078 imb:4 pmb:240 smb:7916 d:t ref:0 ;
in:2234 out:2235 type:b dur:2 cpbdur:2 q:35.07 aq:33.06 tex:115 mv:1131 misc:730 imb:4 pmb:172 smb:7984 d:- ref:0 ;
in:2237 out:2236 type:P dur:2 cpbdur:2 q:35.85 aq:30.00 tex:261327 mv:12551 misc:3034 imb:1217 pmb:1193 smb:5750 d:t ref:0 ;
in:2236 out:2237 type:b dur:2 cpbdur:2 q:36.03 aq:38.41 tex:1198 mv:1754 misc:1456 imb:8 pmb:1407 smb:6745 d:s ref:0 ;
in:2241 out:2238 type:P dur:2 cpbdur:2 q:34.85 aq:29.02 tex:125875 mv:7651 misc:4594 imb:265 pmb:2196 smb:5699 d:t ref:0 ;
in:2239 out:2239 type:B dur:2 cpbdur:2 q:36.10 aq:36.42 tex:2290 mv:1361 misc:1325 imb:44 pmb:206 smb:7910 d:t ref:0 ;
in:2238 out:2240 type:b dur:2 cpbdur:2 q:36.26 aq:37.92 tex:199 mv:421 misc:876 imb:0 pmb:112 smb:8048 d:t ref:0 ;
in:2240 out:2241 type:b dur:2 cpbdur:2 q:36.26 aq:33.00 tex:50 mv:973 misc:561 imb:6 pmb:129 smb:8025 d:- ref:0 ;
in:2243 out:2242 type:P dur:2 cpbdur:2 q:34.85 aq:28.99 tex:97788 mv:4892 misc:4448 imb:134 pmb:1768 smb:6258 d:t ref:0 ;
in:2242 out:2243 type:b dur:2 cpbdur:2 q:35.10 aq:37.63 tex:189 mv:218 misc:745 imb:0 pmb:77 smb:8083 d:t ref:0 ;
in:2249 out:2244 type:P dur:2 cpbdur:2 q:35.26 aq:29.98 tex:153856 mv:10270 misc:4346 imb:467 pmb:2150 smb:5543 d:t ref:0 ;
in:2246 out:2245 type:B dur:2 cpbdur:2 q:35.53 aq:33.72 tex:11675 mv:3715 misc:2282 imb:88 pmb:623 smb:7449 d:s ref:0 ;
in:2244 out:2246 type:b dur:2 cpbdur:2 q:35.80 aq:37.80 tex:1186 mv:1642 misc:1372 imb:24 pmb:391 smb:7745 d:s ref:0 ;
in:2245 out:2247 type:b dur:2 cpbdur:2 q:35.80 aq:36.03 tex:1064 mv:1209 misc:1343 imb:15 pmb:385 smb:7760 d:s ref:0 ;
in:2247 out:2248 type:b dur:2 cpbdur:2 q:35.80 aq:37.87 tex:178 mv:1088 misc:734 imb:5 pmb:165 smb:7990 d:- ref:0 ;
in:2248 out:2249 type:b dur:2 cpbdur:2 q:35.80 aq:37.66 tex:176 mv:1090 misc:742 imb:3 pmb:167 smb:7990 d:- ref:0 ;
in:2255 out:2250 type:P dur:2 cpbdur:2 q:35.35 aq:30.71 tex:166647 mv:11083 misc:4494 imb:515 pmb:1987 smb:5658 d:t ref:0 ;
in:2252 out:2251 type:B dur:2 cpbdur:2 q:35.85 aq:34.80 tex:11036 mv:3846 misc:2150 imb:42 pmb:752 smb:7366 d:s ref:0 ;
in:2250 out:2252 type:b dur:2 cpbdur:2 q:36.11 aq:37.52 tex:320 mv:1043 misc:1165 imb:13 pmb:322 smb:7825 d:s ref:0 ;
in:2251 out:2253 type:b dur:2 cpbdur:2 q:36.11 aq:37.06 tex:206 mv:870 misc:1156 imb:5 pmb:312 smb:7843 d:s ref:0 ;
in:2253 out:2254 type:b dur:2 cpbdur:2 q:36.11 aq:37.76 tex:730 mv:1446 misc:1056 imb:6 pmb:295 smb:7859 d:- ref:0 ;
in:2254 out:2255 type:b dur:2 cpbdur:2 q:36.11 aq:37.12 tex:460 mv:1473 misc:1011 imb:12 pmb:265 smb:7883 d:- ref:0 ;
in:2260 out:2256 type:P dur:2 cpbdur:2 q:34.93 aq:30.90 tex:139290 mv:10243 misc:4435 imb:311 pmb:2115 smb:5734 d:t ref:0 ;
in:2257 out:2257 type:B dur:2 cpbdur:2 q:35.69 aq:34.77 tex:4352 mv:3096 misc:2320 imb:34 pmb:689 smb:7437 d:s ref:0 ;
in:2256 out:2258 type:b dur:2 cpbdur:2 q:36.02 aq:37.97 tex:180 mv:1040 misc:1580 imb:2 pmb:422 smb:7736 d:s ref:0 ;
in:2258 out:2259 type:b dur:2 cpbdur:2 q:36.02 aq:38.49 tex:1338 mv:1650 misc:988 imb:9 pmb:288 smb:7863 d:- ref:0 ;
in:2259 out:2260 type:b dur:2 cpbdur:2 q:36.02 aq:35.68 tex:758 mv:1502 misc:1004 imb:9 pmb:280 smb:7871 d:- ref:0 ;
in:2261 out:2261 type:P dur:2 cpbdur:2 q:34.68 aq:30.56 tex:66795 mv:6082 misc:4083 imb:231 pmb:1320 smb:6609 d:s ref:0 ;
in:2263 out:2262 type:P dur:2 cpbdur:2 q:34.19 aq:30.40 tex:86648 mv:5626 misc:4102 imb:190 pmb:1552 smb:6418 d:s ref:0 ;
in:2262 out:2263 type:b dur:2 cpbdur:2 q:35.00 aq:33.62 tex:326 mv:1220 misc:878 imb:3 pmb:230 smb:7927 d:s ref:0 ;
in:2265 out:2264 type:P dur:2 cpbdur:2 q:34.61 aq:31.09 tex:90543 mv:8377 misc:3800 imb:556 pmb:1255 smb:6349 d:s ref:0 ;
in:2264 out:2265 type:b dur:2 cpbdur:2 q:34.74 aq:36.25 tex:830 mv:1353 misc:1177 imb:10 pmb:307 smb:7843 d:s ref:0 ;
in:2266 out:2266 type:P dur:2 cpbdur:2 q:33.45 aq:29.77 tex:61910 mv:3456 misc:4026 imb:112 pmb:1273 smb:6775 d:s ref:0 ;
in:2267 out:2267 type:P dur:2 cpbdur:2 q:33.83 aq:30.64 tex:102498 mv:7579 misc:3499 imb:490 pmb:1058 smb:6612 d:s ref:0 ;
in:2271 out:2268 type:P dur:2 cpbdur:2 q:33.82 aq:32.15 tex:144286 mv:12379 misc:4087 imb:857 pmb:1496 smb:5807 d:s ref:0 ;
in:2269 out:2269 type:B dur:2 cpbdur:2 q:33.83 aq:33.05 tex:9328 mv:3559 misc:2593 imb:97 pmb:697 smb:7366 d:s ref:0 ;
in:2268 out:2270 type:b dur:2 cpbdur:2 q:33.83 aq:34.99 tex:1054 mv:1803 misc:1455 imb:21 pmb:403 smb:7736 d:s ref:0 ;
in:2270 out:2271 type:b dur:2 cpbdur:2 q:33.83 aq:34.68 tex:760 mv:1282 misc:998 imb:9 pmb:241 smb:7910 d:- ref:0 ;
in:2273 out:2272 type:P dur:2 cpbdur:2 q:34.34 aq:33.36 tex:116120 mv:10982 misc:3762 imb:818 pmb:1171 smb:6171 d:s ref:0 ;
in:2272 out:2273 type:b dur:2 cpbdur:2 q:34.37 aq:36.37 tex:7184 mv:3119 misc:2017 imb:38 pmb:619 smb:7503 d:s ref:0 ;
in:2274 out:2274 type:P dur:2 cpbdur:2 q:34.00 aq:34.46 tex:69581 mv:6502 misc:2285 imb:546 pmb:572 smb:7042 d:s ref:0 ;
in:2275 out:2275 type:P dur:2 cpbdur:2 q:34.28 aq:34.35 tex:96289 mv:11879 misc:3448 imb:1005 pmb:891 smb:6264 d:s ref:0 ;
in:2276 out:2276 type:P dur:2 cpbdur:2 q:34.24 aq:33.88 tex:113256 mv:11222 misc:3226 imb:1136 pmb:644 smb:6380 d:s ref:0 ;
in:2277 out:2277 type:P dur:2 cpbdur:2 q:34.04 aq:32.36 tex:123264 mv:10185 misc:3343 imb:1156 pmb:637 smb:6367 d:s ref:0 ;
in:2278 out:2278 type:P dur:2 cpbdur:2 q:33.74 aq:30.90 tex:114712 mv:9278 misc:4058 imb:914 pmb:901 smb:6345 d:s ref:0 ;
in:2279 out:2279 type:P dur:2 cpbdur:2 q:33.40 aq:30.20 tex:102517 mv:7300 misc:2791 imb:765 pmb:570 smb:6825 d:s ref:0 ;
in:2281 out:2280 type:P dur:2 cpbdur:2 q:35.16 aq:35.14 tex:84369 mv:3509 misc:1074 imb:573 pmb:120 smb:7467 d:s ref:0 ;
in:2280 out:2281 type:b dur:2 cpbdur:2 q:35.59 aq:34.00 tex:17 mv:175 misc:592 imb:0 pmb:75 smb:8085 d:s ref:0 ;
in:2282 out:2282 type:P dur:2 cpbdur:2 q:36.05 aq:35.14 tex:87578 mv:4305 misc:893 imb:883 pmb:73 smb:7204 d:s ref:0 ;
in:2283 out:2283 type:P dur:2 cpbdur:2 q:38.54 aq:37.65 tex:154091 mv:7160 misc:1365 imb:1254 pmb:215 smb:6691 d:s ref:0 ;
in:2284 out:2284 type:P dur:2 cpbdur:2 q:38.69 aq:34.27 tex:265561 mv:10330 misc:1917 imb:1563 pmb:430 smb:6167 d:s ref:0 ;
in:2286 out:2285 type:P dur:2 cpbdur:2 q:38.64 aq:33.12 tex:488523 mv:17671 misc:2198 imb:2644 pmb:676 smb:4840 d:s ref:0 ;
in:2285 out:2286 type:b dur:2 cpbdur:2 q:38.72 aq:41.32 tex:4142 mv:1913 misc:1353 imb:69 pmb:328 smb:7763 d:s ref:0 ;
in:2288 out:2287 type:P dur:2 cpbdur:2 q:38.67 aq:33.00 tex:227147 mv:8720 misc:3021 imb:1285 pmb:708 smb:6167 d:s ref:0 ;
in:2287 out:2288 type:b dur:2 cpbdur:2 q:39.19 aq:42.18 tex:1719 mv:2004 misc:1237 imb:34 pmb:340 smb:7786 d:s ref:0 ;
in:2290 out:2289 type:P dur:2 cpbdur:2 q:38.72 aq:31.16 tex:103606 mv:5313 misc:2681 imb:442 pmb:683 smb:7035 d:s ref:0 ;
in:2289 out:2290 type:b dur:2 cpbdur:2 q:39.24 aq:40.31 tex:1286 mv:2109 misc:1133 imb:29 pmb:322 smb:7809 d:s ref:0 ;
in:2291 out:2291 type:P dur:2 cpbdur:2 q:40.74 aq:31.62 tex:44671 mv:1640 misc:1153 imb:43 pmb:443 smb:7674 d:s ref:0 ;
in:2296 out:2292 type:P dur:2 cpbdur:2 q:39.26 aq:31.48 tex:103444 mv:7792 misc:2764 imb:368 pmb:1297 smb:6495 d:s ref:0 ;
in:2293 out:2293 type:B dur:2 cpbdur:2 q:40.74 aq:40.03 tex:1176 mv:2168 misc:1232 imb:21 pmb:348 smb:7791 d:s ref:0 ;
in:2292 out:2294 type:b dur:2 cpbdur:2 q:40.74 aq:40.65 tex:179 mv:1294 misc:911 imb:3 pmb:207 smb:7950 d:s ref:0 ;
in:2294 out:2295 type:b dur:2 cpbdur:2 q:40.74 aq:40.75 tex:617 mv:1478 misc:1065 imb:16 pmb:282 smb:7862 d:- ref:0 ;
in:2295 out:2296 type:b dur:2 cpbdur:2 q:40.74 aq:40.27 tex:1290 mv:2453 misc:1209 imb:41 pmb:295 smb:7824 d:- ref:0 ;
in:2298 out:2297 type:P dur:2 cpbdur:2 q:37.69 aq:28.54 tex:172456 mv:8877 misc:4363 imb:437 pmb:1791 smb:5932 d:s ref:0 ;
in:2297 out:2298 type:b dur:2 cpbdur:2 q:39.62 aq:40.63 tex:1164 mv:2710 misc:1038 imb:23 pmb:291 smb:7846 d:s ref:0 ;
in:2300 out:2299 type:P dur:2 cpbdur:2 q:37.25 aq:28.30 tex:186204 mv:8787 misc:3217 imb:292 pmb:1922 smb:5946 d:s ref:0 ;
in:2299 out:2300 type:b dur:2 cpbdur:2 q:38.11 aq:38.16 tex:1173 mv:2409 misc:1170 imb:27 pmb:327 smb:7806 d:s ref:0 ;
in:2306 out:2301 type:P dur:2 cpbdur:2 q:36.92 aq:27.78 tex:155275 mv:5328 misc:3541 imb:117 pmb:2108 smb:5935 d:s ref:0 ;
in:2303 out:2302 type:B dur:2 cpbdur:2 q:37.74 aq:35.11 tex:5825 mv:5335 misc:1344 imb:81 pmb:480 smb:7599 d:t ref:0 ;
in:2301 out:2303 type:b dur:2 cpbdur:2 q:37.91 aq:37.11 tex:95 mv:1679 misc:1090 imb:5 pmb:302 smb:7853 d:s ref:0 ;
in:2302 out:2304 type:b dur:2 cpbdur:2 q:37.91 aq:36.53 tex:130 mv:1409 misc:1077 imb:3 pmb:297 smb:7860 d:s ref:0 ;
in:2304 out:2305 type:b dur:2 cpbdur:2 q:37.91 aq:37.88 tex:202 mv:1816 misc:1118 imb:6 pmb:314 smb:7840 d:- ref:0 ;
in:2305 out:2306 type:b dur:2 cpbdur:2 q:37.91 aq:38.71 tex:564 mv:2107 misc:1161 imb:11 pmb:329 smb:7820 d:- ref:0 ;
in:2308 out:2307 type:P dur:2 cpbdur:2 q:36.69 aq:26.97 tex:127500 mv:5357 misc:4631 imb:106 pmb:2134 smb:5920 d:s ref:0 ;
in:2307 out:2308 type:b dur:2 cpbdur:2 q:37.39 aq:33.00 tex:36 mv:1233 misc:755 imb:1 pmb:189 smb:7970 d:t ref:0 ;
in:2309 out:2309 type:P dur:2 cpbdur:2 q:36.01 aq:25.78 tex:152121 mv:3515 misc:5212 imb:59 pmb:2549 smb:5552 d:s ref:0 ;
in:2311 out:2310 type:P dur:2 cpbdur:2 q:35.91 aq:26.05 tex:113080 mv:2771 misc:4461 imb:38 pmb:1613 smb:6509 d:s ref:0 ;
in:2310 out:2311 type:b dur:2 cpbdur:2 q:36.58 aq:36.93 tex:146 mv:963 misc:619 imb:4 pmb:156 smb:8000 d:t ref:0 ;
in:2312 out:2312 type:P dur:2 cpbdur:2 q:35.62 aq:25.98 tex:155233 mv:4264 misc:4351 imb:118 pmb:2009 smb:6033 d:s ref:0 ;
in:2313 out:2313 type:P dur:2 cpbdur:2 q:35.37 aq:25.31 tex:148153 mv:2256 misc:5063 imb:28 pmb:2148 smb:5984 d:s ref:0 ;
in:2314 out:2314 type:P dur:2 cpbdur:2 q:35.52 aq:25.21 tex:71484 mv:2228 misc:3200 imb:12 pmb:1025 smb:7123 d:s ref:0 ;
in:2315 out:2315 type:P dur:2 cpbdur:2 q:35.04 aq:24.82 tex:129975 mv:2055 misc:5194 imb:16 pmb:1879 smb:6265 d:s ref:0 ;
in:2317 out:2316 type:P dur:2 cpbdur:2 q:34.90 aq:25.42 tex:126803 mv:4877 misc:4088 imb:131 pmb:1546 smb:6483 d:s ref:0 ;
in:2316 out:2317 type:b dur:2 cpbdur:2 q:35.43 aq:35.35 tex:115 mv:1062 misc:807 imb:2 pmb:213 smb:7945 d:s ref:0 ;
in:2318 out:2318 type:P dur:2 cpbdur:2 q:34.96 aq:25.08 tex:54486 mv:1635 misc:2943 imb:23 pmb:872 smb:7265 d:s ref:0 ;
in:2319 out:2319 type:P dur:2 cpbdur:2 q:34.63 aq:24.69 tex:132871 mv:1821 misc:4076 imb:15 pmb:1726 smb:6419 d:s ref:0 ;
in:2321 out:2320 type:P dur:2 cpbdur:2 q:34.63 aq:24.55 tex:86592 mv:2030 misc:3450 imb:26 pmb:1183 smb:6951 d:s ref:0 ;
in:2320 out:2321 type:b dur:2 cpbdur:2 q:35.04 aq:35.24 tex:106 mv:978 misc:676 imb:1 pmb:164 smb:7995 d:t ref:0 ;
in:2322 out:2322 type:P dur:2 cpbdur:2 q:34.55 aq:24.70 tex:181582 mv:3680 misc:3706 imb:106 pmb:2015 smb:6039 d:s ref:0 ;
in:2324 out:2323 type:P dur:2 cpbdur:2 q:34.42 aq:24.86 tex:79648 mv:4037 misc:2995 imb:118 pmb:1062 smb:6980 d:s ref:0 ;
in:2323 out:2324 type:b dur:2 cpbdur:2 q:34.97 aq:34.77 tex:360 mv:1086 misc:842 imb:2 pmb:227 smb:7931 d:s ref:0 ;
in:2326 out:2325 type:P dur:2 cpbdur:2 q:34.18 aq:23.99 tex:426516 mv:5839 misc:6653 imb:103 pmb:5508 smb:2549 d:s ref:0 ;
in:2325 out:2326 type:b dur:2 cpbdur:2 q:34.69 aq:35.02 tex:507 mv:1167 misc:958 imb:5 pmb:242 smb:7913 d:s ref:0 ;
in:2327 out:2327 type:P dur:2 cpbdur:2 q:34.71 aq:24.23 tex:66990 mv:1184 misc:4130 imb:8 pmb:1264 smb:6888 d:s ref:0 ;
in:2328 out:2328 type:P dur:2 cpbdur:2 q:34.58 aq:23.99 tex:69428 mv:2169 misc:3419 imb:31 pmb:1097 smb:7032 d:s ref:0 ;
in:2330 out:2329 type:P dur:2 cpbdur:2 q:34.63 aq:24.83 tex:45531 mv:1646 misc:3031 imb:23 pmb:809 smb:7328 d:s ref:0 ;
in:2329 out:2330 type:b dur:2 cpbdur:2 q:34.94 aq:35.06 tex:236 mv:1011 misc:673 imb:1 pmb:168 smb:7991 d:t ref:0 ;
in:2332 out:2331 type:P dur:2 cpbdur:2 q:34.43 aq:24.24 tex:54724 mv:1406 misc:2974 imb:9 pmb:959 smb:7192 d:s ref:0 ;
in:2331 out:2332 type:b dur:2 cpbdur:2 q:34.98 aq:35.32 tex:213 mv:973 misc:590 imb:3 pmb:140 smb:8017 d:t ref:0 ;
in:2336 out:2333 type:P dur:2 cpbdur:2 q:33.96 aq:23.76 tex:116966 mv:2455 misc:3603 imb:52 pmb:1423 smb:6685 d:s ref:0 ;
in:2334 out:2334 type:B dur:2 cpbdur:2 q:34.68 aq:33.14 tex:12770 mv:4806 misc:976 imb:136 pmb:374 smb:7650 d:t ref:0 ;
in:2333 out:2335 type:b dur:2 cpbdur:2 q:34.92 aq:36.00 tex:221 mv:962 misc:729 imb:2 pmb:192 smb:7966 d:s ref:0 ;
in:2335 out:2336 type:b dur:2 cpbdur:2 q:34.92 aq:35.19 tex:692 mv:1268 misc:848 imb:3 pmb:247 smb:7910 d:- ref:0 ;
in:2337 out:2337 type:P dur:2 cpbdur:2 q:34.13 aq:24.57 tex:106464 mv:3081 misc:3031 imb:146 pmb:887 smb:7127 d:s ref:0 ;
in:2342 out:2338 type:P dur:2 cpbdur:2 q:34.02 aq:24.44 tex:149800 mv:6605 misc:2747 imb:166 pmb:964 smb:7030 d:s ref:0 ;
in:2339 out:2339 type:B dur:2 cpbdur:2 q:34.25 aq:32.33 tex:9504 mv:3181 misc:1051 imb:9 pmb:366 smb:7785 d:s ref:0 ;
in:2338 out:2340 type:b dur:2 cpbdur:2 q:34.25 aq:35.19 tex:841 mv:1958 misc:809 imb:3 pmb:235 smb:7922 d:t ref:0 ;
in:2340 out:2341 type:b dur:2 cpbdur:2 q:34.25 aq:34.43 tex:2109 mv:1987 misc:976 imb:13 pmb:310 smb:7837 d:- ref:0 ;
in:2341 out:2342 type:b dur:2 cpbdur:2 q:34.25 aq:34.77 tex:5902 mv:2591 misc:987 imb:10 pmb:350 smb:7800 d:- ref:0 ;
in:2343 out:2343 type:P dur:2 cpbdur:2 q:33.94 aq:23.27 tex:80396 mv:1236 misc:3560 imb:10 pmb:1181 smb:6969 d:s ref:0 ;
in:2349 out:2344 type:P dur:2 cpbdur:2 q:33.92 aq:26.12 tex:98705 mv:4626 misc:2557 imb:55 pmb:837 smb:7268 d:s ref:0 ;
in:2346 out:2345 type:B dur:2 cpbdur:2 q:33.96 aq:31.42 tex:3775 mv:2024 misc:1113 imb:14 pmb:317 smb:7829 d:s ref:0 ;
in:2344 out:2346 type:b dur:2 cpbdur:2 q:33.96 aq:34.33 tex:326 mv:1244 misc:958 imb:3 pmb:277 smb:7880 d:s ref:0 ;
in:2345 out:2347 type:b dur:2 cpbdur:2 q:33.96 aq:33.83 tex:405 mv:1072 misc:923 imb:4 pmb:256 smb:7900 d:s ref:0 ;
in:2347 out:2348 type:b dur:2 cpbdur:2 q:33.96 aq:34.73 tex:577 mv:1124 misc:611 imb:8 pmb:153 smb:7999 d:- ref:0 ;
in:2348 out:2349 type:b dur:2 cpbdur:2 q:33.96 aq:34.01 tex:60 mv:1074 misc:642 imb:2 pmb:161 smb:7997 d:- ref:0 ;
in:2351 out:2350 type:P dur:2 cpbdur:2 q:33.93 aq:26.02 tex:54280 mv:1748 misc:2620 imb:24 pmb:799 smb:7337 d:s ref:0 ;
in:2350 out:2351 type:b dur:2 cpbdur:2 q:34.12 aq:34.04 tex:119 mv:990 misc:627 imb:3 pmb:150 smb:8007 d:t ref:0 ;
in:2352 out:2352 type:P dur:2 cpbdur:2 q:33.81 aq:23.89 tex:94531 mv:3019 misc:2946 imb:151 pmb:865 smb:7144 d:s ref:0 ;
in:2354 out:2353 type:P dur:2 cpbdur:2 q:33.72 aq:24.41 tex:79379 mv:1973 misc:2976 imb:36 pmb:831 smb:7293 d:s ref:0 ;
in:2353 out:2354 type:b dur:2 cpbdur:2 q:33.99 aq:33.08 tex:86 mv:1060 misc:630 imb:5 pmb:146 smb:8009 d:t ref:0 ;
in:2356 out:2355 type:P dur:2 cpbdur:2 q:33.79 aq:24.92 tex:81277 mv:1628 misc:2831 imb:25 pmb:858 smb:7277 d:s ref:0 ;
in:2355 out:2356 type:b dur:2 cpbdur:2 q:33.92 aq:34.00 tex:117 mv:979 misc:632 imb:2 pmb:152 smb:8006 d:t ref:0 ;
in:2357 out:2357 type:P dur:2 cpbdur:2 q:33.81 aq:24.41 tex:56770 mv:1052 misc:2330 imb:4 pmb:736 smb:7420 d:s ref:0 ;
in:2361 out:2358 type:P dur:2 cpbdur:2 q:33.67 aq:24.76 tex:58915 mv:1771 misc:2402 imb:21 pmb:713 smb:7426 d:s ref:0 ;
in:2359 out:2359 type:B dur:2 cpbdur:2 q:33.83 aq:31.95 tex:14116 mv:3621 misc:919 imb:85 pmb:306 smb:7769 d:t ref:0 ;
in:2358 out:2360 type:b dur:2 cpbdur:2 q:33.83 aq:35.21 tex:231 mv:1076 misc:797 imb:3 pmb:201 smb:7956 d:s ref:0 ;
in:2360 out:2361 type:b dur:2 cpbdur:2 q:33.83 aq:33.00 tex:135 mv:1004 misc:877 imb:4 pmb:213 smb:7943 d:- ref:0 ;
in:2363 out:2362 type:P dur:2 cpbdur:2 q:34.08 aq:25.01 tex:28819 mv:1407 misc:1694 imb:11 pmb:506 smb:7643 d:s ref:0 ;
in:2362 out:2363 type:b dur:2 cpbdur:2 q:34.18 aq:33.84 tex:94 mv:1032 misc:634 imb:3 pmb:145 smb:8012 d:t ref:0 ;
in:2364 out:2364 type:P dur:2 cpbdur:2 q:34.20 aq:25.39 tex:47854 mv:3305 misc:1849 imb:110 pmb:617 smb:7433 d:s ref:0 ;
in:2367 out:2365 type:P dur:2 cpbdur:2 q:33.55 aq:24.40 tex:54341 mv:2119 misc:2996 imb:32 pmb:799 smb:7329 d:s ref:0 ;
in:2365 out:2366 type:B dur:2 cpbdur:2 q:34.38 aq:35.42 tex:773 mv:1239 misc:660 imb:5 pmb:158 smb:7997 d:t ref:0 ;
in:2366 out:2367 type:b dur:2 cpbdur:2 q:34.55 aq:34.87 tex:114 mv:1018 misc:644 imb:4 pmb:155 smb:8001 d:- ref:0 ;
in:2371 out:2368 type:P dur:2 cpbdur:2 q:33.62 aq:25.09 tex:89967 mv:4674 misc:2399 imb:173 pmb:720 smb:7267 d:s ref:0 ;
in:2369 out:2369 type:B dur:2 cpbdur:2 q:33.79 aq:31.37 tex:2688 mv:1843 misc:1045 imb:16 pmb:290 smb:7854 d:s ref:0 ;
in:2368 out:2370 type:b dur:2 cpbdur:2 q:33.79 aq:32.08 tex:88 mv:980 misc:820 imb:2 pmb:204 smb:7954 d:s ref:0 ;
in:2370 out:2371 type:b dur:2 cpbdur:2 q:33.79 aq:32.00 tex:38 mv:1023 misc:747 imb:3 pmb:191 smb:7966 d:- ref:0 ;
in:2375 out:2372 type:P dur:2 cpbdur:2 q:33.47 aq:23.99 tex:105548 mv:4733 misc:2719 imb:173 pmb:797 smb:7190 d:s ref:0 ;
in:2373 out:2373 type:B dur:2 cpbdur:2 q:33.72 aq:33.13 tex:2517 mv:1883 misc:1128 imb:20 pmb:293 smb:7847 d:s ref:0 ;
in:2372 out:2374 type:b dur:2 cpbdur:2 q:33.72 aq:33.16 tex:178 mv:1040 misc:806 imb:2 pmb:211 smb:7947 d:s ref:0 ;
in:2374 out:2375 type:b dur:2 cpbdur:2 q:33.72 aq:33.43 tex:245 mv:1175 misc:908 imb:4 pmb:217 smb:7939 d:- ref:0 ;
in:2379 out:2376 type:P dur:2 cpbdur:2 q:33.45 aq:24.06 tex:45527 mv:2163 misc:2726 imb:29 pmb:723 smb:7408 d:s ref:0 ;
in:2377 out:2377 type:B dur:2 cpbdur:2 q:33.73 aq:31.54 tex:14667 mv:3922 misc:955 imb:80 pmb:331 smb:7749 d:t ref:0 ;
in:2376 out:2378 type:b dur:2 cpbdur:2 q:33.73 aq:34.15 tex:295 mv:1131 misc:806 imb:3 pmb:207 smb:7950 d:s ref:0 ;
in:2378 out:2379 type:b dur:2 cpbdur:2 q:33.73 aq:32.09 tex:89 mv:1009 misc:830 imb:4 pmb:199 smb:7957 d:- ref:0 ;
in:2381 out:2380 type:P dur:2 cpbdur:2 q:33.55 aq:24.51 tex:68890 mv:4379 misc:2579 imb:91 pmb:852 smb:7217 d:s ref:0 ;
in:2380 out:2381 type:b dur:2 cpbdur:2 q:33.74 aq:34.45 tex:117 mv:1025 misc:850 imb:1 pmb:216 smb:7943 d:s ref:0 ;
in:2382 out:2382 type:P dur:2 cpbdur:2 q:34.05 aq:24.48 tex:17073 mv:1307 misc:1436 imb:14 pmb:399 smb:7747 d:s ref:0 ;
in:2383 out:2383 type:P dur:2 cpbdur:2 q:34.22 aq:24.21 tex:14941 mv:1159 misc:1380 imb:8 pmb:370 smb:7782 d:s ref:0 ;
in:2384 out:2384 type:P dur:2 cpbdur:2 q:33.52 aq:23.15 tex:39770 mv:1185 misc:2861 imb:12 pmb:731 smb:7417 d:s ref:0 ;
in:2386 out:2385 type:P dur:2 cpbdur:2 q:33.26 aq:23.85 tex:36949 mv:1493 misc:2774 imb:19 pmb:668 smb:7473 d:s ref:0 ;
in:2385 out:2386 type:b dur:2 cpbdur:2 q:33.80 aq:33.10 tex:234 mv:1051 misc:675 imb:2 pmb:161 smb:7997 d:t ref:0 ;
in:2387 out:2387 type:P dur:2 cpbdur:2 q:33.38 aq:23.35 tex:43931 mv:1129 misc:2324 imb:8 pmb:688 smb:7464 d:s ref:0 ;
in:2388 out:2388 type:P dur:2 cpbdur:2 q:33.27 aq:23.62 tex:50150 mv:3437 misc:2301 imb:104 pmb:654 smb:7402 d:s ref:0 ;
in:2390 out:2389 type:P dur:2 cpbdur:2 q:33.32 aq:24.12 tex:62521 mv:3828 misc:2075 imb:103 pmb:615 smb:7442 d:s ref:0 ;
in:2389 out:2390 type:b dur:2 cpbdur:2 q:33.52 aq:33.66 tex:275 mv:1114 misc:891 imb:0 pmb:229 smb:7931 d:s ref:0 ;
in:2391 out:2391 type:P dur:2 cpbdur:2 q:33.14 aq:23.24 tex:37272 mv:1204 misc:2756 imb:11 pmb:686 smb:7463 d:s ref:0 ;
in:2392 out:2392 type:P dur:2 cpbdur:2 q:33.18 aq:23.06 tex:106080 mv:1311 misc:2945 imb:8 pmb:1614 smb:6538 d:s ref:0 ;
in:2396 out:2393 type:P dur:2 cpbdur:2 q:33.34 aq:24.07 tex:82849 mv:3686 misc:1633 imb:89 pmb:466 smb:7605 d:s ref:0 ;
in:2394 out:2394 type:B dur:2 cpbdur:2 q:33.46 aq:32.40 tex:1303 mv:1413 misc:812 imb:10 pmb:203 smb:7947 d:s ref:0 ;
in:2393 out:2395 type:b dur:2 cpbdur:2 q:33.46 aq:34.02 tex:700 mv:1125 misc:807 imb:1 pmb:228 smb:7931 d:s ref:0 ;
in:2395 out:2396 type:b dur:2 cpbdur:2 q:33.46 aq:32.07 tex:206 mv:1078 misc:620 imb:5 pmb:147 smb:8008 d:- ref:0 ;
in:2398 out:2397 type:P dur:2 cpbdur:2 q:33.03 aq:23.06 tex:48610 mv:1756 misc:2770 imb:20 pmb:729 smb:7411 d:s ref:0 ;
in:2397 out:2398 type:b dur:2 cpbdur:2 q:33.45 aq:34.67 tex:824 mv:1076 misc:612 imb:4 pmb:155 smb:8001 d:t ref:0 ;
in:2400 out:2399 type:P dur:2 cpbdur:2 q:33.15 aq:23.91 tex:44539 mv:2013 misc:2928 imb:22 pmb:765 smb:7373 d:s ref:0 ;
in:2399 out:2400 type:b dur:2 cpbdur:2 q:33.32 aq:33.45 tex:296 mv:1048 misc:736 imb:1 pmb:183 smb:7976 d:t ref:0 ;
in:2401 out:2401 type:P dur:2 cpbdur:2 q:32.96 aq:22.98 tex:88098 mv:1243 misc:3555 imb:10 pmb:1412 smb:6738 d:s ref:0 ;
in:2402 out:2402 type:P dur:2 cpbdur:2 q:32.89 aq:22.66 tex:38149 mv:1116 misc:2663 imb:8 pmb:690 smb:7462 d:s ref:0 ;
in:2405 out:2403 type:P dur:2 cpbdur:2 q:32.60 aq:23.05 tex:51663 mv:1830 misc:3259 imb:15 pmb:864 smb:7281 d:s ref:0 ;
in:2403 out:2404 type:B dur:2 cpbdur:2 q:33.10 aq:32.98 tex:848 mv:1125 misc:635 imb:5 pmb:147 smb:8008 d:t ref:0 ;
in:2404 out:2405 type:b dur:2 cpbdur:2 q:33.10 aq:32.09 tex:168 mv:1124 misc:628 imb:7 pmb:147 smb:8006 d:- ref:0 ;
in:2406 out:2406 type:P dur:2 cpbdur:2 q:32.53 aq:22.95 tex:45921 mv:1655 misc:2976 imb:6 pmb:846 smb:7308 d:s ref:0 ;
in:2408 out:2407 type:P dur:2 cpbdur:2 q:32.53 aq:22.98 tex:32027 mv:1555 misc:2178 imb:16 pmb:484 smb:7660 d:s ref:0 ;
in:2407 out:2408 type:b dur:2 cpbdur:2 q:32.53 aq:34.73 tex:678 mv:1095 misc:603 imb:5 pmb:151 smb:8004 d:t ref:0 ;
in:2409 out:2409 type:P dur:2 cpbdur:2 q:32.48 aq:22.79 tex:34981 mv:1123 misc:2296 imb:5 pmb:584 smb:7571 d:s ref:0 ;
in:2410 out:2410 type:P dur:2 cpbdur:2 q:32.46 aq:22.98 tex:44858 mv:1344 misc:2518 imb:18 pmb:665 smb:7477 d:s ref:0 ;
in:2412 out:2411 type:P dur:2 cpbdur:2 q:32.45 aq:23.38 tex:32458 mv:1617 misc:2173 imb:11 pmb:507 smb:7642 d:s ref:0 ;
in:2411 out:2412 type:b dur:2 cpbdur:2 q:32.46 aq:32.00 tex:330 mv:1044 misc:674 imb:2 pmb:166 smb:7992 d:t ref:0 ;
in:2413 out:2413 type:P dur:2 cpbdur:2 q:32.41 aq:23.36 tex:41921 mv:1270 misc:2841 imb:10 pmb:699 smb:7451 d:s ref:0 ;
in:2414 out:2414 type:P dur:2 cpbdur:2 q:32.41 aq:23.06 tex:27517 mv:1101 misc:2222 imb:5 pmb:508 smb:7647 d:t ref:0 ;
in:2416 out:2415 type:P dur:2 cpbdur:2 q:32.39 aq:23.51 tex:25942 mv:1517 misc:2205 imb:17 pmb:509 smb:7634 d:s ref:0 ;
in:2415 out:2416 type:b dur:2 cpbdur:2 q:32.41 aq:32.00 tex:232 mv:958 misc:594 imb:1 pmb:149 smb:8010 d:t ref:0 ;
in:2418 out:2417 type:P dur:2 cpbdur:2 q:32.36 aq:23.42 tex:34187 mv:1435 misc:2106 imb:11 pmb:570 smb:7579 d:s ref:0 ;
in:2417 out:2418 type:b dur:2 cpbdur:2 q:32.39 aq:32.00 tex:481 mv:997 misc:610 imb:3 pmb:148 smb:8009 d:t ref:0 ;
in:2420 out:2419 type:P dur:2 cpbdur:2 q:32.33 aq:23.17 tex:39287 mv:1640 misc:2689 imb:10 pmb:702 smb:7448 d:s ref:0 ;
in:2419 out:2420 type:b dur:2 cpbdur:2 q:32.36 aq:32.00 tex:281 mv:1136 misc:631 imb:2 pmb:155 smb:8003 d:t ref:0 ;
in:2421 out:2421 type:P dur:2 cpbdur:2 q:32.79 aq:23.44 tex:24754 mv:1097 misc:1533 imb:8 pmb:459 smb:7693 d:s ref:0 ;
in:2422 out:2422 type:P dur:2 cpbdur:2 q:33.06 aq:23.40 tex:15139 mv:1076 misc:1129 imb:7 pmb:297 smb:7856 d:s ref:0 ;
in:2425 out:2423 type:P dur:2 cpbdur:2 q:32.98 aq:23.96 tex:77080 mv:3754 misc:1486 imb:93 pmb:459 smb:7608 d:s ref:0 ;
in:2423 out:2424 type:B dur:2 cpbdur:2 q:33.40 aq:32.73 tex:978 mv:1285 misc:857 imb:4 pmb:215 smb:7941 d:s ref:0 ;
in:2424 out:2425 type:b dur:2 cpbdur:2 q:33.46 aq:32.65 tex:194 mv:1080 misc:838 imb:0 pmb:220 smb:7940 d:- ref:0 ;
in:2426 out:2426 type:P dur:2 cpbdur:2 q:32.80 aq:23.87 tex:23855 mv:1124 misc:1797 imb:6 pmb:446 smb:7708 d:s ref:0 ;
in:2432 out:2427 type:P dur:2 cpbdur:2 q:32.23 aq:25.01 tex:36887 mv:2079 misc:2186 imb:29 pmb:507 smb:7624 d:t ref:0 ;
in:2429 out:2428 type:B dur:2 cpbdur:2 q:33.02 aq:30.69 tex:2730 mv:809 misc:797 imb:9 pmb:124 smb:8027 d:t ref:0 ;
in:2427 out:2429 type:b dur:2 cpbdur:2 q:33.02 aq:31.07 tex:69 mv:356 misc:623 imb:0 pmb:74 smb:8086 d:t ref:0 ;
in:2428 out:2430 type:b dur:2 cpbdur:2 q:33.02 aq:31.00 tex:16 mv:279 misc:617 imb:1 pmb:69 smb:8090 d:t ref:0 ;
in:2430 out:2431 type:b dur:2 cpbdur:2 q:33.02 aq:31.06 tex:128 mv:1030 misc:658 imb:4 pmb:161 smb:7995 d:- ref:0 ;
in:2431 out:2432 type:b dur:2 cpbdur:2 q:33.02 aq:31.09 tex:120 mv:1140 misc:652 imb:3 pmb:164 smb:7993 d:- ref:0 ;
in:2433 out:2433 type:P dur:2 cpbdur:2 q:32.12 aq:22.98 tex:44485 mv:1413 misc:2806 imb:20 pmb:708 smb:7432 d:t ref:0 ;
in:2436 out:2434 type:P dur:2 cpbdur:2 q:32.46 aq:25.06 tex:34602 mv:2241 misc:1581 imb:45 pmb:359 smb:7756 d:t ref:0 ;
in:2434 out:2435 type:B dur:2 cpbdur:2 q:32.46 aq:33.28 tex:553 mv:486 misc:665 imb:0 pmb:101 smb:8059 d:t ref:0 ;
in:2435 out:2436 type:b dur:2 cpbdur:2 q:32.46 aq:32.49 tex:2597 mv:1455 misc:732 imb:10 pmb:202 smb:7948 d:- ref:0 ;
in:2439 out:2437 type:P dur:2 cpbdur:2 q:32.56 aq:25.61 tex:29008 mv:2013 misc:1547 imb:36 pmb:353 smb:7771 d:t ref:0 ;
in:2437 out:2438 type:B dur:2 cpbdur:2 q:32.75 aq:32.08 tex:2719 mv:418 misc:647 imb:6 pmb:78 smb:8076 d:t ref:0 ;
in:2438 out:2439 type:b dur:2 cpbdur:2 q:32.75 aq:33.47 tex:2001 mv:1192 misc:671 imb:10 pmb:165 smb:7985 d:- ref:0 ;
in:2442 out:2440 type:P dur:2 cpbdur:2 q:32.54 aq:24.39 tex:111156 mv:3786 misc:1914 imb:208 pmb:484 smb:7468 d:t ref:0 ;
in:2440 out:2441 type:B dur:2 cpbdur:2 q:32.71 aq:31.03 tex:3602 mv:674 misc:836 imb:15 pmb:309 smb:7836 d:s ref:0 ;
in:2441 out:2442 type:b dur:2 cpbdur:2 q:32.71 aq:33.33 tex:2750 mv:1293 misc:621 imb:13 pmb:165 smb:7982 d:- ref:0 ;
in:2443 out:2443 type:P dur:2 cpbdur:2 q:31.95 aq:22.84 tex:43516 mv:1512 misc:2436 imb:25 pmb:638 smb:7497 d:t ref:0 ;
in:2444 out:2444 type:P dur:2 cpbdur:2 q:31.95 aq:23.27 tex:24193 mv:1366 misc:1721 imb:24 pmb:394 smb:7742 d:t ref:0 ;
in:2445 out:2445 type:P dur:2 cpbdur:2 q:31.92 aq:23.74 tex:24050 mv:1381 misc:1681 imb:27 pmb:375 smb:7758 d:t ref:0 ;
in:2447 out:2446 type:P dur:2 cpbdur:2 q:31.89 aq:23.73 tex:29187 mv:1735 misc:1566 imb:40 pmb:345 smb:7775 d:t ref:0 ;
in:2446 out:2447 type:b dur:2 cpbdur:2 q:31.92 aq:32.95 tex:3018 mv:414 misc:552 imb:8 pmb:54 smb:8098 d:t ref:0 ;
in:2448 out:2448 type:P dur:2 cpbdur:2 q:32.20 aq:24.93 tex:94018 mv:3274 misc:1316 imb:114 pmb:414 smb:7632 d:t ref:0 ;
in:2449 out:2449 type:P dur:2 cpbdur:2 q:31.84 aq:24.47 tex:29478 mv:1352 misc:1618 imb:29 pmb:394 smb:7737 d:t ref:0 ;
in:2450 out:2450 type:P dur:2 cpbdur:2 q:31.81 aq:24.06 tex:23833 mv:1402 misc:1461 imb:24 pmb:338 smb:7798 d:t ref:0 ;
in:2454 out:2451 type:P dur:2 cpbdur:2 q:31.80 aq:23.72 tex:28398 mv:1816 misc:1362 imb:39 pmb:301 smb:7820 d:t ref:0 ;
in:2452 out:2452 type:B dur:2 cpbdur:2 q:31.81 aq:30.72 tex:3449 mv:540 misc:787 imb:12 pmb:93 smb:8055 d:t ref:0 ;
in:2451 out:2453 type:b dur:2 cpbdur:2 q:31.81 aq:32.73 tex:2226 mv:761 misc:661 imb:7 pmb:82 smb:8071 d:t ref:0 ;
in:2453 out:2454 type:b dur:2 cpbdur:2 q:31.81 aq:31.52 tex:1424 mv:1145 misc:631 imb:6 pmb:161 smb:7993 d:- ref:0 ;
in:2455 out:2455 type:P dur:2 cpbdur:2 q:31.69 aq:24.95 tex:18481 mv:1208 misc:1111 imb:25 pmb:249 smb:7886 d:t ref:0 ;
in:2456 out:2456 type:P dur:2 cpbdur:2 q:31.68 aq:24.81 tex:22524 mv:1430 misc:1046 imb:19 pmb:258 smb:7883 d:t ref:0 ;
in:2457 out:2457 type:P dur:2 cpbdur:2 q:31.66 aq:24.98 tex:16456 mv:1188 misc:956 imb:9 pmb:228 smb:7923 d:t ref:0 ;
in:2461 out:2458 type:P dur:2 cpbdur:2 q:31.64 aq:25.11 tex:33093 mv:2168 misc:1259 imb:35 pmb:322 smb:7803 d:t ref:0 ;
in:2459 out:2459 type:B dur:2 cpbdur:2 q:31.66 aq:29.05 tex:2578 mv:695 misc:839 imb:6 pmb:151 smb:8003 d:t ref:0 ;
in:2458 out:2460 type:b dur:2 cpbdur:2 q:31.66 aq:31.00 tex:177 mv:280 misc:591 imb:0 pmb:44 smb:8116 d:t ref:0 ;
in:2460 out:2461 type:b dur:2 cpbdur:2 q:31.66 aq:32.07 tex:556 mv:1142 misc:726 imb:3 pmb:192 smb:7965 d:- ref:0 ;
in:2463 out:2462 type:P dur:2 cpbdur:2 q:31.54 aq:24.73 tex:13504 mv:1285 misc:995 imb:9 pmb:225 smb:7926 d:t ref:0 ;
in:2462 out:2463 type:b dur:2 cpbdur:2 q:31.64 aq:31.00 tex:127 mv:153 misc:512 imb:0 pmb:19 smb:8141 d:t ref:0 ;
in:2465 out:2464 type:P dur:2 cpbdur:2 q:31.51 aq:24.38 tex:14782 mv:1368 misc:890 imb:16 pmb:207 smb:7937 d:t ref:0 ;
in:2464 out:2465 type:b dur:2 cpbdur:2 q:31.54 aq:31.00 tex:340 mv:264 misc:612 imb:0 pmb:45 smb:8115 d:t ref:0 ;
in:2467 out:2466 type:P dur:2 cpbdur:2 q:31.45 aq:24.94 tex:10295 mv:1301 misc:828 imb:7 pmb:211 smb:7942 d:t ref:0 ;
in:2466 out:2467 type:b dur:2 cpbdur:2 q:31.51 aq:31.03 tex:488 mv:316 misc:604 imb:2 pmb:47 smb:8111 d:t ref:0 ;
in:2468 out:2468 type:P dur:2 cpbdur:2 q:31.41 aq:25.17 tex:12867 mv:1068 misc:761 imb:4 pmb:208 smb:7948 d:t ref:0 ;
in:2472 out:2469 type:P dur:2 cpbdur:2 q:31.74 aq:26.61 tex:126549 mv:5455 misc:2940 imb:240 pmb:986 smb:6934 d:t ref:0 w:0,1,-1,7,123,5,125,3 ;
in:2470 out:2470 type:B dur:2 cpbdur:2 q:31.75 aq:31.43 tex:8987 mv:1893 misc:1096 imb:24 pmb:456 smb:7680 d:s ref:0 ;
in:2469 out:2471 type:b dur:2 cpbdur:2 q:31.75 aq:31.98 tex:216 mv:608 misc:888 imb:1 pmb:297 smb:7862 d:s ref:0 ;
in:2471 out:2472 type:b dur:2 cpbdur:2 q:31.75 aq:32.47 tex:458 mv:1198 misc:760 imb:3 pmb:198 smb:7959 d:- ref:0 ;
in:2474 out:2473 type:P dur:2 cpbdur:2 q:31.40 aq:26.56 tex:25317 mv:1544 misc:3307 imb:14 pmb:944 smb:7202 d:t ref:0 w:7,125,0,5,32,0,31,4 ;
in:2473 out:2474 type:b dur:2 cpbdur:2 q:31.74 aq:31.00 tex:257 mv:200 misc:559 imb:1 pmb:27 smb:8132 d:t ref:0 ;
in:2480 out:2475 type:P dur:2 cpbdur:2 q:31.36 aq:26.85 tex:5953 mv:2160 misc:1559 imb:18 pmb:288 smb:7854 d:t ref:0 w:6,49,0,7,98,30,99,29 ;
in:2477 out:2476 type:B dur:2 cpbdur:2 q:31.40 aq:28.08 tex:4559 mv:1203 misc:1206 imb:11 pmb:184 smb:7965 d:t ref:0 ;
in:2475 out:2477 type:b dur:2 cpbdur:2 q:31.40 aq:31.30 tex:315 mv:539 misc:610 imb:0 pmb:55 smb:8105 d:t ref:0 ;
in:2476 out:2478 type:b dur:2 cpbdur:2 q:31.40 aq:31.45 tex:295 mv:368 misc:649 imb:0 pmb:54 smb:8106 d:t ref:0 ;
in:2478 out:2479 type:b dur:2 cpbdur:2 q:31.40 aq:30.13 tex:463 mv:1459 misc:678 imb:7 pmb:162 smb:7991 d:- ref:0 ;
in:2479 out:2480 type:b dur:2 cpbdur:2 q:31.40 aq:30.15 tex:303 mv:1184 misc:577 imb:4 pmb:148 smb:8008 d:- ref:0 ;
in:2481 out:2481 type:I dur:2 cpbdur:2 q:28.71 aq:24.89 tex:1110659 mv:102122 misc:435 imb:8160 pmb:0 smb:0 d:t ref:;
in:2482 out:2482 type:P dur:2 cpbdur:2 q:31.70 aq:27.81 tex:1044 mv:949 misc:1239 imb:9 pmb:218 smb:7933 d:t ref:0 w:7,117,0,7,117,11,117,11 ;
in:2483 out:2483 type:P dur:2 cpbdur:2 q:31.69 aq:27.91 tex:768 mv:967 misc:1177 imb:8 pmb:202 smb:7950 d:t ref:0 w:7,115,0,7,117,11,115,13 ;
in:2484 out:2484 type:P dur:2 cpbdur:2 q:31.68 aq:27.54 tex:1510 mv:1643 misc:1799 imb:32 pmb:455 smb:7673 d:t ref:0 w:3,7,0,7,113,15,113,15 ;
in:2489 out:2485 type:P dur:2 cpbdur:2 q:31.67 aq:23.41 tex:1718 mv:3690 misc:2560 imb:1239 pmb:27 smb:6894 d:t ref:0 w:7,27,0,7,25,103,28,100 ;
in:2486 out:2486 type:B dur:2 cpbdur:2 q:31.68 aq:27.85 tex:907 mv:3166 misc:735 imb:22 pmb:203 smb:7935 d:t ref:0 ;
in:2485 out:2487 type:b dur:2 cpbdur:2 q:31.68 aq:29.42 tex:375 mv:264 misc:785 imb:2 pmb:72 smb:8086 d:t ref:0 ;
in:2487 out:2488 type:b dur:2 cpbdur:2 q:31.68 aq:28.02 tex:197 mv:2031 misc:668 imb:7 pmb:183 smb:7970 d:- ref:0 ;
in:2488 out:2489 type:b dur:2 cpbdur:2 q:31.68 aq:26.33 tex:1081 mv:1905 misc:894 imb:45 pmb:122 smb:7993 d:- ref:0 ;
